scenario_id,time_slot,hunger,available_time,budget,mood,weather,companion,health_goal,spicy_tol,taboo,dish_id,dish_name,category,chosen,source,utility,observed_signal,split,shift
0,午餐,1,57,正常,开心,热,家人,想健康,不吃辣,,486,苏州卤鸭,本帮江浙菜,1,chosen,0.6443,0.689,test,normal
0,午餐,1,57,正常,开心,热,家人,想健康,不吃辣,,648,卤水鸡翅,烧腊卤味,1,chosen,0.6669,0.6898,test,normal
0,午餐,1,57,正常,开心,热,家人,想健康,不吃辣,,648,卤水鸡翅,烧腊卤味,1,chosen,0.6669,0.6925,test,normal
1,午餐,3,59,想吃好点,开心,晴,一个人,不关心,不吃辣,乳制品,788,双浇面,长三角粉面,1,chosen,0.5225,0.5332,train,normal
1,午餐,3,59,想吃好点,开心,晴,一个人,不关心,不吃辣,乳制品,788,双浇面,长三角粉面,1,chosen,0.5225,0.5266,train,normal
1,午餐,3,59,想吃好点,开心,晴,一个人,不关心,不吃辣,乳制品,788,双浇面,长三角粉面,1,chosen,0.5225,0.5288,train,normal
1,午餐,3,59,想吃好点,开心,晴,一个人,不关心,不吃辣,乳制品,798,杭州虾爆鳝面,长三角粉面,0,considered,0.5225,0.5676,train,normal
1,午餐,3,59,想吃好点,开心,晴,一个人,不关心,不吃辣,乳制品,813,台州跳鱼捞面,长三角粉面,0,considered,0.5225,0.4883,train,normal
2,午餐,2,15,正常,一般,晴,一个人,不关心,重辣,,580,臭豆腐炒辣椒,湘菜,1,chosen,0.5348,0.5087,train,normal
2,午餐,2,15,正常,一般,晴,一个人,不关心,重辣,,580,臭豆腐炒辣椒,湘菜,1,chosen,0.5348,0.5232,train,normal
2,午餐,2,15,正常,一般,晴,一个人,不关心,重辣,,580,臭豆腐炒辣椒,湘菜,1,chosen,0.5348,0.5424,train,normal
2,午餐,2,15,正常,一般,晴,一个人,不关心,重辣,,523,长沙臭豆腐,湘菜,0,considered,0.522,0.5526,train,normal
2,午餐,2,15,正常,一般,晴,一个人,不关心,重辣,,541,小炒香干,湘菜,0,considered,0.5212,0.4805,train,normal
3,晚餐,2,36,想吃好点,压力大,热,一个人,随便,中辣,,579,腊味萝卜干,湘菜,1,chosen,0.5968,0.6365,train,normal
3,晚餐,2,36,想吃好点,压力大,热,一个人,随便,中辣,,579,腊味萝卜干,湘菜,1,chosen,0.5968,0.6091,train,normal
3,晚餐,2,36,想吃好点,压力大,热,一个人,随便,中辣,,579,腊味萝卜干,湘菜,1,chosen,0.5968,0.6342,train,normal
4,夜宵,3,54,正常,疲惫,雪,家人,随便,中辣,,26,烤鸡翅,烧烤小吃,1,chosen,0.8159,0.769,test,snow
4,夜宵,3,54,正常,疲惫,雪,家人,随便,中辣,,26,烤鸡翅,烧烤小吃,1,chosen,0.8159,0.8278,test,snow
4,夜宵,3,54,正常,疲惫,雪,家人,随便,中辣,,26,烤鸡翅,烧烤小吃,1,chosen,0.8159,0.822,test,snow
5,早餐,5,16,正常,开心,晴,朋友,不关心,重辣,,444,叉烧酥,早餐粥点,1,chosen,0.6053,0.6398,train,normal
5,早餐,5,16,正常,开心,晴,朋友,不关心,重辣,,444,叉烧酥,早餐粥点,1,chosen,0.6053,0.5726,train,normal
5,早餐,5,16,正常,开心,晴,朋友,不关心,重辣,,444,叉烧酥,早餐粥点,1,chosen,0.6053,0.617,train,normal
5,早餐,5,16,正常,开心,晴,朋友,不关心,重辣,,45,杂粮煎饼果子,早餐粥点,0,considered,0.6052,0.613,train,normal
5,早餐,5,16,正常,开心,晴,朋友,不关心,重辣,,451,芋头糕,早餐粥点,0,considered,0.6043,0.6082,train,normal
6,下午加餐,3,73,想吃好点,一般,雨,一个人,严格控制,重辣,,32,藜麦牛油果碗,轻食健康,1,chosen,0.6921,0.6957,test,normal
6,下午加餐,3,73,想吃好点,一般,雨,一个人,严格控制,重辣,,33,三文鱼沙拉,轻食健康,1,chosen,0.6921,0.6828,test,normal
6,下午加餐,3,73,想吃好点,一般,雨,一个人,严格控制,重辣,,33,三文鱼沙拉,轻食健康,1,chosen,0.6921,0.6755,test,normal
7,早餐,3,29,想吃好点,疲惫,冷,朋友,随便,不吃辣,海鲜,427,南翔小笼包,早餐粥点,1,chosen,0.7185,0.7071,train,normal
7,早餐,3,29,想吃好点,疲惫,冷,朋友,随便,不吃辣,海鲜,427,南翔小笼包,早餐粥点,1,chosen,0.7185,0.7256,train,normal
7,早餐,3,29,想吃好点,疲惫,冷,朋友,随便,不吃辣,海鲜,427,南翔小笼包,早餐粥点,1,chosen,0.7185,0.7568,train,normal
8,午餐,3,31,省着点,开心,雨,朋友,想健康,不吃辣,素食,658,卤水豆腐,烧腊卤味,1,chosen,0.6898,0.6837,val,normal
8,午餐,3,31,省着点,开心,雨,朋友,想健康,不吃辣,素食,658,卤水豆腐,烧腊卤味,1,chosen,0.6898,0.7135,val,normal
8,午餐,3,31,省着点,开心,雨,朋友,想健康,不吃辣,素食,658,卤水豆腐,烧腊卤味,1,chosen,0.6898,0.7031,val,normal
8,午餐,3,31,省着点,开心,雨,朋友,想健康,不吃辣,素食,657,卤水掌翼,烧腊卤味,0,considered,0.0,0.0,val,normal
8,午餐,3,31,省着点,开心,雨,朋友,想健康,不吃辣,素食,656,卤水拼盘,烧腊卤味,0,considered,0.0,0.0329,val,normal
9,晚餐,4,63,省着点,一般,热,朋友,想健康,重辣,,658,卤水豆腐,烧腊卤味,1,chosen,0.6827,0.647,train,normal
9,晚餐,4,63,省着点,一般,热,朋友,想健康,重辣,,658,卤水豆腐,烧腊卤味,1,chosen,0.6827,0.6937,train,normal
9,晚餐,4,63,省着点,一般,热,朋友,想健康,重辣,,658,卤水豆腐,烧腊卤味,1,chosen,0.6827,0.6746,train,normal
10,午餐,3,37,正常,一般,热,一个人,不关心,不吃辣,,658,卤水豆腐,烧腊卤味,1,chosen,0.5593,0.581,test,normal
10,午餐,3,37,正常,一般,热,一个人,不关心,不吃辣,,658,卤水豆腐,烧腊卤味,1,chosen,0.5593,0.6046,test,normal
10,午餐,3,37,正常,一般,热,一个人,不关心,不吃辣,,658,卤水豆腐,烧腊卤味,1,chosen,0.5593,0.6125,test,normal
11,晚餐,4,55,省着点,开心,热,朋友,严格控制,微辣,,658,卤水豆腐,烧腊卤味,1,chosen,0.6922,0.7034,test,normal
11,晚餐,4,55,省着点,开心,热,朋友,严格控制,微辣,,658,卤水豆腐,烧腊卤味,1,chosen,0.6922,0.7231,test,normal
11,晚餐,4,55,省着点,开心,热,朋友,严格控制,微辣,,658,卤水豆腐,烧腊卤味,1,chosen,0.6922,0.7495,test,normal
11,晚餐,4,55,省着点,开心,热,朋友,严格控制,微辣,,648,卤水鸡翅,烧腊卤味,0,considered,0.672,0.6226,test,normal
11,晚餐,4,55,省着点,开心,热,朋友,严格控制,微辣,,651,牛杂,烧腊卤味,0,considered,0.6157,0.597,test,normal
12,午餐,3,23,正常,兴奋,阴,同事,不关心,不吃辣,素食,194,油焖春笋,家常炒菜,1,chosen,0.5563,0.5888,train,normal
12,午餐,3,23,正常,兴奋,阴,同事,不关心,不吃辣,素食,194,油焖春笋,家常炒菜,1,chosen,0.5563,0.5781,train,normal
12,午餐,3,23,正常,兴奋,阴,同事,不关心,不吃辣,素食,194,油焖春笋,家常炒菜,1,chosen,0.5563,0.6311,train,normal
12,午餐,3,23,正常,兴奋,阴,同事,不关心,不吃辣,素食,195,清炒草头,家常炒菜,0,considered,0.5563,0.5639,train,normal
12,午餐,3,23,正常,兴奋,阴,同事,不关心,不吃辣,素食,18,地三鲜,家常炒菜,0,considered,0.5153,0.596,train,normal
13,早餐,4,38,正常,开心,阴,朋友,随便,中辣,素食,807,衢州常山索面,长三角粉面,1,chosen,0.5696,0.5518,train,normal
13,早餐,4,38,正常,开心,阴,朋友,随便,中辣,素食,807,衢州常山索面,长三角粉面,1,chosen,0.5696,0.5465,train,normal
13,早餐,4,38,正常,开心,阴,朋友,随便,中辣,素食,807,衢州常山索面,长三角粉面,1,chosen,0.5696,0.6354,train,normal
14,晚餐,2,33,正常,低落,冷,朋友,不关心,中辣,素食,523,长沙臭豆腐,湘菜,1,chosen,0.7023,0.7673,test,normal
14,晚餐,2,33,正常,低落,冷,朋友,不关心,中辣,素食,523,长沙臭豆腐,湘菜,1,chosen,0.7023,0.7116,test,normal
14,晚餐,2,33,正常,低落,冷,朋友,不关心,中辣,素食,523,长沙臭豆腐,湘菜,1,chosen,0.7023,0.7138,test,normal
15,晚餐,1,27,正常,一般,阴,朋友,想健康,不吃辣,素食,195,清炒草头,家常炒菜,1,chosen,0.5931,0.5649,train,normal
15,晚餐,1,27,正常,一般,阴,朋友,想健康,不吃辣,素食,195,清炒草头,家常炒菜,1,chosen,0.5931,0.5982,train,normal
15,晚餐,1,27,正常,一般,阴,朋友,想健康,不吃辣,素食,195,清炒草头,家常炒菜,1,chosen,0.5931,0.5581,train,normal
16,午餐,2,48,想吃好点,疲惫,热,一个人,严格控制,不吃辣,素食,818,牛油果吐司,面包甜点,1,chosen,0.6216,0.7513,test,normal
16,午餐,2,48,想吃好点,疲惫,热,一个人,严格控制,不吃辣,素食,818,牛油果吐司,面包甜点,1,chosen,0.6216,0.634,test,normal
16,午餐,2,48,想吃好点,疲惫,热,一个人,严格控制,不吃辣,素食,818,牛油果吐司,面包甜点,1,chosen,0.6216,0.6742,test,normal
17,下午加餐,1,40,省着点,低落,阴,朋友,随便,微辣,,688,双皮奶,糖水甜品,1,chosen,0.6051,0.6344,train,normal
17,下午加餐,1,40,省着点,低落,阴,朋友,随便,微辣,,688,双皮奶,糖水甜品,1,chosen,0.6051,0.5841,train,normal
17,下午加餐,1,40,省着点,低落,阴,朋友,随便,微辣,,688,双皮奶,糖水甜品,1,chosen,0.6051,0.5797,train,normal
18,晚餐,4,43,省着点,一般,晴,约会,想健康,微辣,"海鲜,乳制品",2,青椒肉丝,煲仔饭碟头饭,1,chosen,0.6587,0.6799,train,normal
18,晚餐,4,43,省着点,一般,晴,约会,想健康,微辣,"海鲜,乳制品",2,青椒肉丝,煲仔饭碟头饭,1,chosen,0.6587,0.6375,train,normal
18,晚餐,4,43,省着点,一般,晴,约会,想健康,微辣,"海鲜,乳制品",2,青椒肉丝,煲仔饭碟头饭,1,chosen,0.6587,0.6829,train,normal
19,午餐,3,90,正常,低落,雨,朋友,想健康,中辣,,15,宫保鸡丁,家常炒菜,1,chosen,0.7518,0.8234,train,normal
19,午餐,3,90,正常,低落,雨,朋友,想健康,中辣,,15,宫保鸡丁,家常炒菜,1,chosen,0.7518,0.6998,train,normal
19,午餐,3,90,正常,低落,雨,朋友,想健康,中辣,,15,宫保鸡丁,家常炒菜,1,chosen,0.7518,0.7716,train,normal
20,晚餐,4,15,不差钱,一般,雨,同事,随便,不吃辣,,134,熏酱拼盘,东北菜,1,chosen,0.5913,0.6104,val,normal
20,晚餐,4,15,不差钱,一般,雨,同事,随便,不吃辣,,134,熏酱拼盘,东北菜,1,chosen,0.5913,0.5821,val,normal
20,晚餐,4,15,不差钱,一般,雨,同事,随便,不吃辣,,473,油爆虾,本帮江浙菜,1,chosen,0.5891,0.6409,val,normal
20,晚餐,4,15,不差钱,一般,雨,同事,随便,不吃辣,,126,松仁小肚,东北菜,0,considered,0.5769,0.6227,val,normal
20,晚餐,4,15,不差钱,一般,雨,同事,随便,不吃辣,,62,哈尔滨红肠,东北菜,0,considered,0.5755,0.5931,val,normal
21,下午加餐,1,28,不差钱,压力大,晴,同事,不关心,重辣,,33,三文鱼沙拉,轻食健康,1,chosen,0.637,0.6519,train,normal
21,下午加餐,1,28,不差钱,压力大,晴,同事,不关心,重辣,,33,三文鱼沙拉,轻食健康,1,chosen,0.637,0.6245,train,normal
21,下午加餐,1,28,不差钱,压力大,晴,同事,不关心,重辣,,33,三文鱼沙拉,轻食健康,1,chosen,0.637,0.6032,train,normal
22,晚餐,3,72,想吃好点,疲惫,雨,一个人,随便,不吃辣,,798,杭州虾爆鳝面,长三角粉面,1,chosen,0.603,0.6008,train,normal
22,晚餐,3,72,想吃好点,疲惫,雨,一个人,随便,不吃辣,,798,杭州虾爆鳝面,长三角粉面,1,chosen,0.603,0.6146,train,normal
22,晚餐,3,72,想吃好点,疲惫,雨,一个人,随便,不吃辣,,803,爆鱼面,长三角粉面,1,chosen,0.6007,0.5882,train,normal
23,下午加餐,5,24,正常,一般,热,家人,想健康,中辣,,769,凯撒沙拉,轻食健康,1,chosen,0.6602,0.6708,train,normal
23,下午加餐,5,24,正常,一般,热,家人,想健康,中辣,,769,凯撒沙拉,轻食健康,1,chosen,0.6602,0.6076,train,normal
23,下午加餐,5,24,正常,一般,热,家人,想健康,中辣,,769,凯撒沙拉,轻食健康,1,chosen,0.6602,0.687,train,normal
24,晚餐,4,70,省着点,一般,热,同事,想健康,不吃辣,素食,658,卤水豆腐,烧腊卤味,1,chosen,0.6256,0.536,train,normal
24,晚餐,4,70,省着点,一般,热,同事,想健康,不吃辣,素食,658,卤水豆腐,烧腊卤味,1,chosen,0.6256,0.6401,train,normal
24,晚餐,4,70,省着点,一般,热,同事,想健康,不吃辣,素食,658,卤水豆腐,烧腊卤味,1,chosen,0.6256,0.5916,train,normal
25,晚餐,4,36,正常,一般,雨,同事,想健康,微辣,,2,青椒肉丝,煲仔饭碟头饭,1,chosen,0.6485,0.6897,val,normal
25,晚餐,4,36,正常,一般,雨,同事,想健康,微辣,,2,青椒肉丝,煲仔饭碟头饭,1,chosen,0.6485,0.5441,val,normal
25,晚餐,4,36,正常,一般,雨,同事,想健康,微辣,,2,青椒肉丝,煲仔饭碟头饭,1,chosen,0.6485,0.65,val,normal
25,晚餐,4,36,正常,一般,雨,同事,想健康,微辣,,680,海南鸡饭,煲仔饭碟头饭,0,considered,0.6311,0.6474,val,normal
25,晚餐,4,36,正常,一般,雨,同事,想健康,微辣,,684,窝蛋牛肉饭,煲仔饭碟头饭,0,considered,0.6308,0.7169,val,normal
26,夜宵,2,84,想吃好点,一般,晴,约会,不关心,中辣,麸质,26,烤鸡翅,烧烤小吃,1,chosen,0.6907,0.7511,train,normal
26,夜宵,2,84,想吃好点,一般,晴,约会,不关心,中辣,麸质,26,烤鸡翅,烧烤小吃,1,chosen,0.6907,0.6414,train,normal
26,夜宵,2,84,想吃好点,一般,晴,约会,不关心,中辣,麸质,26,烤鸡翅,烧烤小吃,1,chosen,0.6907,0.6685,train,normal
26,夜宵,2,84,想吃好点,一般,晴,约会,不关心,中辣,麸质,645,臭豆腐,烧烤小吃,0,considered,0.6576,0.6465,train,normal
26,夜宵,2,84,想吃好点,一般,晴,约会,不关心,中辣,麸质,27,烤茄子,烧烤小吃,0,considered,0.6509,0.5924,train,normal
27,晚餐,3,43,正常,低落,雨,朋友,想健康,微辣,麸质,292,荤豆花,川菜,1,chosen,0.7311,0.6925,train,normal
27,晚餐,3,43,正常,低落,雨,朋友,想健康,微辣,麸质,292,荤豆花,川菜,1,chosen,0.7311,0.7045,train,normal
27,晚餐,3,43,正常,低落,雨,朋友,想健康,微辣,麸质,292,荤豆花,川菜,1,chosen,0.7311,0.7088,train,normal
27,晚餐,3,43,正常,低落,雨,朋友,想健康,微辣,麸质,237,蒜泥白肉,川菜,0,considered,0.7041,0.6674,train,normal
27,晚餐,3,43,正常,低落,雨,朋友,想健康,微辣,麸质,297,连锅汤,川菜,0,considered,0.6979,0.6601,train,normal
28,夜宵,3,119,正常,压力大,雨,约会,随便,不吃辣,麸质,399,潮汕牛肉丸粉,广式粥粉面,1,chosen,0.7257,0.7594,train,normal
28,夜宵,3,119,正常,压力大,雨,约会,随便,不吃辣,麸质,399,潮汕牛肉丸粉,广式粥粉面,1,chosen,0.7257,0.7219,train,normal
28,夜宵,3,119,正常,压力大,雨,约会,随便,不吃辣,麸质,625,沙县扁肉,烧烤小吃,1,chosen,0.7169,0.7027,train,normal
28,夜宵,3,119,正常,压力大,雨,约会,随便,不吃辣,麸质,392,猪杂汤粉,广式粥粉面,0,considered,0.7257,0.7367,train,normal
28,夜宵,3,119,正常,压力大,雨,约会,随便,不吃辣,麸质,400,濑粉,广式粥粉面,0,considered,0.699,0.6624,train,normal
29,午餐,3,45,省着点,疲惫,晴,一个人,想健康,中辣,,575,紫苏煎黄瓜,湘菜,1,chosen,0.6105,0.6125,test,normal
29,午餐,3,45,省着点,疲惫,晴,一个人,想健康,中辣,,575,紫苏煎黄瓜,湘菜,1,chosen,0.6105,0.6518,test,normal
29,午餐,3,45,省着点,疲惫,晴,一个人,想健康,中辣,,575,紫苏煎黄瓜,湘菜,1,chosen,0.6105,0.5987,test,normal
30,晚餐,3,53,正常,压力大,晴,约会,不关心,微辣,素食,64,土豆炖茄子,东北菜,1,chosen,0.6733,0.6553,train,normal
30,晚餐,3,53,正常,压力大,晴,约会,不关心,微辣,素食,64,土豆炖茄子,东北菜,1,chosen,0.6733,0.7255,train,normal
30,晚餐,3,53,正常,压力大,晴,约会,不关心,微辣,素食,64,土豆炖茄子,东北菜,1,chosen,0.6733,0.7472,train,normal
31,晚餐,4,45,不差钱,疲惫,阴,朋友,想健康,微辣,,471,梭子蟹炒年糕,本帮江浙菜,1,chosen,0.6887,0.696,train,normal
31,晚餐,4,45,不差钱,疲惫,阴,朋友,想健康,微辣,,471,梭子蟹炒年糕,本帮江浙菜,1,chosen,0.6887,0.7346,train,normal
31,晚餐,4,45,不差钱,疲惫,阴,朋友,想健康,微辣,,297,连锅汤,川菜,1,chosen,0.6873,0.7103,train,normal
32,夜宵,4,74,想吃好点,兴奋,阴,朋友,严格控制,重辣,乳制品,613,酸菜鱼,火锅麻辣烫,1,chosen,0.7178,0.6831,train,normal
32,夜宵,4,74,想吃好点,兴奋,阴,朋友,严格控制,重辣,乳制品,613,酸菜鱼,火锅麻辣烫,1,chosen,0.7178,0.705,train,normal
32,夜宵,4,74,想吃好点,兴奋,阴,朋友,严格控制,重辣,乳制品,613,酸菜鱼,火锅麻辣烫,1,chosen,0.7178,0.7164,train,normal
33,午餐,5,22,正常,兴奋,阴,一个人,不关心,重辣,,281,泡椒猪肝,川菜,1,chosen,0.5467,0.4743,train,normal
33,午餐,5,22,正常,兴奋,阴,一个人,不关心,重辣,,281,泡椒猪肝,川菜,1,chosen,0.5467,0.5784,train,normal
33,午餐,5,22,正常,兴奋,阴,一个人,不关心,重辣,,281,泡椒猪肝,川菜,1,chosen,0.5467,0.5786,train,normal
34,晚餐,3,109,正常,一般,晴,同事,不关心,不吃辣,,350,丝瓜炒牛肉,广府家常菜,1,chosen,0.5541,0.5578,val,normal
34,晚餐,3,109,正常,一般,晴,同事,不关心,不吃辣,,350,丝瓜炒牛肉,广府家常菜,1,chosen,0.5541,0.5192,val,normal
34,晚餐,3,109,正常,一般,晴,同事,不关心,不吃辣,,350,丝瓜炒牛肉,广府家常菜,1,chosen,0.5541,0.5208,val,normal
35,晚餐,5,15,正常,兴奋,晴,约会,想健康,中辣,,552,攸县香干,湘菜,1,chosen,0.6702,0.6486,train,normal
35,晚餐,5,15,正常,兴奋,晴,约会,想健康,中辣,,552,攸县香干,湘菜,1,chosen,0.6702,0.703,train,normal
35,晚餐,5,15,正常,兴奋,晴,约会,想健康,中辣,,552,攸县香干,湘菜,1,chosen,0.6702,0.6429,train,normal
35,晚餐,5,15,正常,兴奋,晴,约会,想健康,中辣,,575,紫苏煎黄瓜,湘菜,0,considered,0.6691,0.6516,train,normal
35,晚餐,5,15,正常,兴奋,晴,约会,想健康,中辣,,554,榨菜肉丝(湘),湘菜,0,considered,0.6682,0.6006,train,normal
36,下午加餐,2,32,正常,开心,雪,朋友,严格控制,重辣,乳制品,32,藜麦牛油果碗,轻食健康,1,chosen,0.7555,0.6931,test,snow
36,下午加餐,2,32,正常,开心,雪,朋友,严格控制,重辣,乳制品,34,全麦鸡肉三明治,轻食健康,1,chosen,0.7696,0.7466,test,snow
36,下午加餐,2,32,正常,开心,雪,朋友,严格控制,重辣,乳制品,766,水煮时蔬,轻食健康,1,chosen,0.7596,0.7869,test,snow
36,下午加餐,2,32,正常,开心,雪,朋友,严格控制,重辣,乳制品,35,水煮时蔬+溏心蛋,轻食健康,0,considered,0.7623,0.738,test,snow
36,下午加餐,2,32,正常,开心,雪,朋友,严格控制,重辣,乳制品,766,水煮时蔬,轻食健康,0,considered,0.7596,0.7635,test,snow
37,晚餐,5,82,正常,一般,冷,一个人,严格控制,不吃辣,素食,64,土豆炖茄子,东北菜,1,chosen,0.6007,0.5673,train,normal
37,晚餐,5,82,正常,一般,冷,一个人,严格控制,不吃辣,素食,194,油焖春笋,家常炒菜,1,chosen,0.583,0.605,train,normal
37,晚餐,5,82,正常,一般,冷,一个人,严格控制,不吃辣,素食,143,茄子炖土豆,东北菜,1,chosen,0.6007,0.5841,train,normal
37,晚餐,5,82,正常,一般,冷,一个人,严格控制,不吃辣,素食,159,东北乱炖(素),东北菜,0,considered,0.6007,0.6484,train,normal
37,晚餐,5,82,正常,一般,冷,一个人,严格控制,不吃辣,素食,143,茄子炖土豆,东北菜,0,considered,0.6007,0.6179,train,normal
38,晚餐,3,36,不差钱,疲惫,阴,一个人,不关心,不吃辣,,471,梭子蟹炒年糕,本帮江浙菜,1,chosen,0.5556,0.5724,val,normal
38,晚餐,3,36,不差钱,疲惫,阴,一个人,不关心,不吃辣,,471,梭子蟹炒年糕,本帮江浙菜,1,chosen,0.5556,0.4914,val,normal
38,晚餐,3,36,不差钱,疲惫,阴,一个人,不关心,不吃辣,,380,煎焗鱼嘴,广府家常菜,1,chosen,0.5454,0.6285,val,normal
39,早餐,5,15,正常,开心,阴,一个人,想健康,中辣,素食,808,金华佛堂千张面,长三角粉面,1,chosen,0.5146,0.5217,train,normal
39,早餐,5,15,正常,开心,阴,一个人,想健康,中辣,素食,807,衢州常山索面,长三角粉面,1,chosen,0.5304,0.5439,train,normal
39,早餐,5,15,正常,开心,阴,一个人,想健康,中辣,素食,807,衢州常山索面,长三角粉面,1,chosen,0.5304,0.5487,train,normal
39,早餐,5,15,正常,开心,阴,一个人,想健康,中辣,素食,793,常熟蕈油面,长三角粉面,0,considered,0.5146,0.4606,train,normal
39,早餐,5,15,正常,开心,阴,一个人,想健康,中辣,素食,804,素鸡面,长三角粉面,0,considered,0.5146,0.5363,train,normal
40,下午加餐,2,34,正常,开心,冷,约会,不关心,微辣,,693,芝麻糊,糖水甜品,1,chosen,0.6394,0.5899,val,normal
40,下午加餐,2,34,正常,开心,冷,约会,不关心,微辣,,701,核桃糊,糖水甜品,1,chosen,0.6463,0.6329,val,normal
40,下午加餐,2,34,正常,开心,冷,约会,不关心,微辣,,701,核桃糊,糖水甜品,1,chosen,0.6463,0.6336,val,normal
41,夜宵,3,56,不差钱,一般,冷,家人,想健康,微辣,,24,菌汤火锅,火锅麻辣烫,1,chosen,0.7222,0.7646,train,normal
41,夜宵,3,56,不差钱,一般,冷,家人,想健康,微辣,,24,菌汤火锅,火锅麻辣烫,1,chosen,0.7222,0.6481,train,normal
41,夜宵,3,56,不差钱,一般,冷,家人,想健康,微辣,,24,菌汤火锅,火锅麻辣烫,1,chosen,0.7222,0.7787,train,normal
42,晚餐,3,56,不差钱,压力大,热,朋友,想健康,不吃辣,,655,豉油鸡,烧腊卤味,1,chosen,0.7185,0.668,train,normal
42,晚餐,3,56,不差钱,压力大,热,朋友,想健康,不吃辣,,655,豉油鸡,烧腊卤味,1,chosen,0.7185,0.7119,train,normal
42,晚餐,3,56,不差钱,压力大,热,朋友,想健康,不吃辣,,655,豉油鸡,烧腊卤味,1,chosen,0.7185,0.7101,train,normal
43,午餐,3,45,省着点,开心,热,朋友,不关心,不吃辣,,658,卤水豆腐,烧腊卤味,1,chosen,0.6648,0.7014,train,normal
43,午餐,3,45,省着点,开心,热,朋友,不关心,不吃辣,,171,雪衣豆沙,东北菜,1,chosen,0.6409,0.6506,train,normal
43,午餐,3,45,省着点,开心,热,朋友,不关心,不吃辣,,658,卤水豆腐,烧腊卤味,1,chosen,0.6648,0.7495,train,normal
44,午餐,4,38,省着点,一般,冷,家人,不关心,中辣,,668,咸肉菜饭,煲仔饭碟头饭,1,chosen,0.657,0.5977,train,normal
44,午餐,4,38,省着点,一般,冷,家人,不关心,中辣,,668,咸肉菜饭,煲仔饭碟头饭,1,chosen,0.657,0.6605,train,normal
44,午餐,4,38,省着点,一般,冷,家人,不关心,中辣,,523,长沙臭豆腐,湘菜,1,chosen,0.6556,0.686,train,normal
44,午餐,4,38,省着点,一般,冷,家人,不关心,中辣,,2,青椒肉丝,煲仔饭碟头饭,0,considered,0.6478,0.6299,train,normal
44,午餐,4,38,省着点,一般,冷,家人,不关心,中辣,,685,菜饭骨头汤,煲仔饭碟头饭,0,considered,0.6453,0.6643,train,normal
45,午餐,1,48,正常,开心,雨,一个人,想健康,微辣,乳制品,162,干煸茧蛹,东北菜,1,chosen,0.5997,0.6045,val,normal
45,午餐,1,48,正常,开心,雨,一个人,想健康,微辣,乳制品,162,干煸茧蛹,东北菜,1,chosen,0.5997,0.5435,val,normal
45,午餐,1,48,正常,开心,雨,一个人,想健康,微辣,乳制品,162,干煸茧蛹,东北菜,1,chosen,0.5997,0.6146,val,normal
45,午餐,1,48,正常,开心,雨,一个人,想健康,微辣,乳制品,166,炒蚕蛹,东北菜,0,considered,0.5997,0.5695,val,normal
45,午餐,1,48,正常,开心,雨,一个人,想健康,微辣,乳制品,71,干豆腐炒尖椒,东北菜,0,considered,0.5725,0.5568,val,normal
46,下午加餐,4,126,省着点,一般,晴,一个人,不关心,不吃辣,素食,699,定胜糕,糖水甜品,1,chosen,0.5185,0.5985,train,normal
46,下午加餐,4,126,省着点,一般,晴,一个人,不关心,不吃辣,素食,699,定胜糕,糖水甜品,1,chosen,0.5185,0.5519,train,normal
46,下午加餐,4,126,省着点,一般,晴,一个人,不关心,不吃辣,素食,699,定胜糕,糖水甜品,1,chosen,0.5185,0.5161,train,normal
47,午餐,4,32,想吃好点,兴奋,雨,一个人,想健康,微辣,,366,豉椒炒花甲,广府家常菜,1,chosen,0.6174,0.5961,train,normal
47,午餐,4,32,想吃好点,兴奋,雨,一个人,想健康,微辣,,366,豉椒炒花甲,广府家常菜,1,chosen,0.6174,0.6447,train,normal
47,午餐,4,32,想吃好点,兴奋,雨,一个人,想健康,微辣,,166,炒蚕蛹,东北菜,1,chosen,0.6166,0.608,train,normal
48,早餐,3,70,省着点,开心,晴,朋友,想健康,重辣,,434,皮蛋瘦肉粥(珠三角),早餐粥点,1,chosen,0.6784,0.7161,train,normal
48,早餐,3,70,省着点,开心,晴,朋友,想健康,重辣,,434,皮蛋瘦肉粥(珠三角),早餐粥点,1,chosen,0.6784,0.6877,train,normal
48,早餐,3,70,省着点,开心,晴,朋友,想健康,重辣,,434,皮蛋瘦肉粥(珠三角),早餐粥点,1,chosen,0.6784,0.7047,train,normal
48,早餐,3,70,省着点,开心,晴,朋友,想健康,重辣,,438,艇仔粥,早餐粥点,0,considered,0.6784,0.6568,train,normal
48,早餐,3,70,省着点,开心,晴,朋友,想健康,重辣,,445,咖喱牛肉汤,早餐粥点,0,considered,0.6746,0.6146,train,normal
49,晚餐,3,54,省着点,开心,冷,朋友,想健康,微辣,,71,干豆腐炒尖椒,东北菜,1,chosen,0.6909,0.6402,train,normal
49,晚餐,3,54,省着点,开心,冷,朋友,想健康,微辣,,71,干豆腐炒尖椒,东北菜,1,chosen,0.6909,0.7034,train,normal
49,晚餐,3,54,省着点,开心,冷,朋友,想健康,微辣,,71,干豆腐炒尖椒,东北菜,1,chosen,0.6909,0.6769,train,normal
50,夜宵,5,69,不差钱,兴奋,晴,约会,想健康,微辣,海鲜,24,菌汤火锅,火锅麻辣烫,1,chosen,0.7156,0.675,train,normal
50,夜宵,5,69,不差钱,兴奋,晴,约会,想健康,微辣,海鲜,24,菌汤火锅,火锅麻辣烫,1,chosen,0.7156,0.7136,train,normal
50,夜宵,5,69,不差钱,兴奋,晴,约会,想健康,微辣,海鲜,24,菌汤火锅,火锅麻辣烫,1,chosen,0.7156,0.7505,train,normal
51,晚餐,4,31,正常,疲惫,雪,一个人,想健康,中辣,,15,宫保鸡丁,家常炒菜,1,chosen,0.7253,0.7393,test,snow
51,晚餐,4,31,正常,疲惫,雪,一个人,想健康,中辣,,15,宫保鸡丁,家常炒菜,1,chosen,0.7253,0.6627,test,snow
51,晚餐,4,31,正常,疲惫,雪,一个人,想健康,中辣,,15,宫保鸡丁,家常炒菜,1,chosen,0.7253,0.7393,test,snow
51,晚餐,4,31,正常,疲惫,雪,一个人,想健康,中辣,,184,鱼香肉丝,家常炒菜,0,considered,0.7155,0.69,test,snow
51,晚餐,4,31,正常,疲惫,雪,一个人,想健康,中辣,,173,毛豆炒肉丝,家常炒菜,0,considered,0.7058,0.7196,test,snow
52,午餐,5,67,省着点,一般,热,家人,不关心,微辣,乳制品,658,卤水豆腐,烧腊卤味,1,chosen,0.6533,0.6366,train,normal
52,午餐,5,67,省着点,一般,热,家人,不关心,微辣,乳制品,289,糖油果子,川菜,1,chosen,0.633,0.6012,train,normal
52,午餐,5,67,省着点,一般,热,家人,不关心,微辣,乳制品,658,卤水豆腐,烧腊卤味,1,chosen,0.6533,0.6675,train,normal
53,午餐,4,48,想吃好点,兴奋,冷,朋友,不关心,微辣,素食,371,鱼香茄子煲,广府家常菜,1,chosen,0.6658,0.7011,val,normal
53,午餐,4,48,想吃好点,兴奋,冷,朋友,不关心,微辣,素食,371,鱼香茄子煲,广府家常菜,1,chosen,0.6658,0.6478,val,normal
53,午餐,4,48,想吃好点,兴奋,冷,朋友,不关心,微辣,素食,371,鱼香茄子煲,广府家常菜,1,chosen,0.6658,0.6375,val,normal
54,午餐,5,116,正常,一般,冷,朋友,想健康,不吃辣,"海鲜,乳制品",680,海南鸡饭,煲仔饭碟头饭,1,chosen,0.6961,0.6577,train,normal
54,午餐,5,116,正常,一般,冷,朋友,想健康,不吃辣,"海鲜,乳制品",680,海南鸡饭,煲仔饭碟头饭,1,chosen,0.6961,0.7222,train,normal
54,午餐,5,116,正常,一般,冷,朋友,想健康,不吃辣,"海鲜,乳制品",680,海南鸡饭,煲仔饭碟头饭,1,chosen,0.6961,0.6977,train,normal
55,午餐,2,63,正常,疲惫,热,朋友,随便,中辣,,579,腊味萝卜干,湘菜,1,chosen,0.6973,0.7103,train,normal
55,午餐,2,63,正常,疲惫,热,朋友,随便,中辣,,579,腊味萝卜干,湘菜,1,chosen,0.6973,0.7336,train,normal
55,午餐,2,63,正常,疲惫,热,朋友,随便,中辣,,579,腊味萝卜干,湘菜,1,chosen,0.6973,0.7345,train,normal
56,午餐,2,19,正常,压力大,雨,一个人,想健康,微辣,,366,豉椒炒花甲,广府家常菜,1,chosen,0.6396,0.6004,val,normal
56,午餐,2,19,正常,压力大,雨,一个人,想健康,微辣,,366,豉椒炒花甲,广府家常菜,1,chosen,0.6396,0.6544,val,normal
56,午餐,2,19,正常,压力大,雨,一个人,想健康,微辣,,366,豉椒炒花甲,广府家常菜,1,chosen,0.6396,0.6167,val,normal
57,晚餐,4,15,想吃好点,一般,晴,一个人,想健康,微辣,,366,豉椒炒花甲,广府家常菜,1,chosen,0.5581,0.527,train,normal
57,晚餐,4,15,想吃好点,一般,晴,一个人,想健康,微辣,,366,豉椒炒花甲,广府家常菜,1,chosen,0.5581,0.5877,train,normal
57,晚餐,4,15,想吃好点,一般,晴,一个人,想健康,微辣,,366,豉椒炒花甲,广府家常菜,1,chosen,0.5581,0.618,train,normal
57,晚餐,4,15,想吃好点,一般,晴,一个人,想健康,微辣,,347,菜心炒牛肉,广府家常菜,0,considered,0.5502,0.5844,train,normal
57,晚餐,4,15,想吃好点,一般,晴,一个人,想健康,微辣,,350,丝瓜炒牛肉,广府家常菜,0,considered,0.5502,0.5272,train,normal
58,晚餐,3,47,正常,疲惫,雨,约会,想健康,中辣,海鲜,15,宫保鸡丁,家常炒菜,1,chosen,0.7721,0.792,train,normal
58,晚餐,3,47,正常,疲惫,雨,约会,想健康,中辣,海鲜,15,宫保鸡丁,家常炒菜,1,chosen,0.7721,0.8568,train,normal
58,晚餐,3,47,正常,疲惫,雨,约会,想健康,中辣,海鲜,15,宫保鸡丁,家常炒菜,1,chosen,0.7721,0.7359,train,normal
58,晚餐,3,47,正常,疲惫,雨,约会,想健康,中辣,海鲜,184,鱼香肉丝,家常炒菜,0,considered,0.7523,0.7665,train,normal
58,晚餐,3,47,正常,疲惫,雨,约会,想健康,中辣,海鲜,191,干煸四季豆,家常炒菜,0,considered,0.7407,0.7256,train,normal
59,午餐,4,108,省着点,一般,热,朋友,不关心,微辣,,658,卤水豆腐,烧腊卤味,1,chosen,0.6533,0.6861,train,normal
59,午餐,4,108,省着点,一般,热,朋友,不关心,微辣,,658,卤水豆腐,烧腊卤味,1,chosen,0.6533,0.6808,train,normal
59,午餐,4,108,省着点,一般,热,朋友,不关心,微辣,,658,卤水豆腐,烧腊卤味,1,chosen,0.6533,0.6896,train,normal
60,午餐,4,99,省着点,开心,阴,同事,不关心,不吃辣,海鲜,9,炸酱面,长三角粉面,1,chosen,0.5655,0.5844,test,normal
60,午餐,4,99,省着点,开心,阴,同事,不关心,不吃辣,海鲜,9,炸酱面,长三角粉面,1,chosen,0.5655,0.5377,test,normal
60,午餐,4,99,省着点,开心,阴,同事,不关心,不吃辣,海鲜,9,炸酱面,长三角粉面,1,chosen,0.5655,0.6373,test,normal
60,午餐,4,99,省着点,开心,阴,同事,不关心,不吃辣,海鲜,776,杭州片儿川,长三角粉面,0,considered,0.5606,0.5501,test,normal
60,午餐,4,99,省着点,开心,阴,同事,不关心,不吃辣,海鲜,809,镇江锅盖面,长三角粉面,0,considered,0.5606,0.5538,test,normal
61,早餐,4,25,正常,一般,雨,家人,随便,中辣,乳制品,424,黑椒牛仔骨,早茶点心,1,chosen,0.6517,0.657,train,normal
61,早餐,4,25,正常,一般,雨,家人,随便,中辣,乳制品,424,黑椒牛仔骨,早茶点心,1,chosen,0.6517,0.639,train,normal
61,早餐,4,25,正常,一般,雨,家人,随便,中辣,乳制品,424,黑椒牛仔骨,早茶点心,1,chosen,0.6517,0.7508,train,normal
61,早餐,4,25,正常,一般,雨,家人,随便,中辣,乳制品,425,黑椒猪肚,早茶点心,0,considered,0.6517,0.6931,train,normal
61,早餐,4,25,正常,一般,雨,家人,随便,中辣,乳制品,421,蒸牛百叶,早茶点心,0,considered,0.6438,0.6062,train,normal
62,午餐,2,17,正常,压力大,晴,约会,想健康,不吃辣,海鲜,353,姜葱炒牛肉,广府家常菜,1,chosen,0.6844,0.6875,train,normal
62,午餐,2,17,正常,压力大,晴,约会,想健康,不吃辣,海鲜,353,姜葱炒牛肉,广府家常菜,1,chosen,0.6844,0.6993,train,normal
62,午餐,2,17,正常,压力大,晴,约会,想健康,不吃辣,海鲜,353,姜葱炒牛肉,广府家常菜,1,chosen,0.6844,0.7055,train,normal
62,午餐,2,17,正常,压力大,晴,约会,想健康,不吃辣,海鲜,350,丝瓜炒牛肉,广府家常菜,0,considered,0.6844,0.6435,train,normal
62,午餐,2,17,正常,压力大,晴,约会,想健康,不吃辣,海鲜,347,菜心炒牛肉,广府家常菜,0,considered,0.6844,0.746,train,normal
63,晚餐,4,40,正常,兴奋,阴,家人,随便,不吃辣,,681,滑鸡煲仔饭,煲仔饭碟头饭,1,chosen,0.617,0.5532,val,normal
63,晚餐,4,40,正常,兴奋,阴,家人,随便,不吃辣,,681,滑鸡煲仔饭,煲仔饭碟头饭,1,chosen,0.617,0.6334,val,normal
63,晚餐,4,40,正常,兴奋,阴,家人,随便,不吃辣,,681,滑鸡煲仔饭,煲仔饭碟头饭,1,chosen,0.617,0.6629,val,normal
63,晚餐,4,40,正常,兴奋,阴,家人,随便,不吃辣,,680,海南鸡饭,煲仔饭碟头饭,0,considered,0.617,0.5926,val,normal
63,晚餐,4,40,正常,兴奋,阴,家人,随便,不吃辣,,668,咸肉菜饭,煲仔饭碟头饭,0,considered,0.6141,0.578,val,normal
64,早餐,3,79,正常,疲惫,冷,一个人,想健康,微辣,,453,虾籽馄饨面,早餐粥点,1,chosen,0.6997,0.6944,train,normal
64,早餐,3,79,正常,疲惫,冷,一个人,想健康,微辣,,439,菜肉大馄饨,早餐粥点,1,chosen,0.7095,0.6545,train,normal
64,早餐,3,79,正常,疲惫,冷,一个人,想健康,微辣,,439,菜肉大馄饨,早餐粥点,1,chosen,0.7095,0.7031,train,normal
65,午餐,4,43,不差钱,一般,雨,一个人,不关心,重辣,,600,发丝牛百叶,湘菜,1,chosen,0.5786,0.6022,test,normal
65,午餐,4,43,不差钱,一般,雨,一个人,不关心,重辣,,600,发丝牛百叶,湘菜,1,chosen,0.5786,0.5974,test,normal
65,午餐,4,43,不差钱,一般,雨,一个人,不关心,重辣,,600,发丝牛百叶,湘菜,1,chosen,0.5786,0.5786,test,normal
65,午餐,4,43,不差钱,一般,雨,一个人,不关心,重辣,,532,剁椒蒸鱼,湘菜,0,considered,0.5786,0.6036,test,normal
65,午餐,4,43,不差钱,一般,雨,一个人,不关心,重辣,,515,小炒黄牛肉(湘),湘菜,0,considered,0.5736,0.554,test,normal
66,早餐,4,77,正常,低落,雨,同事,随便,微辣,,45,杂粮煎饼果子,早餐粥点,1,chosen,0.6374,0.6462,val,normal
66,早餐,4,77,正常,低落,雨,同事,随便,微辣,,425,黑椒猪肚,早茶点心,1,chosen,0.637,0.6781,val,normal
66,早餐,4,77,正常,低落,雨,同事,随便,微辣,,45,杂粮煎饼果子,早餐粥点,1,chosen,0.6374,0.598,val,normal
67,晚餐,4,52,正常,一般,阴,一个人,不关心,重辣,,513,农家小炒肉,湘菜,1,chosen,0.5348,0.5272,train,normal
67,晚餐,4,52,正常,一般,阴,一个人,不关心,重辣,,516,常德牛肉粉,湘菜,1,chosen,0.5348,0.5594,train,normal
67,晚餐,4,52,正常,一般,阴,一个人,不关心,重辣,,513,农家小炒肉,湘菜,1,chosen,0.5348,0.4711,train,normal
68,晚餐,3,64,正常,疲惫,雨,同事,随便,微辣,"海鲜,乳制品",787,南京老卤面,长三角粉面,1,chosen,0.6538,0.6459,train,normal
68,晚餐,3,64,正常,疲惫,雨,同事,随便,微辣,"海鲜,乳制品",6,兰州牛肉面,长三角粉面,1,chosen,0.6538,0.6833,train,normal
68,晚餐,3,64,正常,疲惫,雨,同事,随便,微辣,"海鲜,乳制品",6,兰州牛肉面,长三角粉面,1,chosen,0.6538,0.6198,train,normal
68,晚餐,3,64,正常,疲惫,雨,同事,随便,微辣,"海鲜,乳制品",811,鳝丝面,长三角粉面,0,considered,0.6538,0.6887,train,normal
68,晚餐,3,64,正常,疲惫,雨,同事,随便,微辣,"海鲜,乳制品",787,南京老卤面,长三角粉面,0,considered,0.6538,0.7199,train,normal
69,晚餐,3,107,想吃好点,疲惫,晴,朋友,随便,不吃辣,,813,台州跳鱼捞面,长三角粉面,1,chosen,0.6496,0.6676,train,normal
69,晚餐,3,107,想吃好点,疲惫,晴,朋友,随便,不吃辣,,813,台州跳鱼捞面,长三角粉面,1,chosen,0.6496,0.6515,train,normal
69,晚餐,3,107,想吃好点,疲惫,晴,朋友,随便,不吃辣,,813,台州跳鱼捞面,长三角粉面,1,chosen,0.6496,0.5844,train,normal
69,晚餐,3,107,想吃好点,疲惫,晴,朋友,随便,不吃辣,,798,杭州虾爆鳝面,长三角粉面,0,considered,0.6456,0.5774,train,normal
69,晚餐,3,107,想吃好点,疲惫,晴,朋友,随便,不吃辣,,788,双浇面,长三角粉面,0,considered,0.6428,0.6103,train,normal
70,早餐,3,96,想吃好点,开心,雨,同事,想健康,不吃辣,,427,南翔小笼包,早餐粥点,1,chosen,0.6957,0.7638,train,normal
70,早餐,3,96,想吃好点,开心,雨,同事,想健康,不吃辣,,439,菜肉大馄饨,早餐粥点,1,chosen,0.6975,0.6818,train,normal
70,早餐,3,96,想吃好点,开心,雨,同事,想健康,不吃辣,,439,菜肉大馄饨,早餐粥点,1,chosen,0.6975,0.7407,train,normal
71,晚餐,3,59,省着点,开心,冷,朋友,不关心,不吃辣,麸质,668,咸肉菜饭,煲仔饭碟头饭,1,chosen,0.6512,0.6406,train,normal
71,晚餐,3,59,省着点,开心,冷,朋友,不关心,不吃辣,麸质,668,咸肉菜饭,煲仔饭碟头饭,1,chosen,0.6512,0.7064,train,normal
71,晚餐,3,59,省着点,开心,冷,朋友,不关心,不吃辣,麸质,66,大酱炒鸡蛋,东北菜,1,chosen,0.6434,0.6421,train,normal
72,晚餐,4,65,省着点,低落,阴,朋友,想健康,微辣,海鲜,2,青椒肉丝,煲仔饭碟头饭,1,chosen,0.6701,0.6963,train,normal
72,晚餐,4,65,省着点,低落,阴,朋友,想健康,微辣,海鲜,2,青椒肉丝,煲仔饭碟头饭,1,chosen,0.6701,0.6124,train,normal
72,晚餐,4,65,省着点,低落,阴,朋友,想健康,微辣,海鲜,2,青椒肉丝,煲仔饭碟头饭,1,chosen,0.6701,0.7083,train,normal
73,午餐,2,68,不差钱,兴奋,热,同事,严格控制,微辣,海鲜,162,干煸茧蛹,东北菜,1,chosen,0.6126,0.6228,train,normal
73,午餐,2,68,不差钱,兴奋,热,同事,严格控制,微辣,海鲜,162,干煸茧蛹,东北菜,1,chosen,0.6126,0.6128,train,normal
73,午餐,2,68,不差钱,兴奋,热,同事,严格控制,微辣,海鲜,162,干煸茧蛹,东北菜,1,chosen,0.6126,0.62,train,normal
74,下午加餐,2,55,正常,开心,雨,一个人,不关心,重辣,,762,丝袜奶茶,轻食健康,1,chosen,0.6217,0.5974,train,normal
74,下午加餐,2,55,正常,开心,雨,一个人,不关心,重辣,,762,丝袜奶茶,轻食健康,1,chosen,0.6217,0.6232,train,normal
74,下午加餐,2,55,正常,开心,雨,一个人,不关心,重辣,,762,丝袜奶茶,轻食健康,1,chosen,0.6217,0.6298,train,normal
74,下午加餐,2,55,正常,开心,雨,一个人,不关心,重辣,,765,拿铁,轻食健康,0,considered,0.6217,0.6445,train,normal
74,下午加餐,2,55,正常,开心,雨,一个人,不关心,重辣,,34,全麦鸡肉三明治,轻食健康,0,considered,0.6217,0.6371,train,normal
75,夜宵,5,31,正常,疲惫,晴,朋友,随便,微辣,,627,炒年糕,烧烤小吃,1,chosen,0.7083,0.7061,val,normal
75,夜宵,5,31,正常,疲惫,晴,朋友,随便,微辣,,627,炒年糕,烧烤小吃,1,chosen,0.7083,0.7273,val,normal
75,夜宵,5,31,正常,疲惫,晴,朋友,随便,微辣,,627,炒年糕,烧烤小吃,1,chosen,0.7083,0.69,val,normal
76,晚餐,1,70,省着点,压力大,雨,一个人,想健康,中辣,,575,紫苏煎黄瓜,湘菜,1,chosen,0.6171,0.6742,train,normal
76,晚餐,1,70,省着点,压力大,雨,一个人,想健康,中辣,,575,紫苏煎黄瓜,湘菜,1,chosen,0.6171,0.6251,train,normal
76,晚餐,1,70,省着点,压力大,雨,一个人,想健康,中辣,,575,紫苏煎黄瓜,湘菜,1,chosen,0.6171,0.5918,train,normal
76,晚餐,1,70,省着点,压力大,雨,一个人,想健康,中辣,,552,攸县香干,湘菜,0,considered,0.6046,0.5714,train,normal
76,晚餐,1,70,省着点,压力大,雨,一个人,想健康,中辣,,554,榨菜肉丝(湘),湘菜,0,considered,0.5948,0.6286,train,normal
77,午餐,2,69,正常,开心,冷,朋友,不关心,不吃辣,素食,458,油焖笋,本帮江浙菜,1,chosen,0.6475,0.6873,val,normal
77,午餐,2,69,正常,开心,冷,朋友,不关心,不吃辣,素食,458,油焖笋,本帮江浙菜,1,chosen,0.6475,0.6034,val,normal
77,午餐,2,69,正常,开心,冷,朋友,不关心,不吃辣,素食,458,油焖笋,本帮江浙菜,1,chosen,0.6475,0.6176,val,normal
78,午餐,4,77,省着点,疲惫,雪,朋友,随便,中辣,,303,铺盖面,川菜,1,chosen,0.78,0.76,test,snow
78,午餐,4,77,省着点,疲惫,雪,朋友,随便,中辣,,595,长沙肉丝米粉,湘菜,1,chosen,0.7809,0.8242,test,snow
78,午餐,4,77,省着点,疲惫,雪,朋友,随便,中辣,,595,长沙肉丝米粉,湘菜,1,chosen,0.7809,0.8169,test,snow
79,晚餐,5,72,正常,低落,阴,朋友,随便,微辣,,572,粉蒸肉(湘),湘菜,1,chosen,0.6481,0.642,train,normal
79,晚餐,5,72,正常,低落,阴,朋友,随便,微辣,,572,粉蒸肉(湘),湘菜,1,chosen,0.6481,0.6244,train,normal
79,晚餐,5,72,正常,低落,阴,朋友,随便,微辣,,572,粉蒸肉(湘),湘菜,1,chosen,0.6481,0.6235,train,normal
80,午餐,2,26,正常,开心,晴,朋友,想健康,微辣,,166,炒蚕蛹,东北菜,1,chosen,0.6586,0.665,test,normal
80,午餐,2,26,正常,开心,晴,朋友,想健康,微辣,,166,炒蚕蛹,东北菜,1,chosen,0.6586,0.6223,test,normal
80,午餐,2,26,正常,开心,晴,朋友,想健康,微辣,,166,炒蚕蛹,东北菜,1,chosen,0.6586,0.6769,test,normal
81,午餐,2,62,省着点,一般,雨,约会,想健康,重辣,麸质,310,麻婆豆腐(素),川菜,1,chosen,0.707,0.6994,train,normal
81,午餐,2,62,省着点,一般,雨,约会,想健康,重辣,麸质,310,麻婆豆腐(素),川菜,1,chosen,0.707,0.7321,train,normal
81,午餐,2,62,省着点,一般,雨,约会,想健康,重辣,麸质,310,麻婆豆腐(素),川菜,1,chosen,0.707,0.6875,train,normal
82,晚餐,2,52,省着点,兴奋,雨,朋友,不关心,微辣,乳制品,109,东北臭豆腐,东北菜,1,chosen,0.6535,0.6205,train,normal
82,晚餐,2,52,省着点,兴奋,雨,朋友,不关心,微辣,乳制品,109,东北臭豆腐,东北菜,1,chosen,0.6535,0.6996,train,normal
82,晚餐,2,52,省着点,兴奋,雨,朋友,不关心,微辣,乳制品,109,东北臭豆腐,东北菜,1,chosen,0.6535,0.6261,train,normal
83,午餐,3,28,正常,一般,晴,一个人,不关心,微辣,,366,豉椒炒花甲,广府家常菜,1,chosen,0.519,0.5341,train,normal
83,午餐,3,28,正常,一般,晴,一个人,不关心,微辣,,366,豉椒炒花甲,广府家常菜,1,chosen,0.519,0.4387,train,normal
83,午餐,3,28,正常,一般,晴,一个人,不关心,微辣,,787,南京老卤面,长三角粉面,1,chosen,0.519,0.4982,train,normal
84,晚餐,3,28,正常,压力大,晴,朋友,严格控制,中辣,"海鲜,乳制品",15,宫保鸡丁,家常炒菜,1,chosen,0.7185,0.6828,test,normal
84,晚餐,3,28,正常,压力大,晴,朋友,严格控制,中辣,"海鲜,乳制品",15,宫保鸡丁,家常炒菜,1,chosen,0.7185,0.6883,test,normal
84,晚餐,3,28,正常,压力大,晴,朋友,严格控制,中辣,"海鲜,乳制品",15,宫保鸡丁,家常炒菜,1,chosen,0.7185,0.7341,test,normal
84,晚餐,3,28,正常,压力大,晴,朋友,严格控制,中辣,"海鲜,乳制品",184,鱼香肉丝,家常炒菜,0,considered,0.6901,0.6873,test,normal
84,晚餐,3,28,正常,压力大,晴,朋友,严格控制,中辣,"海鲜,乳制品",173,毛豆炒肉丝,家常炒菜,0,considered,0.6735,0.6669,test,normal
85,晚餐,3,41,正常,一般,雪,同事,随便,微辣,素食,48,东北土豆丝,东北菜,1,chosen,0.6731,0.6756,test,snow
85,晚餐,3,41,正常,一般,雪,同事,随便,微辣,素食,48,东北土豆丝,东北菜,1,chosen,0.6731,0.6982,test,snow
85,晚餐,3,41,正常,一般,雪,同事,随便,微辣,素食,48,东北土豆丝,东北菜,1,chosen,0.6731,0.6891,test,snow
86,午餐,3,16,正常,一般,晴,一个人,严格控制,微辣,素食,195,清炒草头,家常炒菜,1,chosen,0.5526,0.5153,train,normal
86,午餐,3,16,正常,一般,晴,一个人,严格控制,微辣,素食,195,清炒草头,家常炒菜,1,chosen,0.5526,0.4596,train,normal
86,午餐,3,16,正常,一般,晴,一个人,严格控制,微辣,素食,195,清炒草头,家常炒菜,1,chosen,0.5526,0.5362,train,normal
87,午餐,5,99,想吃好点,疲惫,热,朋友,严格控制,中辣,,300,酸菜肥牛,川菜,1,chosen,0.7295,0.7302,train,normal
87,午餐,5,99,想吃好点,疲惫,热,朋友,严格控制,中辣,,300,酸菜肥牛,川菜,1,chosen,0.7295,0.7434,train,normal
87,午餐,5,99,想吃好点,疲惫,热,朋友,严格控制,中辣,,300,酸菜肥牛,川菜,1,chosen,0.7295,0.7125,train,normal
88,午餐,2,15,正常,一般,晴,同事,不关心,微辣,,366,豉椒炒花甲,广府家常菜,1,chosen,0.562,0.5019,val,normal
88,午餐,2,15,正常,一般,晴,同事,不关心,微辣,,366,豉椒炒花甲,广府家常菜,1,chosen,0.562,0.5412,val,normal
88,午餐,2,15,正常,一般,晴,同事,不关心,微辣,,366,豉椒炒花甲,广府家常菜,1,chosen,0.562,0.5662,val,normal
88,午餐,2,15,正常,一般,晴,同事,不关心,微辣,,351,凉瓜炒牛肉,广府家常菜,0,considered,0.5541,0.5617,val,normal
88,午餐,2,15,正常,一般,晴,同事,不关心,微辣,,357,烧肉炒芥兰,广府家常菜,0,considered,0.5541,0.5728,val,normal
89,晚餐,3,15,正常,疲惫,冷,朋友,不关心,不吃辣,素食,155,韭菜盒子(东北),东北菜,1,chosen,0.6724,0.7251,train,normal
89,晚餐,3,15,正常,疲惫,冷,朋友,不关心,不吃辣,素食,90,粘豆包,东北菜,1,chosen,0.6547,0.6717,train,normal
89,晚餐,3,15,正常,疲惫,冷,朋友,不关心,不吃辣,素食,155,韭菜盒子(东北),东北菜,1,chosen,0.6724,0.648,train,normal
90,夜宵,4,64,省着点,开心,晴,家人,随便,不吃辣,麸质,668,咸肉菜饭,煲仔饭碟头饭,1,chosen,0.6129,0.625,test,normal
90,夜宵,4,64,省着点,开心,晴,家人,随便,不吃辣,麸质,668,咸肉菜饭,煲仔饭碟头饭,1,chosen,0.6129,0.6786,test,normal
90,夜宵,4,64,省着点,开心,晴,家人,随便,不吃辣,麸质,668,咸肉菜饭,煲仔饭碟头饭,1,chosen,0.6129,0.6326,test,normal
91,午餐,3,18,正常,一般,阴,家人,不关心,微辣,,366,豉椒炒花甲,广府家常菜,1,chosen,0.5995,0.5691,val,normal
91,午餐,3,18,正常,一般,阴,家人,不关心,微辣,,366,豉椒炒花甲,广府家常菜,1,chosen,0.5995,0.5346,val,normal
91,午餐,3,18,正常,一般,阴,家人,不关心,微辣,,366,豉椒炒花甲,广府家常菜,1,chosen,0.5995,0.6092,val,normal
92,午餐,4,68,省着点,开心,热,朋友,随便,微辣,,658,卤水豆腐,烧腊卤味,1,chosen,0.6648,0.628,train,normal
92,午餐,4,68,省着点,开心,热,朋友,随便,微辣,,658,卤水豆腐,烧腊卤味,1,chosen,0.6648,0.5703,train,normal
92,午餐,4,68,省着点,开心,热,朋友,随便,微辣,,289,糖油果子,川菜,1,chosen,0.6444,0.5898,train,normal
93,夜宵,4,53,不差钱,一般,晴,朋友,想健康,微辣,,618,烤生蚝,火锅麻辣烫,1,chosen,0.6635,0.684,train,normal
93,夜宵,4,53,不差钱,一般,晴,朋友,想健康,微辣,,618,烤生蚝,火锅麻辣烫,1,chosen,0.6635,0.6954,train,normal
93,夜宵,4,53,不差钱,一般,晴,朋友,想健康,微辣,,618,烤生蚝,火锅麻辣烫,1,chosen,0.6635,0.6381,train,normal
93,夜宵,4,53,不差钱,一般,晴,朋友,想健康,微辣,,24,菌汤火锅,火锅麻辣烫,0,considered,0.6622,0.6555,train,normal
93,夜宵,4,53,不差钱,一般,晴,朋友,想健康,微辣,,621,番茄火锅,火锅麻辣烫,0,considered,0.6297,0.5948,train,normal
94,晚餐,4,15,正常,一般,阴,家人,想健康,微辣,,71,干豆腐炒尖椒,东北菜,1,chosen,0.6308,0.6791,test,normal
94,晚餐,4,15,正常,一般,阴,家人,想健康,微辣,,6,兰州牛肉面,长三角粉面,1,chosen,0.6308,0.6493,test,normal
94,晚餐,4,15,正常,一般,阴,家人,想健康,微辣,,6,兰州牛肉面,长三角粉面,1,chosen,0.6308,0.6403,test,normal
94,晚餐,4,15,正常,一般,阴,家人,想健康,微辣,,774,上海辣肉面,长三角粉面,0,considered,0.6162,0.599,test,normal
94,晚餐,4,15,正常,一般,阴,家人,想健康,微辣,,9,炸酱面,长三角粉面,0,considered,0.6115,0.5953,test,normal
95,午餐,2,22,正常,开心,热,一个人,严格控制,不吃辣,素食,818,牛油果吐司,面包甜点,1,chosen,0.5834,0.585,val,normal
95,午餐,2,22,正常,开心,热,一个人,严格控制,不吃辣,素食,818,牛油果吐司,面包甜点,1,chosen,0.5834,0.6386,val,normal
95,午餐,2,22,正常,开心,热,一个人,严格控制,不吃辣,素食,818,牛油果吐司,面包甜点,1,chosen,0.5834,0.5999,val,normal
96,晚餐,4,38,正常,一般,晴,同事,不关心,微辣,,371,鱼香茄子煲,广府家常菜,1,chosen,0.562,0.5687,train,normal
96,晚餐,4,38,正常,一般,晴,同事,不关心,微辣,,2,青椒肉丝,煲仔饭碟头饭,1,chosen,0.562,0.5889,train,normal
96,晚餐,4,38,正常,一般,晴,同事,不关心,微辣,,651,牛杂,烧腊卤味,1,chosen,0.562,0.4865,train,normal
97,午餐,1,68,省着点,一般,冷,家人,不关心,微辣,海鲜,109,东北臭豆腐,东北菜,1,chosen,0.6127,0.5609,train,normal
97,午餐,1,68,省着点,一般,冷,家人,不关心,微辣,海鲜,109,东北臭豆腐,东北菜,1,chosen,0.6127,0.6305,train,normal
97,午餐,1,68,省着点,一般,冷,家人,不关心,微辣,海鲜,109,东北臭豆腐,东北菜,1,chosen,0.6127,0.6111,train,normal
98,下午加餐,2,73,想吃好点,低落,阴,朋友,严格控制,不吃辣,麸质,770,波奇饭,轻食健康,1,chosen,0.7146,0.743,test,normal
98,下午加餐,2,73,想吃好点,低落,阴,朋友,严格控制,不吃辣,麸质,770,波奇饭,轻食健康,1,chosen,0.7146,0.7254,test,normal
98,下午加餐,2,73,想吃好点,低落,阴,朋友,严格控制,不吃辣,麸质,770,波奇饭,轻食健康,1,chosen,0.7146,0.7561,test,normal
98,下午加餐,2,73,想吃好点,低落,阴,朋友,严格控制,不吃辣,麸质,33,三文鱼沙拉,轻食健康,0,considered,0.7146,0.7434,test,normal
98,下午加餐,2,73,想吃好点,低落,阴,朋友,严格控制,不吃辣,麸质,32,藜麦牛油果碗,轻食健康,0,considered,0.7146,0.7485,test,normal
99,午餐,4,55,省着点,开心,晴,朋友,不关心,中辣,,523,长沙臭豆腐,湘菜,1,chosen,0.6297,0.6846,train,normal
99,午餐,4,55,省着点,开心,晴,朋友,不关心,中辣,,523,长沙臭豆腐,湘菜,1,chosen,0.6297,0.6013,train,normal
99,午餐,4,55,省着点,开心,晴,朋友,不关心,中辣,,523,长沙臭豆腐,湘菜,1,chosen,0.6297,0.6459,train,normal
100,午餐,4,73,省着点,压力大,热,一个人,不关心,中辣,,60,东北饭包,东北菜,1,chosen,0.6153,0.5639,train,normal
100,午餐,4,73,省着点,压力大,热,一个人,不关心,中辣,,60,东北饭包,东北菜,1,chosen,0.6153,0.6101,train,normal
100,午餐,4,73,省着点,压力大,热,一个人,不关心,中辣,,60,东北饭包,东北菜,1,chosen,0.6153,0.605,train,normal
101,下午加餐,3,15,正常,压力大,冷,一个人,不关心,重辣,麸质,764,奶茶,轻食健康,1,chosen,0.6236,0.6289,train,normal
101,下午加餐,3,15,正常,压力大,冷,一个人,不关心,重辣,麸质,764,奶茶,轻食健康,1,chosen,0.6236,0.5842,train,normal
101,下午加餐,3,15,正常,压力大,冷,一个人,不关心,重辣,麸质,764,奶茶,轻食健康,1,chosen,0.6236,0.5794,train,normal
102,夜宵,3,79,不差钱,疲惫,热,家人,严格控制,中辣,"海鲜,乳制品",24,菌汤火锅,火锅麻辣烫,1,chosen,0.7465,0.8129,test,normal
102,夜宵,3,79,不差钱,疲惫,热,家人,严格控制,中辣,"海鲜,乳制品",24,菌汤火锅,火锅麻辣烫,1,chosen,0.7465,0.7776,test,normal
102,夜宵,3,79,不差钱,疲惫,热,家人,严格控制,中辣,"海鲜,乳制品",24,菌汤火锅,火锅麻辣烫,1,chosen,0.7465,0.7858,test,normal
102,夜宵,3,79,不差钱,疲惫,热,家人,严格控制,中辣,"海鲜,乳制品",621,番茄火锅,火锅麻辣烫,0,considered,0.7325,0.727,test,normal
102,夜宵,3,79,不差钱,疲惫,热,家人,严格控制,中辣,"海鲜,乳制品",20,清汤火锅,火锅麻辣烫,0,considered,0.7288,0.7135,test,normal
103,午餐,2,47,正常,一般,热,一个人,想健康,不吃辣,,648,卤水鸡翅,烧腊卤味,1,chosen,0.5886,0.6261,val,normal
103,午餐,2,47,正常,一般,热,一个人,想健康,不吃辣,,648,卤水鸡翅,烧腊卤味,1,chosen,0.5886,0.6045,val,normal
103,午餐,2,47,正常,一般,热,一个人,想健康,不吃辣,,126,松仁小肚,东北菜,1,chosen,0.5713,0.5429,val,normal
104,晚餐,1,82,不差钱,开心,冷,一个人,随便,不吃辣,素食,195,清炒草头,家常炒菜,1,chosen,0.5146,0.5413,test,normal
104,晚餐,1,82,不差钱,开心,冷,一个人,随便,不吃辣,素食,195,清炒草头,家常炒菜,1,chosen,0.5146,0.5391,test,normal
104,晚餐,1,82,不差钱,开心,冷,一个人,随便,不吃辣,素食,195,清炒草头,家常炒菜,1,chosen,0.5146,0.5388,test,normal
104,晚餐,1,82,不差钱,开心,冷,一个人,随便,不吃辣,素食,194,油焖春笋,家常炒菜,0,considered,0.5068,0.5477,test,normal
104,晚餐,1,82,不差钱,开心,冷,一个人,随便,不吃辣,素食,183,香干炒芹菜,家常炒菜,0,considered,0.4812,0.4892,test,normal
105,晚餐,4,48,省着点,压力大,阴,家人,想健康,中辣,素食,575,紫苏煎黄瓜,湘菜,1,chosen,0.6869,0.6967,train,normal
105,晚餐,4,48,省着点,压力大,阴,家人,想健康,中辣,素食,575,紫苏煎黄瓜,湘菜,1,chosen,0.6869,0.666,train,normal
105,晚餐,4,48,省着点,压力大,阴,家人,想健康,中辣,素食,575,紫苏煎黄瓜,湘菜,1,chosen,0.6869,0.7044,train,normal
105,晚餐,4,48,省着点,压力大,阴,家人,想健康,中辣,素食,552,攸县香干,湘菜,0,considered,0.6784,0.6644,train,normal
105,晚餐,4,48,省着点,压力大,阴,家人,想健康,中辣,素食,573,糖油粑粑,湘菜,0,considered,0.6081,0.5977,train,normal
106,晚餐,3,24,正常,压力大,雨,朋友,想健康,中辣,,552,攸县香干,湘菜,1,chosen,0.7492,0.7651,train,normal
106,晚餐,3,24,正常,压力大,雨,朋友,想健康,中辣,,552,攸县香干,湘菜,1,chosen,0.7492,0.7296,train,normal
106,晚餐,3,24,正常,压力大,雨,朋友,想健康,中辣,,552,攸县香干,湘菜,1,chosen,0.7492,0.7568,train,normal
107,午餐,4,60,不差钱,一般,热,同事,不关心,不吃辣,,656,卤水拼盘,烧腊卤味,1,chosen,0.6022,0.6114,train,normal
107,午餐,4,60,不差钱,一般,热,同事,不关心,不吃辣,,656,卤水拼盘,烧腊卤味,1,chosen,0.6022,0.5782,train,normal
107,午餐,4,60,不差钱,一般,热,同事,不关心,不吃辣,,656,卤水拼盘,烧腊卤味,1,chosen,0.6022,0.6424,train,normal
108,午餐,3,84,不差钱,开心,雪,一个人,随便,微辣,素食,458,油焖笋,本帮江浙菜,1,chosen,0.6157,0.611,test,snow
108,午餐,3,84,不差钱,开心,雪,一个人,随便,微辣,素食,458,油焖笋,本帮江浙菜,1,chosen,0.6157,0.591,test,snow
108,午餐,3,84,不差钱,开心,雪,一个人,随便,微辣,素食,194,油焖春笋,家常炒菜,1,chosen,0.6142,0.5651,test,snow
109,早餐,2,34,正常,开心,晴,朋友,想健康,中辣,素食,807,衢州常山索面,长三角粉面,1,chosen,0.6457,0.669,val,normal
109,早餐,2,34,正常,开心,晴,朋友,想健康,中辣,素食,807,衢州常山索面,长三角粉面,1,chosen,0.6457,0.6447,val,normal
109,早餐,2,34,正常,开心,晴,朋友,想健康,中辣,素食,807,衢州常山索面,长三角粉面,1,chosen,0.6457,0.6775,val,normal
109,早餐,2,34,正常,开心,晴,朋友,想健康,中辣,素食,804,素鸡面,长三角粉面,0,considered,0.6191,0.6859,val,normal
109,早餐,2,34,正常,开心,晴,朋友,想健康,中辣,素食,793,常熟蕈油面,长三角粉面,0,considered,0.6191,0.6474,val,normal
110,夜宵,4,49,省着点,一般,晴,一个人,随便,中辣,海鲜,633,煎饼果子,烧烤小吃,1,chosen,0.5746,0.6194,train,normal
110,夜宵,4,49,省着点,一般,晴,一个人,随便,中辣,海鲜,633,煎饼果子,烧烤小吃,1,chosen,0.5746,0.6014,train,normal
110,夜宵,4,49,省着点,一般,晴,一个人,随便,中辣,海鲜,633,煎饼果子,烧烤小吃,1,chosen,0.5746,0.5587,train,normal
111,午餐,1,37,不差钱,疲惫,冷,约会,想健康,微辣,乳制品,378,姜葱炒蟹,广府家常菜,1,chosen,0.7195,0.7129,val,normal
111,午餐,1,37,不差钱,疲惫,冷,约会,想健康,微辣,乳制品,378,姜葱炒蟹,广府家常菜,1,chosen,0.7195,0.7004,val,normal
111,午餐,1,37,不差钱,疲惫,冷,约会,想健康,微辣,乳制品,378,姜葱炒蟹,广府家常菜,1,chosen,0.7195,0.6886,val,normal
112,午餐,4,45,想吃好点,压力大,阴,一个人,想健康,不吃辣,,681,滑鸡煲仔饭,煲仔饭碟头饭,1,chosen,0.596,0.6397,train,normal
112,午餐,4,45,想吃好点,压力大,阴,一个人,想健康,不吃辣,,680,海南鸡饭,煲仔饭碟头饭,1,chosen,0.6058,0.6439,train,normal
112,午餐,4,45,想吃好点,压力大,阴,一个人,想健康,不吃辣,,680,海南鸡饭,煲仔饭碟头饭,1,chosen,0.6058,0.5469,train,normal
113,晚餐,4,15,正常,压力大,晴,家人,不关心,中辣,,328,川味香肠炒饭,川菜,1,chosen,0.6552,0.6246,test,normal
113,晚餐,4,15,正常,压力大,晴,家人,不关心,中辣,,328,川味香肠炒饭,川菜,1,chosen,0.6552,0.6398,test,normal
113,晚餐,4,15,正常,压力大,晴,家人,不关心,中辣,,328,川味香肠炒饭,川菜,1,chosen,0.6552,0.6211,test,normal
114,晚餐,4,44,想吃好点,开心,晴,朋友,严格控制,不吃辣,,680,海南鸡饭,煲仔饭碟头饭,1,chosen,0.6618,0.6676,train,normal
114,晚餐,4,44,想吃好点,开心,晴,朋友,严格控制,不吃辣,,680,海南鸡饭,煲仔饭碟头饭,1,chosen,0.6618,0.6897,train,normal
114,晚餐,4,44,想吃好点,开心,晴,朋友,严格控制,不吃辣,,680,海南鸡饭,煲仔饭碟头饭,1,chosen,0.6618,0.6412,train,normal
114,晚餐,4,44,想吃好点,开心,晴,朋友,严格控制,不吃辣,,687,黄鳝煲仔饭,煲仔饭碟头饭,0,considered,0.6618,0.6822,train,normal
114,晚餐,4,44,想吃好点,开心,晴,朋友,严格控制,不吃辣,,681,滑鸡煲仔饭,煲仔饭碟头饭,0,considered,0.644,0.6065,train,normal
115,晚餐,2,52,想吃好点,一般,冷,朋友,随便,微辣,,162,干煸茧蛹,东北菜,1,chosen,0.6562,0.6781,train,normal
115,晚餐,2,52,想吃好点,一般,冷,朋友,随便,微辣,,511,黄山臭鳜鱼,本帮江浙菜,1,chosen,0.663,0.674,train,normal
115,晚餐,2,52,想吃好点,一般,冷,朋友,随便,微辣,,511,黄山臭鳜鱼,本帮江浙菜,1,chosen,0.663,0.626,train,normal
115,晚餐,2,52,想吃好点,一般,冷,朋友,随便,微辣,,483,红烧划水,本帮江浙菜,0,considered,0.6496,0.6292,train,normal
115,晚餐,2,52,想吃好点,一般,冷,朋友,随便,微辣,,504,红烧鮰鱼,本帮江浙菜,0,considered,0.6496,0.6833,train,normal
116,晚餐,3,83,省着点,一般,雨,家人,想健康,重辣,,310,麻婆豆腐(素),川菜,1,chosen,0.6969,0.7201,train,normal
116,晚餐,3,83,省着点,一般,雨,家人,想健康,重辣,,234,红油水饺,川菜,1,chosen,0.688,0.6878,train,normal
116,晚餐,3,83,省着点,一般,雨,家人,想健康,重辣,,575,紫苏煎黄瓜,湘菜,1,chosen,0.6899,0.7203,train,normal
117,下午加餐,5,53,正常,一般,晴,家人,不关心,微辣,素食,699,定胜糕,糖水甜品,1,chosen,0.5482,0.5775,train,normal
117,下午加餐,5,53,正常,一般,晴,家人,不关心,微辣,素食,699,定胜糕,糖水甜品,1,chosen,0.5482,0.5953,train,normal
117,下午加餐,5,53,正常,一般,晴,家人,不关心,微辣,素食,699,定胜糕,糖水甜品,1,chosen,0.5482,0.5468,train,normal
118,下午加餐,3,91,省着点,一般,晴,朋友,想健康,不吃辣,,688,双皮奶,糖水甜品,1,chosen,0.6387,0.6401,train,normal
118,下午加餐,3,91,省着点,一般,晴,朋友,想健康,不吃辣,,688,双皮奶,糖水甜品,1,chosen,0.6387,0.5948,train,normal
118,下午加餐,3,91,省着点,一般,晴,朋友,想健康,不吃辣,,688,双皮奶,糖水甜品,1,chosen,0.6387,0.6471,train,normal
119,午餐,2,35,想吃好点,一般,冷,一个人,想健康,不吃辣,素食,64,土豆炖茄子,东北菜,1,chosen,0.5629,0.6134,train,normal
119,午餐,2,35,想吃好点,一般,冷,一个人,想健康,不吃辣,素食,195,清炒草头,家常炒菜,1,chosen,0.5855,0.5889,train,normal
119,午餐,2,35,想吃好点,一般,冷,一个人,想健康,不吃辣,素食,195,清炒草头,家常炒菜,1,chosen,0.5855,0.5898,train,normal
119,午餐,2,35,想吃好点,一般,冷,一个人,想健康,不吃辣,素食,194,油焖春笋,家常炒菜,0,considered,0.5713,0.523,train,normal
119,午餐,2,35,想吃好点,一般,冷,一个人,想健康,不吃辣,素食,17,蒜蓉西兰花,家常炒菜,0,considered,0.546,0.5514,train,normal
120,午餐,4,44,正常,低落,雪,同事,随便,中辣,,786,南京皮肚面,长三角粉面,1,chosen,0.7188,0.7809,test,snow
120,午餐,4,44,正常,低落,雪,同事,随便,中辣,,786,南京皮肚面,长三角粉面,1,chosen,0.7188,0.7242,test,snow
120,午餐,4,44,正常,低落,雪,同事,随便,中辣,,786,南京皮肚面,长三角粉面,1,chosen,0.7188,0.6588,test,snow
121,午餐,3,34,想吃好点,压力大,晴,一个人,严格控制,中辣,,15,宫保鸡丁,家常炒菜,1,chosen,0.6165,0.6011,val,normal
121,午餐,3,34,想吃好点,压力大,晴,一个人,严格控制,中辣,,15,宫保鸡丁,家常炒菜,1,chosen,0.6165,0.6606,val,normal
121,午餐,3,34,想吃好点,压力大,晴,一个人,严格控制,中辣,,15,宫保鸡丁,家常炒菜,1,chosen,0.6165,0.681,val,normal
122,晚餐,2,52,省着点,低落,晴,朋友,随便,中辣,素食,523,长沙臭豆腐,湘菜,1,chosen,0.659,0.6374,train,normal
122,晚餐,2,52,省着点,低落,晴,朋友,随便,中辣,素食,523,长沙臭豆腐,湘菜,1,chosen,0.659,0.6658,train,normal
122,晚餐,2,52,省着点,低落,晴,朋友,随便,中辣,素食,523,长沙臭豆腐,湘菜,1,chosen,0.659,0.7036,train,normal
123,夜宵,4,64,不差钱,一般,阴,约会,不关心,不吃辣,,621,番茄火锅,火锅麻辣烫,1,chosen,0.6548,0.6118,train,normal
123,夜宵,4,64,不差钱,一般,阴,约会,不关心,不吃辣,,621,番茄火锅,火锅麻辣烫,1,chosen,0.6548,0.6303,train,normal
123,夜宵,4,64,不差钱,一般,阴,约会,不关心,不吃辣,,621,番茄火锅,火锅麻辣烫,1,chosen,0.6548,0.6523,train,normal
124,下午加餐,3,89,想吃好点,压力大,热,同事,不关心,微辣,,764,奶茶,轻食健康,1,chosen,0.6937,0.7568,val,normal
124,下午加餐,3,89,想吃好点,压力大,热,同事,不关心,微辣,,770,波奇饭,轻食健康,1,chosen,0.7059,0.7303,val,normal
124,下午加餐,3,89,想吃好点,压力大,热,同事,不关心,微辣,,770,波奇饭,轻食健康,1,chosen,0.7059,0.7032,val,normal
125,午餐,5,15,正常,疲惫,热,一个人,不关心,不吃辣,,9,炸酱面,长三角粉面,1,chosen,0.6111,0.6445,train,normal
125,午餐,5,15,正常,疲惫,热,一个人,不关心,不吃辣,,9,炸酱面,长三角粉面,1,chosen,0.6111,0.5569,train,normal
125,午餐,5,15,正常,疲惫,热,一个人,不关心,不吃辣,,9,炸酱面,长三角粉面,1,chosen,0.6111,0.6215,train,normal
125,午餐,5,15,正常,疲惫,热,一个人,不关心,不吃辣,,776,杭州片儿川,长三角粉面,0,considered,0.5673,0.5983,train,normal
125,午餐,5,15,正常,疲惫,热,一个人,不关心,不吃辣,,782,上海炒面,长三角粉面,0,considered,0.5591,0.5737,train,normal
126,午餐,2,15,正常,开心,阴,一个人,随便,中辣,素食,523,长沙臭豆腐,湘菜,1,chosen,0.5335,0.517,train,normal
126,午餐,2,15,正常,开心,阴,一个人,随便,中辣,素食,523,长沙臭豆腐,湘菜,1,chosen,0.5335,0.5307,train,normal
126,午餐,2,15,正常,开心,阴,一个人,随便,中辣,素食,523,长沙臭豆腐,湘菜,1,chosen,0.5335,0.5332,train,normal
127,早餐,5,71,不差钱,开心,晴,朋友,不关心,不吃辣,"海鲜,乳制品",444,叉烧酥,早餐粥点,1,chosen,0.5773,0.5999,train,normal
127,早餐,5,71,不差钱,开心,晴,朋友,不关心,不吃辣,"海鲜,乳制品",428,及第粥,早餐粥点,1,chosen,0.6005,0.6314,train,normal
127,早餐,5,71,不差钱,开心,晴,朋友,不关心,不吃辣,"海鲜,乳制品",428,及第粥,早餐粥点,1,chosen,0.6005,0.6025,train,normal
128,午餐,5,58,不差钱,开心,热,同事,随便,不吃辣,,656,卤水拼盘,烧腊卤味,1,chosen,0.6137,0.6495,train,normal
128,午餐,5,58,不差钱,开心,热,同事,随便,不吃辣,,656,卤水拼盘,烧腊卤味,1,chosen,0.6137,0.6207,train,normal
128,午餐,5,58,不差钱,开心,热,同事,随便,不吃辣,,656,卤水拼盘,烧腊卤味,1,chosen,0.6137,0.5928,train,normal
129,晚餐,4,52,想吃好点,疲惫,阴,约会,严格控制,中辣,,300,酸菜肥牛,川菜,1,chosen,0.7343,0.7274,train,normal
129,晚餐,4,52,想吃好点,疲惫,阴,约会,严格控制,中辣,,300,酸菜肥牛,川菜,1,chosen,0.7343,0.7106,train,normal
129,晚餐,4,52,想吃好点,疲惫,阴,约会,严格控制,中辣,,300,酸菜肥牛,川菜,1,chosen,0.7343,0.7612,train,normal
130,晚餐,3,28,想吃好点,一般,热,一个人,随便,中辣,,579,腊味萝卜干,湘菜,1,chosen,0.5659,0.6046,train,normal
130,晚餐,3,28,想吃好点,一般,热,一个人,随便,中辣,,579,腊味萝卜干,湘菜,1,chosen,0.5659,0.5439,train,normal
130,晚餐,3,28,想吃好点,一般,热,一个人,随便,中辣,,579,腊味萝卜干,湘菜,1,chosen,0.5659,0.5171,train,normal
130,晚餐,3,28,想吃好点,一般,热,一个人,随便,中辣,,533,卜豆角炒肉,湘菜,0,considered,0.5349,0.5421,train,normal
130,晚餐,3,28,想吃好点,一般,热,一个人,随便,中辣,,543,干豆角炒肉,湘菜,0,considered,0.5349,0.5044,train,normal
131,晚餐,3,69,不差钱,压力大,冷,朋友,想健康,中辣,,241,酸汤肥牛,川菜,1,chosen,0.7636,0.7536,train,normal
131,晚餐,3,69,不差钱,压力大,冷,朋友,想健康,中辣,,241,酸汤肥牛,川菜,1,chosen,0.7636,0.757,train,normal
131,晚餐,3,69,不差钱,压力大,冷,朋友,想健康,中辣,,241,酸汤肥牛,川菜,1,chosen,0.7636,0.8086,train,normal
131,晚餐,3,69,不差钱,压力大,冷,朋友,想健康,中辣,,298,酸汤鱼,川菜,0,considered,0.7636,0.7951,train,normal
131,晚餐,3,69,不差钱,压力大,冷,朋友,想健康,中辣,,300,酸菜肥牛,川菜,0,considered,0.7636,0.7818,train,normal
132,午餐,3,46,省着点,一般,冷,家人,随便,微辣,,191,干煸四季豆,家常炒菜,1,chosen,0.644,0.6491,train,normal
132,午餐,3,46,省着点,一般,冷,家人,随便,微辣,,191,干煸四季豆,家常炒菜,1,chosen,0.644,0.628,train,normal
132,午餐,3,46,省着点,一般,冷,家人,随便,微辣,,191,干煸四季豆,家常炒菜,1,chosen,0.644,0.5967,train,normal
133,午餐,3,51,正常,低落,热,约会,不关心,不吃辣,素食,658,卤水豆腐,烧腊卤味,1,chosen,0.6798,0.6361,train,normal
133,午餐,3,51,正常,低落,热,约会,不关心,不吃辣,素食,658,卤水豆腐,烧腊卤味,1,chosen,0.6798,0.6743,train,normal
133,午餐,3,51,正常,低落,热,约会,不关心,不吃辣,素食,658,卤水豆腐,烧腊卤味,1,chosen,0.6798,0.6672,train,normal
134,早餐,4,52,正常,开心,热,家人,严格控制,微辣,素食,793,常熟蕈油面,长三角粉面,1,chosen,0.6221,0.6146,train,normal
134,早餐,4,52,正常,开心,热,家人,严格控制,微辣,素食,793,常熟蕈油面,长三角粉面,1,chosen,0.6221,0.6145,train,normal
134,早餐,4,52,正常,开心,热,家人,严格控制,微辣,素食,804,素鸡面,长三角粉面,1,chosen,0.6221,0.6567,train,normal
134,早餐,4,52,正常,开心,热,家人,严格控制,微辣,素食,804,素鸡面,长三角粉面,0,considered,0.6221,0.6341,train,normal
134,早餐,4,52,正常,开心,热,家人,严格控制,微辣,素食,808,金华佛堂千张面,长三角粉面,0,considered,0.6221,0.6549,train,normal
135,下午加餐,4,79,省着点,疲惫,冷,家人,不关心,中辣,麸质,702,桂花糖芋艿,糖水甜品,1,chosen,0.6365,0.6327,train,normal
135,下午加餐,4,79,省着点,疲惫,冷,家人,不关心,中辣,麸质,702,桂花糖芋艿,糖水甜品,1,chosen,0.6365,0.606,train,normal
135,下午加餐,4,79,省着点,疲惫,冷,家人,不关心,中辣,麸质,708,花生糊,糖水甜品,1,chosen,0.626,0.5826,train,normal
136,晚餐,2,57,正常,疲惫,热,一个人,不关心,中辣,,579,腊味萝卜干,湘菜,1,chosen,0.6059,0.5754,train,normal
136,晚餐,2,57,正常,疲惫,热,一个人,不关心,中辣,,579,腊味萝卜干,湘菜,1,chosen,0.6059,0.5488,train,normal
136,晚餐,2,57,正常,疲惫,热,一个人,不关心,中辣,,659,卤水鸭掌,烧腊卤味,1,chosen,0.5933,0.5604,train,normal
137,晚餐,2,50,省着点,低落,晴,朋友,不关心,中辣,素食,523,长沙臭豆腐,湘菜,1,chosen,0.659,0.6741,train,normal
137,晚餐,2,50,省着点,低落,晴,朋友,不关心,中辣,素食,523,长沙臭豆腐,湘菜,1,chosen,0.659,0.6302,train,normal
137,晚餐,2,50,省着点,低落,晴,朋友,不关心,中辣,素食,523,长沙臭豆腐,湘菜,1,chosen,0.659,0.6205,train,normal
138,午餐,5,47,想吃好点,开心,阴,朋友,想健康,不吃辣,海鲜,680,海南鸡饭,煲仔饭碟头饭,1,chosen,0.6594,0.631,val,normal
138,午餐,5,47,想吃好点,开心,阴,朋友,想健康,不吃辣,海鲜,680,海南鸡饭,煲仔饭碟头饭,1,chosen,0.6594,0.655,val,normal
138,午餐,5,47,想吃好点,开心,阴,朋友,想健康,不吃辣,海鲜,680,海南鸡饭,煲仔饭碟头饭,1,chosen,0.6594,0.6736,val,normal
139,早餐,2,15,省着点,压力大,热,家人,想健康,中辣,,439,菜肉大馄饨,早餐粥点,1,chosen,0.7191,0.7153,train,normal
139,早餐,2,15,省着点,压力大,热,家人,想健康,中辣,,439,菜肉大馄饨,早餐粥点,1,chosen,0.7191,0.7438,train,normal
139,早餐,2,15,省着点,压力大,热,家人,想健康,中辣,,439,菜肉大馄饨,早餐粥点,1,chosen,0.7191,0.7392,train,normal
140,早餐,3,60,正常,低落,晴,同事,不关心,重辣,素食,807,衢州常山索面,长三角粉面,1,chosen,0.6021,0.5855,train,normal
140,早餐,3,60,正常,低落,晴,同事,不关心,重辣,素食,807,衢州常山索面,长三角粉面,1,chosen,0.6021,0.5979,train,normal
140,早餐,3,60,正常,低落,晴,同事,不关心,重辣,素食,807,衢州常山索面,长三角粉面,1,chosen,0.6021,0.6117,train,normal
141,午餐,1,33,正常,一般,热,一个人,不关心,不吃辣,,648,卤水鸡翅,烧腊卤味,1,chosen,0.5321,0.5505,val,normal
141,午餐,1,33,正常,一般,热,一个人,不关心,不吃辣,,648,卤水鸡翅,烧腊卤味,1,chosen,0.5321,0.5362,val,normal
141,午餐,1,33,正常,一般,热,一个人,不关心,不吃辣,,659,卤水鸭掌,烧腊卤味,1,chosen,0.5044,0.4861,val,normal
142,夜宵,5,106,正常,压力大,雪,家人,不关心,不吃辣,麸质,399,潮汕牛肉丸粉,广式粥粉面,1,chosen,0.7694,0.777,test,snow
142,夜宵,5,106,正常,压力大,雪,家人,不关心,不吃辣,麸质,399,潮汕牛肉丸粉,广式粥粉面,1,chosen,0.7694,0.7946,test,snow
142,夜宵,5,106,正常,压力大,雪,家人,不关心,不吃辣,麸质,399,潮汕牛肉丸粉,广式粥粉面,1,chosen,0.7694,0.7647,test,snow
143,早餐,3,15,省着点,开心,阴,朋友,不关心,重辣,,448,扬州三丁包,早餐粥点,1,chosen,0.6314,0.5282,train,normal
143,早餐,3,15,省着点,开心,阴,朋友,不关心,重辣,,453,虾籽馄饨面,早餐粥点,1,chosen,0.6314,0.5693,train,normal
143,早餐,3,15,省着点,开心,阴,朋友,不关心,重辣,,448,扬州三丁包,早餐粥点,1,chosen,0.6314,0.6502,train,normal
143,早餐,3,15,省着点,开心,阴,朋友,不关心,重辣,,439,菜肉大馄饨,早餐粥点,0,considered,0.6314,0.6397,train,normal
143,早餐,3,15,省着点,开心,阴,朋友,不关心,重辣,,453,虾籽馄饨面,早餐粥点,0,considered,0.6314,0.5339,train,normal
144,午餐,4,64,正常,一般,晴,一个人,随便,中辣,素食,523,长沙臭豆腐,湘菜,1,chosen,0.522,0.5536,train,normal
144,午餐,4,64,正常,一般,晴,一个人,随便,中辣,素食,575,紫苏煎黄瓜,湘菜,1,chosen,0.5269,0.5935,train,normal
144,午餐,4,64,正常,一般,晴,一个人,随便,中辣,素食,575,紫苏煎黄瓜,湘菜,1,chosen,0.5269,0.4993,train,normal
145,午餐,3,27,正常,开心,晴,家人,想健康,不吃辣,,348,豉汁蒸排骨,广府家常菜,1,chosen,0.6489,0.6778,test,normal
145,午餐,3,27,正常,开心,晴,家人,想健康,不吃辣,,153,锅塌豆腐,东北菜,1,chosen,0.6452,0.7077,test,normal
145,午餐,3,27,正常,开心,晴,家人,想健康,不吃辣,,348,豉汁蒸排骨,广府家常菜,1,chosen,0.6489,0.7303,test,normal
146,晚餐,3,56,省着点,一般,晴,同事,想健康,不吃辣,麸质,195,清炒草头,家常炒菜,1,chosen,0.5845,0.5926,train,normal
146,晚餐,3,56,省着点,一般,晴,同事,想健康,不吃辣,麸质,195,清炒草头,家常炒菜,1,chosen,0.5845,0.5724,train,normal
146,晚餐,3,56,省着点,一般,晴,同事,想健康,不吃辣,麸质,195,清炒草头,家常炒菜,1,chosen,0.5845,0.5639,train,normal
147,晚餐,4,61,正常,一般,冷,一个人,想健康,不吃辣,乳制品,347,菜心炒牛肉,广府家常菜,1,chosen,0.5984,0.5837,val,normal
147,晚餐,4,61,正常,一般,冷,一个人,想健康,不吃辣,乳制品,347,菜心炒牛肉,广府家常菜,1,chosen,0.5984,0.6681,val,normal
147,晚餐,4,61,正常,一般,冷,一个人,想健康,不吃辣,乳制品,347,菜心炒牛肉,广府家常菜,1,chosen,0.5984,0.6156,val,normal
148,午餐,2,31,正常,开心,热,一个人,不关心,中辣,素食,658,卤水豆腐,烧腊卤味,1,chosen,0.5571,0.5531,train,normal
148,午餐,2,31,正常,开心,热,一个人,不关心,中辣,素食,658,卤水豆腐,烧腊卤味,1,chosen,0.5571,0.521,train,normal
148,午餐,2,31,正常,开心,热,一个人,不关心,中辣,素食,211,夫妻肺片,川菜,1,chosen,0.5337,0.5199,train,normal
148,午餐,2,31,正常,开心,热,一个人,不关心,中辣,素食,657,卤水掌翼,烧腊卤味,0,considered,0.0,0.0,train,normal
148,午餐,2,31,正常,开心,热,一个人,不关心,中辣,素食,656,卤水拼盘,烧腊卤味,0,considered,0.0,0.0496,train,normal
149,下午加餐,5,46,省着点,一般,雪,约会,不关心,不吃辣,海鲜,702,桂花糖芋艿,糖水甜品,1,chosen,0.6751,0.6231,test,snow
149,下午加餐,5,46,省着点,一般,雪,约会,不关心,不吃辣,海鲜,702,桂花糖芋艿,糖水甜品,1,chosen,0.6751,0.6976,test,snow
149,下午加餐,5,46,省着点,一般,雪,约会,不关心,不吃辣,海鲜,702,桂花糖芋艿,糖水甜品,1,chosen,0.6751,0.6806,test,snow
150,午餐,3,19,正常,开心,雨,同事,不关心,微辣,,6,兰州牛肉面,长三角粉面,1,chosen,0.6208,0.5826,train,normal
150,午餐,3,19,正常,开心,雨,同事,不关心,微辣,,6,兰州牛肉面,长三角粉面,1,chosen,0.6208,0.6416,train,normal
150,午餐,3,19,正常,开心,雨,同事,不关心,微辣,,6,兰州牛肉面,长三角粉面,1,chosen,0.6208,0.64,train,normal
150,午餐,3,19,正常,开心,雨,同事,不关心,微辣,,774,上海辣肉面,长三角粉面,0,considered,0.6208,0.5692,train,normal
150,午餐,3,19,正常,开心,雨,同事,不关心,微辣,,787,南京老卤面,长三角粉面,0,considered,0.6208,0.6891,train,normal
151,晚餐,3,58,正常,兴奋,阴,家人,随便,重辣,,529,剁椒蒸排骨,湘菜,1,chosen,0.6407,0.6707,train,normal
151,晚餐,3,58,正常,兴奋,阴,家人,随便,重辣,,529,剁椒蒸排骨,湘菜,1,chosen,0.6407,0.6909,train,normal
151,晚餐,3,58,正常,兴奋,阴,家人,随便,重辣,,529,剁椒蒸排骨,湘菜,1,chosen,0.6407,0.6232,train,normal
151,晚餐,3,58,正常,兴奋,阴,家人,随便,重辣,,592,酸辣肚丝,湘菜,0,considered,0.6344,0.6756,train,normal
151,晚餐,3,58,正常,兴奋,阴,家人,随便,重辣,,593,酸辣鸡杂,湘菜,0,considered,0.631,0.6276,train,normal
152,晚餐,5,15,想吃好点,一般,冷,朋友,严格控制,不吃辣,素食,195,清炒草头,家常炒菜,1,chosen,0.6517,0.665,val,normal
152,晚餐,5,15,想吃好点,一般,冷,朋友,严格控制,不吃辣,素食,195,清炒草头,家常炒菜,1,chosen,0.6517,0.6973,val,normal
152,晚餐,5,15,想吃好点,一般,冷,朋友,严格控制,不吃辣,素食,195,清炒草头,家常炒菜,1,chosen,0.6517,0.6548,val,normal
152,晚餐,5,15,想吃好点,一般,冷,朋友,严格控制,不吃辣,素食,194,油焖春笋,家常炒菜,0,considered,0.645,0.592,val,normal
152,晚餐,5,15,想吃好点,一般,冷,朋友,严格控制,不吃辣,素食,17,蒜蓉西兰花,家常炒菜,0,considered,0.5708,0.5334,val,normal
153,早餐,4,32,省着点,疲惫,冷,约会,想健康,不吃辣,,439,菜肉大馄饨,早餐粥点,1,chosen,0.7459,0.6932,val,normal
153,早餐,4,32,省着点,疲惫,冷,约会,想健康,不吃辣,,439,菜肉大馄饨,早餐粥点,1,chosen,0.7459,0.6994,val,normal
153,早餐,4,32,省着点,疲惫,冷,约会,想健康,不吃辣,,439,菜肉大馄饨,早餐粥点,1,chosen,0.7459,0.7559,val,normal
154,夜宵,5,62,想吃好点,疲惫,雨,一个人,不关心,中辣,,627,炒年糕,烧烤小吃,1,chosen,0.6647,0.7291,test,normal
154,夜宵,5,62,想吃好点,疲惫,雨,一个人,不关心,中辣,,627,炒年糕,烧烤小吃,1,chosen,0.6647,0.6732,test,normal
154,夜宵,5,62,想吃好点,疲惫,雨,一个人,不关心,中辣,,627,炒年糕,烧烤小吃,1,chosen,0.6647,0.6568,test,normal
154,夜宵,5,62,想吃好点,疲惫,雨,一个人,不关心,中辣,,636,鸡蛋灌饼,烧烤小吃,0,considered,0.6533,0.6562,test,normal
154,夜宵,5,62,想吃好点,疲惫,雨,一个人,不关心,中辣,,633,煎饼果子,烧烤小吃,0,considered,0.6533,0.6243,test,normal
155,晚餐,3,63,正常,压力大,晴,约会,随便,不吃辣,,64,土豆炖茄子,东北菜,1,chosen,0.6733,0.6758,train,normal
155,晚餐,3,63,正常,压力大,晴,约会,随便,不吃辣,,159,东北乱炖(素),东北菜,1,chosen,0.6733,0.7257,train,normal
155,晚餐,3,63,正常,压力大,晴,约会,随便,不吃辣,,64,土豆炖茄子,东北菜,1,chosen,0.6733,0.6528,train,normal
155,晚餐,3,63,正常,压力大,晴,约会,随便,不吃辣,,152,锅出溜,东北菜,0,considered,0.6733,0.6689,train,normal
155,晚餐,3,63,正常,压力大,晴,约会,随便,不吃辣,,159,东北乱炖(素),东北菜,0,considered,0.6733,0.6966,train,normal
156,午餐,4,55,正常,兴奋,热,同事,严格控制,重辣,"海鲜,乳制品",60,东北饭包,东北菜,1,chosen,0.6398,0.6121,test,normal
156,午餐,4,55,正常,兴奋,热,同事,严格控制,重辣,"海鲜,乳制品",60,东北饭包,东北菜,1,chosen,0.6398,0.65,test,normal
156,午餐,4,55,正常,兴奋,热,同事,严格控制,重辣,"海鲜,乳制品",60,东北饭包,东北菜,1,chosen,0.6398,0.6352,test,normal
157,夜宵,5,24,想吃好点,开心,冷,约会,不关心,微辣,"海鲜,乳制品",627,炒年糕,烧烤小吃,1,chosen,0.7252,0.666,train,normal
157,夜宵,5,24,想吃好点,开心,冷,约会,不关心,微辣,"海鲜,乳制品",627,炒年糕,烧烤小吃,1,chosen,0.7252,0.7351,train,normal
157,夜宵,5,24,想吃好点,开心,冷,约会,不关心,微辣,"海鲜,乳制品",627,炒年糕,烧烤小吃,1,chosen,0.7252,0.7252,train,normal
158,午餐,2,15,想吃好点,压力大,雨,同事,随便,微辣,,366,豉椒炒花甲,广府家常菜,1,chosen,0.6435,0.6577,train,normal
158,午餐,2,15,想吃好点,压力大,雨,同事,随便,微辣,,366,豉椒炒花甲,广府家常菜,1,chosen,0.6435,0.6584,train,normal
158,午餐,2,15,想吃好点,压力大,雨,同事,随便,微辣,,366,豉椒炒花甲,广府家常菜,1,chosen,0.6435,0.6005,train,normal
159,午餐,2,80,想吃好点,低落,雨,家人,随便,微辣,,162,干煸茧蛹,东北菜,1,chosen,0.6796,0.7311,train,normal
159,午餐,2,80,想吃好点,低落,雨,家人,随便,微辣,,162,干煸茧蛹,东北菜,1,chosen,0.6796,0.6672,train,normal
159,午餐,2,80,想吃好点,低落,雨,家人,随便,微辣,,162,干煸茧蛹,东北菜,1,chosen,0.6796,0.6485,train,normal
160,早餐,1,56,不差钱,兴奋,晴,同事,不关心,中辣,,445,咖喱牛肉汤,早餐粥点,1,chosen,0.6008,0.6346,train,normal
160,早餐,1,56,不差钱,兴奋,晴,同事,不关心,中辣,,445,咖喱牛肉汤,早餐粥点,1,chosen,0.6008,0.6073,train,normal
160,早餐,1,56,不差钱,兴奋,晴,同事,不关心,中辣,,445,咖喱牛肉汤,早餐粥点,1,chosen,0.6008,0.6723,train,normal
160,早餐,1,56,不差钱,兴奋,晴,同事,不关心,中辣,,441,鲜肉小馄饨,早餐粥点,0,considered,0.5935,0.6025,train,normal
160,早餐,1,56,不差钱,兴奋,晴,同事,不关心,中辣,,46,燕麦牛奶粥,早餐粥点,0,considered,0.5921,0.5772,train,normal
161,晚餐,3,45,正常,兴奋,冷,同事,不关心,微辣,,651,牛杂,烧腊卤味,1,chosen,0.622,0.6376,train,normal
161,晚餐,3,45,正常,兴奋,冷,同事,不关心,微辣,,651,牛杂,烧腊卤味,1,chosen,0.622,0.6625,train,normal
161,晚餐,3,45,正常,兴奋,冷,同事,不关心,微辣,,651,牛杂,烧腊卤味,1,chosen,0.622,0.6463,train,normal
161,晚餐,3,45,正常,兴奋,冷,同事,不关心,微辣,,665,金钱肚,烧腊卤味,0,considered,0.6111,0.569,train,normal
161,晚餐,3,45,正常,兴奋,冷,同事,不关心,微辣,,663,烧乳鸽,烧腊卤味,0,considered,0.5841,0.52,train,normal
162,午餐,4,91,正常,一般,冷,朋友,随便,中辣,乳制品,557,浏阳蒸菜,湘菜,1,chosen,0.68,0.6828,train,normal
162,午餐,4,91,正常,一般,冷,朋友,随便,中辣,乳制品,275,川味香肠(蒸),川菜,1,chosen,0.68,0.6248,train,normal
162,午餐,4,91,正常,一般,冷,朋友,随便,中辣,乳制品,275,川味香肠(蒸),川菜,1,chosen,0.68,0.6794,train,normal
163,午餐,2,82,想吃好点,一般,热,一个人,严格控制,微辣,,480,符离集烧鸡,本帮江浙菜,1,chosen,0.583,0.5886,train,normal
163,午餐,2,82,想吃好点,一般,热,一个人,严格控制,微辣,,480,符离集烧鸡,本帮江浙菜,1,chosen,0.583,0.5363,train,normal
163,午餐,2,82,想吃好点,一般,热,一个人,严格控制,微辣,,480,符离集烧鸡,本帮江浙菜,1,chosen,0.583,0.5895,train,normal
163,午餐,2,82,想吃好点,一般,热,一个人,严格控制,微辣,,459,白斩鸡,本帮江浙菜,0,considered,0.5728,0.5523,train,normal
163,午餐,2,82,想吃好点,一般,热,一个人,严格控制,微辣,,486,苏州卤鸭,本帮江浙菜,0,considered,0.5694,0.6001,train,normal
164,午餐,1,26,正常,一般,冷,一个人,不关心,不吃辣,,348,豉汁蒸排骨,广府家常菜,1,chosen,0.5321,0.5665,train,normal
164,午餐,1,26,正常,一般,冷,一个人,不关心,不吃辣,,348,豉汁蒸排骨,广府家常菜,1,chosen,0.5321,0.5226,train,normal
164,午餐,1,26,正常,一般,冷,一个人,不关心,不吃辣,,348,豉汁蒸排骨,广府家常菜,1,chosen,0.5321,0.4881,train,normal
165,午餐,3,56,不差钱,疲惫,阴,同事,随便,微辣,,811,鳝丝面,长三角粉面,1,chosen,0.5936,0.6162,train,normal
165,午餐,3,56,不差钱,疲惫,阴,同事,随便,微辣,,811,鳝丝面,长三角粉面,1,chosen,0.5936,0.6191,train,normal
165,午餐,3,56,不差钱,疲惫,阴,同事,随便,微辣,,811,鳝丝面,长三角粉面,1,chosen,0.5936,0.6279,train,normal
166,午餐,4,41,不差钱,一般,晴,朋友,不关心,微辣,素食,371,鱼香茄子煲,广府家常菜,1,chosen,0.5923,0.5613,train,normal
166,午餐,4,41,不差钱,一般,晴,朋友,不关心,微辣,素食,371,鱼香茄子煲,广府家常菜,1,chosen,0.5923,0.5447,train,normal
166,午餐,4,41,不差钱,一般,晴,朋友,不关心,微辣,素食,371,鱼香茄子煲,广府家常菜,1,chosen,0.5923,0.5411,train,normal
167,午餐,5,75,省着点,兴奋,晴,约会,随便,不吃辣,素食,124,拔丝苹果,东北菜,1,chosen,0.6232,0.6078,train,normal
167,午餐,5,75,省着点,兴奋,晴,约会,随便,不吃辣,素食,124,拔丝苹果,东北菜,1,chosen,0.6232,0.6224,train,normal
167,午餐,5,75,省着点,兴奋,晴,约会,随便,不吃辣,素食,124,拔丝苹果,东北菜,1,chosen,0.6232,0.6005,train,normal
168,晚餐,5,56,正常,压力大,冷,一个人,想健康,中辣,,11,云南小锅米线,长三角粉面,1,chosen,0.6586,0.6557,val,normal
168,晚餐,5,56,正常,压力大,冷,一个人,想健康,中辣,,11,云南小锅米线,长三角粉面,1,chosen,0.6586,0.6986,val,normal
168,晚餐,5,56,正常,压力大,冷,一个人,想健康,中辣,,15,宫保鸡丁,家常炒菜,1,chosen,0.6586,0.6727,val,normal
168,晚餐,5,56,正常,压力大,冷,一个人,想健康,中辣,,6,兰州牛肉面,长三角粉面,0,considered,0.6507,0.6718,val,normal
168,晚餐,5,56,正常,压力大,冷,一个人,想健康,中辣,,786,南京皮肚面,长三角粉面,0,considered,0.6488,0.6799,val,normal
169,晚餐,4,18,想吃好点,低落,阴,朋友,不关心,微辣,,366,豉椒炒花甲,广府家常菜,1,chosen,0.6346,0.663,train,normal
169,晚餐,4,18,想吃好点,低落,阴,朋友,不关心,微辣,,366,豉椒炒花甲,广府家常菜,1,chosen,0.6346,0.6941,train,normal
169,晚餐,4,18,想吃好点,低落,阴,朋友,不关心,微辣,,366,豉椒炒花甲,广府家常菜,1,chosen,0.6346,0.6548,train,normal
170,晚餐,4,88,正常,压力大,雨,家人,想健康,重辣,,13,麻婆豆腐,家常炒菜,1,chosen,0.7558,0.717,val,normal
170,晚餐,4,88,正常,压力大,雨,家人,想健康,重辣,,13,麻婆豆腐,家常炒菜,1,chosen,0.7558,0.7557,val,normal
170,晚餐,4,88,正常,压力大,雨,家人,想健康,重辣,,13,麻婆豆腐,家常炒菜,1,chosen,0.7558,0.77,val,normal
170,晚餐,4,88,正常,压力大,雨,家人,想健康,重辣,,15,宫保鸡丁,家常炒菜,0,considered,0.7484,0.7266,val,normal
170,晚餐,4,88,正常,压力大,雨,家人,想健康,重辣,,184,鱼香肉丝,家常炒菜,0,considered,0.7286,0.6977,val,normal
171,晚餐,4,20,省着点,一般,热,朋友,想健康,不吃辣,,173,毛豆炒肉丝,家常炒菜,1,chosen,0.626,0.62,train,normal
171,晚餐,4,20,省着点,一般,热,朋友,想健康,不吃辣,,9,炸酱面,长三角粉面,1,chosen,0.664,0.6442,train,normal
171,晚餐,4,20,省着点,一般,热,朋友,想健康,不吃辣,,9,炸酱面,长三角粉面,1,chosen,0.664,0.681,train,normal
172,午餐,4,34,正常,一般,晴,一个人,不关心,中辣,乳制品,596,香干炒腊肉,湘菜,1,chosen,0.5269,0.5523,train,normal
172,午餐,4,34,正常,一般,晴,一个人,不关心,中辣,乳制品,596,香干炒腊肉,湘菜,1,chosen,0.5269,0.4871,train,normal
172,午餐,4,34,正常,一般,晴,一个人,不关心,中辣,乳制品,596,香干炒腊肉,湘菜,1,chosen,0.5269,0.4954,train,normal
173,晚餐,2,84,省着点,疲惫,阴,家人,随便,微辣,,658,卤水豆腐,烧腊卤味,1,chosen,0.636,0.6199,val,normal
173,晚餐,2,84,省着点,疲惫,阴,家人,随便,微辣,,658,卤水豆腐,烧腊卤味,1,chosen,0.636,0.6418,val,normal
173,晚餐,2,84,省着点,疲惫,阴,家人,随便,微辣,,658,卤水豆腐,烧腊卤味,1,chosen,0.636,0.578,val,normal
173,晚餐,2,84,省着点,疲惫,阴,家人,随便,微辣,,648,卤水鸡翅,烧腊卤味,0,considered,0.6191,0.6519,val,normal
173,晚餐,2,84,省着点,疲惫,阴,家人,随便,微辣,,659,卤水鸭掌,烧腊卤味,0,considered,0.6115,0.606,val,normal
174,早餐,1,29,想吃好点,疲惫,晴,同事,随便,不吃辣,,427,南翔小笼包,早餐粥点,1,chosen,0.6323,0.6577,train,normal
174,早餐,1,29,想吃好点,疲惫,晴,同事,随便,不吃辣,,417,虾饺,早茶点心,1,chosen,0.637,0.6431,train,normal
174,早餐,1,29,想吃好点,疲惫,晴,同事,随便,不吃辣,,417,虾饺,早茶点心,1,chosen,0.637,0.611,train,normal
175,早餐,4,27,正常,开心,冷,朋友,随便,中辣,素食,804,素鸡面,长三角粉面,1,chosen,0.5911,0.5577,val,normal
175,早餐,4,27,正常,开心,冷,朋友,随便,中辣,素食,807,衢州常山索面,长三角粉面,1,chosen,0.6177,0.6077,val,normal
175,早餐,4,27,正常,开心,冷,朋友,随便,中辣,素食,807,衢州常山索面,长三角粉面,1,chosen,0.6177,0.652,val,normal
175,早餐,4,27,正常,开心,冷,朋友,随便,中辣,素食,793,常熟蕈油面,长三角粉面,0,considered,0.5911,0.5635,val,normal
175,早餐,4,27,正常,开心,冷,朋友,随便,中辣,素食,804,素鸡面,长三角粉面,0,considered,0.5911,0.6222,val,normal
176,晚餐,3,41,正常,疲惫,雪,朋友,不关心,中辣,,557,浏阳蒸菜,湘菜,1,chosen,0.7911,0.7627,test,snow
176,晚餐,3,41,正常,疲惫,雪,朋友,不关心,中辣,,557,浏阳蒸菜,湘菜,1,chosen,0.7911,0.7836,test,snow
176,晚餐,3,41,正常,疲惫,雪,朋友,不关心,中辣,,557,浏阳蒸菜,湘菜,1,chosen,0.7911,0.7872,test,snow
176,晚餐,3,41,正常,疲惫,雪,朋友,不关心,中辣,,533,卜豆角炒肉,湘菜,0,considered,0.7843,0.7801,test,snow
176,晚餐,3,41,正常,疲惫,雪,朋友,不关心,中辣,,543,干豆角炒肉,湘菜,0,considered,0.7843,0.7962,test,snow
177,午餐,3,104,省着点,疲惫,雨,家人,想健康,不吃辣,素食,658,卤水豆腐,烧腊卤味,1,chosen,0.7228,0.7249,train,normal
177,午餐,3,104,省着点,疲惫,雨,家人,想健康,不吃辣,素食,658,卤水豆腐,烧腊卤味,1,chosen,0.7228,0.6914,train,normal
177,午餐,3,104,省着点,疲惫,雨,家人,想健康,不吃辣,素食,658,卤水豆腐,烧腊卤味,1,chosen,0.7228,0.7586,train,normal
177,午餐,3,104,省着点,疲惫,雨,家人,想健康,不吃辣,素食,657,卤水掌翼,烧腊卤味,0,considered,0.0,0.0,train,normal
177,午餐,3,104,省着点,疲惫,雨,家人,想健康,不吃辣,素食,656,卤水拼盘,烧腊卤味,0,considered,0.0,0.0,train,normal
178,晚餐,5,15,正常,压力大,雨,家人,想健康,微辣,海鲜,6,兰州牛肉面,长三角粉面,1,chosen,0.7264,0.7331,val,normal
178,晚餐,5,15,正常,压力大,雨,家人,想健康,微辣,海鲜,6,兰州牛肉面,长三角粉面,1,chosen,0.7264,0.7954,val,normal
178,晚餐,5,15,正常,压力大,雨,家人,想健康,微辣,海鲜,6,兰州牛肉面,长三角粉面,1,chosen,0.7264,0.7204,val,normal
179,午餐,5,40,想吃好点,一般,热,同事,随便,微辣,素食,658,卤水豆腐,烧腊卤味,1,chosen,0.5826,0.5363,train,normal
179,午餐,5,40,想吃好点,一般,热,同事,随便,微辣,素食,658,卤水豆腐,烧腊卤味,1,chosen,0.5826,0.5927,train,normal
179,午餐,5,40,想吃好点,一般,热,同事,随便,微辣,素食,658,卤水豆腐,烧腊卤味,1,chosen,0.5826,0.5457,train,normal
180,午餐,3,51,省着点,疲惫,冷,朋友,严格控制,中辣,"海鲜,乳制品",11,云南小锅米线,长三角粉面,1,chosen,0.7535,0.794,train,normal
180,午餐,3,51,省着点,疲惫,冷,朋友,严格控制,中辣,"海鲜,乳制品",11,云南小锅米线,长三角粉面,1,chosen,0.7535,0.7091,train,normal
180,午餐,3,51,省着点,疲惫,冷,朋友,严格控制,中辣,"海鲜,乳制品",11,云南小锅米线,长三角粉面,1,chosen,0.7535,0.7267,train,normal
180,午餐,3,51,省着点,疲惫,冷,朋友,严格控制,中辣,"海鲜,乳制品",786,南京皮肚面,长三角粉面,0,considered,0.7411,0.7024,train,normal
180,午餐,3,51,省着点,疲惫,冷,朋友,严格控制,中辣,"海鲜,乳制品",6,兰州牛肉面,长三角粉面,0,considered,0.7374,0.7357,train,normal
181,午餐,5,51,正常,疲惫,冷,一个人,想健康,中辣,,11,云南小锅米线,长三角粉面,1,chosen,0.6623,0.6846,train,normal
181,午餐,5,51,正常,疲惫,冷,一个人,想健康,中辣,,11,云南小锅米线,长三角粉面,1,chosen,0.6623,0.6313,train,normal
181,午餐,5,51,正常,疲惫,冷,一个人,想健康,中辣,,11,云南小锅米线,长三角粉面,1,chosen,0.6623,0.7132,train,normal
181,午餐,5,51,正常,疲惫,冷,一个人,想健康,中辣,,6,兰州牛肉面,长三角粉面,0,considered,0.6544,0.6355,train,normal
181,午餐,5,51,正常,疲惫,冷,一个人,想健康,中辣,,786,南京皮肚面,长三角粉面,0,considered,0.6525,0.6523,train,normal
182,午餐,5,94,想吃好点,疲惫,热,一个人,严格控制,重辣,,524,香辣鱼块,湘菜,1,chosen,0.6325,0.6539,val,normal
182,午餐,5,94,想吃好点,疲惫,热,一个人,严格控制,重辣,,524,香辣鱼块,湘菜,1,chosen,0.6325,0.6187,val,normal
182,午餐,5,94,想吃好点,疲惫,热,一个人,严格控制,重辣,,524,香辣鱼块,湘菜,1,chosen,0.6325,0.5967,val,normal
183,午餐,5,44,省着点,压力大,晴,家人,随便,不吃辣,,668,咸肉菜饭,煲仔饭碟头饭,1,chosen,0.6607,0.63,train,normal
183,午餐,5,44,省着点,压力大,晴,家人,随便,不吃辣,,668,咸肉菜饭,煲仔饭碟头饭,1,chosen,0.6607,0.6115,train,normal
183,午餐,5,44,省着点,压力大,晴,家人,随便,不吃辣,,668,咸肉菜饭,煲仔饭碟头饭,1,chosen,0.6607,0.6526,train,normal
184,晚餐,3,27,正常,开心,冷,约会,不关心,中辣,,543,干豆角炒肉,湘菜,1,chosen,0.6975,0.7505,val,normal
184,晚餐,3,27,正常,开心,冷,约会,不关心,中辣,,249,鱼香肉丝(川),川菜,1,chosen,0.6948,0.7884,val,normal
184,晚餐,3,27,正常,开心,冷,约会,不关心,中辣,,543,干豆角炒肉,湘菜,1,chosen,0.6975,0.6886,val,normal
185,晚餐,4,69,想吃好点,一般,雨,一个人,想健康,不吃辣,"海鲜,乳制品",353,姜葱炒牛肉,广府家常菜,1,chosen,0.5976,0.6408,train,normal
185,晚餐,4,69,想吃好点,一般,雨,一个人,想健康,不吃辣,"海鲜,乳制品",353,姜葱炒牛肉,广府家常菜,1,chosen,0.5976,0.6522,train,normal
185,晚餐,4,69,想吃好点,一般,雨,一个人,想健康,不吃辣,"海鲜,乳制品",353,姜葱炒牛肉,广府家常菜,1,chosen,0.5976,0.5777,train,normal
186,晚餐,4,15,省着点,一般,雪,一个人,严格控制,不吃辣,乳制品,173,毛豆炒肉丝,家常炒菜,1,chosen,0.6625,0.71,test,snow
186,晚餐,4,15,省着点,一般,雪,一个人,严格控制,不吃辣,乳制品,173,毛豆炒肉丝,家常炒菜,1,chosen,0.6625,0.658,test,snow
186,晚餐,4,15,省着点,一般,雪,一个人,严格控制,不吃辣,乳制品,173,毛豆炒肉丝,家常炒菜,1,chosen,0.6625,0.6491,test,snow
187,夜宵,1,53,不差钱,开心,热,一个人,不关心,不吃辣,,609,椰子鸡火锅,火锅麻辣烫,1,chosen,0.5527,0.5411,train,normal
187,夜宵,1,53,不差钱,开心,热,一个人,不关心,不吃辣,,609,椰子鸡火锅,火锅麻辣烫,1,chosen,0.5527,0.5797,train,normal
187,夜宵,1,53,不差钱,开心,热,一个人,不关心,不吃辣,,609,椰子鸡火锅,火锅麻辣烫,1,chosen,0.5527,0.591,train,normal
188,午餐,5,31,正常,兴奋,雨,朋友,想健康,中辣,,15,宫保鸡丁,家常炒菜,1,chosen,0.7229,0.7392,train,normal
188,午餐,5,31,正常,兴奋,雨,朋友,想健康,中辣,,15,宫保鸡丁,家常炒菜,1,chosen,0.7229,0.7573,train,normal
188,午餐,5,31,正常,兴奋,雨,朋友,想健康,中辣,,15,宫保鸡丁,家常炒菜,1,chosen,0.7229,0.7273,train,normal
189,夜宵,5,56,正常,一般,雪,同事,不关心,中辣,"海鲜,乳制品",627,炒年糕,烧烤小吃,1,chosen,0.7323,0.6501,test,snow
189,夜宵,5,56,正常,一般,雪,同事,不关心,中辣,"海鲜,乳制品",627,炒年糕,烧烤小吃,1,chosen,0.7323,0.7275,test,snow
189,夜宵,5,56,正常,一般,雪,同事,不关心,中辣,"海鲜,乳制品",627,炒年糕,烧烤小吃,1,chosen,0.7323,0.7514,test,snow
190,晚餐,3,62,正常,一般,冷,朋友,想健康,中辣,麸质,15,宫保鸡丁,家常炒菜,1,chosen,0.7154,0.6927,train,normal
190,晚餐,3,62,正常,一般,冷,朋友,想健康,中辣,麸质,15,宫保鸡丁,家常炒菜,1,chosen,0.7154,0.7239,train,normal
190,晚餐,3,62,正常,一般,冷,朋友,想健康,中辣,麸质,15,宫保鸡丁,家常炒菜,1,chosen,0.7154,0.7262,train,normal
191,晚餐,4,21,想吃好点,低落,冷,同事,随便,微辣,,371,鱼香茄子煲,广府家常菜,1,chosen,0.6398,0.6748,train,normal
191,晚餐,4,21,想吃好点,低落,冷,同事,随便,微辣,,57,东北烤串,东北菜,1,chosen,0.636,0.625,train,normal
191,晚餐,4,21,想吃好点,低落,冷,同事,随便,微辣,,651,牛杂,烧腊卤味,1,chosen,0.6398,0.6218,train,normal
192,晚餐,4,24,正常,一般,热,一个人,不关心,中辣,麸质,579,腊味萝卜干,湘菜,1,chosen,0.5751,0.6677,train,normal
192,晚餐,4,24,正常,一般,热,一个人,不关心,中辣,麸质,579,腊味萝卜干,湘菜,1,chosen,0.5751,0.5475,train,normal
192,晚餐,4,24,正常,一般,热,一个人,不关心,中辣,麸质,579,腊味萝卜干,湘菜,1,chosen,0.5751,0.5401,train,normal
193,早餐,4,27,正常,一般,晴,家人,随便,微辣,素食,793,常熟蕈油面,长三角粉面,1,chosen,0.5353,0.5087,train,normal
193,早餐,4,27,正常,一般,晴,家人,随便,微辣,素食,793,常熟蕈油面,长三角粉面,1,chosen,0.5353,0.5705,train,normal
193,早餐,4,27,正常,一般,晴,家人,随便,微辣,素食,443,千层油糕,早餐粥点,1,chosen,0.5338,0.57,train,normal
194,午餐,2,79,正常,开心,热,一个人,严格控制,不吃辣,海鲜,648,卤水鸡翅,烧腊卤味,1,chosen,0.5981,0.5547,train,normal
194,午餐,2,79,正常,开心,热,一个人,严格控制,不吃辣,海鲜,648,卤水鸡翅,烧腊卤味,1,chosen,0.5981,0.6056,train,normal
194,午餐,2,79,正常,开心,热,一个人,严格控制,不吃辣,海鲜,648,卤水鸡翅,烧腊卤味,1,chosen,0.5981,0.5942,train,normal
194,午餐,2,79,正常,开心,热,一个人,严格控制,不吃辣,海鲜,658,卤水豆腐,烧腊卤味,0,considered,0.5845,0.5643,train,normal
194,午餐,2,79,正常,开心,热,一个人,严格控制,不吃辣,海鲜,655,豉油鸡,烧腊卤味,0,considered,0.5752,0.5487,train,normal
195,晚餐,3,46,正常,低落,雨,家人,想健康,中辣,,15,宫保鸡丁,家常炒菜,1,chosen,0.741,0.7697,train,normal
195,晚餐,3,46,正常,低落,雨,家人,想健康,中辣,,533,卜豆角炒肉,湘菜,1,chosen,0.7317,0.6945,train,normal
195,晚餐,3,46,正常,低落,雨,家人,想健康,中辣,,15,宫保鸡丁,家常炒菜,1,chosen,0.741,0.7553,train,normal
196,晚餐,4,59,省着点,一般,热,一个人,随便,重辣,,579,腊味萝卜干,湘菜,1,chosen,0.5701,0.5565,train,normal
196,晚餐,4,59,省着点,一般,热,一个人,随便,重辣,,579,腊味萝卜干,湘菜,1,chosen,0.5701,0.6019,train,normal
196,晚餐,4,59,省着点,一般,热,一个人,随便,重辣,,579,腊味萝卜干,湘菜,1,chosen,0.5701,0.5688,train,normal
197,晚餐,4,43,想吃好点,压力大,雪,家人,不关心,不吃辣,,687,黄鳝煲仔饭,煲仔饭碟头饭,1,chosen,0.7719,0.7699,test,snow
197,晚餐,4,43,想吃好点,压力大,雪,家人,不关心,不吃辣,,687,黄鳝煲仔饭,煲仔饭碟头饭,1,chosen,0.7719,0.8035,test,snow
197,晚餐,4,43,想吃好点,压力大,雪,家人,不关心,不吃辣,,687,黄鳝煲仔饭,煲仔饭碟头饭,1,chosen,0.7719,0.746,test,snow
198,午餐,4,66,想吃好点,一般,热,一个人,不关心,不吃辣,素食,658,卤水豆腐,烧腊卤味,1,chosen,0.5456,0.5371,train,normal
198,午餐,4,66,想吃好点,一般,热,一个人,不关心,不吃辣,素食,658,卤水豆腐,烧腊卤味,1,chosen,0.5456,0.5735,train,normal
198,午餐,4,66,想吃好点,一般,热,一个人,不关心,不吃辣,素食,658,卤水豆腐,烧腊卤味,1,chosen,0.5456,0.5602,train,normal
199,晚餐,3,84,想吃好点,一般,阴,同事,想健康,不吃辣,,348,豉汁蒸排骨,广府家常菜,1,chosen,0.5932,0.6352,train,normal
199,晚餐,3,84,想吃好点,一般,阴,同事,想健康,不吃辣,,348,豉汁蒸排骨,广府家常菜,1,chosen,0.5932,0.6034,train,normal
199,晚餐,3,84,想吃好点,一般,阴,同事,想健康,不吃辣,,348,豉汁蒸排骨,广府家常菜,1,chosen,0.5932,0.618,train,normal
199,晚餐,3,84,想吃好点,一般,阴,同事,想健康,不吃辣,,350,丝瓜炒牛肉,广府家常菜,0,considered,0.5932,0.6348,train,normal
199,晚餐,3,84,想吃好点,一般,阴,同事,想健康,不吃辣,,347,菜心炒牛肉,广府家常菜,0,considered,0.5932,0.586,train,normal
200,晚餐,5,47,省着点,开心,热,朋友,想健康,微辣,,658,卤水豆腐,烧腊卤味,1,chosen,0.6941,0.6688,train,normal
200,晚餐,5,47,省着点,开心,热,朋友,想健康,微辣,,658,卤水豆腐,烧腊卤味,1,chosen,0.6941,0.6549,train,normal
200,晚餐,5,47,省着点,开心,热,朋友,想健康,微辣,,658,卤水豆腐,烧腊卤味,1,chosen,0.6941,0.679,train,normal
200,晚餐,5,47,省着点,开心,热,朋友,想健康,微辣,,648,卤水鸡翅,烧腊卤味,0,considered,0.6604,0.6381,train,normal
200,晚餐,5,47,省着点,开心,热,朋友,想健康,微辣,,651,牛杂,烧腊卤味,0,considered,0.6176,0.6487,train,normal
201,下午加餐,1,52,省着点,低落,冷,一个人,想健康,微辣,,766,水煮时蔬,轻食健康,1,chosen,0.6186,0.593,train,normal
201,下午加餐,1,52,省着点,低落,冷,一个人,想健康,微辣,,766,水煮时蔬,轻食健康,1,chosen,0.6186,0.5923,train,normal
201,下午加餐,1,52,省着点,低落,冷,一个人,想健康,微辣,,766,水煮时蔬,轻食健康,1,chosen,0.6186,0.5934,train,normal
202,晚餐,5,15,正常,开心,热,同事,不关心,不吃辣,,9,炸酱面,长三角粉面,1,chosen,0.6099,0.6103,train,normal
202,晚餐,5,15,正常,开心,热,同事,不关心,不吃辣,,9,炸酱面,长三角粉面,1,chosen,0.6099,0.5815,train,normal
202,晚餐,5,15,正常,开心,热,同事,不关心,不吃辣,,9,炸酱面,长三角粉面,1,chosen,0.6099,0.6169,train,normal
203,下午加餐,4,36,省着点,压力大,晴,一个人,随便,中辣,,767,珍珠奶茶,轻食健康,1,chosen,0.5815,0.6347,test,normal
203,下午加餐,4,36,省着点,压力大,晴,一个人,随便,中辣,,767,珍珠奶茶,轻食健康,1,chosen,0.5815,0.5603,test,normal
203,下午加餐,4,36,省着点,压力大,晴,一个人,随便,中辣,,767,珍珠奶茶,轻食健康,1,chosen,0.5815,0.6397,test,normal
204,午餐,2,103,不差钱,兴奋,雨,家人,不关心,中辣,素食,523,长沙臭豆腐,湘菜,1,chosen,0.6335,0.5832,train,normal
204,午餐,2,103,不差钱,兴奋,雨,家人,不关心,中辣,素食,523,长沙臭豆腐,湘菜,1,chosen,0.6335,0.6463,train,normal
204,午餐,2,103,不差钱,兴奋,雨,家人,不关心,中辣,素食,523,长沙臭豆腐,湘菜,1,chosen,0.6335,0.6829,train,normal
204,午餐,2,103,不差钱,兴奋,雨,家人,不关心,中辣,素食,552,攸县香干,湘菜,0,considered,0.6264,0.6067,train,normal
204,午餐,2,103,不差钱,兴奋,雨,家人,不关心,中辣,素食,575,紫苏煎黄瓜,湘菜,0,considered,0.6135,0.6267,train,normal
205,下午加餐,5,88,想吃好点,疲惫,晴,朋友,随便,微辣,,706,芒果班戟,糖水甜品,1,chosen,0.6212,0.6088,train,normal
205,下午加餐,5,88,想吃好点,疲惫,晴,朋友,随便,微辣,,706,芒果班戟,糖水甜品,1,chosen,0.6212,0.6434,train,normal
205,下午加餐,5,88,想吃好点,疲惫,晴,朋友,随便,微辣,,706,芒果班戟,糖水甜品,1,chosen,0.6212,0.5793,train,normal
205,下午加餐,5,88,想吃好点,疲惫,晴,朋友,随便,微辣,,694,菠萝包,糖水甜品,0,considered,0.6067,0.5776,train,normal
205,下午加餐,5,88,想吃好点,疲惫,晴,朋友,随便,微辣,,696,蛋挞,糖水甜品,0,considered,0.6057,0.5701,train,normal
206,午餐,5,38,正常,低落,冷,同事,随便,微辣,,1,黄焖鸡米饭,煲仔饭碟头饭,1,chosen,0.6435,0.6453,train,normal
206,午餐,5,38,正常,低落,冷,同事,随便,微辣,,1,黄焖鸡米饭,煲仔饭碟头饭,1,chosen,0.6435,0.6765,train,normal
206,午餐,5,38,正常,低落,冷,同事,随便,微辣,,1,黄焖鸡米饭,煲仔饭碟头饭,1,chosen,0.6435,0.6762,train,normal
207,午餐,3,38,省着点,开心,热,一个人,随便,中辣,,579,腊味萝卜干,湘菜,1,chosen,0.5816,0.6328,train,normal
207,午餐,3,38,省着点,开心,热,一个人,随便,中辣,,579,腊味萝卜干,湘菜,1,chosen,0.5816,0.6041,train,normal
207,午餐,3,38,省着点,开心,热,一个人,随便,中辣,,579,腊味萝卜干,湘菜,1,chosen,0.5816,0.5952,train,normal
208,晚餐,1,41,省着点,开心,雨,约会,随便,微辣,"海鲜,乳制品",109,东北臭豆腐,东北菜,1,chosen,0.6471,0.6249,train,normal
208,晚餐,1,41,省着点,开心,雨,约会,随便,微辣,"海鲜,乳制品",109,东北臭豆腐,东北菜,1,chosen,0.6471,0.6347,train,normal
208,晚餐,1,41,省着点,开心,雨,约会,随便,微辣,"海鲜,乳制品",109,东北臭豆腐,东北菜,1,chosen,0.6471,0.6108,train,normal
208,晚餐,1,41,省着点,开心,雨,约会,随便,微辣,"海鲜,乳制品",66,大酱炒鸡蛋,东北菜,0,considered,0.6392,0.6223,train,normal
208,晚餐,1,41,省着点,开心,雨,约会,随便,微辣,"海鲜,乳制品",72,手撕包菜(东北),东北菜,0,considered,0.6335,0.5773,train,normal
209,晚餐,4,27,省着点,开心,热,一个人,严格控制,不吃辣,素食,658,卤水豆腐,烧腊卤味,1,chosen,0.5981,0.5652,test,normal
209,晚餐,4,27,省着点,开心,热,一个人,严格控制,不吃辣,素食,658,卤水豆腐,烧腊卤味,1,chosen,0.5981,0.6137,test,normal
209,晚餐,4,27,省着点,开心,热,一个人,严格控制,不吃辣,素食,155,韭菜盒子(东北),东北菜,1,chosen,0.5543,0.553,test,normal
210,早餐,5,18,正常,开心,雨,朋友,想健康,不吃辣,素食,793,常熟蕈油面,长三角粉面,1,chosen,0.6159,0.5994,train,normal
210,早餐,5,18,正常,开心,雨,朋友,想健康,不吃辣,素食,778,葱油拌面,长三角粉面,1,chosen,0.606,0.6399,train,normal
210,早餐,5,18,正常,开心,雨,朋友,想健康,不吃辣,素食,793,常熟蕈油面,长三角粉面,1,chosen,0.6159,0.6021,train,normal
211,晚餐,4,89,省着点,兴奋,晴,一个人,想健康,微辣,,2,青椒肉丝,煲仔饭碟头饭,1,chosen,0.565,0.5909,test,normal
211,晚餐,4,89,省着点,兴奋,晴,一个人,想健康,微辣,,2,青椒肉丝,煲仔饭碟头饭,1,chosen,0.565,0.577,test,normal
211,晚餐,4,89,省着点,兴奋,晴,一个人,想健康,微辣,,2,青椒肉丝,煲仔饭碟头饭,1,chosen,0.565,0.6395,test,normal
211,晚餐,4,89,省着点,兴奋,晴,一个人,想健康,微辣,,668,咸肉菜饭,煲仔饭碟头饭,0,considered,0.5493,0.5683,test,normal
211,晚餐,4,89,省着点,兴奋,晴,一个人,想健康,微辣,,685,菜饭骨头汤,煲仔饭碟头饭,0,considered,0.5444,0.4429,test,normal
212,早餐,2,62,正常,低落,热,同事,不关心,中辣,"海鲜,乳制品",439,菜肉大馄饨,早餐粥点,1,chosen,0.6343,0.6659,train,normal
212,早餐,2,62,正常,低落,热,同事,不关心,中辣,"海鲜,乳制品",439,菜肉大馄饨,早餐粥点,1,chosen,0.6343,0.6899,train,normal
212,早餐,2,62,正常,低落,热,同事,不关心,中辣,"海鲜,乳制品",434,皮蛋瘦肉粥(珠三角),早餐粥点,1,chosen,0.6255,0.6374,train,normal
212,早餐,2,62,正常,低落,热,同事,不关心,中辣,"海鲜,乳制品",445,咖喱牛肉汤,早餐粥点,0,considered,0.6343,0.5849,train,normal
212,早餐,2,62,正常,低落,热,同事,不关心,中辣,"海鲜,乳制品",427,南翔小笼包,早餐粥点,0,considered,0.6343,0.6553,train,normal
213,午餐,3,108,不差钱,一般,雨,家人,不关心,微辣,素食,458,油焖笋,本帮江浙菜,1,chosen,0.6273,0.6774,val,normal
213,午餐,3,108,不差钱,一般,雨,家人,不关心,微辣,素食,458,油焖笋,本帮江浙菜,1,chosen,0.6273,0.5998,val,normal
213,午餐,3,108,不差钱,一般,雨,家人,不关心,微辣,素食,458,油焖笋,本帮江浙菜,1,chosen,0.6273,0.7112,val,normal
213,午餐,3,108,不差钱,一般,雨,家人,不关心,微辣,素食,482,素蟹粉,本帮江浙菜,0,considered,0.5407,0.4975,val,normal
213,午餐,3,108,不差钱,一般,雨,家人,不关心,微辣,素食,457,宁波烤菜,本帮江浙菜,0,considered,0.5336,0.5563,val,normal
214,晚餐,2,48,不差钱,一般,阴,朋友,随便,微辣,,511,黄山臭鳜鱼,本帮江浙菜,1,chosen,0.6148,0.5569,val,normal
214,晚餐,2,48,不差钱,一般,阴,朋友,随便,微辣,,511,黄山臭鳜鱼,本帮江浙菜,1,chosen,0.6148,0.6319,val,normal
214,晚餐,2,48,不差钱,一般,阴,朋友,随便,微辣,,511,黄山臭鳜鱼,本帮江浙菜,1,chosen,0.6148,0.5675,val,normal
215,下午加餐,4,45,正常,一般,晴,一个人,随便,重辣,"海鲜,乳制品",34,全麦鸡肉三明治,轻食健康,1,chosen,0.5296,0.4852,train,normal
215,下午加餐,4,45,正常,一般,晴,一个人,随便,重辣,"海鲜,乳制品",699,定胜糕,糖水甜品,1,chosen,0.5039,0.5275,train,normal
215,下午加餐,4,45,正常,一般,晴,一个人,随便,重辣,"海鲜,乳制品",34,全麦鸡肉三明治,轻食健康,1,chosen,0.5296,0.5013,train,normal
216,下午加餐,4,15,想吃好点,低落,晴,一个人,不关心,中辣,,770,波奇饭,轻食健康,1,chosen,0.5389,0.5462,val,normal
216,下午加餐,4,15,想吃好点,低落,晴,一个人,不关心,中辣,,770,波奇饭,轻食健康,1,chosen,0.5389,0.5555,val,normal
216,下午加餐,4,15,想吃好点,低落,晴,一个人,不关心,中辣,,770,波奇饭,轻食健康,1,chosen,0.5389,0.4569,val,normal
216,下午加餐,4,15,想吃好点,低落,晴,一个人,不关心,中辣,,32,藜麦牛油果碗,轻食健康,0,considered,0.5389,0.5414,val,normal
216,下午加餐,4,15,想吃好点,低落,晴,一个人,不关心,中辣,,34,全麦鸡肉三明治,轻食健康,0,considered,0.5343,0.5743,val,normal
217,晚餐,2,63,想吃好点,低落,热,朋友,严格控制,不吃辣,,648,卤水鸡翅,烧腊卤味,1,chosen,0.6947,0.719,train,normal
217,晚餐,2,63,想吃好点,低落,热,朋友,严格控制,不吃辣,,648,卤水鸡翅,烧腊卤味,1,chosen,0.6947,0.7015,train,normal
217,晚餐,2,63,想吃好点,低落,热,朋友,严格控制,不吃辣,,648,卤水鸡翅,烧腊卤味,1,chosen,0.6947,0.7156,train,normal
217,晚餐,2,63,想吃好点,低落,热,朋友,严格控制,不吃辣,,655,豉油鸡,烧腊卤味,0,considered,0.6857,0.6416,train,normal
217,晚餐,2,63,想吃好点,低落,热,朋友,严格控制,不吃辣,,658,卤水豆腐,烧腊卤味,0,considered,0.672,0.6794,train,normal
218,晚餐,3,15,不差钱,疲惫,雨,约会,想健康,不吃辣,海鲜,175,番茄炒牛肉,家常炒菜,1,chosen,0.7176,0.6866,train,normal
218,晚餐,3,15,不差钱,疲惫,雨,约会,想健康,不吃辣,海鲜,347,菜心炒牛肉,广府家常菜,1,chosen,0.7153,0.7749,train,normal
218,晚餐,3,15,不差钱,疲惫,雨,约会,想健康,不吃辣,海鲜,351,凉瓜炒牛肉,广府家常菜,1,chosen,0.7138,0.6871,train,normal
219,早餐,1,55,省着点,疲惫,晴,朋友,随便,不吃辣,麸质,438,艇仔粥,早餐粥点,1,chosen,0.6657,0.6089,train,normal
219,早餐,1,55,省着点,疲惫,晴,朋友,随便,不吃辣,麸质,438,艇仔粥,早餐粥点,1,chosen,0.6657,0.6861,train,normal
219,早餐,1,55,省着点,疲惫,晴,朋友,随便,不吃辣,麸质,438,艇仔粥,早餐粥点,1,chosen,0.6657,0.6454,train,normal
220,下午加餐,3,25,正常,低落,冷,一个人,想健康,不吃辣,乳制品,34,全麦鸡肉三明治,轻食健康,1,chosen,0.6231,0.6498,train,normal
220,下午加餐,3,25,正常,低落,冷,一个人,想健康,不吃辣,乳制品,34,全麦鸡肉三明治,轻食健康,1,chosen,0.6231,0.637,train,normal
220,下午加餐,3,25,正常,低落,冷,一个人,想健康,不吃辣,乳制品,34,全麦鸡肉三明治,轻食健康,1,chosen,0.6231,0.6366,train,normal
221,晚餐,2,81,正常,一般,晴,一个人,随便,不吃辣,,648,卤水鸡翅,烧腊卤味,1,chosen,0.5111,0.514,train,normal
221,晚餐,2,81,正常,一般,晴,一个人,随便,不吃辣,,648,卤水鸡翅,烧腊卤味,1,chosen,0.5111,0.5774,train,normal
221,晚餐,2,81,正常,一般,晴,一个人,随便,不吃辣,,648,卤水鸡翅,烧腊卤味,1,chosen,0.5111,0.44,train,normal
221,晚餐,2,81,正常,一般,晴,一个人,随便,不吃辣,,665,金钱肚,烧腊卤味,0,considered,0.5111,0.5511,train,normal
221,晚餐,2,81,正常,一般,晴,一个人,随便,不吃辣,,659,卤水鸭掌,烧腊卤味,0,considered,0.5111,0.5633,train,normal
222,午餐,2,30,想吃好点,兴奋,阴,朋友,想健康,微辣,素食,458,油焖笋,本帮江浙菜,1,chosen,0.6232,0.6268,train,normal
222,午餐,2,30,想吃好点,兴奋,阴,朋友,想健康,微辣,素食,458,油焖笋,本帮江浙菜,1,chosen,0.6232,0.627,train,normal
222,午餐,2,30,想吃好点,兴奋,阴,朋友,想健康,微辣,素食,458,油焖笋,本帮江浙菜,1,chosen,0.6232,0.6461,train,normal
223,夜宵,2,69,不差钱,疲惫,阴,家人,严格控制,微辣,,609,椰子鸡火锅,火锅麻辣烫,1,chosen,0.703,0.6594,train,normal
223,夜宵,2,69,不差钱,疲惫,阴,家人,严格控制,微辣,,24,菌汤火锅,火锅麻辣烫,1,chosen,0.7249,0.7332,train,normal
223,夜宵,2,69,不差钱,疲惫,阴,家人,严格控制,微辣,,24,菌汤火锅,火锅麻辣烫,1,chosen,0.7249,0.7052,train,normal
224,早餐,5,42,想吃好点,兴奋,雨,朋友,随便,不吃辣,,454,蟹粉小笼包,早餐粥点,1,chosen,0.6611,0.6519,train,normal
224,早餐,5,42,想吃好点,兴奋,雨,朋友,随便,不吃辣,,415,腐皮卷,早茶点心,1,chosen,0.639,0.6468,train,normal
224,早餐,5,42,想吃好点,兴奋,雨,朋友,随便,不吃辣,,454,蟹粉小笼包,早餐粥点,1,chosen,0.6611,0.6342,train,normal
225,晚餐,4,43,想吃好点,一般,冷,一个人,随便,微辣,"海鲜,乳制品",292,荤豆花,川菜,1,chosen,0.5672,0.5693,train,normal
225,晚餐,4,43,想吃好点,一般,冷,一个人,随便,微辣,"海鲜,乳制品",292,荤豆花,川菜,1,chosen,0.5672,0.6267,train,normal
225,晚餐,4,43,想吃好点,一般,冷,一个人,随便,微辣,"海鲜,乳制品",292,荤豆花,川菜,1,chosen,0.5672,0.6136,train,normal
226,午餐,3,59,省着点,开心,热,朋友,不关心,微辣,素食,109,东北臭豆腐,东北菜,1,chosen,0.6166,0.6365,test,normal
226,午餐,3,59,省着点,开心,热,朋友,不关心,微辣,素食,658,卤水豆腐,烧腊卤味,1,chosen,0.6648,0.6205,test,normal
226,午餐,3,59,省着点,开心,热,朋友,不关心,微辣,素食,658,卤水豆腐,烧腊卤味,1,chosen,0.6648,0.686,test,normal
227,晚餐,3,93,省着点,低落,晴,朋友,不关心,不吃辣,,658,卤水豆腐,烧腊卤味,1,chosen,0.6237,0.5787,train,normal
227,晚餐,3,93,省着点,低落,晴,朋友,不关心,不吃辣,,658,卤水豆腐,烧腊卤味,1,chosen,0.6237,0.6014,train,normal
227,晚餐,3,93,省着点,低落,晴,朋友,不关心,不吃辣,,658,卤水豆腐,烧腊卤味,1,chosen,0.6237,0.5888,train,normal
227,晚餐,3,93,省着点,低落,晴,朋友,不关心,不吃辣,,648,卤水鸡翅,烧腊卤味,0,considered,0.6036,0.5295,train,normal
227,晚餐,3,93,省着点,低落,晴,朋友,不关心,不吃辣,,659,卤水鸭掌,烧腊卤味,0,considered,0.596,0.6123,train,normal
228,夜宵,4,15,省着点,疲惫,阴,一个人,随便,重辣,,633,煎饼果子,烧烤小吃,1,chosen,0.6264,0.5873,train,normal
228,夜宵,4,15,省着点,疲惫,阴,一个人,随便,重辣,,639,沙县蒸饺,烧烤小吃,1,chosen,0.6185,0.6469,train,normal
228,夜宵,4,15,省着点,疲惫,阴,一个人,随便,重辣,,633,煎饼果子,烧烤小吃,1,chosen,0.6264,0.587,train,normal
229,午餐,5,84,正常,一般,热,一个人,随便,不吃辣,,9,炸酱面,长三角粉面,1,chosen,0.5593,0.5377,train,normal
229,午餐,5,84,正常,一般,热,一个人,随便,不吃辣,,9,炸酱面,长三角粉面,1,chosen,0.5593,0.6367,train,normal
229,午餐,5,84,正常,一般,热,一个人,随便,不吃辣,,9,炸酱面,长三角粉面,1,chosen,0.5593,0.5996,train,normal
230,午餐,4,51,正常,低落,晴,家人,想健康,中辣,乳制品,15,宫保鸡丁,家常炒菜,1,chosen,0.6971,0.6508,test,normal
230,午餐,4,51,正常,低落,晴,家人,想健康,中辣,乳制品,15,宫保鸡丁,家常炒菜,1,chosen,0.6971,0.6662,test,normal
230,午餐,4,51,正常,低落,晴,家人,想健康,中辣,乳制品,15,宫保鸡丁,家常炒菜,1,chosen,0.6971,0.6877,test,normal
230,午餐,4,51,正常,低落,晴,家人,想健康,中辣,乳制品,184,鱼香肉丝,家常炒菜,0,considered,0.6738,0.6851,test,normal
230,午餐,4,51,正常,低落,晴,家人,想健康,中辣,乳制品,180,辣椒炒肉,家常炒菜,0,considered,0.6585,0.646,test,normal
231,午餐,2,56,省着点,压力大,晴,朋友,想健康,不吃辣,,658,卤水豆腐,烧腊卤味,1,chosen,0.6654,0.7082,train,normal
231,午餐,2,56,省着点,压力大,晴,朋友,想健康,不吃辣,,658,卤水豆腐,烧腊卤味,1,chosen,0.6654,0.6489,train,normal
231,午餐,2,56,省着点,压力大,晴,朋友,想健康,不吃辣,,658,卤水豆腐,烧腊卤味,1,chosen,0.6654,0.6863,train,normal
232,早餐,2,63,省着点,疲惫,晴,一个人,不关心,不吃辣,,448,扬州三丁包,早餐粥点,1,chosen,0.6222,0.6509,train,normal
232,早餐,2,63,省着点,疲惫,晴,一个人,不关心,不吃辣,,448,扬州三丁包,早餐粥点,1,chosen,0.6222,0.6665,train,normal
232,早餐,2,63,省着点,疲惫,晴,一个人,不关心,不吃辣,,448,扬州三丁包,早餐粥点,1,chosen,0.6222,0.6203,train,normal
233,午餐,3,29,正常,一般,雨,约会,随便,不吃辣,,344,梅菜蒸肉饼,广府家常菜,1,chosen,0.6695,0.6893,train,normal
233,午餐,3,29,正常,一般,雨,约会,随便,不吃辣,,344,梅菜蒸肉饼,广府家常菜,1,chosen,0.6695,0.6459,train,normal
233,午餐,3,29,正常,一般,雨,约会,随便,不吃辣,,344,梅菜蒸肉饼,广府家常菜,1,chosen,0.6695,0.695,train,normal
234,晚餐,5,55,正常,一般,阴,朋友,不关心,微辣,素食,371,鱼香茄子煲,广府家常菜,1,chosen,0.6117,0.6358,train,normal
234,晚餐,5,55,正常,一般,阴,朋友,不关心,微辣,素食,371,鱼香茄子煲,广府家常菜,1,chosen,0.6117,0.6334,train,normal
234,晚餐,5,55,正常,一般,阴,朋友,不关心,微辣,素食,371,鱼香茄子煲,广府家常菜,1,chosen,0.6117,0.6741,train,normal
235,午餐,3,15,省着点,疲惫,晴,朋友,不关心,不吃辣,海鲜,155,韭菜盒子(东北),东北菜,1,chosen,0.6272,0.5864,train,normal
235,午餐,3,15,省着点,疲惫,晴,朋友,不关心,不吃辣,海鲜,155,韭菜盒子(东北),东北菜,1,chosen,0.6272,0.5899,train,normal
235,午餐,3,15,省着点,疲惫,晴,朋友,不关心,不吃辣,海鲜,155,韭菜盒子(东北),东北菜,1,chosen,0.6272,0.653,train,normal
236,晚餐,1,79,正常,疲惫,晴,同事,不关心,中辣,,366,豉椒炒花甲,广府家常菜,1,chosen,0.5689,0.5906,train,normal
236,晚餐,1,79,正常,疲惫,晴,同事,不关心,中辣,,248,青椒肉丝(川),川菜,1,chosen,0.5701,0.5536,train,normal
236,晚餐,1,79,正常,疲惫,晴,同事,不关心,中辣,,248,青椒肉丝(川),川菜,1,chosen,0.5701,0.5217,train,normal
237,晚餐,3,68,省着点,一般,阴,一个人,想健康,微辣,"海鲜,乳制品",6,兰州牛肉面,长三角粉面,1,chosen,0.5495,0.5638,train,normal
237,晚餐,3,68,省着点,一般,阴,一个人,想健康,微辣,"海鲜,乳制品",6,兰州牛肉面,长三角粉面,1,chosen,0.5495,0.5555,train,normal
237,晚餐,3,68,省着点,一般,阴,一个人,想健康,微辣,"海鲜,乳制品",6,兰州牛肉面,长三角粉面,1,chosen,0.5495,0.5656,train,normal
238,晚餐,5,41,想吃好点,低落,晴,一个人,随便,不吃辣,,360,白灼猪手,广府家常菜,1,chosen,0.5296,0.5078,train,normal
238,晚餐,5,41,想吃好点,低落,晴,一个人,随便,不吃辣,,360,白灼猪手,广府家常菜,1,chosen,0.5296,0.4786,train,normal
238,晚餐,5,41,想吃好点,低落,晴,一个人,随便,不吃辣,,360,白灼猪手,广府家常菜,1,chosen,0.5296,0.4743,train,normal
238,晚餐,5,41,想吃好点,低落,晴,一个人,随便,不吃辣,,372,一品煲,广府家常菜,0,considered,0.5296,0.5169,train,normal
238,晚餐,5,41,想吃好点,低落,晴,一个人,随便,不吃辣,,380,煎焗鱼嘴,广府家常菜,0,considered,0.5296,0.5002,train,normal
239,早餐,4,15,省着点,兴奋,晴,朋友,不关心,重辣,素食,807,衢州常山索面,长三角粉面,1,chosen,0.559,0.5439,train,normal
239,早餐,4,15,省着点,兴奋,晴,朋友,不关心,重辣,素食,807,衢州常山索面,长三角粉面,1,chosen,0.559,0.5604,train,normal
239,早餐,4,15,省着点,兴奋,晴,朋友,不关心,重辣,素食,807,衢州常山索面,长三角粉面,1,chosen,0.559,0.5133,train,normal
239,早餐,4,15,省着点,兴奋,晴,朋友,不关心,重辣,素食,804,素鸡面,长三角粉面,0,considered,0.5353,0.5348,train,normal
239,早餐,4,15,省着点,兴奋,晴,朋友,不关心,重辣,素食,808,金华佛堂千张面,长三角粉面,0,considered,0.5353,0.5439,train,normal
240,午餐,2,80,省着点,开心,阴,一个人,不关心,重辣,素食,580,臭豆腐炒辣椒,湘菜,1,chosen,0.5462,0.5693,train,normal
240,午餐,2,80,省着点,开心,阴,一个人,不关心,重辣,素食,580,臭豆腐炒辣椒,湘菜,1,chosen,0.5462,0.505,train,normal
240,午餐,2,80,省着点,开心,阴,一个人,不关心,重辣,素食,580,臭豆腐炒辣椒,湘菜,1,chosen,0.5462,0.5301,train,normal
241,晚餐,5,73,正常,开心,雨,同事,想健康,中辣,,69,尖椒干豆腐,东北菜,1,chosen,0.6562,0.6705,train,normal
241,晚餐,5,73,正常,开心,雨,同事,想健康,中辣,,575,紫苏煎黄瓜,湘菜,1,chosen,0.6612,0.5955,train,normal
241,晚餐,5,73,正常,开心,雨,同事,想健康,中辣,,575,紫苏煎黄瓜,湘菜,1,chosen,0.6612,0.7255,train,normal
241,晚餐,5,73,正常,开心,雨,同事,想健康,中辣,,552,攸县香干,湘菜,0,considered,0.6612,0.6214,train,normal
241,晚餐,5,73,正常,开心,雨,同事,想健康,中辣,,533,卜豆角炒肉,湘菜,0,considered,0.6514,0.6516,train,normal
242,下午加餐,4,24,省着点,低落,热,家人,随便,中辣,素食,699,定胜糕,糖水甜品,1,chosen,0.6202,0.5964,train,normal
242,下午加餐,4,24,省着点,低落,热,家人,随便,中辣,素食,699,定胜糕,糖水甜品,1,chosen,0.6202,0.6457,train,normal
242,下午加餐,4,24,省着点,低落,热,家人,随便,中辣,素食,699,定胜糕,糖水甜品,1,chosen,0.6202,0.5596,train,normal
242,下午加餐,4,24,省着点,低落,热,家人,随便,中辣,素食,710,赤豆糕,糖水甜品,0,considered,0.6202,0.5865,train,normal
242,下午加餐,4,24,省着点,低落,热,家人,随便,中辣,素食,708,花生糊,糖水甜品,0,considered,0.547,0.559,train,normal
243,午餐,4,18,正常,一般,阴,约会,随便,中辣,乳制品,591,酸菜炒粉皮,湘菜,1,chosen,0.6311,0.6518,val,normal
243,午餐,4,18,正常,一般,阴,约会,随便,中辣,乳制品,303,铺盖面,川菜,1,chosen,0.6311,0.663,val,normal
243,午餐,4,18,正常,一般,阴,约会,随便,中辣,乳制品,303,铺盖面,川菜,1,chosen,0.6311,0.5787,val,normal
244,晚餐,3,35,正常,开心,冷,朋友,随便,微辣,,83,烤鸡架,东北菜,1,chosen,0.6676,0.6399,train,normal
244,晚餐,3,35,正常,开心,冷,朋友,随便,微辣,,559,湖南蛋饺,湘菜,1,chosen,0.6781,0.6898,train,normal
244,晚餐,3,35,正常,开心,冷,朋友,随便,微辣,,559,湖南蛋饺,湘菜,1,chosen,0.6781,0.727,train,normal
245,晚餐,3,15,不差钱,压力大,晴,一个人,不关心,重辣,素食,563,湘西外婆菜,湘菜,1,chosen,0.5569,0.513,train,normal
245,晚餐,3,15,不差钱,压力大,晴,一个人,不关心,重辣,素食,563,湘西外婆菜,湘菜,1,chosen,0.5569,0.5282,train,normal
245,晚餐,3,15,不差钱,压力大,晴,一个人,不关心,重辣,素食,563,湘西外婆菜,湘菜,1,chosen,0.5569,0.5685,train,normal
245,晚餐,3,15,不差钱,压力大,晴,一个人,不关心,重辣,素食,541,小炒香干,湘菜,0,considered,0.5555,0.606,train,normal
245,晚餐,3,15,不差钱,压力大,晴,一个人,不关心,重辣,素食,552,攸县香干,湘菜,0,considered,0.5476,0.5664,train,normal
246,晚餐,4,53,想吃好点,开心,晴,约会,不关心,重辣,乳制品,550,干锅鸡,湘菜,1,chosen,0.664,0.6156,train,normal
246,晚餐,4,53,想吃好点,开心,晴,约会,不关心,重辣,乳制品,341,鲜锅兔,川菜,1,chosen,0.664,0.6714,train,normal
246,晚餐,4,53,想吃好点,开心,晴,约会,不关心,重辣,乳制品,550,干锅鸡,湘菜,1,chosen,0.664,0.6764,train,normal
247,晚餐,5,81,正常,开心,雨,朋友,严格控制,中辣,乳制品,575,紫苏煎黄瓜,湘菜,1,chosen,0.7182,0.676,train,normal
247,晚餐,5,81,正常,开心,雨,朋友,严格控制,中辣,乳制品,15,宫保鸡丁,家常炒菜,1,chosen,0.7286,0.7235,train,normal
247,晚餐,5,81,正常,开心,雨,朋友,严格控制,中辣,乳制品,552,攸县香干,湘菜,1,chosen,0.7223,0.7488,train,normal
248,晚餐,2,62,不差钱,兴奋,阴,同事,想健康,重辣,"海鲜,乳制品",280,泡椒牛蛙,川菜,1,chosen,0.6065,0.5714,train,normal
248,晚餐,2,62,不差钱,兴奋,阴,同事,想健康,重辣,"海鲜,乳制品",280,泡椒牛蛙,川菜,1,chosen,0.6065,0.5971,train,normal
248,晚餐,2,62,不差钱,兴奋,阴,同事,想健康,重辣,"海鲜,乳制品",280,泡椒牛蛙,川菜,1,chosen,0.6065,0.6401,train,normal
249,晚餐,3,93,不差钱,疲惫,晴,同事,想健康,不吃辣,麸质,471,梭子蟹炒年糕,本帮江浙菜,1,chosen,0.6317,0.723,train,normal
249,晚餐,3,93,不差钱,疲惫,晴,同事,想健康,不吃辣,麸质,471,梭子蟹炒年糕,本帮江浙菜,1,chosen,0.6317,0.5808,train,normal
249,晚餐,3,93,不差钱,疲惫,晴,同事,想健康,不吃辣,麸质,471,梭子蟹炒年糕,本帮江浙菜,1,chosen,0.6317,0.5952,train,normal
250,午餐,3,53,正常,开心,阴,一个人,想健康,中辣,海鲜,15,宫保鸡丁,家常炒菜,1,chosen,0.5737,0.626,train,normal
250,午餐,3,53,正常,开心,阴,一个人,想健康,中辣,海鲜,15,宫保鸡丁,家常炒菜,1,chosen,0.5737,0.5557,train,normal
250,午餐,3,53,正常,开心,阴,一个人,想健康,中辣,海鲜,575,紫苏煎黄瓜,湘菜,1,chosen,0.5775,0.5916,train,normal
251,午餐,5,84,想吃好点,低落,雪,朋友,不关心,微辣,,292,荤豆花,川菜,1,chosen,0.763,0.7202,test,snow
251,午餐,5,84,想吃好点,低落,雪,朋友,不关心,微辣,,292,荤豆花,川菜,1,chosen,0.763,0.7959,test,snow
251,午餐,5,84,想吃好点,低落,雪,朋友,不关心,微辣,,292,荤豆花,川菜,1,chosen,0.763,0.8364,test,snow
252,晚餐,4,41,正常,疲惫,冷,朋友,随便,不吃辣,素食,124,拔丝苹果,东北菜,1,chosen,0.7015,0.7056,train,normal
252,晚餐,4,41,正常,疲惫,冷,朋友,随便,不吃辣,素食,124,拔丝苹果,东北菜,1,chosen,0.7015,0.6774,train,normal
252,晚餐,4,41,正常,疲惫,冷,朋友,随便,不吃辣,素食,124,拔丝苹果,东北菜,1,chosen,0.7015,0.6738,train,normal
253,晚餐,1,79,省着点,压力大,热,一个人,随便,微辣,,658,卤水豆腐,烧腊卤味,1,chosen,0.563,0.5847,train,normal
253,晚餐,1,79,省着点,压力大,热,一个人,随便,微辣,,658,卤水豆腐,烧腊卤味,1,chosen,0.563,0.5259,train,normal
253,晚餐,1,79,省着点,压力大,热,一个人,随便,微辣,,658,卤水豆腐,烧腊卤味,1,chosen,0.563,0.5968,train,normal
253,晚餐,1,79,省着点,压力大,热,一个人,随便,微辣,,648,卤水鸡翅,烧腊卤味,0,considered,0.546,0.5949,train,normal
253,晚餐,1,79,省着点,压力大,热,一个人,随便,微辣,,659,卤水鸭掌,烧腊卤味,0,considered,0.5384,0.493,train,normal
254,午餐,3,28,正常,一般,晴,同事,随便,不吃辣,麸质,347,菜心炒牛肉,广府家常菜,1,chosen,0.5541,0.5118,val,normal
254,午餐,3,28,正常,一般,晴,同事,随便,不吃辣,麸质,347,菜心炒牛肉,广府家常菜,1,chosen,0.5541,0.5305,val,normal
254,午餐,3,28,正常,一般,晴,同事,随便,不吃辣,麸质,347,菜心炒牛肉,广府家常菜,1,chosen,0.5541,0.5225,val,normal
255,晚餐,4,69,正常,压力大,晴,一个人,随便,中辣,素食,575,紫苏煎黄瓜,湘菜,1,chosen,0.5714,0.5347,train,normal
255,晚餐,4,69,正常,压力大,晴,一个人,随便,中辣,素食,575,紫苏煎黄瓜,湘菜,1,chosen,0.5714,0.5849,train,normal
255,晚餐,4,69,正常,压力大,晴,一个人,随便,中辣,素食,575,紫苏煎黄瓜,湘菜,1,chosen,0.5714,0.5395,train,normal
256,午餐,5,69,想吃好点,一般,雨,一个人,不关心,不吃辣,,671,烧腊双拼饭,煲仔饭碟头饭,1,chosen,0.5622,0.5679,train,normal
256,午餐,5,69,想吃好点,一般,雨,一个人,不关心,不吃辣,,671,烧腊双拼饭,煲仔饭碟头饭,1,chosen,0.5622,0.4785,train,normal
256,午餐,5,69,想吃好点,一般,雨,一个人,不关心,不吃辣,,671,烧腊双拼饭,煲仔饭碟头饭,1,chosen,0.5622,0.611,train,normal
256,午餐,5,69,想吃好点,一般,雨,一个人,不关心,不吃辣,,672,烧鹅饭,煲仔饭碟头饭,0,considered,0.5622,0.603,train,normal
256,午餐,5,69,想吃好点,一般,雨,一个人,不关心,不吃辣,,0,番茄牛腩饭,煲仔饭碟头饭,0,considered,0.5599,0.6198,train,normal
257,晚餐,2,63,正常,压力大,阴,同事,想健康,微辣,海鲜,69,尖椒干豆腐,东北菜,1,chosen,0.6282,0.6249,train,normal
257,晚餐,2,63,正常,压力大,阴,同事,想健康,微辣,海鲜,69,尖椒干豆腐,东北菜,1,chosen,0.6282,0.6385,train,normal
257,晚餐,2,63,正常,压力大,阴,同事,想健康,微辣,海鲜,69,尖椒干豆腐,东北菜,1,chosen,0.6282,0.6514,train,normal
257,晚餐,2,63,正常,压力大,阴,同事,想健康,微辣,海鲜,71,干豆腐炒尖椒,东北菜,0,considered,0.6282,0.6306,train,normal
257,晚餐,2,63,正常,压力大,阴,同事,想健康,微辣,海鲜,162,干煸茧蛹,东北菜,0,considered,0.6211,0.5982,train,normal
258,晚餐,4,15,想吃好点,低落,晴,一个人,想健康,微辣,麸质,366,豉椒炒花甲,广府家常菜,1,chosen,0.5878,0.5733,train,normal
258,晚餐,4,15,想吃好点,低落,晴,一个人,想健康,微辣,麸质,618,烤生蚝,火锅麻辣烫,1,chosen,0.5803,0.5381,train,normal
258,晚餐,4,15,想吃好点,低落,晴,一个人,想健康,微辣,麸质,366,豉椒炒花甲,广府家常菜,1,chosen,0.5878,0.6055,train,normal
259,午餐,3,22,想吃好点,一般,阴,家人,随便,中辣,"海鲜,乳制品",308,鱼香肉片,川菜,1,chosen,0.6115,0.6828,val,normal
259,午餐,3,22,想吃好点,一般,阴,家人,随便,中辣,"海鲜,乳制品",308,鱼香肉片,川菜,1,chosen,0.6115,0.5997,val,normal
259,午餐,3,22,想吃好点,一般,阴,家人,随便,中辣,"海鲜,乳制品",308,鱼香肉片,川菜,1,chosen,0.6115,0.6448,val,normal
260,晚餐,4,64,正常,疲惫,阴,同事,不关心,中辣,,327,川味腊肠炒饭,川菜,1,chosen,0.6151,0.6019,train,normal
260,晚餐,4,64,正常,疲惫,阴,同事,不关心,中辣,,303,铺盖面,川菜,1,chosen,0.6151,0.5818,train,normal
260,晚餐,4,64,正常,疲惫,阴,同事,不关心,中辣,,327,川味腊肠炒饭,川菜,1,chosen,0.6151,0.6013,train,normal
261,下午加餐,3,56,不差钱,疲惫,晴,一个人,想健康,微辣,,770,波奇饭,轻食健康,1,chosen,0.6601,0.6274,train,normal
261,下午加餐,3,56,不差钱,疲惫,晴,一个人,想健康,微辣,,770,波奇饭,轻食健康,1,chosen,0.6601,0.6293,train,normal
261,下午加餐,3,56,不差钱,疲惫,晴,一个人,想健康,微辣,,34,全麦鸡肉三明治,轻食健康,1,chosen,0.6212,0.6766,train,normal
262,早餐,4,17,想吃好点,压力大,雪,朋友,不关心,不吃辣,素食,804,素鸡面,长三角粉面,1,chosen,0.6836,0.7528,test,snow
262,早餐,4,17,想吃好点,压力大,雪,朋友,不关心,不吃辣,素食,793,常熟蕈油面,长三角粉面,1,chosen,0.6927,0.6709,test,snow
262,早餐,4,17,想吃好点,压力大,雪,朋友,不关心,不吃辣,素食,793,常熟蕈油面,长三角粉面,1,chosen,0.6927,0.7114,test,snow
262,早餐,4,17,想吃好点,压力大,雪,朋友,不关心,不吃辣,素食,808,金华佛堂千张面,长三角粉面,0,considered,0.6859,0.7274,test,snow
262,早餐,4,17,想吃好点,压力大,雪,朋友,不关心,不吃辣,素食,804,素鸡面,长三角粉面,0,considered,0.6836,0.7168,test,snow
263,午餐,4,26,想吃好点,一般,热,朋友,随便,中辣,,579,腊味萝卜干,湘菜,1,chosen,0.6573,0.6469,train,normal
263,午餐,4,26,想吃好点,一般,热,朋友,随便,中辣,,579,腊味萝卜干,湘菜,1,chosen,0.6573,0.6565,train,normal
263,午餐,4,26,想吃好点,一般,热,朋友,随便,中辣,,134,熏酱拼盘,东北菜,1,chosen,0.636,0.6518,train,normal
264,下午加餐,5,48,正常,开心,冷,约会,严格控制,中辣,素食,702,桂花糖芋艿,糖水甜品,1,chosen,0.6664,0.6142,train,normal
264,下午加餐,5,48,正常,开心,冷,约会,严格控制,中辣,素食,702,桂花糖芋艿,糖水甜品,1,chosen,0.6664,0.7142,train,normal
264,下午加餐,5,48,正常,开心,冷,约会,严格控制,中辣,素食,702,桂花糖芋艿,糖水甜品,1,chosen,0.6664,0.6464,train,normal
265,下午加餐,3,30,想吃好点,一般,晴,一个人,不关心,重辣,,770,波奇饭,轻食健康,1,chosen,0.5667,0.5114,val,normal
265,下午加餐,3,30,想吃好点,一般,晴,一个人,不关心,重辣,,770,波奇饭,轻食健康,1,chosen,0.5667,0.5111,val,normal
265,下午加餐,3,30,想吃好点,一般,晴,一个人,不关心,重辣,,770,波奇饭,轻食健康,1,chosen,0.5667,0.6088,val,normal
266,午餐,3,48,不差钱,压力大,热,一个人,想健康,微辣,,655,豉油鸡,烧腊卤味,1,chosen,0.6244,0.5853,train,normal
266,午餐,3,48,不差钱,压力大,热,一个人,想健康,微辣,,655,豉油鸡,烧腊卤味,1,chosen,0.6244,0.6134,train,normal
266,午餐,3,48,不差钱,压力大,热,一个人,想健康,微辣,,655,豉油鸡,烧腊卤味,1,chosen,0.6244,0.5443,train,normal
267,午餐,2,55,省着点,疲惫,阴,约会,不关心,不吃辣,"海鲜,乳制品",658,卤水豆腐,烧腊卤味,1,chosen,0.644,0.6548,val,normal
267,午餐,2,55,省着点,疲惫,阴,约会,不关心,不吃辣,"海鲜,乳制品",658,卤水豆腐,烧腊卤味,1,chosen,0.644,0.6755,val,normal
267,午餐,2,55,省着点,疲惫,阴,约会,不关心,不吃辣,"海鲜,乳制品",658,卤水豆腐,烧腊卤味,1,chosen,0.644,0.6301,val,normal
267,午餐,2,55,省着点,疲惫,阴,约会,不关心,不吃辣,"海鲜,乳制品",648,卤水鸡翅,烧腊卤味,0,considered,0.627,0.5741,val,normal
267,午餐,2,55,省着点,疲惫,阴,约会,不关心,不吃辣,"海鲜,乳制品",665,金钱肚,烧腊卤味,0,considered,0.6208,0.6341,val,normal
268,午餐,3,69,不差钱,一般,冷,家人,严格控制,不吃辣,"海鲜,乳制品",611,潮汕牛肉火锅,火锅麻辣烫,1,chosen,0.6911,0.7121,val,normal
268,午餐,3,69,不差钱,一般,冷,家人,严格控制,不吃辣,"海鲜,乳制品",24,菌汤火锅,火锅麻辣烫,1,chosen,0.7089,0.7076,val,normal
268,午餐,3,69,不差钱,一般,冷,家人,严格控制,不吃辣,"海鲜,乳制品",24,菌汤火锅,火锅麻辣烫,1,chosen,0.7089,0.703,val,normal
269,午餐,3,15,正常,一般,晴,同事,随便,微辣,素食,172,手撕包菜,家常炒菜,1,chosen,0.5553,0.6319,train,normal
269,午餐,3,15,正常,一般,晴,同事,随便,微辣,素食,48,东北土豆丝,东北菜,1,chosen,0.5583,0.5536,train,normal
269,午餐,3,15,正常,一般,晴,同事,随便,微辣,素食,48,东北土豆丝,东北菜,1,chosen,0.5583,0.5647,train,normal
270,夜宵,4,33,想吃好点,压力大,阴,家人,想健康,微辣,素食,647,韭菜盒子,烧烤小吃,1,chosen,0.7023,0.6683,train,normal
270,夜宵,4,33,想吃好点,压力大,阴,家人,想健康,微辣,素食,647,韭菜盒子,烧烤小吃,1,chosen,0.7023,0.6566,train,normal
270,夜宵,4,33,想吃好点,压力大,阴,家人,想健康,微辣,素食,647,韭菜盒子,烧烤小吃,1,chosen,0.7023,0.7503,train,normal
271,早餐,4,55,正常,一般,晴,同事,想健康,中辣,,453,虾籽馄饨面,早餐粥点,1,chosen,0.6093,0.6103,train,normal
271,早餐,4,55,正常,一般,晴,同事,想健康,中辣,,439,菜肉大馄饨,早餐粥点,1,chosen,0.6191,0.5693,train,normal
271,早餐,4,55,正常,一般,晴,同事,想健康,中辣,,439,菜肉大馄饨,早餐粥点,1,chosen,0.6191,0.5978,train,normal
271,早餐,4,55,正常,一般,晴,同事,想健康,中辣,,453,虾籽馄饨面,早餐粥点,0,considered,0.6093,0.6028,train,normal
271,早餐,4,55,正常,一般,晴,同事,想健康,中辣,,427,南翔小笼包,早餐粥点,0,considered,0.6093,0.6189,train,normal
272,晚餐,5,46,正常,一般,晴,朋友,严格控制,中辣,,15,宫保鸡丁,家常炒菜,1,chosen,0.6733,0.7202,val,normal
272,晚餐,5,46,正常,一般,晴,朋友,严格控制,中辣,,15,宫保鸡丁,家常炒菜,1,chosen,0.6733,0.6535,val,normal
272,晚餐,5,46,正常,一般,晴,朋友,严格控制,中辣,,292,荤豆花,川菜,1,chosen,0.6637,0.6779,val,normal
273,午餐,4,54,想吃好点,低落,冷,同事,不关心,不吃辣,,684,窝蛋牛肉饭,煲仔饭碟头饭,1,chosen,0.6222,0.6722,test,normal
273,午餐,4,54,想吃好点,低落,冷,同事,不关心,不吃辣,,684,窝蛋牛肉饭,煲仔饭碟头饭,1,chosen,0.6222,0.6442,test,normal
273,午餐,4,54,想吃好点,低落,冷,同事,不关心,不吃辣,,684,窝蛋牛肉饭,煲仔饭碟头饭,1,chosen,0.6222,0.6467,test,normal
274,午餐,4,29,正常,开心,阴,家人,不关心,中辣,,567,烟笋炒腊肉,湘菜,1,chosen,0.629,0.5755,val,normal
274,午餐,4,29,正常,开心,阴,家人,不关心,中辣,,567,烟笋炒腊肉,湘菜,1,chosen,0.629,0.6367,val,normal
274,午餐,4,29,正常,开心,阴,家人,不关心,中辣,,567,烟笋炒腊肉,湘菜,1,chosen,0.629,0.6383,val,normal
275,下午加餐,4,68,正常,压力大,冷,朋友,随便,中辣,乳制品,702,桂花糖芋艿,糖水甜品,1,chosen,0.6336,0.6475,val,normal
275,下午加餐,4,68,正常,压力大,冷,朋友,随便,中辣,乳制品,702,桂花糖芋艿,糖水甜品,1,chosen,0.6336,0.6247,val,normal
275,下午加餐,4,68,正常,压力大,冷,朋友,随便,中辣,乳制品,702,桂花糖芋艿,糖水甜品,1,chosen,0.6336,0.5988,val,normal
275,下午加餐,4,68,正常,压力大,冷,朋友,随便,中辣,乳制品,701,核桃糊,糖水甜品,0,considered,0.626,0.6455,val,normal
275,下午加餐,4,68,正常,压力大,冷,朋友,随便,中辣,乳制品,711,酒酿圆子,糖水甜品,0,considered,0.62,0.6031,val,normal
276,午餐,3,103,想吃好点,压力大,晴,约会,随便,重辣,,524,香辣鱼块,湘菜,1,chosen,0.697,0.6422,train,normal
276,午餐,3,103,想吃好点,压力大,晴,约会,随便,重辣,,524,香辣鱼块,湘菜,1,chosen,0.697,0.7061,train,normal
276,午餐,3,103,想吃好点,压力大,晴,约会,随便,重辣,,524,香辣鱼块,湘菜,1,chosen,0.697,0.6885,train,normal
277,晚餐,3,46,省着点,兴奋,热,约会,不关心,中辣,素食,658,卤水豆腐,烧腊卤味,1,chosen,0.6701,0.6282,train,normal
277,晚餐,3,46,省着点,兴奋,热,约会,不关心,中辣,素食,658,卤水豆腐,烧腊卤味,1,chosen,0.6701,0.6404,train,normal
277,晚餐,3,46,省着点,兴奋,热,约会,不关心,中辣,素食,658,卤水豆腐,烧腊卤味,1,chosen,0.6701,0.6273,train,normal
278,午餐,4,20,想吃好点,疲惫,晴,一个人,不关心,重辣,,253,麻辣烫(川),川菜,1,chosen,0.583,0.6014,train,normal
278,午餐,4,20,想吃好点,疲惫,晴,一个人,不关心,重辣,,253,麻辣烫(川),川菜,1,chosen,0.583,0.5496,train,normal
278,午餐,4,20,想吃好点,疲惫,晴,一个人,不关心,重辣,,253,麻辣烫(川),川菜,1,chosen,0.583,0.6103,train,normal
279,午餐,3,24,正常,一般,雨,朋友,不关心,重辣,,282,泡椒鸡杂,川菜,1,chosen,0.6858,0.695,train,normal
279,午餐,3,24,正常,一般,雨,朋友,不关心,重辣,,593,酸辣鸡杂,湘菜,1,chosen,0.6858,0.7465,train,normal
279,午餐,3,24,正常,一般,雨,朋友,不关心,重辣,,593,酸辣鸡杂,湘菜,1,chosen,0.6858,0.6468,train,normal
280,午餐,5,42,不差钱,兴奋,晴,同事,不关心,中辣,,241,酸汤肥牛,川菜,1,chosen,0.5721,0.6103,train,normal
280,午餐,5,42,不差钱,兴奋,晴,同事,不关心,中辣,,241,酸汤肥牛,川菜,1,chosen,0.5721,0.5499,train,normal
280,午餐,5,42,不差钱,兴奋,晴,同事,不关心,中辣,,241,酸汤肥牛,川菜,1,chosen,0.5721,0.5351,train,normal
281,早餐,5,26,想吃好点,一般,雪,约会,想健康,不吃辣,麸质,415,腐皮卷,早茶点心,1,chosen,0.7506,0.7348,test,snow
281,早餐,5,26,想吃好点,一般,雪,约会,想健康,不吃辣,麸质,415,腐皮卷,早茶点心,1,chosen,0.7506,0.6952,test,snow
281,早餐,5,26,想吃好点,一般,雪,约会,想健康,不吃辣,麸质,43,皮蛋瘦肉粥,早餐粥点,1,chosen,0.7375,0.7785,test,snow
281,早餐,5,26,想吃好点,一般,雪,约会,想健康,不吃辣,麸质,423,蟹籽烧卖,早茶点心,0,considered,0.7204,0.7283,test,snow
281,早餐,5,26,想吃好点,一般,雪,约会,想健康,不吃辣,麸质,410,干蒸烧卖,早茶点心,0,considered,0.7159,0.7147,test,snow
282,午餐,4,16,正常,开心,阴,一个人,想健康,中辣,,11,云南小锅米线,长三角粉面,1,chosen,0.5775,0.5378,train,normal
282,午餐,4,16,正常,开心,阴,一个人,想健康,中辣,,11,云南小锅米线,长三角粉面,1,chosen,0.5775,0.5296,train,normal
282,午餐,4,16,正常,开心,阴,一个人,想健康,中辣,,11,云南小锅米线,长三角粉面,1,chosen,0.5775,0.6211,train,normal
282,午餐,4,16,正常,开心,阴,一个人,想健康,中辣,,6,兰州牛肉面,长三角粉面,0,considered,0.5696,0.6108,train,normal
282,午餐,4,16,正常,开心,阴,一个人,想健康,中辣,,774,上海辣肉面,长三角粉面,0,considered,0.5598,0.5533,train,normal
283,晚餐,1,45,想吃好点,压力大,雨,同事,随便,微辣,海鲜,162,干煸茧蛹,东北菜,1,chosen,0.6158,0.5806,train,normal
283,晚餐,1,45,想吃好点,压力大,雨,同事,随便,微辣,海鲜,166,炒蚕蛹,东北菜,1,chosen,0.6158,0.5773,train,normal
283,晚餐,1,45,想吃好点,压力大,雨,同事,随便,微辣,海鲜,166,炒蚕蛹,东北菜,1,chosen,0.6158,0.5987,train,normal
283,晚餐,1,45,想吃好点,压力大,雨,同事,随便,微辣,海鲜,162,干煸茧蛹,东北菜,0,considered,0.6158,0.5825,train,normal
283,晚餐,1,45,想吃好点,压力大,雨,同事,随便,微辣,海鲜,69,尖椒干豆腐,东北菜,0,considered,0.6025,0.5888,train,normal
284,午餐,1,86,正常,疲惫,雨,一个人,想健康,不吃辣,素食,195,清炒草头,家常炒菜,1,chosen,0.6008,0.6068,train,normal
284,午餐,1,86,正常,疲惫,雨,一个人,想健康,不吃辣,素食,195,清炒草头,家常炒菜,1,chosen,0.6008,0.6304,train,normal
284,午餐,1,86,正常,疲惫,雨,一个人,想健康,不吃辣,素食,195,清炒草头,家常炒菜,1,chosen,0.6008,0.6586,train,normal
284,午餐,1,86,正常,疲惫,雨,一个人,想健康,不吃辣,素食,194,油焖春笋,家常炒菜,0,considered,0.5879,0.5902,train,normal
284,午餐,1,86,正常,疲惫,雨,一个人,想健康,不吃辣,素食,174,清炒芥兰,家常炒菜,0,considered,0.5772,0.6119,train,normal
285,午餐,3,50,正常,一般,热,一个人,想健康,中辣,,658,卤水豆腐,烧腊卤味,1,chosen,0.5886,0.5738,train,normal
285,午餐,3,50,正常,一般,热,一个人,想健康,中辣,,126,松仁小肚,东北菜,1,chosen,0.5849,0.6073,train,normal
285,午餐,3,50,正常,一般,热,一个人,想健康,中辣,,658,卤水豆腐,烧腊卤味,1,chosen,0.5886,0.5805,train,normal
286,午餐,3,15,正常,兴奋,热,一个人,想健康,中辣,麸质,126,松仁小肚,东北菜,1,chosen,0.5967,0.6125,test,normal
286,午餐,3,15,正常,兴奋,热,一个人,想健康,中辣,麸质,126,松仁小肚,东北菜,1,chosen,0.5967,0.6156,test,normal
286,午餐,3,15,正常,兴奋,热,一个人,想健康,中辣,麸质,126,松仁小肚,东北菜,1,chosen,0.5967,0.5625,test,normal
286,午餐,3,15,正常,兴奋,热,一个人,想健康,中辣,麸质,60,东北饭包,东北菜,0,considered,0.5851,0.5853,test,normal
286,午餐,3,15,正常,兴奋,热,一个人,想健康,中辣,麸质,69,尖椒干豆腐,东北菜,0,considered,0.5713,0.551,test,normal
287,午餐,4,81,正常,兴奋,冷,朋友,想健康,中辣,,248,青椒肉丝(川),川菜,1,chosen,0.7174,0.6765,train,normal
287,午餐,4,81,正常,兴奋,冷,朋友,想健康,中辣,,15,宫保鸡丁,家常炒菜,1,chosen,0.7273,0.7186,train,normal
287,午餐,4,81,正常,兴奋,冷,朋友,想健康,中辣,,594,醋蒸鸡,湘菜,1,chosen,0.7188,0.6274,train,normal
287,午餐,4,81,正常,兴奋,冷,朋友,想健康,中辣,,184,鱼香肉丝,家常炒菜,0,considered,0.7039,0.7147,train,normal
287,午餐,4,81,正常,兴奋,冷,朋友,想健康,中辣,,180,辣椒炒肉,家常炒菜,0,considered,0.6886,0.7305,train,normal
288,晚餐,4,82,正常,一般,热,同事,严格控制,微辣,,9,炸酱面,长三角粉面,1,chosen,0.6259,0.6079,train,normal
288,晚餐,4,82,正常,一般,热,同事,严格控制,微辣,,60,东北饭包,东北菜,1,chosen,0.6338,0.5914,train,normal
288,晚餐,4,82,正常,一般,热,同事,严格控制,微辣,,60,东北饭包,东北菜,1,chosen,0.6338,0.5884,train,normal
288,晚餐,4,82,正常,一般,热,同事,严格控制,微辣,,126,松仁小肚,东北菜,0,considered,0.6259,0.6464,train,normal
288,晚餐,4,82,正常,一般,热,同事,严格控制,微辣,,162,干煸茧蛹,东北菜,0,considered,0.6115,0.6809,train,normal
289,晚餐,4,57,正常,一般,雨,朋友,想健康,微辣,海鲜,2,青椒肉丝,煲仔饭碟头饭,1,chosen,0.6928,0.6832,test,normal
289,晚餐,4,57,正常,一般,雨,朋友,想健康,微辣,海鲜,292,荤豆花,川菜,1,chosen,0.7014,0.7269,test,normal
289,晚餐,4,57,正常,一般,雨,朋友,想健康,微辣,海鲜,292,荤豆花,川菜,1,chosen,0.7014,0.7424,test,normal
290,早餐,3,49,想吃好点,压力大,雨,一个人,随便,微辣,素食,433,白粥配咸菜,早餐粥点,1,chosen,0.6217,0.6874,train,normal
290,早餐,3,49,想吃好点,压力大,雨,一个人,随便,微辣,素食,433,白粥配咸菜,早餐粥点,1,chosen,0.6217,0.5859,train,normal
290,早餐,3,49,想吃好点,压力大,雨,一个人,随便,微辣,素食,433,白粥配咸菜,早餐粥点,1,chosen,0.6217,0.5618,train,normal
291,夜宵,5,55,不差钱,开心,热,一个人,想健康,微辣,海鲜,24,菌汤火锅,火锅麻辣烫,1,chosen,0.6054,0.608,train,normal
291,夜宵,5,55,不差钱,开心,热,一个人,想健康,微辣,海鲜,24,菌汤火锅,火锅麻辣烫,1,chosen,0.6054,0.5969,train,normal
291,夜宵,5,55,不差钱,开心,热,一个人,想健康,微辣,海鲜,24,菌汤火锅,火锅麻辣烫,1,chosen,0.6054,0.6522,train,normal
292,下午加餐,4,28,省着点,一般,热,家人,想健康,不吃辣,海鲜,688,双皮奶,糖水甜品,1,chosen,0.6498,0.6412,val,normal
292,下午加餐,4,28,省着点,一般,热,家人,想健康,不吃辣,海鲜,688,双皮奶,糖水甜品,1,chosen,0.6498,0.6567,val,normal
292,下午加餐,4,28,省着点,一般,热,家人,想健康,不吃辣,海鲜,688,双皮奶,糖水甜品,1,chosen,0.6498,0.6486,val,normal
293,早餐,5,15,想吃好点,压力大,晴,同事,想健康,不吃辣,素食,793,常熟蕈油面,长三角粉面,1,chosen,0.5936,0.5816,val,normal
293,早餐,5,15,想吃好点,压力大,晴,同事,想健康,不吃辣,素食,793,常熟蕈油面,长三角粉面,1,chosen,0.5936,0.5987,val,normal
293,早餐,5,15,想吃好点,压力大,晴,同事,想健康,不吃辣,素食,793,常熟蕈油面,长三角粉面,1,chosen,0.5936,0.6589,val,normal
294,午餐,1,25,正常,开心,阴,同事,想健康,重辣,麸质,162,干煸茧蛹,东北菜,1,chosen,0.5952,0.557,train,normal
294,午餐,1,25,正常,开心,阴,同事,想健康,重辣,麸质,162,干煸茧蛹,东北菜,1,chosen,0.5952,0.5907,train,normal
294,午餐,1,25,正常,开心,阴,同事,想健康,重辣,麸质,162,干煸茧蛹,东北菜,1,chosen,0.5952,0.5534,train,normal
295,下午加餐,5,43,正常,压力大,冷,朋友,随便,微辣,"海鲜,乳制品",702,桂花糖芋艿,糖水甜品,1,chosen,0.6336,0.6842,train,normal
295,下午加餐,5,43,正常,压力大,冷,朋友,随便,微辣,"海鲜,乳制品",702,桂花糖芋艿,糖水甜品,1,chosen,0.6336,0.6501,train,normal
295,下午加餐,5,43,正常,压力大,冷,朋友,随便,微辣,"海鲜,乳制品",702,桂花糖芋艿,糖水甜品,1,chosen,0.6336,0.6907,train,normal
296,晚餐,4,44,想吃好点,兴奋,晴,约会,想健康,重辣,,280,泡椒牛蛙,川菜,1,chosen,0.7065,0.7979,train,normal
296,晚餐,4,44,想吃好点,兴奋,晴,约会,想健康,重辣,,532,剁椒蒸鱼,湘菜,1,chosen,0.7065,0.7238,train,normal
296,晚餐,4,44,想吃好点,兴奋,晴,约会,想健康,重辣,,280,泡椒牛蛙,川菜,1,chosen,0.7065,0.6793,train,normal
296,晚餐,4,44,想吃好点,兴奋,晴,约会,想健康,重辣,,293,藤椒鸡,川菜,0,considered,0.7065,0.6888,train,normal
296,晚餐,4,44,想吃好点,兴奋,晴,约会,想健康,重辣,,242,酸菜鱼(川),川菜,0,considered,0.6986,0.688,train,normal
297,午餐,1,33,省着点,开心,冷,朋友,想健康,微辣,麸质,71,干豆腐炒尖椒,东北菜,1,chosen,0.6502,0.6696,train,normal
297,午餐,1,33,省着点,开心,冷,朋友,想健康,微辣,麸质,71,干豆腐炒尖椒,东北菜,1,chosen,0.6502,0.6414,train,normal
297,午餐,1,33,省着点,开心,冷,朋友,想健康,微辣,麸质,71,干豆腐炒尖椒,东北菜,1,chosen,0.6502,0.6119,train,normal
297,午餐,1,33,省着点,开心,冷,朋友,想健康,微辣,麸质,69,尖椒干豆腐,东北菜,0,considered,0.6466,0.6818,train,normal
297,午餐,1,33,省着点,开心,冷,朋友,想健康,微辣,麸质,66,大酱炒鸡蛋,东北菜,0,considered,0.6456,0.6669,train,normal
298,晚餐,2,32,想吃好点,压力大,热,同事,不关心,微辣,麸质,126,松仁小肚,东北菜,1,chosen,0.6271,0.6086,train,normal
298,晚餐,2,32,想吃好点,压力大,热,同事,不关心,微辣,麸质,126,松仁小肚,东北菜,1,chosen,0.6271,0.6394,train,normal
298,晚餐,2,32,想吃好点,压力大,热,同事,不关心,微辣,麸质,126,松仁小肚,东北菜,1,chosen,0.6271,0.6835,train,normal
299,晚餐,4,15,想吃好点,开心,热,家人,想健康,重辣,,60,东北饭包,东北菜,1,chosen,0.667,0.6698,train,normal
299,晚餐,4,15,想吃好点,开心,热,家人,想健康,重辣,,60,东北饭包,东北菜,1,chosen,0.667,0.6703,train,normal
299,晚餐,4,15,想吃好点,开心,热,家人,想健康,重辣,,60,东北饭包,东北菜,1,chosen,0.667,0.6586,train,normal
300,晚餐,3,73,正常,兴奋,晴,约会,随便,中辣,,557,浏阳蒸菜,湘菜,1,chosen,0.6536,0.6756,train,normal
300,晚餐,3,73,正常,兴奋,晴,约会,随便,中辣,,557,浏阳蒸菜,湘菜,1,chosen,0.6536,0.6179,train,normal
300,晚餐,3,73,正常,兴奋,晴,约会,随便,中辣,,557,浏阳蒸菜,湘菜,1,chosen,0.6536,0.699,train,normal
300,晚餐,3,73,正常,兴奋,晴,约会,随便,中辣,,559,湖南蛋饺,湘菜,0,considered,0.6486,0.6392,train,normal
300,晚餐,3,73,正常,兴奋,晴,约会,随便,中辣,,543,干豆角炒肉,湘菜,0,considered,0.6468,0.6642,train,normal
301,晚餐,4,49,想吃好点,一般,阴,家人,不关心,重辣,,339,自贡小煎鸡,川菜,1,chosen,0.6289,0.6677,train,normal
301,晚餐,4,49,想吃好点,一般,阴,家人,不关心,重辣,,339,自贡小煎鸡,川菜,1,chosen,0.6289,0.6,train,normal
301,晚餐,4,49,想吃好点,一般,阴,家人,不关心,重辣,,339,自贡小煎鸡,川菜,1,chosen,0.6289,0.6079,train,normal
302,晚餐,4,89,正常,疲惫,阴,朋友,不关心,微辣,"海鲜,乳制品",232,粉蒸肉(川),川菜,1,chosen,0.6667,0.6186,val,normal
302,晚餐,4,89,正常,疲惫,阴,朋友,不关心,微辣,"海鲜,乳制品",232,粉蒸肉(川),川菜,1,chosen,0.6667,0.6657,val,normal
302,晚餐,4,89,正常,疲惫,阴,朋友,不关心,微辣,"海鲜,乳制品",232,粉蒸肉(川),川菜,1,chosen,0.6667,0.6316,val,normal
302,晚餐,4,89,正常,疲惫,阴,朋友,不关心,微辣,"海鲜,乳制品",288,粉蒸排骨,川菜,0,considered,0.6632,0.6943,val,normal
302,晚餐,4,89,正常,疲惫,阴,朋友,不关心,微辣,"海鲜,乳制品",292,荤豆花,川菜,0,considered,0.663,0.6977,val,normal
303,午餐,4,15,正常,一般,晴,同事,随便,不吃辣,,669,扬州炒饭,煲仔饭碟头饭,1,chosen,0.5578,0.509,train,normal
303,午餐,4,15,正常,一般,晴,同事,随便,不吃辣,,669,扬州炒饭,煲仔饭碟头饭,1,chosen,0.5578,0.5771,train,normal
303,午餐,4,15,正常,一般,晴,同事,随便,不吃辣,,669,扬州炒饭,煲仔饭碟头饭,1,chosen,0.5578,0.6075,train,normal
304,晚餐,3,19,不差钱,疲惫,晴,约会,随便,中辣,素食,552,攸县香干,湘菜,1,chosen,0.6518,0.6168,test,normal
304,晚餐,3,19,不差钱,疲惫,晴,约会,随便,中辣,素食,552,攸县香干,湘菜,1,chosen,0.6518,0.6431,test,normal
304,晚餐,3,19,不差钱,疲惫,晴,约会,随便,中辣,素食,552,攸县香干,湘菜,1,chosen,0.6518,0.6682,test,normal
305,早餐,4,96,想吃好点,一般,阴,朋友,随便,微辣,,424,黑椒牛仔骨,早茶点心,1,chosen,0.6097,0.6418,train,normal
305,早餐,4,96,想吃好点,一般,阴,朋友,随便,微辣,,424,黑椒牛仔骨,早茶点心,1,chosen,0.6097,0.5853,train,normal
305,早餐,4,96,想吃好点,一般,阴,朋友,随便,微辣,,424,黑椒牛仔骨,早茶点心,1,chosen,0.6097,0.6522,train,normal
306,午餐,4,66,正常,开心,雪,家人,不关心,不吃辣,,668,咸肉菜饭,煲仔饭碟头饭,1,chosen,0.7351,0.728,test,snow
306,午餐,4,66,正常,开心,雪,家人,不关心,不吃辣,,680,海南鸡饭,煲仔饭碟头饭,1,chosen,0.7351,0.6951,test,snow
306,午餐,4,66,正常,开心,雪,家人,不关心,不吃辣,,680,海南鸡饭,煲仔饭碟头饭,1,chosen,0.7351,0.7319,test,snow
307,午餐,2,81,正常,开心,晴,家人,不关心,微辣,乳制品,659,卤水鸭掌,烧腊卤味,1,chosen,0.6166,0.6367,train,normal
307,午餐,2,81,正常,开心,晴,家人,不关心,微辣,乳制品,659,卤水鸭掌,烧腊卤味,1,chosen,0.6166,0.6522,train,normal
307,午餐,2,81,正常,开心,晴,家人,不关心,微辣,乳制品,659,卤水鸭掌,烧腊卤味,1,chosen,0.6166,0.6507,train,normal
307,午餐,2,81,正常,开心,晴,家人,不关心,微辣,乳制品,657,卤水掌翼,烧腊卤味,0,considered,0.6166,0.6214,train,normal
307,午餐,2,81,正常,开心,晴,家人,不关心,微辣,乳制品,648,卤水鸡翅,烧腊卤味,0,considered,0.6166,0.5753,train,normal
308,午餐,2,46,想吃好点,一般,阴,朋友,严格控制,重辣,海鲜,340,跳水兔,川菜,1,chosen,0.6726,0.7149,train,normal
308,午餐,2,46,想吃好点,一般,阴,朋友,严格控制,重辣,海鲜,312,麻辣牛肉,川菜,1,chosen,0.6726,0.6766,train,normal
308,午餐,2,46,想吃好点,一般,阴,朋友,严格控制,重辣,海鲜,293,藤椒鸡,川菜,1,chosen,0.6904,0.7008,train,normal
309,晚餐,4,58,正常,开心,热,朋友,随便,不吃辣,,648,卤水鸡翅,烧腊卤味,1,chosen,0.6648,0.6585,val,normal
309,晚餐,4,58,正常,开心,热,朋友,随便,不吃辣,,360,白灼猪手,广府家常菜,1,chosen,0.6648,0.6816,val,normal
309,晚餐,4,58,正常,开心,热,朋友,随便,不吃辣,,648,卤水鸡翅,烧腊卤味,1,chosen,0.6648,0.6497,val,normal
309,晚餐,4,58,正常,开心,热,朋友,随便,不吃辣,,657,卤水掌翼,烧腊卤味,0,considered,0.6648,0.6925,val,normal
309,晚餐,4,58,正常,开心,热,朋友,随便,不吃辣,,659,卤水鸭掌,烧腊卤味,0,considered,0.6648,0.6682,val,normal
310,晚餐,5,18,想吃好点,疲惫,晴,约会,随便,不吃辣,,684,窝蛋牛肉饭,煲仔饭碟头饭,1,chosen,0.6608,0.6742,val,normal
310,晚餐,5,18,想吃好点,疲惫,晴,约会,随便,不吃辣,,684,窝蛋牛肉饭,煲仔饭碟头饭,1,chosen,0.6608,0.6432,val,normal
310,晚餐,5,18,想吃好点,疲惫,晴,约会,随便,不吃辣,,684,窝蛋牛肉饭,煲仔饭碟头饭,1,chosen,0.6608,0.7175,val,normal
311,午餐,3,53,正常,一般,雨,朋友,想健康,中辣,,15,宫保鸡丁,家常炒菜,1,chosen,0.7111,0.7876,train,normal
311,午餐,3,53,正常,一般,雨,朋友,想健康,中辣,,15,宫保鸡丁,家常炒菜,1,chosen,0.7111,0.705,train,normal
311,午餐,3,53,正常,一般,雨,朋友,想健康,中辣,,15,宫保鸡丁,家常炒菜,1,chosen,0.7111,0.7288,train,normal
311,午餐,3,53,正常,一般,雨,朋友,想健康,中辣,,184,鱼香肉丝,家常炒菜,0,considered,0.6913,0.6402,train,normal
311,午餐,3,53,正常,一般,雨,朋友,想健康,中辣,,191,干煸四季豆,家常炒菜,0,considered,0.678,0.6535,train,normal
312,午餐,4,34,省着点,压力大,晴,家人,不关心,微辣,海鲜,668,咸肉菜饭,煲仔饭碟头饭,1,chosen,0.6607,0.6643,train,normal
312,午餐,4,34,省着点,压力大,晴,家人,不关心,微辣,海鲜,685,菜饭骨头汤,煲仔饭碟头饭,1,chosen,0.649,0.6157,train,normal
312,午餐,4,34,省着点,压力大,晴,家人,不关心,微辣,海鲜,668,咸肉菜饭,煲仔饭碟头饭,1,chosen,0.6607,0.6685,train,normal
312,午餐,4,34,省着点,压力大,晴,家人,不关心,微辣,海鲜,2,青椒肉丝,煲仔饭碟头饭,0,considered,0.6515,0.6773,train,normal
312,午餐,4,34,省着点,压力大,晴,家人,不关心,微辣,海鲜,685,菜饭骨头汤,煲仔饭碟头饭,0,considered,0.649,0.6199,train,normal
313,晚餐,3,92,省着点,压力大,雪,约会,不关心,中辣,,786,南京皮肚面,长三角粉面,1,chosen,0.7895,0.7578,test,snow
313,晚餐,3,92,省着点,压力大,雪,约会,不关心,中辣,,786,南京皮肚面,长三角粉面,1,chosen,0.7895,0.7373,test,snow
313,晚餐,3,92,省着点,压力大,雪,约会,不关心,中辣,,786,南京皮肚面,长三角粉面,1,chosen,0.7895,0.7699,test,snow
313,晚餐,3,92,省着点,压力大,雪,约会,不关心,中辣,,11,云南小锅米线,长三角粉面,0,considered,0.7841,0.7901,test,snow
313,晚餐,3,92,省着点,压力大,雪,约会,不关心,中辣,,787,南京老卤面,长三角粉面,0,considered,0.774,0.8165,test,snow
314,晚餐,2,66,正常,开心,阴,约会,随便,不吃辣,素食,458,油焖笋,本帮江浙菜,1,chosen,0.623,0.6161,train,normal
314,晚餐,2,66,正常,开心,阴,约会,随便,不吃辣,素食,458,油焖笋,本帮江浙菜,1,chosen,0.623,0.6233,train,normal
314,晚餐,2,66,正常,开心,阴,约会,随便,不吃辣,素食,458,油焖笋,本帮江浙菜,1,chosen,0.623,0.6538,train,normal
315,午餐,4,23,想吃好点,一般,热,朋友,不关心,微辣,,656,卤水拼盘,烧腊卤味,1,chosen,0.6465,0.6706,train,normal
315,午餐,4,23,想吃好点,一般,热,朋友,不关心,微辣,,656,卤水拼盘,烧腊卤味,1,chosen,0.6465,0.642,train,normal
315,午餐,4,23,想吃好点,一般,热,朋友,不关心,微辣,,656,卤水拼盘,烧腊卤味,1,chosen,0.6465,0.6175,train,normal
315,午餐,4,23,想吃好点,一般,热,朋友,不关心,微辣,,651,牛杂,烧腊卤味,0,considered,0.6198,0.6416,train,normal
315,午餐,4,23,想吃好点,一般,热,朋友,不关心,微辣,,658,卤水豆腐,烧腊卤味,0,considered,0.6169,0.5834,train,normal
316,午餐,5,58,正常,疲惫,阴,朋友,不关心,不吃辣,,686,豉汁排骨煲仔饭,煲仔饭碟头饭,1,chosen,0.6607,0.6614,train,normal
316,午餐,5,58,正常,疲惫,阴,朋友,不关心,不吃辣,,686,豉汁排骨煲仔饭,煲仔饭碟头饭,1,chosen,0.6607,0.6858,train,normal
316,午餐,5,58,正常,疲惫,阴,朋友,不关心,不吃辣,,686,豉汁排骨煲仔饭,煲仔饭碟头饭,1,chosen,0.6607,0.6345,train,normal
317,早餐,4,51,省着点,一般,雨,同事,严格控制,重辣,"海鲜,乳制品",439,菜肉大馄饨,早餐粥点,1,chosen,0.6985,0.7509,train,normal
317,早餐,4,51,省着点,一般,雨,同事,严格控制,重辣,"海鲜,乳制品",439,菜肉大馄饨,早餐粥点,1,chosen,0.6985,0.7177,train,normal
317,早餐,4,51,省着点,一般,雨,同事,严格控制,重辣,"海鲜,乳制品",439,菜肉大馄饨,早餐粥点,1,chosen,0.6985,0.6836,train,normal
318,晚餐,4,51,正常,压力大,阴,约会,不关心,重辣,海鲜,570,白辣椒炒腊肉,湘菜,1,chosen,0.6936,0.6926,train,normal
318,晚餐,4,51,正常,压力大,阴,约会,不关心,重辣,海鲜,205,冒菜(川),川菜,1,chosen,0.7007,0.7368,train,normal
318,晚餐,4,51,正常,压力大,阴,约会,不关心,重辣,海鲜,205,冒菜(川),川菜,1,chosen,0.7007,0.7151,train,normal
319,早餐,4,59,正常,一般,晴,同事,想健康,不吃辣,,439,菜肉大馄饨,早餐粥点,1,chosen,0.6191,0.6161,val,normal
319,早餐,4,59,正常,一般,晴,同事,想健康,不吃辣,,439,菜肉大馄饨,早餐粥点,1,chosen,0.6191,0.6228,val,normal
319,早餐,4,59,正常,一般,晴,同事,想健康,不吃辣,,439,菜肉大馄饨,早餐粥点,1,chosen,0.6191,0.5948,val,normal
320,早餐,3,61,省着点,一般,晴,同事,不关心,微辣,海鲜,441,鲜肉小馄饨,早餐粥点,1,chosen,0.617,0.6014,val,normal
320,早餐,3,61,省着点,一般,晴,同事,不关心,微辣,海鲜,441,鲜肉小馄饨,早餐粥点,1,chosen,0.617,0.6308,val,normal
320,早餐,3,61,省着点,一般,晴,同事,不关心,微辣,海鲜,439,菜肉大馄饨,早餐粥点,1,chosen,0.617,0.6162,val,normal
320,早餐,3,61,省着点,一般,晴,同事,不关心,微辣,海鲜,448,扬州三丁包,早餐粥点,0,considered,0.617,0.5967,val,normal
320,早餐,3,61,省着点,一般,晴,同事,不关心,微辣,海鲜,445,咖喱牛肉汤,早餐粥点,0,considered,0.617,0.6706,val,normal
321,夜宵,3,80,省着点,低落,晴,朋友,随便,中辣,,645,臭豆腐,烧烤小吃,1,chosen,0.686,0.6547,val,normal
321,夜宵,3,80,省着点,低落,晴,朋友,随便,中辣,,645,臭豆腐,烧烤小吃,1,chosen,0.686,0.6814,val,normal
321,夜宵,3,80,省着点,低落,晴,朋友,随便,中辣,,645,臭豆腐,烧烤小吃,1,chosen,0.686,0.6806,val,normal
321,夜宵,3,80,省着点,低落,晴,朋友,随便,中辣,,641,烤金针菇,烧烤小吃,0,considered,0.6746,0.7013,val,normal
321,夜宵,3,80,省着点,低落,晴,朋友,随便,中辣,,30,铁板豆腐,烧烤小吃,0,considered,0.6746,0.6039,val,normal
322,晚餐,2,73,正常,开心,晴,一个人,想健康,中辣,,248,青椒肉丝(川),川菜,1,chosen,0.5775,0.5642,train,normal
322,晚餐,2,73,正常,开心,晴,一个人,想健康,中辣,,248,青椒肉丝(川),川菜,1,chosen,0.5775,0.5356,train,normal
322,晚餐,2,73,正常,开心,晴,一个人,想健康,中辣,,248,青椒肉丝(川),川菜,1,chosen,0.5775,0.5452,train,normal
322,晚餐,2,73,正常,开心,晴,一个人,想健康,中辣,,292,荤豆花,川菜,0,considered,0.556,0.5829,train,normal
322,晚餐,2,73,正常,开心,晴,一个人,想健康,中辣,,220,干煸四季豆(川),川菜,0,considered,0.5541,0.5313,train,normal
323,午餐,3,41,正常,一般,雪,朋友,想健康,中辣,,552,攸县香干,湘菜,1,chosen,0.7722,0.7913,test,snow
323,午餐,3,41,正常,一般,雪,朋友,想健康,中辣,,15,宫保鸡丁,家常炒菜,1,chosen,0.7821,0.7955,test,snow
323,午餐,3,41,正常,一般,雪,朋友,想健康,中辣,,15,宫保鸡丁,家常炒菜,1,chosen,0.7821,0.8054,test,snow
324,午餐,2,35,正常,疲惫,晴,朋友,不关心,微辣,,292,荤豆花,川菜,1,chosen,0.6494,0.665,test,normal
324,午餐,2,35,正常,疲惫,晴,朋友,不关心,微辣,,292,荤豆花,川菜,1,chosen,0.6494,0.6425,test,normal
324,午餐,2,35,正常,疲惫,晴,朋友,不关心,微辣,,651,牛杂,烧腊卤味,1,chosen,0.6426,0.626,test,normal
325,晚餐,2,46,正常,兴奋,晴,朋友,不关心,中辣,,594,醋蒸鸡,湘菜,1,chosen,0.6315,0.6033,test,normal
325,晚餐,2,46,正常,兴奋,晴,朋友,不关心,中辣,,594,醋蒸鸡,湘菜,1,chosen,0.6315,0.6208,test,normal
325,晚餐,2,46,正常,兴奋,晴,朋友,不关心,中辣,,594,醋蒸鸡,湘菜,1,chosen,0.6315,0.6066,test,normal
326,下午加餐,4,29,正常,疲惫,雨,同事,随便,微辣,乳制品,34,全麦鸡肉三明治,轻食健康,1,chosen,0.6578,0.6635,train,normal
326,下午加餐,4,29,正常,疲惫,雨,同事,随便,微辣,乳制品,710,赤豆糕,糖水甜品,1,chosen,0.6461,0.6476,train,normal
326,下午加餐,4,29,正常,疲惫,雨,同事,随便,微辣,乳制品,34,全麦鸡肉三明治,轻食健康,1,chosen,0.6578,0.72,train,normal
327,晚餐,3,78,正常,开心,热,一个人,想健康,微辣,,126,松仁小肚,东北菜,1,chosen,0.5963,0.6785,train,normal
327,晚餐,3,78,正常,开心,热,一个人,想健康,微辣,,126,松仁小肚,东北菜,1,chosen,0.5963,0.5932,train,normal
327,晚餐,3,78,正常,开心,热,一个人,想健康,微辣,,658,卤水豆腐,烧腊卤味,1,chosen,0.6,0.5981,train,normal
328,晚餐,5,45,正常,疲惫,雨,一个人,想健康,中辣,"海鲜,乳制品",552,攸县香干,湘菜,1,chosen,0.6579,0.7212,train,normal
328,晚餐,5,45,正常,疲惫,雨,一个人,想健康,中辣,"海鲜,乳制品",11,云南小锅米线,长三角粉面,1,chosen,0.6579,0.7028,train,normal
328,晚餐,5,45,正常,疲惫,雨,一个人,想健康,中辣,"海鲜,乳制品",11,云南小锅米线,长三角粉面,1,chosen,0.6579,0.6953,train,normal
329,晚餐,4,15,正常,压力大,热,一个人,想健康,重辣,,60,东北饭包,东北菜,1,chosen,0.6446,0.6639,train,normal
329,晚餐,4,15,正常,压力大,热,一个人,想健康,重辣,,60,东北饭包,东北菜,1,chosen,0.6446,0.6359,train,normal
329,晚餐,4,15,正常,压力大,热,一个人,想健康,重辣,,60,东北饭包,东北菜,1,chosen,0.6446,0.6367,train,normal
330,晚餐,3,28,想吃好点,开心,雪,家人,随便,不吃辣,,471,梭子蟹炒年糕,本帮江浙菜,1,chosen,0.7248,0.7731,test,snow
330,晚餐,3,28,想吃好点,开心,雪,家人,随便,不吃辣,,471,梭子蟹炒年糕,本帮江浙菜,1,chosen,0.7248,0.7606,test,snow
330,晚餐,3,28,想吃好点,开心,雪,家人,随便,不吃辣,,471,梭子蟹炒年糕,本帮江浙菜,1,chosen,0.7248,0.7288,test,snow
331,午餐,1,85,省着点,疲惫,雨,一个人,严格控制,微辣,,183,香干炒芹菜,家常炒菜,1,chosen,0.6172,0.6547,train,normal
331,午餐,1,85,省着点,疲惫,雨,一个人,严格控制,微辣,,71,干豆腐炒尖椒,东北菜,1,chosen,0.6067,0.6041,train,normal
331,午餐,1,85,省着点,疲惫,雨,一个人,严格控制,微辣,,183,香干炒芹菜,家常炒菜,1,chosen,0.6172,0.5843,train,normal
331,午餐,1,85,省着点,疲惫,雨,一个人,严格控制,微辣,,174,清炒芥兰,家常炒菜,0,considered,0.6172,0.5811,train,normal
331,午餐,1,85,省着点,疲惫,雨,一个人,严格控制,微辣,,178,蒜蓉空心菜,家常炒菜,0,considered,0.6172,0.6449,train,normal
332,午餐,2,80,省着点,开心,雨,朋友,随便,中辣,,523,长沙臭豆腐,湘菜,1,chosen,0.6771,0.6853,val,normal
332,午餐,2,80,省着点,开心,雨,朋友,随便,中辣,,523,长沙臭豆腐,湘菜,1,chosen,0.6771,0.6718,val,normal
332,午餐,2,80,省着点,开心,雨,朋友,随便,中辣,,523,长沙臭豆腐,湘菜,1,chosen,0.6771,0.6697,val,normal
332,午餐,2,80,省着点,开心,雨,朋友,随便,中辣,,575,紫苏煎黄瓜,湘菜,0,considered,0.6595,0.6303,val,normal
332,午餐,2,80,省着点,开心,雨,朋友,随便,中辣,,579,腊味萝卜干,湘菜,0,considered,0.6586,0.6735,val,normal
333,午餐,2,45,正常,开心,热,同事,随便,不吃辣,素食,658,卤水豆腐,烧腊卤味,1,chosen,0.5941,0.598,train,normal
333,午餐,2,45,正常,开心,热,同事,随便,不吃辣,素食,658,卤水豆腐,烧腊卤味,1,chosen,0.5941,0.5922,train,normal
333,午餐,2,45,正常,开心,热,同事,随便,不吃辣,素食,658,卤水豆腐,烧腊卤味,1,chosen,0.5941,0.5834,train,normal
334,早餐,2,50,不差钱,疲惫,雨,朋友,严格控制,中辣,素食,807,衢州常山索面,长三角粉面,1,chosen,0.7376,0.7034,train,normal
334,早餐,2,50,不差钱,疲惫,雨,朋友,严格控制,中辣,素食,807,衢州常山索面,长三角粉面,1,chosen,0.7376,0.7509,train,normal
334,早餐,2,50,不差钱,疲惫,雨,朋友,严格控制,中辣,素食,807,衢州常山索面,长三角粉面,1,chosen,0.7376,0.7601,train,normal
335,晚餐,3,15,正常,开心,晴,朋友,随便,微辣,,72,手撕包菜(东北),东北菜,1,chosen,0.6086,0.5711,train,normal
335,晚餐,3,15,正常,开心,晴,朋友,随便,微辣,,72,手撕包菜(东北),东北菜,1,chosen,0.6086,0.5807,train,normal
335,晚餐,3,15,正常,开心,晴,朋友,随便,微辣,,72,手撕包菜(东北),东北菜,1,chosen,0.6086,0.57,train,normal
335,晚餐,3,15,正常,开心,晴,朋友,随便,微辣,,71,干豆腐炒尖椒,东北菜,0,considered,0.6086,0.6286,train,normal
335,晚餐,3,15,正常,开心,晴,朋友,随便,微辣,,48,东北土豆丝,东北菜,0,considered,0.6086,0.6316,train,normal
336,晚餐,5,76,省着点,低落,阴,同事,不关心,不吃辣,,3,台式卤肉饭,煲仔饭碟头饭,1,chosen,0.5726,0.5497,test,normal
336,晚餐,5,76,省着点,低落,阴,同事,不关心,不吃辣,,3,台式卤肉饭,煲仔饭碟头饭,1,chosen,0.5726,0.6092,test,normal
336,晚餐,5,76,省着点,低落,阴,同事,不关心,不吃辣,,3,台式卤肉饭,煲仔饭碟头饭,1,chosen,0.5726,0.6316,test,normal
337,晚餐,3,70,正常,低落,雪,家人,严格控制,中辣,,15,宫保鸡丁,家常炒菜,1,chosen,0.818,0.8465,test,snow
337,晚餐,3,70,正常,低落,雪,家人,严格控制,中辣,,15,宫保鸡丁,家常炒菜,1,chosen,0.818,0.7723,test,snow
337,晚餐,3,70,正常,低落,雪,家人,严格控制,中辣,,15,宫保鸡丁,家常炒菜,1,chosen,0.818,0.825,test,snow
338,早餐,4,68,省着点,低落,雨,一个人,随便,微辣,,453,虾籽馄饨面,早餐粥点,1,chosen,0.5937,0.6378,train,normal
338,早餐,4,68,省着点,低落,雨,一个人,随便,微辣,,45,杂粮煎饼果子,早餐粥点,1,chosen,0.6051,0.5833,train,normal
338,早餐,4,68,省着点,低落,雨,一个人,随便,微辣,,45,杂粮煎饼果子,早餐粥点,1,chosen,0.6051,0.6221,train,normal
339,下午加餐,5,40,想吃好点,压力大,冷,一个人,想健康,中辣,,770,波奇饭,轻食健康,1,chosen,0.6131,0.667,val,normal
339,下午加餐,5,40,想吃好点,压力大,冷,一个人,想健康,中辣,,770,波奇饭,轻食健康,1,chosen,0.6131,0.5893,val,normal
339,下午加餐,5,40,想吃好点,压力大,冷,一个人,想健康,中辣,,770,波奇饭,轻食健康,1,chosen,0.6131,0.618,val,normal
340,下午加餐,3,71,省着点,压力大,晴,家人,想健康,重辣,海鲜,688,双皮奶,糖水甜品,1,chosen,0.6765,0.6345,test,normal
340,下午加餐,3,71,省着点,压力大,晴,家人,想健康,重辣,海鲜,688,双皮奶,糖水甜品,1,chosen,0.6765,0.6287,test,normal
340,下午加餐,3,71,省着点,压力大,晴,家人,想健康,重辣,海鲜,688,双皮奶,糖水甜品,1,chosen,0.6765,0.6645,test,normal
340,下午加餐,3,71,省着点,压力大,晴,家人,想健康,重辣,海鲜,707,芒果西米露,糖水甜品,0,considered,0.6549,0.6317,test,normal
340,下午加餐,3,71,省着点,压力大,晴,家人,想健康,重辣,海鲜,702,桂花糖芋艿,糖水甜品,0,considered,0.6548,0.6365,test,normal
341,午餐,3,15,不差钱,压力大,晴,一个人,想健康,不吃辣,乳制品,175,番茄炒牛肉,家常炒菜,1,chosen,0.5701,0.6001,train,normal
341,午餐,3,15,不差钱,压力大,晴,一个人,想健康,不吃辣,乳制品,175,番茄炒牛肉,家常炒菜,1,chosen,0.5701,0.564,train,normal
341,午餐,3,15,不差钱,压力大,晴,一个人,想健康,不吃辣,乳制品,350,丝瓜炒牛肉,广府家常菜,1,chosen,0.5663,0.6068,train,normal
342,晚餐,3,65,正常,一般,冷,同事,严格控制,中辣,,552,攸县香干,湘菜,1,chosen,0.6565,0.6837,train,normal
342,晚餐,3,65,正常,一般,冷,同事,严格控制,中辣,,552,攸县香干,湘菜,1,chosen,0.6565,0.6819,train,normal
342,晚餐,3,65,正常,一般,冷,同事,严格控制,中辣,,552,攸县香干,湘菜,1,chosen,0.6565,0.703,train,normal
343,午餐,3,55,不差钱,一般,雨,一个人,随便,重辣,,276,川味香辣虾,川菜,1,chosen,0.5726,0.5859,val,normal
343,午餐,3,55,不差钱,一般,雨,一个人,随便,重辣,,600,发丝牛百叶,湘菜,1,chosen,0.5786,0.5974,val,normal
343,午餐,3,55,不差钱,一般,雨,一个人,随便,重辣,,600,发丝牛百叶,湘菜,1,chosen,0.5786,0.5639,val,normal
344,晚餐,3,71,正常,一般,雨,朋友,想健康,中辣,,15,宫保鸡丁,家常炒菜,1,chosen,0.7111,0.6545,test,normal
344,晚餐,3,71,正常,一般,雨,朋友,想健康,中辣,,15,宫保鸡丁,家常炒菜,1,chosen,0.7111,0.7327,test,normal
344,晚餐,3,71,正常,一般,雨,朋友,想健康,中辣,,15,宫保鸡丁,家常炒菜,1,chosen,0.7111,0.6713,test,normal
344,晚餐,3,71,正常,一般,雨,朋友,想健康,中辣,,184,鱼香肉丝,家常炒菜,0,considered,0.6913,0.6453,test,normal
344,晚餐,3,71,正常,一般,雨,朋友,想健康,中辣,,191,干煸四季豆,家常炒菜,0,considered,0.678,0.6619,test,normal
345,午餐,3,21,想吃好点,开心,热,一个人,随便,重辣,,579,腊味萝卜干,湘菜,1,chosen,0.5774,0.5467,train,normal
345,午餐,3,21,想吃好点,开心,热,一个人,随便,重辣,,579,腊味萝卜干,湘菜,1,chosen,0.5774,0.5509,train,normal
345,午餐,3,21,想吃好点,开心,热,一个人,随便,重辣,,579,腊味萝卜干,湘菜,1,chosen,0.5774,0.583,train,normal
346,下午加餐,5,70,正常,开心,热,朋友,不关心,重辣,,706,芒果班戟,糖水甜品,1,chosen,0.6418,0.6726,train,normal
346,下午加餐,5,70,正常,开心,热,朋友,不关心,重辣,,706,芒果班戟,糖水甜品,1,chosen,0.6418,0.6626,train,normal
346,下午加餐,5,70,正常,开心,热,朋友,不关心,重辣,,706,芒果班戟,糖水甜品,1,chosen,0.6418,0.6739,train,normal
347,午餐,3,65,想吃好点,一般,晴,同事,不关心,微辣,乳制品,811,鳝丝面,长三角粉面,1,chosen,0.562,0.5288,train,normal
347,午餐,3,65,想吃好点,一般,晴,同事,不关心,微辣,乳制品,651,牛杂,烧腊卤味,1,chosen,0.562,0.5792,train,normal
347,午餐,3,65,想吃好点,一般,晴,同事,不关心,微辣,乳制品,651,牛杂,烧腊卤味,1,chosen,0.562,0.5641,train,normal
348,晚餐,3,24,不差钱,疲惫,雨,一个人,想健康,不吃辣,,471,梭子蟹炒年糕,本帮江浙菜,1,chosen,0.6345,0.6959,train,normal
348,晚餐,3,24,不差钱,疲惫,雨,一个人,想健康,不吃辣,,477,爆炒梭子蟹,本帮江浙菜,1,chosen,0.628,0.58,train,normal
348,晚餐,3,24,不差钱,疲惫,雨,一个人,想健康,不吃辣,,471,梭子蟹炒年糕,本帮江浙菜,1,chosen,0.6345,0.5995,train,normal
349,午餐,3,61,省着点,开心,热,一个人,不关心,中辣,海鲜,579,腊味萝卜干,湘菜,1,chosen,0.5816,0.6189,train,normal
349,午餐,3,61,省着点,开心,热,一个人,不关心,中辣,海鲜,579,腊味萝卜干,湘菜,1,chosen,0.5816,0.5884,train,normal
349,午餐,3,61,省着点,开心,热,一个人,不关心,中辣,海鲜,579,腊味萝卜干,湘菜,1,chosen,0.5816,0.615,train,normal
350,下午加餐,3,55,省着点,一般,晴,一个人,严格控制,微辣,,772,鲜榨橙汁,轻食健康,1,chosen,0.6378,0.6052,train,normal
350,下午加餐,3,55,省着点,一般,晴,一个人,严格控制,微辣,,36,希腊酸奶坚果碗,轻食健康,1,chosen,0.6214,0.6072,train,normal
350,下午加餐,3,55,省着点,一般,晴,一个人,严格控制,微辣,,766,水煮时蔬,轻食健康,1,chosen,0.637,0.594,train,normal
351,午餐,5,35,不差钱,一般,晴,约会,不关心,微辣,,687,黄鳝煲仔饭,煲仔饭碟头饭,1,chosen,0.6218,0.6181,train,normal
351,午餐,5,35,不差钱,一般,晴,约会,不关心,微辣,,383,避风塘炒蟹,广府家常菜,1,chosen,0.6368,0.5785,train,normal
351,午餐,5,35,不差钱,一般,晴,约会,不关心,微辣,,383,避风塘炒蟹,广府家常菜,1,chosen,0.6368,0.7352,train,normal
351,午餐,5,35,不差钱,一般,晴,约会,不关心,微辣,,372,一品煲,广府家常菜,0,considered,0.6289,0.6896,train,normal
351,午餐,5,35,不差钱,一般,晴,约会,不关心,微辣,,380,煎焗鱼嘴,广府家常菜,0,considered,0.6156,0.5594,train,normal
352,晚餐,1,60,省着点,兴奋,雨,朋友,不关心,微辣,,109,东北臭豆腐,东北菜,1,chosen,0.6263,0.666,train,normal
352,晚餐,1,60,省着点,兴奋,雨,朋友,不关心,微辣,,192,椒盐豆腐,家常炒菜,1,chosen,0.6127,0.5794,train,normal
352,晚餐,1,60,省着点,兴奋,雨,朋友,不关心,微辣,,109,东北臭豆腐,东北菜,1,chosen,0.6263,0.6719,train,normal
353,下午加餐,2,37,正常,开心,冷,一个人,想健康,中辣,,766,水煮时蔬,轻食健康,1,chosen,0.6274,0.607,train,normal
353,下午加餐,2,37,正常,开心,冷,一个人,想健康,中辣,,766,水煮时蔬,轻食健康,1,chosen,0.6274,0.6998,train,normal
353,下午加餐,2,37,正常,开心,冷,一个人,想健康,中辣,,766,水煮时蔬,轻食健康,1,chosen,0.6274,0.6315,train,normal
354,午餐,3,37,省着点,一般,雨,一个人,随便,不吃辣,素食,658,卤水豆腐,烧腊卤味,1,chosen,0.5549,0.52,train,normal
354,午餐,3,37,省着点,一般,雨,一个人,随便,不吃辣,素食,658,卤水豆腐,烧腊卤味,1,chosen,0.5549,0.5818,train,normal
354,午餐,3,37,省着点,一般,雨,一个人,随便,不吃辣,素食,573,糖油粑粑,湘菜,1,chosen,0.5449,0.4714,train,normal
354,午餐,3,37,省着点,一般,雨,一个人,随便,不吃辣,素食,657,卤水掌翼,烧腊卤味,0,considered,0.0,0.0,train,normal
354,午餐,3,37,省着点,一般,雨,一个人,随便,不吃辣,素食,656,卤水拼盘,烧腊卤味,0,considered,0.0,0.0,train,normal
355,晚餐,3,70,正常,兴奋,阴,家人,不关心,微辣,,651,牛杂,烧腊卤味,1,chosen,0.6181,0.5827,train,normal
355,晚餐,3,70,正常,兴奋,阴,家人,不关心,微辣,,237,蒜泥白肉,川菜,1,chosen,0.6249,0.6276,train,normal
355,晚餐,3,70,正常,兴奋,阴,家人,不关心,微辣,,559,湖南蛋饺,湘菜,1,chosen,0.6249,0.6395,train,normal
356,午餐,5,53,正常,压力大,晴,一个人,想健康,中辣,,11,云南小锅米线,长三角粉面,1,chosen,0.6142,0.6461,val,normal
356,午餐,5,53,正常,压力大,晴,一个人,想健康,中辣,,11,云南小锅米线,长三角粉面,1,chosen,0.6142,0.6358,val,normal
356,午餐,5,53,正常,压力大,晴,一个人,想健康,中辣,,11,云南小锅米线,长三角粉面,1,chosen,0.6142,0.6211,val,normal
356,午餐,5,53,正常,压力大,晴,一个人,想健康,中辣,,6,兰州牛肉面,长三角粉面,0,considered,0.6063,0.6214,val,normal
356,午餐,5,53,正常,压力大,晴,一个人,想健康,中辣,,786,南京皮肚面,长三角粉面,0,considered,0.6044,0.5953,val,normal
357,晚餐,4,41,省着点,兴奋,雨,一个人,想健康,微辣,海鲜,2,青椒肉丝,煲仔饭碟头饭,1,chosen,0.6124,0.5958,train,normal
357,晚餐,4,41,省着点,兴奋,雨,一个人,想健康,微辣,海鲜,6,兰州牛肉面,长三角粉面,1,chosen,0.6058,0.57,train,normal
357,晚餐,4,41,省着点,兴奋,雨,一个人,想健康,微辣,海鲜,2,青椒肉丝,煲仔饭碟头饭,1,chosen,0.6124,0.6079,train,normal
358,晚餐,3,42,正常,一般,晴,家人,想健康,不吃辣,,91,红烧带鱼,东北菜,1,chosen,0.6406,0.6176,train,normal
358,晚餐,3,42,正常,一般,晴,家人,想健康,不吃辣,,116,大丰收,东北菜,1,chosen,0.6406,0.6295,train,normal
358,晚餐,3,42,正常,一般,晴,家人,想健康,不吃辣,,91,红烧带鱼,东北菜,1,chosen,0.6406,0.6276,train,normal
359,早餐,4,42,省着点,疲惫,雨,家人,想健康,不吃辣,,439,菜肉大馄饨,早餐粥点,1,chosen,0.7215,0.743,train,normal
359,早餐,4,42,省着点,疲惫,雨,家人,想健康,不吃辣,,439,菜肉大馄饨,早餐粥点,1,chosen,0.7215,0.7182,train,normal
359,早餐,4,42,省着点,疲惫,雨,家人,想健康,不吃辣,,439,菜肉大馄饨,早餐粥点,1,chosen,0.7215,0.7093,train,normal
359,早餐,4,42,省着点,疲惫,雨,家人,想健康,不吃辣,,428,及第粥,早餐粥点,0,considered,0.721,0.7399,train,normal
359,早餐,4,42,省着点,疲惫,雨,家人,想健康,不吃辣,,43,皮蛋瘦肉粥,早餐粥点,0,considered,0.7154,0.6803,train,normal
360,晚餐,3,38,想吃好点,一般,热,朋友,不关心,微辣,海鲜,237,蒜泥白肉,川菜,1,chosen,0.6667,0.6679,train,normal
360,晚餐,3,38,想吃好点,一般,热,朋友,不关心,微辣,海鲜,648,卤水鸡翅,烧腊卤味,1,chosen,0.6488,0.6842,train,normal
360,晚餐,3,38,想吃好点,一般,热,朋友,不关心,微辣,海鲜,237,蒜泥白肉,川菜,1,chosen,0.6667,0.6777,train,normal
361,晚餐,5,62,正常,压力大,雨,约会,严格控制,重辣,,13,麻婆豆腐,家常炒菜,1,chosen,0.7856,0.8048,train,normal
361,晚餐,5,62,正常,压力大,雨,约会,严格控制,重辣,,541,小炒香干,湘菜,1,chosen,0.772,0.742,train,normal
361,晚餐,5,62,正常,压力大,雨,约会,严格控制,重辣,,13,麻婆豆腐,家常炒菜,1,chosen,0.7856,0.775,train,normal
361,晚餐,5,62,正常,压力大,雨,约会,严格控制,重辣,,15,宫保鸡丁,家常炒菜,0,considered,0.7781,0.7425,train,normal
361,晚餐,5,62,正常,压力大,雨,约会,严格控制,重辣,,184,鱼香肉丝,家常炒菜,0,considered,0.7504,0.7132,train,normal
362,午餐,5,15,正常,疲惫,阴,朋友,想健康,微辣,,6,兰州牛肉面,长三角粉面,1,chosen,0.6881,0.6423,train,normal
362,午餐,5,15,正常,疲惫,阴,朋友,想健康,微辣,,6,兰州牛肉面,长三角粉面,1,chosen,0.6881,0.6868,train,normal
362,午餐,5,15,正常,疲惫,阴,朋友,想健康,微辣,,6,兰州牛肉面,长三角粉面,1,chosen,0.6881,0.6696,train,normal
363,午餐,1,37,正常,低落,阴,约会,随便,不吃辣,,368,豉汁蒸凤爪,广府家常菜,1,chosen,0.6202,0.6253,train,normal
363,午餐,1,37,正常,低落,阴,约会,随便,不吃辣,,370,陈皮蒸牛肉饼,广府家常菜,1,chosen,0.6135,0.646,train,normal
363,午餐,1,37,正常,低落,阴,约会,随便,不吃辣,,368,豉汁蒸凤爪,广府家常菜,1,chosen,0.6202,0.606,train,normal
363,午餐,1,37,正常,低落,阴,约会,随便,不吃辣,,369,豉汁蒸鱼头,广府家常菜,0,considered,0.6135,0.6236,train,normal
363,午餐,1,37,正常,低落,阴,约会,随便,不吃辣,,370,陈皮蒸牛肉饼,广府家常菜,0,considered,0.6135,0.6371,train,normal
364,晚餐,3,41,想吃好点,开心,阴,同事,想健康,不吃辣,,365,豆豉蒸鲮鱼,广府家常菜,1,chosen,0.6046,0.6486,train,normal
364,晚餐,3,41,想吃好点,开心,阴,同事,想健康,不吃辣,,365,豆豉蒸鲮鱼,广府家常菜,1,chosen,0.6046,0.5394,train,normal
364,晚餐,3,41,想吃好点,开心,阴,同事,想健康,不吃辣,,365,豆豉蒸鲮鱼,广府家常菜,1,chosen,0.6046,0.5766,train,normal
365,午餐,1,75,不差钱,开心,冷,约会,不关心,重辣,海鲜,601,口味蛇,湘菜,1,chosen,0.6986,0.6841,train,normal
365,午餐,1,75,不差钱,开心,冷,约会,不关心,重辣,海鲜,601,口味蛇,湘菜,1,chosen,0.6986,0.7083,train,normal
365,午餐,1,75,不差钱,开心,冷,约会,不关心,重辣,海鲜,601,口味蛇,湘菜,1,chosen,0.6986,0.7246,train,normal
366,下午加餐,5,63,正常,一般,热,家人,随便,中辣,,706,芒果班戟,糖水甜品,1,chosen,0.6303,0.6281,train,normal
366,下午加餐,5,63,正常,一般,热,家人,随便,中辣,,706,芒果班戟,糖水甜品,1,chosen,0.6303,0.6938,train,normal
366,下午加餐,5,63,正常,一般,热,家人,随便,中辣,,706,芒果班戟,糖水甜品,1,chosen,0.6303,0.6234,train,normal
367,晚餐,4,87,正常,低落,热,同事,想健康,不吃辣,,9,炸酱面,长三角粉面,1,chosen,0.6464,0.644,train,normal
367,晚餐,4,87,正常,低落,热,同事,想健康,不吃辣,,9,炸酱面,长三角粉面,1,chosen,0.6464,0.6645,train,normal
367,晚餐,4,87,正常,低落,热,同事,想健康,不吃辣,,9,炸酱面,长三角粉面,1,chosen,0.6464,0.5962,train,normal
367,晚餐,4,87,正常,低落,热,同事,想健康,不吃辣,,776,杭州片儿川,长三角粉面,0,considered,0.6062,0.6192,train,normal
367,晚餐,4,87,正常,低落,热,同事,想健康,不吃辣,,790,宁波仓桥面结面,长三角粉面,0,considered,0.6062,0.5623,train,normal
368,晚餐,3,39,想吃好点,疲惫,冷,家人,随便,中辣,,15,宫保鸡丁,家常炒菜,1,chosen,0.7136,0.7357,val,normal
368,晚餐,3,39,想吃好点,疲惫,冷,家人,随便,中辣,,15,宫保鸡丁,家常炒菜,1,chosen,0.7136,0.7406,val,normal
368,晚餐,3,39,想吃好点,疲惫,冷,家人,随便,中辣,,241,酸汤肥牛,川菜,1,chosen,0.7136,0.7308,val,normal
368,晚餐,3,39,想吃好点,疲惫,冷,家人,随便,中辣,,184,鱼香肉丝,家常炒菜,0,considered,0.6954,0.7032,val,normal
368,晚餐,3,39,想吃好点,疲惫,冷,家人,随便,中辣,,186,八宝辣酱,家常炒菜,0,considered,0.6884,0.6737,val,normal
369,午餐,3,15,想吃好点,兴奋,阴,朋友,随便,不吃辣,,357,烧肉炒芥兰,广府家常菜,1,chosen,0.5994,0.659,train,normal
369,午餐,3,15,想吃好点,兴奋,阴,朋友,随便,不吃辣,,357,烧肉炒芥兰,广府家常菜,1,chosen,0.5994,0.7269,train,normal
369,午餐,3,15,想吃好点,兴奋,阴,朋友,随便,不吃辣,,357,烧肉炒芥兰,广府家常菜,1,chosen,0.5994,0.571,train,normal
370,晚餐,3,35,正常,疲惫,阴,朋友,严格控制,中辣,,15,宫保鸡丁,家常炒菜,1,chosen,0.7215,0.7097,train,normal
370,晚餐,3,35,正常,疲惫,阴,朋友,严格控制,中辣,,15,宫保鸡丁,家常炒菜,1,chosen,0.7215,0.6764,train,normal
370,晚餐,3,35,正常,疲惫,阴,朋友,严格控制,中辣,,15,宫保鸡丁,家常炒菜,1,chosen,0.7215,0.7666,train,normal
370,晚餐,3,35,正常,疲惫,阴,朋友,严格控制,中辣,,184,鱼香肉丝,家常炒菜,0,considered,0.6901,0.6928,train,normal
370,晚餐,3,35,正常,疲惫,阴,朋友,严格控制,中辣,,175,番茄炒牛肉,家常炒菜,0,considered,0.6735,0.6752,train,normal
371,早餐,5,30,想吃好点,开心,阴,家人,想健康,不吃辣,,454,蟹粉小笼包,早餐粥点,1,chosen,0.6455,0.6311,val,normal
371,早餐,5,30,想吃好点,开心,阴,家人,想健康,不吃辣,,454,蟹粉小笼包,早餐粥点,1,chosen,0.6455,0.6852,val,normal
371,早餐,5,30,想吃好点,开心,阴,家人,想健康,不吃辣,,454,蟹粉小笼包,早餐粥点,1,chosen,0.6455,0.5722,val,normal
372,晚餐,3,28,正常,一般,热,朋友,不关心,中辣,,579,腊味萝卜干,湘菜,1,chosen,0.6664,0.6217,val,normal
372,晚餐,3,28,正常,一般,热,朋友,不关心,中辣,,579,腊味萝卜干,湘菜,1,chosen,0.6664,0.6475,val,normal
372,晚餐,3,28,正常,一般,热,朋友,不关心,中辣,,579,腊味萝卜干,湘菜,1,chosen,0.6664,0.6775,val,normal
373,午餐,4,28,想吃好点,一般,阴,同事,想健康,中辣,,309,鱼香虾仁,川菜,1,chosen,0.6023,0.6134,train,normal
373,午餐,4,28,想吃好点,一般,阴,同事,想健康,中辣,,309,鱼香虾仁,川菜,1,chosen,0.6023,0.5554,train,normal
373,午餐,4,28,想吃好点,一般,阴,同事,想健康,中辣,,309,鱼香虾仁,川菜,1,chosen,0.6023,0.6621,train,normal
373,午餐,4,28,想吃好点,一般,阴,同事,想健康,中辣,,248,青椒肉丝(川),川菜,0,considered,0.5978,0.6191,train,normal
373,午餐,4,28,想吃好点,一般,阴,同事,想健康,中辣,,300,酸菜肥牛,川菜,0,considered,0.5964,0.6403,train,normal
374,下午加餐,3,49,不差钱,低落,雨,约会,严格控制,不吃辣,海鲜,765,拿铁,轻食健康,1,chosen,0.7026,0.6775,train,normal
374,下午加餐,3,49,不差钱,低落,雨,约会,严格控制,不吃辣,海鲜,32,藜麦牛油果碗,轻食健康,1,chosen,0.7425,0.7605,train,normal
374,下午加餐,3,49,不差钱,低落,雨,约会,严格控制,不吃辣,海鲜,32,藜麦牛油果碗,轻食健康,1,chosen,0.7425,0.7058,train,normal
375,午餐,2,55,想吃好点,开心,阴,朋友,不关心,微辣,,511,黄山臭鳜鱼,本帮江浙菜,1,chosen,0.6262,0.6704,train,normal
375,午餐,2,55,想吃好点,开心,阴,朋友,不关心,微辣,,511,黄山臭鳜鱼,本帮江浙菜,1,chosen,0.6262,0.6663,train,normal
375,午餐,2,55,想吃好点,开心,阴,朋友,不关心,微辣,,511,黄山臭鳜鱼,本帮江浙菜,1,chosen,0.6262,0.6455,train,normal
376,午餐,2,37,省着点,疲惫,晴,一个人,不关心,重辣,,580,臭豆腐炒辣椒,湘菜,1,chosen,0.5689,0.5368,train,normal
376,午餐,2,37,省着点,疲惫,晴,一个人,不关心,重辣,,580,臭豆腐炒辣椒,湘菜,1,chosen,0.5689,0.5382,train,normal
376,午餐,2,37,省着点,疲惫,晴,一个人,不关心,重辣,,580,臭豆腐炒辣椒,湘菜,1,chosen,0.5689,0.5574,train,normal
377,晚餐,2,15,正常,一般,冷,约会,随便,重辣,,580,臭豆腐炒辣椒,湘菜,1,chosen,0.6783,0.6708,train,normal
377,晚餐,2,15,正常,一般,冷,约会,随便,重辣,,580,臭豆腐炒辣椒,湘菜,1,chosen,0.6783,0.6149,train,normal
377,晚餐,2,15,正常,一般,冷,约会,随便,重辣,,580,臭豆腐炒辣椒,湘菜,1,chosen,0.6783,0.6369,train,normal
378,下午加餐,1,25,正常,疲惫,雨,约会,想健康,重辣,,34,全麦鸡肉三明治,轻食健康,1,chosen,0.7296,0.7337,train,normal
378,下午加餐,1,25,正常,疲惫,雨,约会,想健康,重辣,,34,全麦鸡肉三明治,轻食健康,1,chosen,0.7296,0.674,train,normal
378,下午加餐,1,25,正常,疲惫,雨,约会,想健康,重辣,,34,全麦鸡肉三明治,轻食健康,1,chosen,0.7296,0.7478,train,normal
379,午餐,1,30,省着点,一般,热,家人,想健康,微辣,海鲜,658,卤水豆腐,烧腊卤味,1,chosen,0.6419,0.672,train,normal
379,午餐,1,30,省着点,一般,热,家人,想健康,微辣,海鲜,658,卤水豆腐,烧腊卤味,1,chosen,0.6419,0.6893,train,normal
379,午餐,1,30,省着点,一般,热,家人,想健康,微辣,海鲜,658,卤水豆腐,烧腊卤味,1,chosen,0.6419,0.6837,train,normal
380,晚餐,5,67,想吃好点,兴奋,热,约会,想健康,微辣,,655,豉油鸡,烧腊卤味,1,chosen,0.7054,0.6739,train,normal
380,晚餐,5,67,想吃好点,兴奋,热,约会,想健康,微辣,,297,连锅汤,川菜,1,chosen,0.6958,0.6984,train,normal
380,晚餐,5,67,想吃好点,兴奋,热,约会,想健康,微辣,,655,豉油鸡,烧腊卤味,1,chosen,0.7054,0.721,train,normal
381,晚餐,4,70,正常,一般,晴,朋友,不关心,中辣,,602,浏阳豆豉蒸肉,湘菜,1,chosen,0.6319,0.6245,val,normal
381,晚餐,4,70,正常,一般,晴,朋友,不关心,中辣,,602,浏阳豆豉蒸肉,湘菜,1,chosen,0.6319,0.6053,val,normal
381,晚餐,4,70,正常,一般,晴,朋友,不关心,中辣,,602,浏阳豆豉蒸肉,湘菜,1,chosen,0.6319,0.6433,val,normal
382,晚餐,3,41,想吃好点,疲惫,阴,朋友,不关心,不吃辣,海鲜,460,糖醋排骨,本帮江浙菜,1,chosen,0.6496,0.7214,test,normal
382,晚餐,3,41,想吃好点,疲惫,阴,朋友,不关心,不吃辣,海鲜,460,糖醋排骨,本帮江浙菜,1,chosen,0.6496,0.7347,test,normal
382,晚餐,3,41,想吃好点,疲惫,阴,朋友,不关心,不吃辣,海鲜,460,糖醋排骨,本帮江浙菜,1,chosen,0.6496,0.6607,test,normal
382,晚餐,3,41,想吃好点,疲惫,阴,朋友,不关心,不吃辣,海鲜,458,油焖笋,本帮江浙菜,0,considered,0.6459,0.6714,test,normal
382,晚餐,3,41,想吃好点,疲惫,阴,朋友,不关心,不吃辣,海鲜,465,南京烤鸭,本帮江浙菜,0,considered,0.5998,0.5864,test,normal
383,晚餐,4,63,正常,低落,雨,同事,想健康,微辣,,366,豉椒炒花甲,广府家常菜,1,chosen,0.6781,0.7134,val,normal
383,晚餐,4,63,正常,低落,雨,同事,想健康,微辣,,366,豉椒炒花甲,广府家常菜,1,chosen,0.6781,0.6738,val,normal
383,晚餐,4,63,正常,低落,雨,同事,想健康,微辣,,366,豉椒炒花甲,广府家常菜,1,chosen,0.6781,0.6945,val,normal
384,午餐,1,54,想吃好点,一般,晴,同事,随便,中辣,,166,炒蚕蛹,东北菜,1,chosen,0.5447,0.4907,train,normal
384,午餐,1,54,想吃好点,一般,晴,同事,随便,中辣,,166,炒蚕蛹,东北菜,1,chosen,0.5447,0.4779,train,normal
384,午餐,1,54,想吃好点,一般,晴,同事,随便,中辣,,166,炒蚕蛹,东北菜,1,chosen,0.5447,0.5268,train,normal
384,午餐,1,54,想吃好点,一般,晴,同事,随便,中辣,,162,干煸茧蛹,东北菜,0,considered,0.5447,0.5509,train,normal
384,午餐,1,54,想吃好点,一般,晴,同事,随便,中辣,,109,东北臭豆腐,东北菜,0,considered,0.5129,0.5408,train,normal
385,晚餐,1,50,正常,兴奋,阴,一个人,不关心,微辣,"海鲜,乳制品",166,炒蚕蛹,东北菜,1,chosen,0.5165,0.5444,train,normal
385,晚餐,1,50,正常,兴奋,阴,一个人,不关心,微辣,"海鲜,乳制品",166,炒蚕蛹,东北菜,1,chosen,0.5165,0.5748,train,normal
385,晚餐,1,50,正常,兴奋,阴,一个人,不关心,微辣,"海鲜,乳制品",166,炒蚕蛹,东北菜,1,chosen,0.5165,0.6151,train,normal
386,晚餐,4,22,正常,低落,雨,朋友,想健康,微辣,,2,青椒肉丝,煲仔饭碟头饭,1,chosen,0.7224,0.6671,train,normal
386,晚餐,4,22,正常,低落,雨,朋友,想健康,微辣,,2,青椒肉丝,煲仔饭碟头饭,1,chosen,0.7224,0.7455,train,normal
386,晚餐,4,22,正常,低落,雨,朋友,想健康,微辣,,2,青椒肉丝,煲仔饭碟头饭,1,chosen,0.7224,0.7393,train,normal
386,晚餐,4,22,正常,低落,雨,朋友,想健康,微辣,,4,咖喱鸡排饭,煲仔饭碟头饭,0,considered,0.6906,0.6544,train,normal
386,晚餐,4,22,正常,低落,雨,朋友,想健康,微辣,,678,北菇滑鸡饭,煲仔饭碟头饭,0,considered,0.6897,0.6864,train,normal
387,晚餐,5,39,正常,疲惫,晴,约会,随便,重辣,麸质,205,冒菜(川),川菜,1,chosen,0.7007,0.6822,train,normal
387,晚餐,5,39,正常,疲惫,晴,约会,随便,重辣,麸质,221,干锅土豆片,川菜,1,chosen,0.694,0.7437,train,normal
387,晚餐,5,39,正常,疲惫,晴,约会,随便,重辣,麸质,205,冒菜(川),川菜,1,chosen,0.7007,0.6958,train,normal
388,早餐,4,61,正常,低落,晴,同事,不关心,重辣,素食,808,金华佛堂千张面,长三角粉面,1,chosen,0.5337,0.5624,train,normal
388,早餐,4,61,正常,低落,晴,同事,不关心,重辣,素食,807,衢州常山索面,长三角粉面,1,chosen,0.5651,0.5738,train,normal
388,早餐,4,61,正常,低落,晴,同事,不关心,重辣,素食,807,衢州常山索面,长三角粉面,1,chosen,0.5651,0.5909,train,normal
388,早餐,4,61,正常,低落,晴,同事,不关心,重辣,素食,793,常熟蕈油面,长三角粉面,0,considered,0.5337,0.5405,train,normal
388,早餐,4,61,正常,低落,晴,同事,不关心,重辣,素食,804,素鸡面,长三角粉面,0,considered,0.5337,0.4862,train,normal
389,晚餐,3,55,省着点,一般,热,家人,想健康,中辣,,658,卤水豆腐,烧腊卤味,1,chosen,0.6827,0.6936,train,normal
389,晚餐,3,55,省着点,一般,热,家人,想健康,中辣,,658,卤水豆腐,烧腊卤味,1,chosen,0.6827,0.6908,train,normal
389,晚餐,3,55,省着点,一般,热,家人,想健康,中辣,,575,紫苏煎黄瓜,湘菜,1,chosen,0.6505,0.6896,train,normal
390,晚餐,4,15,不差钱,兴奋,雨,一个人,严格控制,微辣,乳制品,366,豉椒炒花甲,广府家常菜,1,chosen,0.6098,0.6138,val,normal
390,晚餐,4,15,不差钱,兴奋,雨,一个人,严格控制,微辣,乳制品,366,豉椒炒花甲,广府家常菜,1,chosen,0.6098,0.671,val,normal
390,晚餐,4,15,不差钱,兴奋,雨,一个人,严格控制,微辣,乳制品,351,凉瓜炒牛肉,广府家常菜,1,chosen,0.5976,0.5538,val,normal
391,午餐,2,42,正常,低落,晴,一个人,严格控制,中辣,,248,青椒肉丝(川),川菜,1,chosen,0.6128,0.6265,train,normal
391,午餐,2,42,正常,低落,晴,一个人,严格控制,中辣,,248,青椒肉丝(川),川菜,1,chosen,0.6128,0.5551,train,normal
391,午餐,2,42,正常,低落,晴,一个人,严格控制,中辣,,575,紫苏煎黄瓜,湘菜,1,chosen,0.5993,0.5531,train,normal
392,午餐,4,48,不差钱,低落,热,同事,随便,中辣,,579,腊味萝卜干,湘菜,1,chosen,0.6269,0.608,val,normal
392,午餐,4,48,不差钱,低落,热,同事,随便,中辣,,579,腊味萝卜干,湘菜,1,chosen,0.6269,0.6639,val,normal
392,午餐,4,48,不差钱,低落,热,同事,随便,中辣,,579,腊味萝卜干,湘菜,1,chosen,0.6269,0.5515,val,normal
393,晚餐,3,15,省着点,开心,热,朋友,不关心,中辣,"海鲜,乳制品",579,腊味萝卜干,湘菜,1,chosen,0.664,0.6712,train,normal
393,晚餐,3,15,省着点,开心,热,朋友,不关心,中辣,"海鲜,乳制品",579,腊味萝卜干,湘菜,1,chosen,0.664,0.6438,train,normal
393,晚餐,3,15,省着点,开心,热,朋友,不关心,中辣,"海鲜,乳制品",579,腊味萝卜干,湘菜,1,chosen,0.664,0.6218,train,normal
394,夜宵,2,34,正常,疲惫,雨,同事,不关心,重辣,,641,烤金针菇,烧烤小吃,1,chosen,0.704,0.771,train,normal
394,夜宵,2,34,正常,疲惫,雨,同事,不关心,重辣,,641,烤金针菇,烧烤小吃,1,chosen,0.704,0.7432,train,normal
394,夜宵,2,34,正常,疲惫,雨,同事,不关心,重辣,,645,臭豆腐,烧烤小吃,1,chosen,0.6941,0.7058,train,normal
395,午餐,4,80,省着点,疲惫,阴,朋友,严格控制,中辣,素食,575,紫苏煎黄瓜,湘菜,1,chosen,0.7038,0.7324,train,normal
395,午餐,4,80,省着点,疲惫,阴,朋友,严格控制,中辣,素食,552,攸县香干,湘菜,1,chosen,0.6954,0.6686,train,normal
395,午餐,4,80,省着点,疲惫,阴,朋友,严格控制,中辣,素食,575,紫苏煎黄瓜,湘菜,1,chosen,0.7038,0.7253,train,normal
396,午餐,4,89,正常,兴奋,冷,朋友,想健康,中辣,,248,青椒肉丝(川),川菜,1,chosen,0.7174,0.6821,val,normal
396,午餐,4,89,正常,兴奋,冷,朋友,想健康,中辣,,15,宫保鸡丁,家常炒菜,1,chosen,0.7273,0.705,val,normal
396,午餐,4,89,正常,兴奋,冷,朋友,想健康,中辣,,15,宫保鸡丁,家常炒菜,1,chosen,0.7273,0.7622,val,normal
396,午餐,4,89,正常,兴奋,冷,朋友,想健康,中辣,,184,鱼香肉丝,家常炒菜,0,considered,0.7039,0.7239,val,normal
396,午餐,4,89,正常,兴奋,冷,朋友,想健康,中辣,,180,辣椒炒肉,家常炒菜,0,considered,0.6886,0.6391,val,normal
397,夜宵,3,15,不差钱,压力大,晴,一个人,想健康,中辣,乳制品,640,烤玉米,烧烤小吃,1,chosen,0.6353,0.628,train,normal
397,夜宵,3,15,不差钱,压力大,晴,一个人,想健康,中辣,乳制品,640,烤玉米,烧烤小吃,1,chosen,0.6353,0.6576,train,normal
397,夜宵,3,15,不差钱,压力大,晴,一个人,想健康,中辣,乳制品,640,烤玉米,烧烤小吃,1,chosen,0.6353,0.6176,train,normal
398,早餐,4,57,不差钱,低落,晴,朋友,想健康,中辣,,424,黑椒牛仔骨,早茶点心,1,chosen,0.655,0.6833,test,normal
398,早餐,4,57,不差钱,低落,晴,朋友,想健康,中辣,,424,黑椒牛仔骨,早茶点心,1,chosen,0.655,0.6748,test,normal
398,早餐,4,57,不差钱,低落,晴,朋友,想健康,中辣,,424,黑椒牛仔骨,早茶点心,1,chosen,0.655,0.6735,test,normal
398,早餐,4,57,不差钱,低落,晴,朋友,想健康,中辣,,415,腐皮卷,早茶点心,0,considered,0.6137,0.6297,test,normal
398,早餐,4,57,不差钱,低落,晴,朋友,想健康,中辣,,423,蟹籽烧卖,早茶点心,0,considered,0.6004,0.622,test,normal
399,午餐,3,15,正常,疲惫,雨,一个人,不关心,中辣,,184,鱼香肉丝,家常炒菜,1,chosen,0.6188,0.6254,train,normal
399,午餐,3,15,正常,疲惫,雨,一个人,不关心,中辣,,11,云南小锅米线,长三角粉面,1,chosen,0.6225,0.6666,train,normal
399,午餐,3,15,正常,疲惫,雨,一个人,不关心,中辣,,11,云南小锅米线,长三角粉面,1,chosen,0.6225,0.6385,train,normal
400,夜宵,3,57,不差钱,兴奋,晴,一个人,想健康,不吃辣,,24,菌汤火锅,火锅麻辣烫,1,chosen,0.5978,0.5471,train,normal
400,夜宵,3,57,不差钱,兴奋,晴,一个人,想健康,不吃辣,,24,菌汤火锅,火锅麻辣烫,1,chosen,0.5978,0.575,train,normal
400,夜宵,3,57,不差钱,兴奋,晴,一个人,想健康,不吃辣,,398,海鲜砂锅粥,广式粥粉面,1,chosen,0.5769,0.5169,train,normal
401,下午加餐,4,97,省着点,一般,阴,家人,不关心,不吃辣,"海鲜,乳制品",699,定胜糕,糖水甜品,1,chosen,0.5628,0.5391,train,normal
401,下午加餐,4,97,省着点,一般,阴,家人,不关心,不吃辣,"海鲜,乳制品",699,定胜糕,糖水甜品,1,chosen,0.5628,0.5395,train,normal
401,下午加餐,4,97,省着点,一般,阴,家人,不关心,不吃辣,"海鲜,乳制品",699,定胜糕,糖水甜品,1,chosen,0.5628,0.5561,train,normal
401,下午加餐,4,97,省着点,一般,阴,家人,不关心,不吃辣,"海鲜,乳制品",710,赤豆糕,糖水甜品,0,considered,0.5628,0.5481,train,normal
401,下午加餐,4,97,省着点,一般,阴,家人,不关心,不吃辣,"海鲜,乳制品",702,桂花糖芋艿,糖水甜品,0,considered,0.5365,0.5691,train,normal
402,晚餐,1,15,想吃好点,兴奋,晴,朋友,想健康,不吃辣,素食,195,清炒草头,家常炒菜,1,chosen,0.5899,0.6005,train,normal
402,晚餐,1,15,想吃好点,兴奋,晴,朋友,想健康,不吃辣,素食,195,清炒草头,家常炒菜,1,chosen,0.5899,0.6363,train,normal
402,晚餐,1,15,想吃好点,兴奋,晴,朋友,想健康,不吃辣,素食,195,清炒草头,家常炒菜,1,chosen,0.5899,0.5914,train,normal
402,晚餐,1,15,想吃好点,兴奋,晴,朋友,想健康,不吃辣,素食,194,油焖春笋,家常炒菜,0,considered,0.564,0.5645,train,normal
402,晚餐,1,15,想吃好点,兴奋,晴,朋友,想健康,不吃辣,素食,183,香干炒芹菜,家常炒菜,0,considered,0.5447,0.5484,train,normal
403,午餐,4,98,正常,低落,晴,一个人,想健康,中辣,,552,攸县香干,湘菜,1,chosen,0.6068,0.5025,train,normal
403,午餐,4,98,正常,低落,晴,一个人,想健康,中辣,,552,攸县香干,湘菜,1,chosen,0.6068,0.6092,train,normal
403,午餐,4,98,正常,低落,晴,一个人,想健康,中辣,,552,攸县香干,湘菜,1,chosen,0.6068,0.6677,train,normal
404,下午加餐,5,55,不差钱,开心,热,一个人,不关心,微辣,,770,波奇饭,轻食健康,1,chosen,0.5682,0.5285,train,normal
404,下午加餐,5,55,不差钱,开心,热,一个人,不关心,微辣,,770,波奇饭,轻食健康,1,chosen,0.5682,0.6221,train,normal
404,下午加餐,5,55,不差钱,开心,热,一个人,不关心,微辣,,770,波奇饭,轻食健康,1,chosen,0.5682,0.6021,train,normal
405,晚餐,4,69,省着点,低落,晴,家人,严格控制,微辣,,2,青椒肉丝,煲仔饭碟头饭,1,chosen,0.6707,0.6989,train,normal
405,晚餐,4,69,省着点,低落,晴,家人,严格控制,微辣,,2,青椒肉丝,煲仔饭碟头饭,1,chosen,0.6707,0.6499,train,normal
405,晚餐,4,69,省着点,低落,晴,家人,严格控制,微辣,,2,青椒肉丝,煲仔饭碟头饭,1,chosen,0.6707,0.7078,train,normal
406,午餐,1,78,不差钱,开心,晴,一个人,不关心,微辣,海鲜,162,干煸茧蛹,东北菜,1,chosen,0.4995,0.5514,train,normal
406,午餐,1,78,不差钱,开心,晴,一个人,不关心,微辣,海鲜,162,干煸茧蛹,东北菜,1,chosen,0.4995,0.4458,train,normal
406,午餐,1,78,不差钱,开心,晴,一个人,不关心,微辣,海鲜,199,腌笃鲜,家常炒菜,1,chosen,0.4902,0.4847,train,normal
407,午餐,3,111,想吃好点,疲惫,雨,一个人,不关心,不吃辣,,798,杭州虾爆鳝面,长三角粉面,1,chosen,0.6067,0.5993,train,normal
407,午餐,3,111,想吃好点,疲惫,雨,一个人,不关心,不吃辣,,798,杭州虾爆鳝面,长三角粉面,1,chosen,0.6067,0.6004,train,normal
407,午餐,3,111,想吃好点,疲惫,雨,一个人,不关心,不吃辣,,798,杭州虾爆鳝面,长三角粉面,1,chosen,0.6067,0.6167,train,normal
408,下午加餐,4,20,不差钱,疲惫,阴,一个人,随便,不吃辣,乳制品,770,波奇饭,轻食健康,1,chosen,0.5742,0.5453,train,normal
408,下午加餐,4,20,不差钱,疲惫,阴,一个人,随便,不吃辣,乳制品,34,全麦鸡肉三明治,轻食健康,1,chosen,0.5451,0.5441,train,normal
408,下午加餐,4,20,不差钱,疲惫,阴,一个人,随便,不吃辣,乳制品,770,波奇饭,轻食健康,1,chosen,0.5742,0.5762,train,normal
408,下午加餐,4,20,不差钱,疲惫,阴,一个人,随便,不吃辣,乳制品,32,藜麦牛油果碗,轻食健康,0,considered,0.5588,0.5897,train,normal
408,下午加餐,4,20,不差钱,疲惫,阴,一个人,随便,不吃辣,乳制品,34,全麦鸡肉三明治,轻食健康,0,considered,0.5451,0.5699,train,normal
409,晚餐,3,41,正常,一般,雨,一个人,随便,不吃辣,乳制品,344,梅菜蒸肉饼,广府家常菜,1,chosen,0.5585,0.5554,test,normal
409,晚餐,3,41,正常,一般,雨,一个人,随便,不吃辣,乳制品,344,梅菜蒸肉饼,广府家常菜,1,chosen,0.5585,0.4955,test,normal
409,晚餐,3,41,正常,一般,雨,一个人,随便,不吃辣,乳制品,344,梅菜蒸肉饼,广府家常菜,1,chosen,0.5585,0.6092,test,normal
410,午餐,5,62,正常,压力大,冷,同事,严格控制,微辣,海鲜,2,青椒肉丝,煲仔饭碟头饭,1,chosen,0.7109,0.6976,train,normal
410,午餐,5,62,正常,压力大,冷,同事,严格控制,微辣,海鲜,88,石锅拌饭,东北菜,1,chosen,0.7035,0.6825,train,normal
410,午餐,5,62,正常,压力大,冷,同事,严格控制,微辣,海鲜,2,青椒肉丝,煲仔饭碟头饭,1,chosen,0.7109,0.7089,train,normal
411,晚餐,5,60,不差钱,开心,雪,约会,随便,中辣,,300,酸菜肥牛,川菜,1,chosen,0.7709,0.8734,test,snow
411,晚餐,5,60,不差钱,开心,雪,约会,随便,中辣,,300,酸菜肥牛,川菜,1,chosen,0.7709,0.8117,test,snow
411,晚餐,5,60,不差钱,开心,雪,约会,随便,中辣,,300,酸菜肥牛,川菜,1,chosen,0.7709,0.7953,test,snow
411,晚餐,5,60,不差钱,开心,雪,约会,随便,中辣,,241,酸汤肥牛,川菜,0,considered,0.7709,0.7841,test,snow
411,晚餐,5,60,不差钱,开心,雪,约会,随便,中辣,,298,酸汤鱼,川菜,0,considered,0.7633,0.667,test,snow
412,晚餐,3,16,想吃好点,开心,热,朋友,想健康,不吃辣,素食,458,油焖笋,本帮江浙菜,1,chosen,0.5999,0.5979,test,normal
412,晚餐,3,16,想吃好点,开心,热,朋友,想健康,不吃辣,素食,195,清炒草头,家常炒菜,1,chosen,0.6306,0.6649,test,normal
412,晚餐,3,16,想吃好点,开心,热,朋友,想健康,不吃辣,素食,195,清炒草头,家常炒菜,1,chosen,0.6306,0.615,test,normal
413,晚餐,2,15,正常,疲惫,晴,约会,想健康,不吃辣,海鲜,347,菜心炒牛肉,广府家常菜,1,chosen,0.6844,0.6295,test,normal
413,晚餐,2,15,正常,疲惫,晴,约会,想健康,不吃辣,海鲜,347,菜心炒牛肉,广府家常菜,1,chosen,0.6844,0.6626,test,normal
413,晚餐,2,15,正常,疲惫,晴,约会,想健康,不吃辣,海鲜,347,菜心炒牛肉,广府家常菜,1,chosen,0.6844,0.7458,test,normal
414,下午加餐,4,63,省着点,疲惫,晴,朋友,想健康,重辣,,688,双皮奶,糖水甜品,1,chosen,0.6395,0.673,test,normal
414,下午加餐,4,63,省着点,疲惫,晴,朋友,想健康,重辣,,688,双皮奶,糖水甜品,1,chosen,0.6395,0.6371,test,normal
414,下午加餐,4,63,省着点,疲惫,晴,朋友,想健康,重辣,,688,双皮奶,糖水甜品,1,chosen,0.6395,0.629,test,normal
415,晚餐,3,65,正常,压力大,雨,同事,想健康,中辣,,11,云南小锅米线,长三角粉面,1,chosen,0.6942,0.7203,train,normal
415,晚餐,3,65,正常,压力大,雨,同事,想健康,中辣,,11,云南小锅米线,长三角粉面,1,chosen,0.6942,0.713,train,normal
415,晚餐,3,65,正常,压力大,雨,同事,想健康,中辣,,11,云南小锅米线,长三角粉面,1,chosen,0.6942,0.7695,train,normal
416,晚餐,2,45,省着点,一般,晴,朋友,不关心,重辣,,580,臭豆腐炒辣椒,湘菜,1,chosen,0.6316,0.6356,train,normal
416,晚餐,2,45,省着点,一般,晴,朋友,不关心,重辣,,580,臭豆腐炒辣椒,湘菜,1,chosen,0.6316,0.6237,train,normal
416,晚餐,2,45,省着点,一般,晴,朋友,不关心,重辣,,580,臭豆腐炒辣椒,湘菜,1,chosen,0.6316,0.6568,train,normal
416,晚餐,2,45,省着点,一般,晴,朋友,不关心,重辣,,523,长沙臭豆腐,湘菜,0,considered,0.6183,0.6221,train,normal
416,晚餐,2,45,省着点,一般,晴,朋友,不关心,重辣,,541,小炒香干,湘菜,0,considered,0.6014,0.6514,train,normal
417,晚餐,3,15,正常,开心,晴,朋友,不关心,不吃辣,,350,丝瓜炒牛肉,广府家常菜,1,chosen,0.599,0.6161,train,normal
417,晚餐,3,15,正常,开心,晴,朋友,不关心,不吃辣,,350,丝瓜炒牛肉,广府家常菜,1,chosen,0.599,0.5601,train,normal
417,晚餐,3,15,正常,开心,晴,朋友,不关心,不吃辣,,350,丝瓜炒牛肉,广府家常菜,1,chosen,0.599,0.6007,train,normal
418,晚餐,3,15,正常,一般,冷,朋友,不关心,微辣,"海鲜,乳制品",72,手撕包菜(东北),东北菜,1,chosen,0.6453,0.6384,train,normal
418,晚餐,3,15,正常,一般,冷,朋友,不关心,微辣,"海鲜,乳制品",72,手撕包菜(东北),东北菜,1,chosen,0.6453,0.6716,train,normal
418,晚餐,3,15,正常,一般,冷,朋友,不关心,微辣,"海鲜,乳制品",71,干豆腐炒尖椒,东北菜,1,chosen,0.6453,0.6786,train,normal
419,午餐,5,35,省着点,一般,雪,朋友,严格控制,不吃辣,"海鲜,乳制品",668,咸肉菜饭,煲仔饭碟头饭,1,chosen,0.7511,0.7714,test,snow
419,午餐,5,35,省着点,一般,雪,朋友,严格控制,不吃辣,"海鲜,乳制品",668,咸肉菜饭,煲仔饭碟头饭,1,chosen,0.7511,0.7039,test,snow
419,午餐,5,35,省着点,一般,雪,朋友,严格控制,不吃辣,"海鲜,乳制品",668,咸肉菜饭,煲仔饭碟头饭,1,chosen,0.7511,0.7872,test,snow
419,午餐,5,35,省着点,一般,雪,朋友,严格控制,不吃辣,"海鲜,乳制品",685,菜饭骨头汤,煲仔饭碟头饭,0,considered,0.7394,0.7421,test,snow
419,午餐,5,35,省着点,一般,雪,朋友,严格控制,不吃辣,"海鲜,乳制品",678,北菇滑鸡饭,煲仔饭碟头饭,0,considered,0.7166,0.7491,test,snow
420,午餐,5,17,省着点,低落,晴,一个人,严格控制,不吃辣,麸质,173,毛豆炒肉丝,家常炒菜,1,chosen,0.5662,0.5642,val,normal
420,午餐,5,17,省着点,低落,晴,一个人,严格控制,不吃辣,麸质,55,东北大饼子,东北菜,1,chosen,0.5533,0.5584,val,normal
420,午餐,5,17,省着点,低落,晴,一个人,严格控制,不吃辣,麸质,173,毛豆炒肉丝,家常炒菜,1,chosen,0.5662,0.5399,val,normal
421,下午加餐,3,38,省着点,一般,晴,朋友,想健康,不吃辣,海鲜,688,双皮奶,糖水甜品,1,chosen,0.6387,0.5864,val,normal
421,下午加餐,3,38,省着点,一般,晴,朋友,想健康,不吃辣,海鲜,688,双皮奶,糖水甜品,1,chosen,0.6387,0.6436,val,normal
421,下午加餐,3,38,省着点,一般,晴,朋友,想健康,不吃辣,海鲜,688,双皮奶,糖水甜品,1,chosen,0.6387,0.5677,val,normal
422,下午加餐,3,58,省着点,疲惫,阴,家人,随便,微辣,"海鲜,乳制品",699,定胜糕,糖水甜品,1,chosen,0.6517,0.7442,test,normal
422,下午加餐,3,58,省着点,疲惫,阴,家人,随便,微辣,"海鲜,乳制品",699,定胜糕,糖水甜品,1,chosen,0.6517,0.6292,test,normal
422,下午加餐,3,58,省着点,疲惫,阴,家人,随便,微辣,"海鲜,乳制品",699,定胜糕,糖水甜品,1,chosen,0.6517,0.6685,test,normal
422,下午加餐,3,58,省着点,疲惫,阴,家人,随便,微辣,"海鲜,乳制品",710,赤豆糕,糖水甜品,0,considered,0.6517,0.6054,test,normal
422,下午加餐,3,58,省着点,疲惫,阴,家人,随便,微辣,"海鲜,乳制品",702,桂花糖芋艿,糖水甜品,0,considered,0.6254,0.66,test,normal
423,晚餐,4,38,省着点,一般,热,家人,不关心,微辣,素食,658,卤水豆腐,烧腊卤味,1,chosen,0.6533,0.7173,train,normal
423,晚餐,4,38,省着点,一般,热,家人,不关心,微辣,素食,658,卤水豆腐,烧腊卤味,1,chosen,0.6533,0.6737,train,normal
423,晚餐,4,38,省着点,一般,热,家人,不关心,微辣,素食,658,卤水豆腐,烧腊卤味,1,chosen,0.6533,0.632,train,normal
424,早餐,2,48,省着点,兴奋,晴,朋友,随便,中辣,海鲜,434,皮蛋瘦肉粥(珠三角),早餐粥点,1,chosen,0.6474,0.6804,train,normal
424,早餐,2,48,省着点,兴奋,晴,朋友,随便,中辣,海鲜,434,皮蛋瘦肉粥(珠三角),早餐粥点,1,chosen,0.6474,0.6024,train,normal
424,早餐,2,48,省着点,兴奋,晴,朋友,随便,中辣,海鲜,434,皮蛋瘦肉粥(珠三角),早餐粥点,1,chosen,0.6474,0.7085,train,normal
425,晚餐,2,58,省着点,一般,阴,一个人,不关心,中辣,,523,长沙臭豆腐,湘菜,1,chosen,0.5269,0.5037,train,normal
425,晚餐,2,58,省着点,一般,阴,一个人,不关心,中辣,,523,长沙臭豆腐,湘菜,1,chosen,0.5269,0.598,train,normal
425,晚餐,2,58,省着点,一般,阴,一个人,不关心,中辣,,523,长沙臭豆腐,湘菜,1,chosen,0.5269,0.5062,train,normal
426,晚餐,4,74,想吃好点,压力大,晴,朋友,严格控制,不吃辣,,47,东北乱炖,东北菜,1,chosen,0.6948,0.6773,train,normal
426,晚餐,4,74,想吃好点,压力大,晴,朋友,严格控制,不吃辣,,687,黄鳝煲仔饭,煲仔饭碟头饭,1,chosen,0.7022,0.721,train,normal
426,晚餐,4,74,想吃好点,压力大,晴,朋友,严格控制,不吃辣,,687,黄鳝煲仔饭,煲仔饭碟头饭,1,chosen,0.7022,0.7071,train,normal
427,午餐,3,65,省着点,一般,阴,一个人,想健康,不吃辣,,195,清炒草头,家常炒菜,1,chosen,0.5416,0.5709,train,normal
427,午餐,3,65,省着点,一般,阴,一个人,想健康,不吃辣,,195,清炒草头,家常炒菜,1,chosen,0.5416,0.5343,train,normal
427,午餐,3,65,省着点,一般,阴,一个人,想健康,不吃辣,,195,清炒草头,家常炒菜,1,chosen,0.5416,0.635,train,normal
428,下午加餐,3,98,想吃好点,开心,雨,约会,想健康,不吃辣,,770,波奇饭,轻食健康,1,chosen,0.7095,0.6668,val,normal
428,下午加餐,3,98,想吃好点,开心,雨,约会,想健康,不吃辣,,770,波奇饭,轻食健康,1,chosen,0.7095,0.7397,val,normal
428,下午加餐,3,98,想吃好点,开心,雨,约会,想健康,不吃辣,,770,波奇饭,轻食健康,1,chosen,0.7095,0.6984,val,normal
429,晚餐,2,34,想吃好点,低落,阴,一个人,不关心,中辣,麸质,301,酸菜鱼片,川菜,1,chosen,0.5677,0.5561,test,normal
429,晚餐,2,34,想吃好点,低落,阴,一个人,不关心,中辣,麸质,301,酸菜鱼片,川菜,1,chosen,0.5677,0.5644,test,normal
429,晚餐,2,34,想吃好点,低落,阴,一个人,不关心,中辣,麸质,301,酸菜鱼片,川菜,1,chosen,0.5677,0.4969,test,normal
430,晚餐,3,27,正常,压力大,雨,朋友,随便,微辣,海鲜,811,鳝丝面,长三角粉面,1,chosen,0.7036,0.7359,val,normal
430,晚餐,3,27,正常,压力大,雨,朋友,随便,微辣,海鲜,559,湖南蛋饺,湘菜,1,chosen,0.6999,0.6831,val,normal
430,晚餐,3,27,正常,压力大,雨,朋友,随便,微辣,海鲜,811,鳝丝面,长三角粉面,1,chosen,0.7036,0.7034,val,normal
430,晚餐,3,27,正常,压力大,雨,朋友,随便,微辣,海鲜,787,南京老卤面,长三角粉面,0,considered,0.7009,0.6553,val,normal
430,晚餐,3,27,正常,压力大,雨,朋友,随便,微辣,海鲜,774,上海辣肉面,长三角粉面,0,considered,0.6968,0.7436,val,normal
431,午餐,5,93,正常,开心,冷,家人,随便,不吃辣,海鲜,686,豉汁排骨煲仔饭,煲仔饭碟头饭,1,chosen,0.6685,0.6937,train,normal
431,午餐,5,93,正常,开心,冷,家人,随便,不吃辣,海鲜,680,海南鸡饭,煲仔饭碟头饭,1,chosen,0.6685,0.6372,train,normal
431,午餐,5,93,正常,开心,冷,家人,随便,不吃辣,海鲜,686,豉汁排骨煲仔饭,煲仔饭碟头饭,1,chosen,0.6685,0.6316,train,normal
431,午餐,5,93,正常,开心,冷,家人,随便,不吃辣,海鲜,683,窝蛋牛肉煲仔饭,煲仔饭碟头饭,0,considered,0.6685,0.6972,train,normal
431,午餐,5,93,正常,开心,冷,家人,随便,不吃辣,海鲜,681,滑鸡煲仔饭,煲仔饭碟头饭,0,considered,0.6685,0.7014,train,normal
432,下午加餐,4,33,不差钱,一般,晴,一个人,随便,微辣,素食,32,藜麦牛油果碗,轻食健康,1,chosen,0.521,0.5212,train,normal
432,下午加餐,4,33,不差钱,一般,晴,一个人,随便,微辣,素食,32,藜麦牛油果碗,轻食健康,1,chosen,0.521,0.535,train,normal
432,下午加餐,4,33,不差钱,一般,晴,一个人,随便,微辣,素食,32,藜麦牛油果碗,轻食健康,1,chosen,0.521,0.5265,train,normal
433,午餐,2,66,正常,低落,晴,一个人,严格控制,重辣,,310,麻婆豆腐(素),川菜,1,chosen,0.6183,0.6139,train,normal
433,午餐,2,66,正常,低落,晴,一个人,严格控制,重辣,,310,麻婆豆腐(素),川菜,1,chosen,0.6183,0.6761,train,normal
433,午餐,2,66,正常,低落,晴,一个人,严格控制,重辣,,310,麻婆豆腐(素),川菜,1,chosen,0.6183,0.65,train,normal
434,晚餐,4,98,正常,一般,热,约会,随便,微辣,麸质,237,蒜泥白肉,川菜,1,chosen,0.6691,0.6741,val,normal
434,晚餐,4,98,正常,一般,热,约会,随便,微辣,麸质,237,蒜泥白肉,川菜,1,chosen,0.6691,0.7198,val,normal
434,晚餐,4,98,正常,一般,热,约会,随便,微辣,麸质,94,蒜泥白肉(东北),东北菜,1,chosen,0.662,0.6651,val,normal
435,早餐,4,18,省着点,一般,阴,朋友,想健康,微辣,素食,797,无锡素面,长三角粉面,1,chosen,0.5744,0.6146,train,normal
435,早餐,4,18,省着点,一般,阴,朋友,想健康,微辣,素食,797,无锡素面,长三角粉面,1,chosen,0.5744,0.5433,train,normal
435,早餐,4,18,省着点,一般,阴,朋友,想健康,微辣,素食,804,素鸡面,长三角粉面,1,chosen,0.5744,0.5326,train,normal
436,早餐,2,33,省着点,开心,晴,朋友,不关心,中辣,麸质,434,皮蛋瘦肉粥(珠三角),早餐粥点,1,chosen,0.6491,0.667,val,normal
436,早餐,2,33,省着点,开心,晴,朋友,不关心,中辣,麸质,43,皮蛋瘦肉粥,早餐粥点,1,chosen,0.6179,0.5828,val,normal
436,早餐,2,33,省着点,开心,晴,朋友,不关心,中辣,麸质,434,皮蛋瘦肉粥(珠三角),早餐粥点,1,chosen,0.6491,0.6125,val,normal
436,早餐,2,33,省着点,开心,晴,朋友,不关心,中辣,麸质,438,艇仔粥,早餐粥点,0,considered,0.6491,0.6109,val,normal
436,早餐,2,33,省着点,开心,晴,朋友,不关心,中辣,麸质,445,咖喱牛肉汤,早餐粥点,0,considered,0.6355,0.5758,val,normal
437,晚餐,4,36,正常,兴奋,晴,一个人,随便,重辣,,516,常德牛肉粉,湘菜,1,chosen,0.5467,0.5378,train,normal
437,晚餐,4,36,正常,兴奋,晴,一个人,随便,重辣,,516,常德牛肉粉,湘菜,1,chosen,0.5467,0.5276,train,normal
437,晚餐,4,36,正常,兴奋,晴,一个人,随便,重辣,,516,常德牛肉粉,湘菜,1,chosen,0.5467,0.5618,train,normal
438,晚餐,4,81,省着点,开心,雨,朋友,想健康,微辣,,2,青椒肉丝,煲仔饭碟头饭,1,chosen,0.6993,0.6945,val,normal
438,晚餐,4,81,省着点,开心,雨,朋友,想健康,微辣,,2,青椒肉丝,煲仔饭碟头饭,1,chosen,0.6993,0.6917,val,normal
438,晚餐,4,81,省着点,开心,雨,朋友,想健康,微辣,,2,青椒肉丝,煲仔饭碟头饭,1,chosen,0.6993,0.6526,val,normal
439,晚餐,4,48,正常,开心,雨,朋友,不关心,微辣,素食,371,鱼香茄子煲,广府家常菜,1,chosen,0.6706,0.6822,train,normal
439,晚餐,4,48,正常,开心,雨,朋友,不关心,微辣,素食,371,鱼香茄子煲,广府家常菜,1,chosen,0.6706,0.6868,train,normal
439,晚餐,4,48,正常,开心,雨,朋友,不关心,微辣,素食,371,鱼香茄子煲,广府家常菜,1,chosen,0.6706,0.6669,train,normal
440,午餐,3,63,省着点,一般,热,朋友,随便,中辣,乳制品,579,腊味萝卜干,湘菜,1,chosen,0.6615,0.6556,train,normal
440,午餐,3,63,省着点,一般,热,朋友,随便,中辣,乳制品,579,腊味萝卜干,湘菜,1,chosen,0.6615,0.6482,train,normal
440,午餐,3,63,省着点,一般,热,朋友,随便,中辣,乳制品,579,腊味萝卜干,湘菜,1,chosen,0.6615,0.647,train,normal
441,午餐,2,59,正常,疲惫,雨,同事,不关心,不吃辣,,344,梅菜蒸肉饼,广府家常菜,1,chosen,0.6356,0.6451,train,normal
441,午餐,2,59,正常,疲惫,雨,同事,不关心,不吃辣,,344,梅菜蒸肉饼,广府家常菜,1,chosen,0.6356,0.613,train,normal
441,午餐,2,59,正常,疲惫,雨,同事,不关心,不吃辣,,370,陈皮蒸牛肉饼,广府家常菜,1,chosen,0.6356,0.6472,train,normal
442,早餐,4,38,正常,疲惫,雨,家人,随便,中辣,素食,807,衢州常山索面,长三角粉面,1,chosen,0.6467,0.5856,train,normal
442,早餐,4,38,正常,疲惫,雨,家人,随便,中辣,素食,807,衢州常山索面,长三角粉面,1,chosen,0.6467,0.5762,train,normal
442,早餐,4,38,正常,疲惫,雨,家人,随便,中辣,素食,807,衢州常山索面,长三角粉面,1,chosen,0.6467,0.6983,train,normal
443,早餐,5,53,正常,一般,晴,一个人,不关心,中辣,素食,807,衢州常山索面,长三角粉面,1,chosen,0.4837,0.5146,train,normal
443,早餐,5,53,正常,一般,晴,一个人,不关心,中辣,素食,807,衢州常山索面,长三角粉面,1,chosen,0.4837,0.5321,train,normal
443,早餐,5,53,正常,一般,晴,一个人,不关心,中辣,素食,807,衢州常山索面,长三角粉面,1,chosen,0.4837,0.4912,train,normal
444,午餐,3,62,正常,兴奋,雨,家人,随便,不吃辣,海鲜,658,卤水豆腐,烧腊卤味,1,chosen,0.6579,0.7198,train,normal
444,午餐,3,62,正常,兴奋,雨,家人,随便,不吃辣,海鲜,658,卤水豆腐,烧腊卤味,1,chosen,0.6579,0.6531,train,normal
444,午餐,3,62,正常,兴奋,雨,家人,随便,不吃辣,海鲜,370,陈皮蒸牛肉饼,广府家常菜,1,chosen,0.6577,0.7113,train,normal
445,午餐,3,41,正常,一般,雨,家人,严格控制,不吃辣,,348,豉汁蒸排骨,广府家常菜,1,chosen,0.691,0.6984,train,normal
445,午餐,3,41,正常,一般,雨,家人,严格控制,不吃辣,,348,豉汁蒸排骨,广府家常菜,1,chosen,0.691,0.6619,train,normal
445,午餐,3,41,正常,一般,雨,家人,严格控制,不吃辣,,348,豉汁蒸排骨,广府家常菜,1,chosen,0.691,0.7008,train,normal
446,午餐,3,40,正常,压力大,热,一个人,不关心,中辣,,579,腊味萝卜干,湘菜,1,chosen,0.6195,0.5799,train,normal
446,午餐,3,40,正常,压力大,热,一个人,不关心,中辣,,658,卤水豆腐,烧腊卤味,1,chosen,0.6037,0.5895,train,normal
446,午餐,3,40,正常,压力大,热,一个人,不关心,中辣,,171,雪衣豆沙,东北菜,1,chosen,0.6037,0.6044,train,normal
446,午餐,3,40,正常,压力大,热,一个人,不关心,中辣,,591,酸菜炒粉皮,湘菜,0,considered,0.5831,0.5623,train,normal
446,午餐,3,40,正常,压力大,热,一个人,不关心,中辣,,573,糖油粑粑,湘菜,0,considered,0.5829,0.5665,train,normal
447,晚餐,2,34,想吃好点,开心,晴,朋友,随便,微辣,,162,干煸茧蛹,东北菜,1,chosen,0.6195,0.6579,train,normal
447,晚餐,2,34,想吃好点,开心,晴,朋友,随便,微辣,,162,干煸茧蛹,东北菜,1,chosen,0.6195,0.6549,train,normal
447,晚餐,2,34,想吃好点,开心,晴,朋友,随便,微辣,,162,干煸茧蛹,东北菜,1,chosen,0.6195,0.7227,train,normal
447,晚餐,2,34,想吃好点,开心,晴,朋友,随便,微辣,,166,炒蚕蛹,东北菜,0,considered,0.6195,0.5885,train,normal
447,晚餐,2,34,想吃好点,开心,晴,朋友,随便,微辣,,91,红烧带鱼,东北菜,0,considered,0.5974,0.6226,train,normal
448,晚餐,3,74,正常,一般,冷,朋友,想健康,中辣,,15,宫保鸡丁,家常炒菜,1,chosen,0.7154,0.7398,test,normal
448,晚餐,3,74,正常,一般,冷,朋友,想健康,中辣,,15,宫保鸡丁,家常炒菜,1,chosen,0.7154,0.7343,test,normal
448,晚餐,3,74,正常,一般,冷,朋友,想健康,中辣,,15,宫保鸡丁,家常炒菜,1,chosen,0.7154,0.7159,test,normal
448,晚餐,3,74,正常,一般,冷,朋友,想健康,中辣,,184,鱼香肉丝,家常炒菜,0,considered,0.692,0.7032,test,normal
448,晚餐,3,74,正常,一般,冷,朋友,想健康,中辣,,191,干煸四季豆,家常炒菜,0,considered,0.6787,0.6822,test,normal
449,晚餐,4,65,省着点,兴奋,冷,家人,想健康,中辣,,2,青椒肉丝,煲仔饭碟头饭,1,chosen,0.695,0.6705,train,normal
449,晚餐,4,65,省着点,兴奋,冷,家人,想健康,中辣,,2,青椒肉丝,煲仔饭碟头饭,1,chosen,0.695,0.6587,train,normal
449,晚餐,4,65,省着点,兴奋,冷,家人,想健康,中辣,,11,云南小锅米线,长三角粉面,1,chosen,0.6936,0.7019,train,normal
449,晚餐,4,65,省着点,兴奋,冷,家人,想健康,中辣,,668,咸肉菜饭,煲仔饭碟头饭,0,considered,0.6916,0.6658,train,normal
449,晚餐,4,65,省着点,兴奋,冷,家人,想健康,中辣,,685,菜饭骨头汤,煲仔饭碟头饭,0,considered,0.6798,0.669,train,normal
450,夜宵,4,62,不差钱,开心,晴,一个人,不关心,中辣,"海鲜,乳制品",645,臭豆腐,烧烤小吃,1,chosen,0.5558,0.5283,train,normal
450,夜宵,4,62,不差钱,开心,晴,一个人,不关心,中辣,"海鲜,乳制品",26,烤鸡翅,烧烤小吃,1,chosen,0.5781,0.5781,train,normal
450,夜宵,4,62,不差钱,开心,晴,一个人,不关心,中辣,"海鲜,乳制品",26,烤鸡翅,烧烤小吃,1,chosen,0.5781,0.5419,train,normal
450,夜宵,4,62,不差钱,开心,晴,一个人,不关心,中辣,"海鲜,乳制品",627,炒年糕,烧烤小吃,0,considered,0.5608,0.4941,train,normal
450,夜宵,4,62,不差钱,开心,晴,一个人,不关心,中辣,"海鲜,乳制品",645,臭豆腐,烧烤小吃,0,considered,0.5558,0.5484,train,normal
451,下午加餐,4,28,不差钱,疲惫,雨,朋友,不关心,微辣,乳制品,770,波奇饭,轻食健康,1,chosen,0.6605,0.63,test,normal
451,下午加餐,4,28,不差钱,疲惫,雨,朋友,不关心,微辣,乳制品,770,波奇饭,轻食健康,1,chosen,0.6605,0.6738,test,normal
451,下午加餐,4,28,不差钱,疲惫,雨,朋友,不关心,微辣,乳制品,770,波奇饭,轻食健康,1,chosen,0.6605,0.6599,test,normal
452,晚餐,4,55,不差钱,一般,雨,家人,随便,重辣,,532,剁椒蒸鱼,湘菜,1,chosen,0.6727,0.6585,train,normal
452,晚餐,4,55,不差钱,一般,雨,家人,随便,重辣,,532,剁椒蒸鱼,湘菜,1,chosen,0.6727,0.6723,train,normal
452,晚餐,4,55,不差钱,一般,雨,家人,随便,重辣,,532,剁椒蒸鱼,湘菜,1,chosen,0.6727,0.7008,train,normal
453,晚餐,1,30,想吃好点,开心,阴,家人,严格控制,不吃辣,"海鲜,乳制品",348,豉汁蒸排骨,广府家常菜,1,chosen,0.6278,0.5654,train,normal
453,晚餐,1,30,想吃好点,开心,阴,家人,严格控制,不吃辣,"海鲜,乳制品",348,豉汁蒸排骨,广府家常菜,1,chosen,0.6278,0.5823,train,normal
453,晚餐,1,30,想吃好点,开心,阴,家人,严格控制,不吃辣,"海鲜,乳制品",348,豉汁蒸排骨,广府家常菜,1,chosen,0.6278,0.6224,train,normal
453,晚餐,1,30,想吃好点,开心,阴,家人,严格控制,不吃辣,"海鲜,乳制品",351,凉瓜炒牛肉,广府家常菜,0,considered,0.617,0.6652,train,normal
453,晚餐,1,30,想吃好点,开心,阴,家人,严格控制,不吃辣,"海鲜,乳制品",347,菜心炒牛肉,广府家常菜,0,considered,0.617,0.6627,train,normal
454,晚餐,3,17,想吃好点,开心,阴,家人,想健康,微辣,,366,豉椒炒花甲,广府家常菜,1,chosen,0.6491,0.6653,train,normal
454,晚餐,3,17,想吃好点,开心,阴,家人,想健康,微辣,,366,豉椒炒花甲,广府家常菜,1,chosen,0.6491,0.5952,train,normal
454,晚餐,3,17,想吃好点,开心,阴,家人,想健康,微辣,,366,豉椒炒花甲,广府家常菜,1,chosen,0.6491,0.6338,train,normal
455,晚餐,5,67,省着点,疲惫,热,同事,想健康,中辣,,60,东北饭包,东北菜,1,chosen,0.6876,0.7481,train,normal
455,晚餐,5,67,省着点,疲惫,热,同事,想健康,中辣,,60,东北饭包,东北菜,1,chosen,0.6876,0.7102,train,normal
455,晚餐,5,67,省着点,疲惫,热,同事,想健康,中辣,,60,东北饭包,东北菜,1,chosen,0.6876,0.6452,train,normal
456,夜宵,4,95,想吃好点,一般,晴,家人,想健康,中辣,,26,烤鸡翅,烧烤小吃,1,chosen,0.6964,0.7465,test,normal
456,夜宵,4,95,想吃好点,一般,晴,家人,想健康,中辣,,26,烤鸡翅,烧烤小吃,1,chosen,0.6964,0.6897,test,normal
456,夜宵,4,95,想吃好点,一般,晴,家人,想健康,中辣,,26,烤鸡翅,烧烤小吃,1,chosen,0.6964,0.6569,test,normal
457,午餐,2,16,省着点,一般,雨,约会,想健康,中辣,,575,紫苏煎黄瓜,湘菜,1,chosen,0.7,0.6865,train,normal
457,午餐,2,16,省着点,一般,雨,约会,想健康,中辣,,575,紫苏煎黄瓜,湘菜,1,chosen,0.7,0.6854,train,normal
457,午餐,2,16,省着点,一般,雨,约会,想健康,中辣,,575,紫苏煎黄瓜,湘菜,1,chosen,0.7,0.6755,train,normal
457,午餐,2,16,省着点,一般,雨,约会,想健康,中辣,,552,攸县香干,湘菜,0,considered,0.6866,0.7125,train,normal
457,午餐,2,16,省着点,一般,雨,约会,想健康,中辣,,554,榨菜肉丝(湘),湘菜,0,considered,0.6777,0.6928,train,normal
458,夜宵,5,57,不差钱,开心,热,朋友,随便,不吃辣,素食,647,韭菜盒子,烧烤小吃,1,chosen,0.6316,0.7024,train,normal
458,夜宵,5,57,不差钱,开心,热,朋友,随便,不吃辣,素食,647,韭菜盒子,烧烤小吃,1,chosen,0.6316,0.6312,train,normal
458,夜宵,5,57,不差钱,开心,热,朋友,随便,不吃辣,素食,647,韭菜盒子,烧烤小吃,1,chosen,0.6316,0.6423,train,normal
459,午餐,3,56,正常,疲惫,雪,约会,想健康,微辣,,64,土豆炖茄子,东北菜,1,chosen,0.8273,0.8232,test,snow
459,午餐,3,56,正常,疲惫,雪,约会,想健康,微辣,,292,荤豆花,川菜,1,chosen,0.8352,0.8655,test,snow
459,午餐,3,56,正常,疲惫,雪,约会,想健康,微辣,,292,荤豆花,川菜,1,chosen,0.8352,0.8201,test,snow
459,午餐,3,56,正常,疲惫,雪,约会,想健康,微辣,,297,连锅汤,川菜,0,considered,0.8165,0.8457,test,snow
459,午餐,3,56,正常,疲惫,雪,约会,想健康,微辣,,284,牛肉焦饼,川菜,0,considered,0.8016,0.7871,test,snow
460,晚餐,4,68,正常,一般,晴,同事,严格控制,微辣,素食,195,清炒草头,家常炒菜,1,chosen,0.5956,0.6515,train,normal
460,晚餐,4,68,正常,一般,晴,同事,严格控制,微辣,素食,195,清炒草头,家常炒菜,1,chosen,0.5956,0.5782,train,normal
460,晚餐,4,68,正常,一般,晴,同事,严格控制,微辣,素食,195,清炒草头,家常炒菜,1,chosen,0.5956,0.5786,train,normal
461,下午加餐,5,59,正常,开心,阴,朋友,不关心,微辣,,706,芒果班戟,糖水甜品,1,chosen,0.5936,0.563,train,normal
461,下午加餐,5,59,正常,开心,阴,朋友,不关心,微辣,,706,芒果班戟,糖水甜品,1,chosen,0.5936,0.5724,train,normal
461,下午加餐,5,59,正常,开心,阴,朋友,不关心,微辣,,706,芒果班戟,糖水甜品,1,chosen,0.5936,0.593,train,normal
462,晚餐,1,29,正常,疲惫,冷,同事,不关心,中辣,素食,575,紫苏煎黄瓜,湘菜,1,chosen,0.6151,0.5779,train,normal
462,晚餐,1,29,正常,疲惫,冷,同事,不关心,中辣,素食,575,紫苏煎黄瓜,湘菜,1,chosen,0.6151,0.6434,train,normal
462,晚餐,1,29,正常,疲惫,冷,同事,不关心,中辣,素食,575,紫苏煎黄瓜,湘菜,1,chosen,0.6151,0.6226,train,normal
462,晚餐,1,29,正常,疲惫,冷,同事,不关心,中辣,素食,552,攸县香干,湘菜,0,considered,0.6151,0.593,train,normal
462,晚餐,1,29,正常,疲惫,冷,同事,不关心,中辣,素食,523,长沙臭豆腐,湘菜,0,considered,0.6134,0.6671,train,normal
463,午餐,4,39,省着点,低落,热,家人,随便,不吃辣,,658,卤水豆腐,烧腊卤味,1,chosen,0.6719,0.7193,train,normal
463,午餐,4,39,省着点,低落,热,家人,随便,不吃辣,,289,糖油果子,川菜,1,chosen,0.6515,0.6552,train,normal
463,午餐,4,39,省着点,低落,热,家人,随便,不吃辣,,289,糖油果子,川菜,1,chosen,0.6515,0.7066,train,normal
463,午餐,4,39,省着点,低落,热,家人,随便,不吃辣,,648,卤水鸡翅,烧腊卤味,0,considered,0.6517,0.6589,train,normal
463,午餐,4,39,省着点,低落,热,家人,随便,不吃辣,,659,卤水鸭掌,烧腊卤味,0,considered,0.6165,0.628,train,normal
464,午餐,2,80,想吃好点,兴奋,热,一个人,不关心,重辣,,165,沟帮子熏鸡,东北菜,1,chosen,0.5704,0.5489,train,normal
464,午餐,2,80,想吃好点,兴奋,热,一个人,不关心,重辣,,165,沟帮子熏鸡,东北菜,1,chosen,0.5704,0.5822,train,normal
464,午餐,2,80,想吃好点,兴奋,热,一个人,不关心,重辣,,165,沟帮子熏鸡,东北菜,1,chosen,0.5704,0.5931,train,normal
464,午餐,2,80,想吃好点,兴奋,热,一个人,不关心,重辣,,133,烧鸡(东北),东北菜,0,considered,0.5704,0.5679,train,normal
464,午餐,2,80,想吃好点,兴奋,热,一个人,不关心,重辣,,135,熏鸡,东北菜,0,considered,0.5704,0.5905,train,normal
465,下午加餐,3,88,省着点,开心,雪,家人,想健康,微辣,,702,桂花糖芋艿,糖水甜品,1,chosen,0.7253,0.7536,test,snow
465,下午加餐,3,88,省着点,开心,雪,家人,想健康,微辣,,702,桂花糖芋艿,糖水甜品,1,chosen,0.7253,0.7188,test,snow
465,下午加餐,3,88,省着点,开心,雪,家人,想健康,微辣,,702,桂花糖芋艿,糖水甜品,1,chosen,0.7253,0.6668,test,snow
466,下午加餐,5,66,正常,疲惫,冷,家人,随便,微辣,麸质,702,桂花糖芋艿,糖水甜品,1,chosen,0.6336,0.6813,train,normal
466,下午加餐,5,66,正常,疲惫,冷,家人,随便,微辣,麸质,702,桂花糖芋艿,糖水甜品,1,chosen,0.6336,0.6499,train,normal
466,下午加餐,5,66,正常,疲惫,冷,家人,随便,微辣,麸质,702,桂花糖芋艿,糖水甜品,1,chosen,0.6336,0.6212,train,normal
467,下午加餐,3,15,正常,兴奋,热,家人,随便,微辣,,34,全麦鸡肉三明治,轻食健康,1,chosen,0.671,0.6552,train,normal
467,下午加餐,3,15,正常,兴奋,热,家人,随便,微辣,,34,全麦鸡肉三明治,轻食健康,1,chosen,0.671,0.6756,train,normal
467,下午加餐,3,15,正常,兴奋,热,家人,随便,微辣,,34,全麦鸡肉三明治,轻食健康,1,chosen,0.671,0.6982,train,normal
467,下午加餐,3,15,正常,兴奋,热,家人,随便,微辣,,32,藜麦牛油果碗,轻食健康,0,considered,0.6642,0.6492,train,normal
467,下午加餐,3,15,正常,兴奋,热,家人,随便,微辣,,36,希腊酸奶坚果碗,轻食健康,0,considered,0.664,0.6375,train,normal
468,晚餐,4,31,省着点,一般,晴,约会,想健康,重辣,,244,重庆小面(川),川菜,1,chosen,0.6643,0.6683,train,normal
468,晚餐,4,31,省着点,一般,晴,约会,想健康,重辣,,310,麻婆豆腐(素),川菜,1,chosen,0.6732,0.655,train,normal
468,晚餐,4,31,省着点,一般,晴,约会,想健康,重辣,,310,麻婆豆腐(素),川菜,1,chosen,0.6732,0.6101,train,normal
468,晚餐,4,31,省着点,一般,晴,约会,想健康,重辣,,252,麻婆豆腐(川),川菜,0,considered,0.6656,0.6605,train,normal
468,晚餐,4,31,省着点,一般,晴,约会,想健康,重辣,,244,重庆小面(川),川菜,0,considered,0.6643,0.6738,train,normal
469,早餐,2,40,想吃好点,低落,晴,朋友,随便,中辣,,438,艇仔粥,早餐粥点,1,chosen,0.6393,0.7125,train,normal
469,早餐,2,40,想吃好点,低落,晴,朋友,随便,中辣,,438,艇仔粥,早餐粥点,1,chosen,0.6393,0.6253,train,normal
469,早餐,2,40,想吃好点,低落,晴,朋友,随便,中辣,,438,艇仔粥,早餐粥点,1,chosen,0.6393,0.6569,train,normal
469,早餐,2,40,想吃好点,低落,晴,朋友,随便,中辣,,434,皮蛋瘦肉粥(珠三角),早餐粥点,0,considered,0.6348,0.6615,train,normal
469,早餐,2,40,想吃好点,低落,晴,朋友,随便,中辣,,427,南翔小笼包,早餐粥点,0,considered,0.6315,0.6119,train,normal
470,晚餐,4,52,省着点,压力大,阴,约会,严格控制,不吃辣,,668,咸肉菜饭,煲仔饭碟头饭,1,chosen,0.7081,0.7261,train,normal
470,晚餐,4,52,省着点,压力大,阴,约会,严格控制,不吃辣,,668,咸肉菜饭,煲仔饭碟头饭,1,chosen,0.7081,0.7059,train,normal
470,晚餐,4,52,省着点,压力大,阴,约会,严格控制,不吃辣,,668,咸肉菜饭,煲仔饭碟头饭,1,chosen,0.7081,0.6517,train,normal
471,午餐,4,74,正常,一般,热,约会,随便,不吃辣,乳制品,360,白灼猪手,广府家常菜,1,chosen,0.6612,0.7046,val,normal
471,午餐,4,74,正常,一般,热,约会,随便,不吃辣,乳制品,360,白灼猪手,广府家常菜,1,chosen,0.6612,0.6647,val,normal
471,午餐,4,74,正常,一般,热,约会,随便,不吃辣,乳制品,360,白灼猪手,广府家常菜,1,chosen,0.6612,0.7306,val,normal
472,夜宵,1,71,不差钱,一般,阴,朋友,不关心,不吃辣,乳制品,609,椰子鸡火锅,火锅麻辣烫,1,chosen,0.6044,0.616,train,normal
472,夜宵,1,71,不差钱,一般,阴,朋友,不关心,不吃辣,乳制品,609,椰子鸡火锅,火锅麻辣烫,1,chosen,0.6044,0.5329,train,normal
472,夜宵,1,71,不差钱,一般,阴,朋友,不关心,不吃辣,乳制品,609,椰子鸡火锅,火锅麻辣烫,1,chosen,0.6044,0.6087,train,normal
473,夜宵,4,61,不差钱,开心,阴,同事,不关心,中辣,,26,烤鸡翅,烧烤小吃,1,chosen,0.6144,0.6091,train,normal
473,夜宵,4,61,不差钱,开心,阴,同事,不关心,中辣,,26,烤鸡翅,烧烤小吃,1,chosen,0.6144,0.6121,train,normal
473,夜宵,4,61,不差钱,开心,阴,同事,不关心,中辣,,26,烤鸡翅,烧烤小吃,1,chosen,0.6144,0.5868,train,normal
474,早餐,4,88,想吃好点,开心,雨,家人,想健康,重辣,麸质,424,黑椒牛仔骨,早茶点心,1,chosen,0.6924,0.6886,train,normal
474,早餐,4,88,想吃好点,开心,雨,家人,想健康,重辣,麸质,424,黑椒牛仔骨,早茶点心,1,chosen,0.6924,0.6291,train,normal
474,早餐,4,88,想吃好点,开心,雨,家人,想健康,重辣,麸质,424,黑椒牛仔骨,早茶点心,1,chosen,0.6924,0.682,train,normal
475,午餐,2,78,正常,开心,热,家人,想健康,微辣,乳制品,648,卤水鸡翅,烧腊卤味,1,chosen,0.6941,0.6515,train,normal
475,午餐,2,78,正常,开心,热,家人,想健康,微辣,乳制品,648,卤水鸡翅,烧腊卤味,1,chosen,0.6941,0.7482,train,normal
475,午餐,2,78,正常,开心,热,家人,想健康,微辣,乳制品,648,卤水鸡翅,烧腊卤味,1,chosen,0.6941,0.6892,train,normal
476,晚餐,2,81,省着点,压力大,晴,家人,随便,重辣,,580,臭豆腐炒辣椒,湘菜,1,chosen,0.6494,0.6317,train,normal
476,晚餐,2,81,省着点,压力大,晴,家人,随便,重辣,,580,臭豆腐炒辣椒,湘菜,1,chosen,0.6494,0.6333,train,normal
476,晚餐,2,81,省着点,压力大,晴,家人,随便,重辣,,580,臭豆腐炒辣椒,湘菜,1,chosen,0.6494,0.6971,train,normal
477,晚餐,3,19,想吃好点,疲惫,雨,家人,想健康,不吃辣,素食,194,油焖春笋,家常炒菜,1,chosen,0.7064,0.6933,train,normal
477,晚餐,3,19,想吃好点,疲惫,雨,家人,想健康,不吃辣,素食,194,油焖春笋,家常炒菜,1,chosen,0.7064,0.6945,train,normal
477,晚餐,3,19,想吃好点,疲惫,雨,家人,想健康,不吃辣,素食,647,韭菜盒子,烧烤小吃,1,chosen,0.672,0.6481,train,normal
478,晚餐,5,49,省着点,开心,冷,家人,想健康,微辣,乳制品,2,青椒肉丝,煲仔饭碟头饭,1,chosen,0.6946,0.7274,train,normal
478,晚餐,5,49,省着点,开心,冷,家人,想健康,微辣,乳制品,2,青椒肉丝,煲仔饭碟头饭,1,chosen,0.6946,0.7246,train,normal
478,晚餐,5,49,省着点,开心,冷,家人,想健康,微辣,乳制品,2,青椒肉丝,煲仔饭碟头饭,1,chosen,0.6946,0.6546,train,normal
479,午餐,4,15,正常,一般,冷,同事,随便,中辣,,328,川味香肠炒饭,川菜,1,chosen,0.6114,0.6345,train,normal
479,午餐,4,15,正常,一般,冷,同事,随便,中辣,,328,川味香肠炒饭,川菜,1,chosen,0.6114,0.6496,train,normal
479,午餐,4,15,正常,一般,冷,同事,随便,中辣,,554,榨菜肉丝(湘),湘菜,1,chosen,0.6114,0.6433,train,normal
479,午餐,4,15,正常,一般,冷,同事,随便,中辣,,213,小炒肉(川),川菜,0,considered,0.6114,0.6132,train,normal
479,午餐,4,15,正常,一般,冷,同事,随便,中辣,,248,青椒肉丝(川),川菜,0,considered,0.6114,0.5604,train,normal
480,晚餐,4,61,不差钱,疲惫,晴,一个人,随便,不吃辣,海鲜,118,小鸡炖蘑菇粉条,东北菜,1,chosen,0.5556,0.5075,train,normal
480,晚餐,4,61,不差钱,疲惫,晴,一个人,随便,不吃辣,海鲜,118,小鸡炖蘑菇粉条,东北菜,1,chosen,0.5556,0.5169,train,normal
480,晚餐,4,61,不差钱,疲惫,晴,一个人,随便,不吃辣,海鲜,118,小鸡炖蘑菇粉条,东北菜,1,chosen,0.5556,0.5796,train,normal
481,晚餐,2,17,正常,疲惫,热,一个人,随便,重辣,"海鲜,乳制品",579,腊味萝卜干,湘菜,1,chosen,0.6059,0.6377,train,normal
481,晚餐,2,17,正常,疲惫,热,一个人,随便,重辣,"海鲜,乳制品",579,腊味萝卜干,湘菜,1,chosen,0.6059,0.6395,train,normal
481,晚餐,2,17,正常,疲惫,热,一个人,随便,重辣,"海鲜,乳制品",579,腊味萝卜干,湘菜,1,chosen,0.6059,0.6384,train,normal
482,午餐,3,100,正常,疲惫,晴,同事,随便,重辣,,234,红油水饺,川菜,1,chosen,0.6126,0.5852,train,normal
482,午餐,3,100,正常,疲惫,晴,同事,随便,重辣,,253,麻辣烫(川),川菜,1,chosen,0.6126,0.6565,train,normal
482,午餐,3,100,正常,疲惫,晴,同事,随便,重辣,,253,麻辣烫(川),川菜,1,chosen,0.6126,0.6824,train,normal
483,午餐,2,23,想吃好点,疲惫,冷,家人,随便,重辣,,281,泡椒猪肝,川菜,1,chosen,0.7011,0.7223,train,normal
483,午餐,2,23,想吃好点,疲惫,冷,家人,随便,重辣,,281,泡椒猪肝,川菜,1,chosen,0.7011,0.6928,train,normal
483,午餐,2,23,想吃好点,疲惫,冷,家人,随便,重辣,,281,泡椒猪肝,川菜,1,chosen,0.7011,0.6972,train,normal
484,午餐,2,82,省着点,疲惫,阴,朋友,严格控制,不吃辣,,658,卤水豆腐,烧腊卤味,1,chosen,0.6635,0.6153,train,normal
484,午餐,2,82,省着点,疲惫,阴,朋友,严格控制,不吃辣,,658,卤水豆腐,烧腊卤味,1,chosen,0.6635,0.6892,train,normal
484,午餐,2,82,省着点,疲惫,阴,朋友,严格控制,不吃辣,,658,卤水豆腐,烧腊卤味,1,chosen,0.6635,0.6201,train,normal
485,午餐,4,40,正常,疲惫,阴,朋友,随便,重辣,麸质,205,冒菜(川),川菜,1,chosen,0.6933,0.6905,test,normal
485,午餐,4,40,正常,疲惫,阴,朋友,随便,重辣,麸质,548,干锅茶树菇,湘菜,1,chosen,0.6862,0.7015,test,normal
485,午餐,4,40,正常,疲惫,阴,朋友,随便,重辣,麸质,205,冒菜(川),川菜,1,chosen,0.6933,0.6646,test,normal
485,午餐,4,40,正常,疲惫,阴,朋友,随便,重辣,麸质,253,麻辣烫(川),川菜,0,considered,0.6865,0.7463,test,normal
485,午餐,4,40,正常,疲惫,阴,朋友,随便,重辣,麸质,221,干锅土豆片,川菜,0,considered,0.6865,0.7493,test,normal
486,晚餐,3,26,正常,开心,冷,朋友,不关心,不吃辣,海鲜,370,陈皮蒸牛肉饼,广府家常菜,1,chosen,0.658,0.7191,train,normal
486,晚餐,3,26,正常,开心,冷,朋友,不关心,不吃辣,海鲜,349,酿豆腐,广府家常菜,1,chosen,0.658,0.6887,train,normal
486,晚餐,3,26,正常,开心,冷,朋友,不关心,不吃辣,海鲜,370,陈皮蒸牛肉饼,广府家常菜,1,chosen,0.658,0.6635,train,normal
487,夜宵,5,58,不差钱,一般,热,朋友,想健康,不吃辣,,24,菌汤火锅,火锅麻辣烫,1,chosen,0.688,0.6764,train,normal
487,夜宵,5,58,不差钱,一般,热,朋友,想健康,不吃辣,,24,菌汤火锅,火锅麻辣烫,1,chosen,0.688,0.6898,train,normal
487,夜宵,5,58,不差钱,一般,热,朋友,想健康,不吃辣,,24,菌汤火锅,火锅麻辣烫,1,chosen,0.688,0.7035,train,normal
488,午餐,3,100,省着点,一般,晴,家人,不关心,微辣,海鲜,658,卤水豆腐,烧腊卤味,1,chosen,0.6052,0.6258,val,normal
488,午餐,3,100,省着点,一般,晴,家人,不关心,微辣,海鲜,658,卤水豆腐,烧腊卤味,1,chosen,0.6052,0.6206,val,normal
488,午餐,3,100,省着点,一般,晴,家人,不关心,微辣,海鲜,658,卤水豆腐,烧腊卤味,1,chosen,0.6052,0.6359,val,normal
488,午餐,3,100,省着点,一般,晴,家人,不关心,微辣,海鲜,648,卤水鸡翅,烧腊卤味,0,considered,0.5851,0.6258,val,normal
488,午餐,3,100,省着点,一般,晴,家人,不关心,微辣,海鲜,659,卤水鸭掌,烧腊卤味,0,considered,0.5775,0.567,val,normal
489,晚餐,3,27,省着点,一般,阴,朋友,不关心,不吃辣,"海鲜,乳制品",658,卤水豆腐,烧腊卤味,1,chosen,0.5983,0.6129,val,normal
489,晚餐,3,27,省着点,一般,阴,朋友,不关心,不吃辣,"海鲜,乳制品",658,卤水豆腐,烧腊卤味,1,chosen,0.5983,0.608,val,normal
489,晚餐,3,27,省着点,一般,阴,朋友,不关心,不吃辣,"海鲜,乳制品",658,卤水豆腐,烧腊卤味,1,chosen,0.5983,0.5279,val,normal
489,晚餐,3,27,省着点,一般,阴,朋友,不关心,不吃辣,"海鲜,乳制品",665,金钱肚,烧腊卤味,0,considered,0.5631,0.5393,val,normal
489,晚餐,3,27,省着点,一般,阴,朋友,不关心,不吃辣,"海鲜,乳制品",648,卤水鸡翅,烧腊卤味,0,considered,0.5554,0.5093,val,normal
490,晚餐,5,79,省着点,开心,晴,一个人,想健康,不吃辣,"海鲜,乳制品",173,毛豆炒肉丝,家常炒菜,1,chosen,0.553,0.5975,test,normal
490,晚餐,5,79,省着点,开心,晴,一个人,想健康,不吃辣,"海鲜,乳制品",173,毛豆炒肉丝,家常炒菜,1,chosen,0.553,0.5766,test,normal
490,晚餐,5,79,省着点,开心,晴,一个人,想健康,不吃辣,"海鲜,乳制品",52,东北大煎饼,东北菜,1,chosen,0.5482,0.4767,test,normal
491,下午加餐,4,34,正常,开心,热,朋友,严格控制,中辣,,32,藜麦牛油果碗,轻食健康,1,chosen,0.7148,0.6503,train,normal
491,下午加餐,4,34,正常,开心,热,朋友,严格控制,中辣,,32,藜麦牛油果碗,轻食健康,1,chosen,0.7148,0.6918,train,normal
491,下午加餐,4,34,正常,开心,热,朋友,严格控制,中辣,,32,藜麦牛油果碗,轻食健康,1,chosen,0.7148,0.7159,train,normal
492,晚餐,3,83,正常,疲惫,雪,朋友,想健康,中辣,,15,宫保鸡丁,家常炒菜,1,chosen,0.8302,0.8427,test,snow
492,晚餐,3,83,正常,疲惫,雪,朋友,想健康,中辣,,15,宫保鸡丁,家常炒菜,1,chosen,0.8302,0.8861,test,snow
492,晚餐,3,83,正常,疲惫,雪,朋友,想健康,中辣,,15,宫保鸡丁,家常炒菜,1,chosen,0.8302,0.8351,test,snow
493,晚餐,3,48,正常,疲惫,雨,一个人,想健康,中辣,麸质,11,云南小锅米线,长三角粉面,1,chosen,0.6579,0.684,train,normal
493,晚餐,3,48,正常,疲惫,雨,一个人,想健康,中辣,麸质,11,云南小锅米线,长三角粉面,1,chosen,0.6579,0.7273,train,normal
493,晚餐,3,48,正常,疲惫,雨,一个人,想健康,中辣,麸质,11,云南小锅米线,长三角粉面,1,chosen,0.6579,0.6569,train,normal
493,晚餐,3,48,正常,疲惫,雨,一个人,想健康,中辣,麸质,6,兰州牛肉面,长三角粉面,0,considered,0.65,0.6592,train,normal
493,晚餐,3,48,正常,疲惫,雨,一个人,想健康,中辣,麸质,9,炸酱面,长三角粉面,0,considered,0.6224,0.6095,train,normal
494,午餐,3,90,正常,一般,雪,一个人,严格控制,微辣,海鲜,166,炒蚕蛹,东北菜,1,chosen,0.6753,0.6588,test,snow
494,午餐,3,90,正常,一般,雪,一个人,严格控制,微辣,海鲜,166,炒蚕蛹,东北菜,1,chosen,0.6753,0.6624,test,snow
494,午餐,3,90,正常,一般,雪,一个人,严格控制,微辣,海鲜,292,荤豆花,川菜,1,chosen,0.679,0.6805,test,snow
495,午餐,3,40,想吃好点,疲惫,阴,约会,随便,微辣,海鲜,292,荤豆花,川菜,1,chosen,0.6812,0.658,train,normal
495,午餐,3,40,想吃好点,疲惫,阴,约会,随便,微辣,海鲜,292,荤豆花,川菜,1,chosen,0.6812,0.7015,train,normal
495,午餐,3,40,想吃好点,疲惫,阴,约会,随便,微辣,海鲜,292,荤豆花,川菜,1,chosen,0.6812,0.6662,train,normal
496,午餐,3,90,省着点,压力大,雨,同事,不关心,微辣,,48,东北土豆丝,东北菜,1,chosen,0.6538,0.6257,train,normal
496,午餐,3,90,省着点,压力大,雨,同事,不关心,微辣,,48,东北土豆丝,东北菜,1,chosen,0.6538,0.6906,train,normal
496,午餐,3,90,省着点,压力大,雨,同事,不关心,微辣,,48,东北土豆丝,东北菜,1,chosen,0.6538,0.6762,train,normal
497,午餐,3,83,想吃好点,疲惫,热,同事,不关心,不吃辣,,126,松仁小肚,东北菜,1,chosen,0.6407,0.6891,val,normal
497,午餐,3,83,想吃好点,疲惫,热,同事,不关心,不吃辣,,126,松仁小肚,东北菜,1,chosen,0.6407,0.6028,val,normal
497,午餐,3,83,想吃好点,疲惫,热,同事,不关心,不吃辣,,126,松仁小肚,东北菜,1,chosen,0.6407,0.6905,val,normal
498,晚餐,3,37,正常,压力大,阴,一个人,随便,微辣,,48,东北土豆丝,东北菜,1,chosen,0.5635,0.5235,val,normal
498,晚餐,3,37,正常,压力大,阴,一个人,随便,微辣,,48,东北土豆丝,东北菜,1,chosen,0.5635,0.5936,val,normal
498,晚餐,3,37,正常,压力大,阴,一个人,随便,微辣,,48,东北土豆丝,东北菜,1,chosen,0.5635,0.5408,val,normal
498,晚餐,3,37,正常,压力大,阴,一个人,随便,微辣,,71,干豆腐炒尖椒,东北菜,0,considered,0.5598,0.5558,val,normal
498,晚餐,3,37,正常,压力大,阴,一个人,随便,微辣,,69,尖椒干豆腐,东北菜,0,considered,0.5598,0.577,val,normal
499,晚餐,3,110,正常,疲惫,雨,家人,随便,不吃辣,,152,锅出溜,东北菜,1,chosen,0.6934,0.6459,val,normal
499,晚餐,3,110,正常,疲惫,雨,家人,随便,不吃辣,,658,卤水豆腐,烧腊卤味,1,chosen,0.6934,0.6704,val,normal
499,晚餐,3,110,正常,疲惫,雨,家人,随便,不吃辣,,152,锅出溜,东北菜,1,chosen,0.6934,0.6649,val,normal
500,晚餐,3,43,想吃好点,压力大,雨,一个人,不关心,微辣,,811,鳝丝面,长三角粉面,1,chosen,0.6109,0.6589,train,normal
500,晚餐,3,43,想吃好点,压力大,雨,一个人,不关心,微辣,,811,鳝丝面,长三角粉面,1,chosen,0.6109,0.6302,train,normal
500,晚餐,3,43,想吃好点,压力大,雨,一个人,不关心,微辣,,811,鳝丝面,长三角粉面,1,chosen,0.6109,0.6698,train,normal
501,晚餐,3,24,正常,疲惫,冷,同事,想健康,中辣,,11,云南小锅米线,长三角粉面,1,chosen,0.6949,0.7249,train,normal
501,晚餐,3,24,正常,疲惫,冷,同事,想健康,中辣,,11,云南小锅米线,长三角粉面,1,chosen,0.6949,0.683,train,normal
501,晚餐,3,24,正常,疲惫,冷,同事,想健康,中辣,,575,紫苏煎黄瓜,湘菜,1,chosen,0.6949,0.715,train,normal
502,午餐,2,33,正常,疲惫,晴,朋友,严格控制,不吃辣,,348,豉汁蒸排骨,广府家常菜,1,chosen,0.6777,0.6912,train,normal
502,午餐,2,33,正常,疲惫,晴,朋友,严格控制,不吃辣,,348,豉汁蒸排骨,广府家常菜,1,chosen,0.6777,0.6967,train,normal
502,午餐,2,33,正常,疲惫,晴,朋友,严格控制,不吃辣,,369,豉汁蒸鱼头,广府家常菜,1,chosen,0.6777,0.7357,train,normal
503,午餐,3,70,想吃好点,一般,热,同事,想健康,不吃辣,,126,松仁小肚,东北菜,1,chosen,0.6256,0.5808,test,normal
503,午餐,3,70,想吃好点,一般,热,同事,想健康,不吃辣,,126,松仁小肚,东北菜,1,chosen,0.6256,0.5982,test,normal
503,午餐,3,70,想吃好点,一般,热,同事,想健康,不吃辣,,126,松仁小肚,东北菜,1,chosen,0.6256,0.6462,test,normal
504,晚餐,3,102,不差钱,一般,热,一个人,想健康,不吃辣,海鲜,165,沟帮子熏鸡,东北菜,1,chosen,0.577,0.5417,train,normal
504,晚餐,3,102,不差钱,一般,热,一个人,想健康,不吃辣,海鲜,478,白切羊肉,本帮江浙菜,1,chosen,0.5947,0.5293,train,normal
504,晚餐,3,102,不差钱,一般,热,一个人,想健康,不吃辣,海鲜,478,白切羊肉,本帮江浙菜,1,chosen,0.5947,0.5963,train,normal
505,晚餐,5,60,想吃好点,一般,雨,家人,想健康,重辣,"海鲜,乳制品",13,麻婆豆腐,家常炒菜,1,chosen,0.7054,0.7475,train,normal
505,晚餐,5,60,想吃好点,一般,雨,家人,想健康,重辣,"海鲜,乳制品",13,麻婆豆腐,家常炒菜,1,chosen,0.7054,0.6922,train,normal
505,晚餐,5,60,想吃好点,一般,雨,家人,想健康,重辣,"海鲜,乳制品",13,麻婆豆腐,家常炒菜,1,chosen,0.7054,0.6996,train,normal
505,晚餐,5,60,想吃好点,一般,雨,家人,想健康,重辣,"海鲜,乳制品",15,宫保鸡丁,家常炒菜,0,considered,0.7002,0.6764,train,normal
505,晚餐,5,60,想吃好点,一般,雨,家人,想健康,重辣,"海鲜,乳制品",190,小炒黄牛肉,家常炒菜,0,considered,0.6771,0.6935,train,normal
506,午餐,2,47,省着点,疲惫,阴,约会,不关心,中辣,素食,523,长沙臭豆腐,湘菜,1,chosen,0.6652,0.6957,train,normal
506,午餐,2,47,省着点,疲惫,阴,约会,不关心,中辣,素食,552,攸县香干,湘菜,1,chosen,0.6494,0.6497,train,normal
506,午餐,2,47,省着点,疲惫,阴,约会,不关心,中辣,素食,523,长沙臭豆腐,湘菜,1,chosen,0.6652,0.6984,train,normal
507,午餐,2,15,想吃好点,压力大,雨,约会,随便,重辣,海鲜,541,小炒香干,湘菜,1,chosen,0.7064,0.7273,test,normal
507,午餐,2,15,想吃好点,压力大,雨,约会,随便,重辣,海鲜,541,小炒香干,湘菜,1,chosen,0.7064,0.683,test,normal
507,午餐,2,15,想吃好点,压力大,雨,约会,随便,重辣,海鲜,541,小炒香干,湘菜,1,chosen,0.7064,0.7431,test,normal
508,晚餐,4,98,省着点,疲惫,热,家人,想健康,不吃辣,,658,卤水豆腐,烧腊卤味,1,chosen,0.7271,0.689,train,normal
508,晚餐,4,98,省着点,疲惫,热,家人,想健康,不吃辣,,658,卤水豆腐,烧腊卤味,1,chosen,0.7271,0.7594,train,normal
508,晚餐,4,98,省着点,疲惫,热,家人,想健康,不吃辣,,9,炸酱面,长三角粉面,1,chosen,0.7159,0.7185,train,normal
509,晚餐,3,100,正常,疲惫,雨,一个人,想健康,中辣,"海鲜,乳制品",11,云南小锅米线,长三角粉面,1,chosen,0.6579,0.6184,test,normal
509,晚餐,3,100,正常,疲惫,雨,一个人,想健康,中辣,"海鲜,乳制品",11,云南小锅米线,长三角粉面,1,chosen,0.6579,0.6997,test,normal
509,晚餐,3,100,正常,疲惫,雨,一个人,想健康,中辣,"海鲜,乳制品",11,云南小锅米线,长三角粉面,1,chosen,0.6579,0.6325,test,normal
510,午餐,5,93,正常,开心,热,朋友,不关心,微辣,素食,289,糖油果子,川菜,1,chosen,0.6336,0.6505,train,normal
510,午餐,5,93,正常,开心,热,朋友,不关心,微辣,素食,658,卤水豆腐,烧腊卤味,1,chosen,0.6648,0.6202,train,normal
510,午餐,5,93,正常,开心,热,朋友,不关心,微辣,素食,658,卤水豆腐,烧腊卤味,1,chosen,0.6648,0.6757,train,normal
511,午餐,5,60,正常,疲惫,晴,一个人,不关心,微辣,,1,黄焖鸡米饭,煲仔饭碟头饭,1,chosen,0.5746,0.5561,val,normal
511,午餐,5,60,正常,疲惫,晴,一个人,不关心,微辣,,1,黄焖鸡米饭,煲仔饭碟头饭,1,chosen,0.5746,0.614,val,normal
511,午餐,5,60,正常,疲惫,晴,一个人,不关心,微辣,,1,黄焖鸡米饭,煲仔饭碟头饭,1,chosen,0.5746,0.5899,val,normal
511,午餐,5,60,正常,疲惫,晴,一个人,不关心,微辣,,2,青椒肉丝,煲仔饭碟头饭,0,considered,0.5746,0.5725,val,normal
511,午餐,5,60,正常,疲惫,晴,一个人,不关心,微辣,,4,咖喱鸡排饭,煲仔饭碟头饭,0,considered,0.5746,0.549,val,normal
512,早餐,3,49,正常,压力大,晴,朋友,想健康,中辣,素食,807,衢州常山索面,长三角粉面,1,chosen,0.6863,0.7286,train,normal
512,早餐,3,49,正常,压力大,晴,朋友,想健康,中辣,素食,807,衢州常山索面,长三角粉面,1,chosen,0.6863,0.6874,train,normal
512,早餐,3,49,正常,压力大,晴,朋友,想健康,中辣,素食,807,衢州常山索面,长三角粉面,1,chosen,0.6863,0.6432,train,normal
512,早餐,3,49,正常,压力大,晴,朋友,想健康,中辣,素食,804,素鸡面,长三角粉面,0,considered,0.6596,0.6612,train,normal
512,早餐,3,49,正常,压力大,晴,朋友,想健康,中辣,素食,793,常熟蕈油面,长三角粉面,0,considered,0.6596,0.6961,train,normal
513,午餐,1,40,想吃好点,一般,晴,家人,随便,微辣,素食,458,油焖笋,本帮江浙菜,1,chosen,0.5607,0.5808,train,normal
513,午餐,1,40,想吃好点,一般,晴,家人,随便,微辣,素食,109,东北臭豆腐,东北菜,1,chosen,0.5463,0.5124,train,normal
513,午餐,1,40,想吃好点,一般,晴,家人,随便,微辣,素食,458,油焖笋,本帮江浙菜,1,chosen,0.5607,0.5524,train,normal
513,午餐,1,40,想吃好点,一般,晴,家人,随便,微辣,素食,457,宁波烤菜,本帮江浙菜,0,considered,0.5118,0.4957,train,normal
513,午餐,1,40,想吃好点,一般,晴,家人,随便,微辣,素食,482,素蟹粉,本帮江浙菜,0,considered,0.4983,0.5376,train,normal
514,午餐,3,72,想吃好点,开心,晴,朋友,想健康,不吃辣,,813,台州跳鱼捞面,长三角粉面,1,chosen,0.6557,0.648,train,normal
514,午餐,3,72,想吃好点,开心,晴,朋友,想健康,不吃辣,,813,台州跳鱼捞面,长三角粉面,1,chosen,0.6557,0.6552,train,normal
514,午餐,3,72,想吃好点,开心,晴,朋友,想健康,不吃辣,,813,台州跳鱼捞面,长三角粉面,1,chosen,0.6557,0.6231,train,normal
515,晚餐,4,26,想吃好点,一般,阴,一个人,不关心,不吃辣,,656,卤水拼盘,烧腊卤味,1,chosen,0.5111,0.579,train,normal
515,晚餐,4,26,想吃好点,一般,阴,一个人,不关心,不吃辣,,656,卤水拼盘,烧腊卤味,1,chosen,0.5111,0.5353,train,normal
515,晚餐,4,26,想吃好点,一般,阴,一个人,不关心,不吃辣,,656,卤水拼盘,烧腊卤味,1,chosen,0.5111,0.551,train,normal
516,午餐,4,30,不差钱,开心,雨,约会,想健康,中辣,,241,酸汤肥牛,川菜,1,chosen,0.739,0.7642,train,normal
516,午餐,4,30,不差钱,开心,雨,约会,想健康,中辣,,241,酸汤肥牛,川菜,1,chosen,0.739,0.7668,train,normal
516,午餐,4,30,不差钱,开心,雨,约会,想健康,中辣,,241,酸汤肥牛,川菜,1,chosen,0.739,0.7554,train,normal
517,晚餐,3,46,正常,一般,冷,约会,不关心,重辣,素食,580,臭豆腐炒辣椒,湘菜,1,chosen,0.6872,0.6631,train,normal
517,晚餐,3,46,正常,一般,冷,约会,不关心,重辣,素食,580,臭豆腐炒辣椒,湘菜,1,chosen,0.6872,0.6684,train,normal
517,晚餐,3,46,正常,一般,冷,约会,不关心,重辣,素食,580,臭豆腐炒辣椒,湘菜,1,chosen,0.6872,0.6841,train,normal
518,午餐,3,47,不差钱,疲惫,冷,同事,随便,微辣,,811,鳝丝面,长三角粉面,1,chosen,0.6417,0.6429,train,normal
518,午餐,3,47,不差钱,疲惫,冷,同事,随便,微辣,,811,鳝丝面,长三角粉面,1,chosen,0.6417,0.6065,train,normal
518,午餐,3,47,不差钱,疲惫,冷,同事,随便,微辣,,798,杭州虾爆鳝面,长三角粉面,1,chosen,0.6372,0.6332,train,normal
519,午餐,4,68,正常,开心,阴,一个人,随便,中辣,"海鲜,乳制品",327,川味腊肠炒饭,川菜,1,chosen,0.5383,0.5155,train,normal
519,午餐,4,68,正常,开心,阴,一个人,随便,中辣,"海鲜,乳制品",11,云南小锅米线,长三角粉面,1,chosen,0.5383,0.5361,train,normal
519,午餐,4,68,正常,开心,阴,一个人,随便,中辣,"海鲜,乳制品",11,云南小锅米线,长三角粉面,1,chosen,0.5383,0.5407,train,normal
519,午餐,4,68,正常,开心,阴,一个人,随便,中辣,"海鲜,乳制品",786,南京皮肚面,长三角粉面,0,considered,0.5383,0.5161,train,normal
519,午餐,4,68,正常,开心,阴,一个人,随便,中辣,"海鲜,乳制品",795,徐州羊肉面,长三角粉面,0,considered,0.5383,0.5304,train,normal
520,晚餐,4,85,正常,压力大,雨,一个人,想健康,中辣,麸质,11,云南小锅米线,长三角粉面,1,chosen,0.6579,0.61,train,normal
520,晚餐,4,85,正常,压力大,雨,一个人,想健康,中辣,麸质,575,紫苏煎黄瓜,湘菜,1,chosen,0.6579,0.64,train,normal
520,晚餐,4,85,正常,压力大,雨,一个人,想健康,中辣,麸质,11,云南小锅米线,长三角粉面,1,chosen,0.6579,0.6033,train,normal
521,早餐,4,105,省着点,压力大,雨,一个人,随便,不吃辣,,44,小笼包+豆浆,早餐粥点,1,chosen,0.6363,0.642,val,normal
521,早餐,4,105,省着点,压力大,雨,一个人,随便,不吃辣,,44,小笼包+豆浆,早餐粥点,1,chosen,0.6363,0.6519,val,normal
521,早餐,4,105,省着点,压力大,雨,一个人,随便,不吃辣,,44,小笼包+豆浆,早餐粥点,1,chosen,0.6363,0.6936,val,normal
522,晚餐,5,45,正常,压力大,晴,朋友,不关心,不吃辣,,683,窝蛋牛肉煲仔饭,煲仔饭碟头饭,1,chosen,0.657,0.6573,train,normal
522,晚餐,5,45,正常,压力大,晴,朋友,不关心,不吃辣,,683,窝蛋牛肉煲仔饭,煲仔饭碟头饭,1,chosen,0.657,0.6499,train,normal
522,晚餐,5,45,正常,压力大,晴,朋友,不关心,不吃辣,,683,窝蛋牛肉煲仔饭,煲仔饭碟头饭,1,chosen,0.657,0.5836,train,normal
523,晚餐,3,38,正常,开心,雪,约会,想健康,不吃辣,,64,土豆炖茄子,东北菜,1,chosen,0.7905,0.771,test,snow
523,晚餐,3,38,正常,开心,雪,约会,想健康,不吃辣,,64,土豆炖茄子,东北菜,1,chosen,0.7905,0.7863,test,snow
523,晚餐,3,38,正常,开心,雪,约会,想健康,不吃辣,,116,大丰收,东北菜,1,chosen,0.7905,0.7639,test,snow
523,晚餐,3,38,正常,开心,雪,约会,想健康,不吃辣,,91,红烧带鱼,东北菜,0,considered,0.7905,0.7866,test,snow
523,晚餐,3,38,正常,开心,雪,约会,想健康,不吃辣,,143,茄子炖土豆,东北菜,0,considered,0.7905,0.8061,test,snow
524,午餐,4,23,正常,开心,热,家人,不关心,微辣,,60,东北饭包,东北菜,1,chosen,0.6513,0.7079,train,normal
524,午餐,4,23,正常,开心,热,家人,不关心,微辣,,658,卤水豆腐,烧腊卤味,1,chosen,0.642,0.6084,train,normal
524,午餐,4,23,正常,开心,热,家人,不关心,微辣,,60,东北饭包,东北菜,1,chosen,0.6513,0.6609,train,normal
524,午餐,4,23,正常,开心,热,家人,不关心,微辣,,126,松仁小肚,东北菜,0,considered,0.6475,0.6099,train,normal
524,午餐,4,23,正常,开心,热,家人,不关心,微辣,,62,哈尔滨红肠,东北菜,0,considered,0.6407,0.5695,train,normal
525,早餐,4,71,正常,一般,热,一个人,想健康,中辣,素食,807,衢州常山索面,长三角粉面,1,chosen,0.5444,0.5001,train,normal
525,早餐,4,71,正常,一般,热,一个人,想健康,中辣,素食,807,衢州常山索面,长三角粉面,1,chosen,0.5444,0.5463,train,normal
525,早餐,4,71,正常,一般,热,一个人,想健康,中辣,素食,807,衢州常山索面,长三角粉面,1,chosen,0.5444,0.6253,train,normal
526,晚餐,5,80,正常,疲惫,热,同事,严格控制,重辣,"海鲜,乳制品",60,东北饭包,东北菜,1,chosen,0.6857,0.6226,train,normal
526,晚餐,5,80,正常,疲惫,热,同事,严格控制,重辣,"海鲜,乳制品",60,东北饭包,东北菜,1,chosen,0.6857,0.7164,train,normal
526,晚餐,5,80,正常,疲惫,热,同事,严格控制,重辣,"海鲜,乳制品",60,东北饭包,东北菜,1,chosen,0.6857,0.6561,train,normal
527,早餐,2,85,正常,疲惫,雨,朋友,随便,微辣,素食,793,常熟蕈油面,长三角粉面,1,chosen,0.6679,0.6445,test,normal
527,早餐,2,85,正常,疲惫,雨,朋友,随便,微辣,素食,793,常熟蕈油面,长三角粉面,1,chosen,0.6679,0.6412,test,normal
527,早餐,2,85,正常,疲惫,雨,朋友,随便,微辣,素食,793,常熟蕈油面,长三角粉面,1,chosen,0.6679,0.7113,test,normal
527,早餐,2,85,正常,疲惫,雨,朋友,随便,微辣,素食,804,素鸡面,长三角粉面,0,considered,0.6679,0.6603,test,normal
527,早餐,2,85,正常,疲惫,雨,朋友,随便,微辣,素食,808,金华佛堂千张面,长三角粉面,0,considered,0.6679,0.7147,test,normal
528,午餐,2,87,想吃好点,一般,冷,朋友,不关心,微辣,,511,黄山臭鳜鱼,本帮江浙菜,1,chosen,0.663,0.7116,val,normal
528,午餐,2,87,想吃好点,一般,冷,朋友,不关心,微辣,,511,黄山臭鳜鱼,本帮江浙菜,1,chosen,0.663,0.69,val,normal
528,午餐,2,87,想吃好点,一般,冷,朋友,不关心,微辣,,511,黄山臭鳜鱼,本帮江浙菜,1,chosen,0.663,0.6177,val,normal
529,下午加餐,5,51,想吃好点,开心,雨,朋友,随便,重辣,海鲜,706,芒果班戟,糖水甜品,1,chosen,0.621,0.6436,train,normal
529,下午加餐,5,51,想吃好点,开心,雨,朋友,随便,重辣,海鲜,706,芒果班戟,糖水甜品,1,chosen,0.621,0.6054,train,normal
529,下午加餐,5,51,想吃好点,开心,雨,朋友,随便,重辣,海鲜,706,芒果班戟,糖水甜品,1,chosen,0.621,0.6061,train,normal
529,下午加餐,5,51,想吃好点,开心,雨,朋友,随便,重辣,海鲜,696,蛋挞,糖水甜品,0,considered,0.6164,0.6017,train,normal
529,下午加餐,5,51,想吃好点,开心,雨,朋友,随便,重辣,海鲜,694,菠萝包,糖水甜品,0,considered,0.6137,0.6354,train,normal
530,早餐,5,101,想吃好点,开心,阴,朋友,想健康,微辣,海鲜,428,及第粥,早餐粥点,1,chosen,0.6459,0.6202,train,normal
530,早餐,5,101,想吃好点,开心,阴,朋友,想健康,微辣,海鲜,428,及第粥,早餐粥点,1,chosen,0.6459,0.7379,train,normal
530,早餐,5,101,想吃好点,开心,阴,朋友,想健康,微辣,海鲜,428,及第粥,早餐粥点,1,chosen,0.6459,0.6561,train,normal
530,早餐,5,101,想吃好点,开心,阴,朋友,想健康,微辣,海鲜,45,杂粮煎饼果子,早餐粥点,0,considered,0.6248,0.5568,train,normal
530,早餐,5,101,想吃好点,开心,阴,朋友,想健康,微辣,海鲜,427,南翔小笼包,早餐粥点,0,considered,0.6085,0.5736,train,normal
531,晚餐,3,36,正常,低落,热,一个人,随便,重辣,麸质,579,腊味萝卜干,湘菜,1,chosen,0.6158,0.6045,train,normal
531,晚餐,3,36,正常,低落,热,一个人,随便,重辣,麸质,579,腊味萝卜干,湘菜,1,chosen,0.6158,0.6094,train,normal
531,晚餐,3,36,正常,低落,热,一个人,随便,重辣,麸质,579,腊味萝卜干,湘菜,1,chosen,0.6158,0.6584,train,normal
531,晚餐,3,36,正常,低落,热,一个人,随便,重辣,麸质,529,剁椒蒸排骨,湘菜,0,considered,0.5947,0.5434,train,normal
531,晚餐,3,36,正常,低落,热,一个人,随便,重辣,麸质,522,酸豆角肉泥,湘菜,0,considered,0.5947,0.6312,train,normal
532,午餐,4,15,不差钱,一般,晴,家人,随便,微辣,,366,豉椒炒花甲,广府家常菜,1,chosen,0.5769,0.5824,train,normal
532,午餐,4,15,不差钱,一般,晴,家人,随便,微辣,,366,豉椒炒花甲,广府家常菜,1,chosen,0.5769,0.712,train,normal
532,午餐,4,15,不差钱,一般,晴,家人,随便,微辣,,366,豉椒炒花甲,广府家常菜,1,chosen,0.5769,0.5867,train,normal
533,午餐,5,67,不差钱,疲惫,雪,朋友,不关心,不吃辣,,687,黄鳝煲仔饭,煲仔饭碟头饭,1,chosen,0.7648,0.7689,test,snow
533,午餐,5,67,不差钱,疲惫,雪,朋友,不关心,不吃辣,,687,黄鳝煲仔饭,煲仔饭碟头饭,1,chosen,0.7648,0.7721,test,snow
533,午餐,5,67,不差钱,疲惫,雪,朋友,不关心,不吃辣,,687,黄鳝煲仔饭,煲仔饭碟头饭,1,chosen,0.7648,0.7925,test,snow
534,晚餐,4,89,省着点,兴奋,热,家人,不关心,微辣,,658,卤水豆腐,烧腊卤味,1,chosen,0.6622,0.5766,train,normal
534,晚餐,4,89,省着点,兴奋,热,家人,不关心,微辣,,658,卤水豆腐,烧腊卤味,1,chosen,0.6622,0.7184,train,normal
534,晚餐,4,89,省着点,兴奋,热,家人,不关心,微辣,,658,卤水豆腐,烧腊卤味,1,chosen,0.6622,0.6903,train,normal
534,晚餐,4,89,省着点,兴奋,热,家人,不关心,微辣,,648,卤水鸡翅,烧腊卤味,0,considered,0.6451,0.6719,train,normal
534,晚餐,4,89,省着点,兴奋,热,家人,不关心,微辣,,659,卤水鸭掌,烧腊卤味,0,considered,0.6345,0.6097,train,normal
535,晚餐,4,15,正常,疲惫,热,约会,随便,不吃辣,麸质,9,炸酱面,长三角粉面,1,chosen,0.6901,0.7514,train,normal
535,晚餐,4,15,正常,疲惫,热,约会,随便,不吃辣,麸质,9,炸酱面,长三角粉面,1,chosen,0.6901,0.6879,train,normal
535,晚餐,4,15,正常,疲惫,热,约会,随便,不吃辣,麸质,9,炸酱面,长三角粉面,1,chosen,0.6901,0.711,train,normal
536,晚餐,3,52,正常,疲惫,雨,一个人,不关心,微辣,海鲜,48,东北土豆丝,东北菜,1,chosen,0.6109,0.5589,val,normal
536,晚餐,3,52,正常,疲惫,雨,一个人,不关心,微辣,海鲜,48,东北土豆丝,东北菜,1,chosen,0.6109,0.6755,val,normal
536,晚餐,3,52,正常,疲惫,雨,一个人,不关心,微辣,海鲜,48,东北土豆丝,东北菜,1,chosen,0.6109,0.6075,val,normal
537,晚餐,4,73,想吃好点,一般,阴,朋友,想健康,微辣,,297,连锅汤,川菜,1,chosen,0.6576,0.6677,train,normal
537,晚餐,4,73,想吃好点,一般,阴,朋友,想健康,微辣,,297,连锅汤,川菜,1,chosen,0.6576,0.5896,train,normal
537,晚餐,4,73,想吃好点,一般,阴,朋友,想健康,微辣,,297,连锅汤,川菜,1,chosen,0.6576,0.6428,train,normal
537,晚餐,4,73,想吃好点,一般,阴,朋友,想健康,微辣,,292,荤豆花,川菜,0,considered,0.6576,0.7155,train,normal
537,晚餐,4,73,想吃好点,一般,阴,朋友,想健康,微辣,,264,啤酒鸭,川菜,0,considered,0.6366,0.6026,train,normal
538,午餐,3,87,正常,一般,晴,同事,严格控制,微辣,,71,干豆腐炒尖椒,东北菜,1,chosen,0.6035,0.5979,train,normal
538,午餐,3,87,正常,一般,晴,同事,严格控制,微辣,,6,兰州牛肉面,长三角粉面,1,chosen,0.6072,0.5935,train,normal
538,午餐,3,87,正常,一般,晴,同事,严格控制,微辣,,69,尖椒干豆腐,东北菜,1,chosen,0.6035,0.6109,train,normal
539,午餐,2,94,想吃好点,一般,雨,约会,想健康,不吃辣,乳制品,365,豆豉蒸鲮鱼,广府家常菜,1,chosen,0.7086,0.828,train,normal
539,午餐,2,94,想吃好点,一般,雨,约会,想健康,不吃辣,乳制品,365,豆豉蒸鲮鱼,广府家常菜,1,chosen,0.7086,0.6778,train,normal
539,午餐,2,94,想吃好点,一般,雨,约会,想健康,不吃辣,乳制品,365,豆豉蒸鲮鱼,广府家常菜,1,chosen,0.7086,0.7173,train,normal
539,午餐,2,94,想吃好点,一般,雨,约会,想健康,不吃辣,乳制品,369,豉汁蒸鱼头,广府家常菜,0,considered,0.7086,0.7072,train,normal
539,午餐,2,94,想吃好点,一般,雨,约会,想健康,不吃辣,乳制品,354,姜葱焗鱼,广府家常菜,0,considered,0.7086,0.6605,train,normal
540,下午加餐,3,54,想吃好点,压力大,晴,约会,随便,中辣,麸质,770,波奇饭,轻食健康,1,chosen,0.6646,0.6664,train,normal
540,下午加餐,3,54,想吃好点,压力大,晴,约会,随便,中辣,麸质,770,波奇饭,轻食健康,1,chosen,0.6646,0.7143,train,normal
540,下午加餐,3,54,想吃好点,压力大,晴,约会,随便,中辣,麸质,770,波奇饭,轻食健康,1,chosen,0.6646,0.6276,train,normal
541,晚餐,3,51,省着点,一般,雨,同事,不关心,微辣,,48,东北土豆丝,东北菜,1,chosen,0.6057,0.6027,train,normal
541,晚餐,3,51,省着点,一般,雨,同事,不关心,微辣,,48,东北土豆丝,东北菜,1,chosen,0.6057,0.6315,train,normal
541,晚餐,3,51,省着点,一般,雨,同事,不关心,微辣,,109,东北臭豆腐,东北菜,1,chosen,0.6057,0.6669,train,normal
542,下午加餐,5,44,想吃好点,开心,热,朋友,不关心,不吃辣,"海鲜,乳制品",32,藜麦牛油果碗,轻食健康,1,chosen,0.608,0.562,train,normal
542,下午加餐,5,44,想吃好点,开心,热,朋友,不关心,不吃辣,"海鲜,乳制品",32,藜麦牛油果碗,轻食健康,1,chosen,0.608,0.6364,train,normal
542,下午加餐,5,44,想吃好点,开心,热,朋友,不关心,不吃辣,"海鲜,乳制品",32,藜麦牛油果碗,轻食健康,1,chosen,0.608,0.6263,train,normal
542,下午加餐,5,44,想吃好点,开心,热,朋友,不关心,不吃辣,"海鲜,乳制品",34,全麦鸡肉三明治,轻食健康,0,considered,0.598,0.5563,train,normal
542,下午加餐,5,44,想吃好点,开心,热,朋友,不关心,不吃辣,"海鲜,乳制品",771,藜麦鸡胸沙拉,轻食健康,0,considered,0.5504,0.5837,train,normal
543,晚餐,3,15,省着点,开心,雪,家人,想健康,微辣,麸质,71,干豆腐炒尖椒,东北菜,1,chosen,0.7521,0.7689,test,snow
543,晚餐,3,15,省着点,开心,雪,家人,想健康,微辣,麸质,71,干豆腐炒尖椒,东北菜,1,chosen,0.7521,0.7333,test,snow
543,晚餐,3,15,省着点,开心,雪,家人,想健康,微辣,麸质,72,手撕包菜(东北),东北菜,1,chosen,0.7473,0.7808,test,snow
544,晚餐,3,15,正常,兴奋,热,家人,随便,重辣,海鲜,126,松仁小肚,东北菜,1,chosen,0.639,0.6279,train,normal
544,晚餐,3,15,正常,兴奋,热,家人,随便,重辣,海鲜,541,小炒香干,湘菜,1,chosen,0.6281,0.6445,train,normal
544,晚餐,3,15,正常,兴奋,热,家人,随便,重辣,海鲜,579,腊味萝卜干,湘菜,1,chosen,0.6526,0.6774,train,normal
545,午餐,3,32,正常,一般,冷,朋友,严格控制,中辣,,15,宫保鸡丁,家常炒菜,1,chosen,0.7215,0.7816,train,normal
545,午餐,3,32,正常,一般,冷,朋友,严格控制,中辣,,15,宫保鸡丁,家常炒菜,1,chosen,0.7215,0.7082,train,normal
545,午餐,3,32,正常,一般,冷,朋友,严格控制,中辣,,15,宫保鸡丁,家常炒菜,1,chosen,0.7215,0.7524,train,normal
546,午餐,3,15,想吃好点,开心,雨,一个人,不关心,不吃辣,,377,大良炒鲜奶,广府家常菜,1,chosen,0.5699,0.5406,train,normal
546,午餐,3,15,想吃好点,开心,雨,一个人,不关心,不吃辣,,377,大良炒鲜奶,广府家常菜,1,chosen,0.5699,0.5045,train,normal
546,午餐,3,15,想吃好点,开心,雨,一个人,不关心,不吃辣,,377,大良炒鲜奶,广府家常菜,1,chosen,0.5699,0.5864,train,normal
547,夜宵,2,78,正常,一般,热,一个人,严格控制,不吃辣,,625,沙县扁肉,烧烤小吃,1,chosen,0.6251,0.6185,train,normal
547,夜宵,2,78,正常,一般,热,一个人,严格控制,不吃辣,,625,沙县扁肉,烧烤小吃,1,chosen,0.6251,0.666,train,normal
547,夜宵,2,78,正常,一般,热,一个人,严格控制,不吃辣,,625,沙县扁肉,烧烤小吃,1,chosen,0.6251,0.6823,train,normal
548,午餐,4,31,想吃好点,压力大,晴,一个人,不关心,中辣,,308,鱼香肉片,川菜,1,chosen,0.5751,0.555,train,normal
548,午餐,4,31,想吃好点,压力大,晴,一个人,不关心,中辣,,308,鱼香肉片,川菜,1,chosen,0.5751,0.5348,train,normal
548,午餐,4,31,想吃好点,压力大,晴,一个人,不关心,中辣,,308,鱼香肉片,川菜,1,chosen,0.5751,0.6162,train,normal
549,晚餐,3,21,省着点,一般,热,同事,想健康,中辣,,60,东北饭包,东北菜,1,chosen,0.6222,0.5822,val,normal
549,晚餐,3,21,省着点,一般,热,同事,想健康,中辣,,60,东北饭包,东北菜,1,chosen,0.6222,0.626,val,normal
549,晚餐,3,21,省着点,一般,热,同事,想健康,中辣,,60,东北饭包,东北菜,1,chosen,0.6222,0.5889,val,normal
550,晚餐,3,59,想吃好点,一般,晴,朋友,随便,不吃辣,麸质,360,白灼猪手,广府家常菜,1,chosen,0.6052,0.592,train,normal
550,晚餐,3,59,想吃好点,一般,晴,朋友,随便,不吃辣,麸质,360,白灼猪手,广府家常菜,1,chosen,0.6052,0.5558,train,normal
550,晚餐,3,59,想吃好点,一般,晴,朋友,随便,不吃辣,麸质,360,白灼猪手,广府家常菜,1,chosen,0.6052,0.6008,train,normal
550,晚餐,3,59,想吃好点,一般,晴,朋友,随便,不吃辣,麸质,381,煎酿鲮鱼,广府家常菜,0,considered,0.6052,0.5896,train,normal
550,晚餐,3,59,想吃好点,一般,晴,朋友,随便,不吃辣,麸质,368,豉汁蒸凤爪,广府家常菜,0,considered,0.6029,0.6209,train,normal
551,晚餐,5,63,省着点,疲惫,晴,家人,不关心,不吃辣,,668,咸肉菜饭,煲仔饭碟头饭,1,chosen,0.657,0.6313,test,normal
551,晚餐,5,63,省着点,疲惫,晴,家人,不关心,不吃辣,,668,咸肉菜饭,煲仔饭碟头饭,1,chosen,0.657,0.7255,test,normal
551,晚餐,5,63,省着点,疲惫,晴,家人,不关心,不吃辣,,658,卤水豆腐,烧腊卤味,1,chosen,0.6496,0.7103,test,normal
551,晚餐,5,63,省着点,疲惫,晴,家人,不关心,不吃辣,,685,菜饭骨头汤,煲仔饭碟头饭,0,considered,0.6453,0.659,test,normal
551,晚餐,5,63,省着点,疲惫,晴,家人,不关心,不吃辣,,3,台式卤肉饭,煲仔饭碟头饭,0,considered,0.6394,0.6,test,normal
552,早餐,5,58,省着点,疲惫,晴,同事,想健康,不吃辣,,44,小笼包+豆浆,早餐粥点,1,chosen,0.6612,0.6905,train,normal
552,早餐,5,58,省着点,疲惫,晴,同事,想健康,不吃辣,,44,小笼包+豆浆,早餐粥点,1,chosen,0.6612,0.6181,train,normal
552,早餐,5,58,省着点,疲惫,晴,同事,想健康,不吃辣,,44,小笼包+豆浆,早餐粥点,1,chosen,0.6612,0.6867,train,normal
552,早餐,5,58,省着点,疲惫,晴,同事,想健康,不吃辣,,43,皮蛋瘦肉粥,早餐粥点,0,considered,0.6612,0.7055,train,normal
552,早餐,5,58,省着点,疲惫,晴,同事,想健康,不吃辣,,439,菜肉大馄饨,早餐粥点,0,considered,0.6537,0.6575,train,normal
553,早餐,4,53,省着点,开心,晴,同事,想健康,中辣,,439,菜肉大馄饨,早餐粥点,1,chosen,0.6267,0.653,val,normal
553,早餐,4,53,省着点,开心,晴,同事,想健康,中辣,,448,扬州三丁包,早餐粥点,1,chosen,0.617,0.632,val,normal
553,早餐,4,53,省着点,开心,晴,同事,想健康,中辣,,448,扬州三丁包,早餐粥点,1,chosen,0.617,0.6312,val,normal
554,午餐,3,83,想吃好点,低落,阴,同事,想健康,重辣,乳制品,524,香辣鱼块,湘菜,1,chosen,0.6495,0.6859,train,normal
554,午餐,3,83,想吃好点,低落,阴,同事,想健康,重辣,乳制品,524,香辣鱼块,湘菜,1,chosen,0.6495,0.6788,train,normal
554,午餐,3,83,想吃好点,低落,阴,同事,想健康,重辣,乳制品,524,香辣鱼块,湘菜,1,chosen,0.6495,0.6351,train,normal
555,午餐,3,86,正常,开心,晴,一个人,严格控制,中辣,乳制品,575,紫苏煎黄瓜,湘菜,1,chosen,0.5835,0.6265,train,normal
555,午餐,3,86,正常,开心,晴,一个人,严格控制,中辣,乳制品,575,紫苏煎黄瓜,湘菜,1,chosen,0.5835,0.6186,train,normal
555,午餐,3,86,正常,开心,晴,一个人,严格控制,中辣,乳制品,575,紫苏煎黄瓜,湘菜,1,chosen,0.5835,0.5391,train,normal
556,早餐,2,22,想吃好点,压力大,晴,家人,随便,微辣,,427,南翔小笼包,早餐粥点,1,chosen,0.6704,0.6829,train,normal
556,早餐,2,22,想吃好点,压力大,晴,家人,随便,微辣,,427,南翔小笼包,早餐粥点,1,chosen,0.6704,0.6352,train,normal
556,早餐,2,22,想吃好点,压力大,晴,家人,随便,微辣,,427,南翔小笼包,早餐粥点,1,chosen,0.6704,0.6805,train,normal
557,晚餐,2,30,省着点,一般,雨,朋友,不关心,微辣,,109,东北臭豆腐,东北菜,1,chosen,0.6446,0.5836,val,normal
557,晚餐,2,30,省着点,一般,雨,朋友,不关心,微辣,,109,东北臭豆腐,东北菜,1,chosen,0.6446,0.6339,val,normal
557,晚餐,2,30,省着点,一般,雨,朋友,不关心,微辣,,109,东北臭豆腐,东北菜,1,chosen,0.6446,0.7127,val,normal
558,晚餐,3,21,省着点,一般,晴,一个人,想健康,中辣,,575,紫苏煎黄瓜,湘菜,1,chosen,0.566,0.5659,val,normal
558,晚餐,3,21,省着点,一般,晴,一个人,想健康,中辣,,575,紫苏煎黄瓜,湘菜,1,chosen,0.566,0.5621,val,normal
558,晚餐,3,21,省着点,一般,晴,一个人,想健康,中辣,,575,紫苏煎黄瓜,湘菜,1,chosen,0.566,0.5868,val,normal
559,晚餐,3,37,省着点,一般,阴,约会,想健康,微辣,素食,48,东北土豆丝,东北菜,1,chosen,0.6448,0.6477,train,normal
559,晚餐,3,37,省着点,一般,阴,约会,想健康,微辣,素食,48,东北土豆丝,东北菜,1,chosen,0.6448,0.6434,train,normal
559,晚餐,3,37,省着点,一般,阴,约会,想健康,微辣,素食,48,东北土豆丝,东北菜,1,chosen,0.6448,0.6061,train,normal
560,晚餐,4,47,正常,一般,晴,约会,不关心,中辣,素食,552,攸县香干,湘菜,1,chosen,0.6311,0.6811,test,normal
560,晚餐,4,47,正常,一般,晴,约会,不关心,中辣,素食,552,攸县香干,湘菜,1,chosen,0.6311,0.587,test,normal
560,晚餐,4,47,正常,一般,晴,约会,不关心,中辣,素食,523,长沙臭豆腐,湘菜,1,chosen,0.6262,0.6237,test,normal
561,午餐,2,70,省着点,兴奋,阴,一个人,想健康,不吃辣,麸质,66,大酱炒鸡蛋,东北菜,1,chosen,0.5486,0.5367,val,normal
561,午餐,2,70,省着点,兴奋,阴,一个人,想健康,不吃辣,麸质,66,大酱炒鸡蛋,东北菜,1,chosen,0.5486,0.539,val,normal
561,午餐,2,70,省着点,兴奋,阴,一个人,想健康,不吃辣,麸质,66,大酱炒鸡蛋,东北菜,1,chosen,0.5486,0.5141,val,normal
561,午餐,2,70,省着点,兴奋,阴,一个人,想健康,不吃辣,麸质,153,锅塌豆腐,东北菜,0,considered,0.5141,0.4649,val,normal
561,午餐,2,70,省着点,兴奋,阴,一个人,想健康,不吃辣,麸质,126,松仁小肚,东北菜,0,considered,0.5073,0.5607,val,normal
562,午餐,3,55,想吃好点,压力大,阴,家人,不关心,中辣,,15,宫保鸡丁,家常炒菜,1,chosen,0.6654,0.6134,train,normal
562,午餐,3,55,想吃好点,压力大,阴,家人,不关心,中辣,,15,宫保鸡丁,家常炒菜,1,chosen,0.6654,0.6865,train,normal
562,午餐,3,55,想吃好点,压力大,阴,家人,不关心,中辣,,15,宫保鸡丁,家常炒菜,1,chosen,0.6654,0.7354,train,normal
563,晚餐,5,15,正常,兴奋,阴,家人,想健康,不吃辣,乳制品,173,毛豆炒肉丝,家常炒菜,1,chosen,0.6348,0.6359,train,normal
563,晚餐,5,15,正常,兴奋,阴,家人,想健康,不吃辣,乳制品,173,毛豆炒肉丝,家常炒菜,1,chosen,0.6348,0.5635,train,normal
563,晚餐,5,15,正常,兴奋,阴,家人,想健康,不吃辣,乳制品,173,毛豆炒肉丝,家常炒菜,1,chosen,0.6348,0.6153,train,normal
564,早餐,3,25,正常,兴奋,晴,约会,想健康,微辣,,445,咖喱牛肉汤,早餐粥点,1,chosen,0.7026,0.6587,train,normal
564,早餐,3,25,正常,兴奋,晴,约会,想健康,微辣,,445,咖喱牛肉汤,早餐粥点,1,chosen,0.7026,0.7291,train,normal
564,早餐,3,25,正常,兴奋,晴,约会,想健康,微辣,,445,咖喱牛肉汤,早餐粥点,1,chosen,0.7026,0.683,train,normal
565,午餐,1,89,正常,一般,热,一个人,想健康,微辣,,648,卤水鸡翅,烧腊卤味,1,chosen,0.5614,0.569,train,normal
565,午餐,1,89,正常,一般,热,一个人,想健康,微辣,,648,卤水鸡翅,烧腊卤味,1,chosen,0.5614,0.6153,train,normal
565,午餐,1,89,正常,一般,热,一个人,想健康,微辣,,648,卤水鸡翅,烧腊卤味,1,chosen,0.5614,0.5111,train,normal
566,早餐,4,64,正常,低落,冷,约会,随便,不吃辣,,428,及第粥,早餐粥点,1,chosen,0.7046,0.7407,train,normal
566,早餐,4,64,正常,低落,冷,约会,随便,不吃辣,,428,及第粥,早餐粥点,1,chosen,0.7046,0.7088,train,normal
566,早餐,4,64,正常,低落,冷,约会,随便,不吃辣,,452,萝卜糕,早餐粥点,1,chosen,0.6881,0.6812,train,normal
567,午餐,4,70,正常,一般,雨,朋友,随便,微辣,"海鲜,乳制品",292,荤豆花,川菜,1,chosen,0.6623,0.6794,train,normal
567,午餐,4,70,正常,一般,雨,朋友,随便,微辣,"海鲜,乳制品",292,荤豆花,川菜,1,chosen,0.6623,0.6195,train,normal
567,午餐,4,70,正常,一般,雨,朋友,随便,微辣,"海鲜,乳制品",292,荤豆花,川菜,1,chosen,0.6623,0.6371,train,normal
568,夜宵,3,45,想吃好点,一般,晴,朋友,想健康,微辣,乳制品,618,烤生蚝,火锅麻辣烫,1,chosen,0.67,0.6578,train,normal
568,夜宵,3,45,想吃好点,一般,晴,朋友,想健康,微辣,乳制品,618,烤生蚝,火锅麻辣烫,1,chosen,0.67,0.6877,train,normal
568,夜宵,3,45,想吃好点,一般,晴,朋友,想健康,微辣,乳制品,618,烤生蚝,火锅麻辣烫,1,chosen,0.67,0.6683,train,normal
568,夜宵,3,45,想吃好点,一般,晴,朋友,想健康,微辣,乳制品,24,菌汤火锅,火锅麻辣烫,0,considered,0.6044,0.652,train,normal
568,夜宵,3,45,想吃好点,一般,晴,朋友,想健康,微辣,乳制品,613,酸菜鱼,火锅麻辣烫,0,considered,0.6038,0.5688,train,normal
569,晚餐,3,42,想吃好点,开心,雨,朋友,随便,不吃辣,海鲜,370,陈皮蒸牛肉饼,广府家常菜,1,chosen,0.6572,0.6742,train,normal
569,晚餐,3,42,想吃好点,开心,雨,朋友,随便,不吃辣,海鲜,370,陈皮蒸牛肉饼,广府家常菜,1,chosen,0.6572,0.6623,train,normal
569,晚餐,3,42,想吃好点,开心,雨,朋友,随便,不吃辣,海鲜,370,陈皮蒸牛肉饼,广府家常菜,1,chosen,0.6572,0.6353,train,normal
570,晚餐,5,56,省着点,低落,晴,约会,想健康,不吃辣,,668,咸肉菜饭,煲仔饭碟头饭,1,chosen,0.6767,0.6898,train,normal
570,晚餐,5,56,省着点,低落,晴,约会,想健康,不吃辣,,668,咸肉菜饭,煲仔饭碟头饭,1,chosen,0.6767,0.6654,train,normal
570,晚餐,5,56,省着点,低落,晴,约会,想健康,不吃辣,,668,咸肉菜饭,煲仔饭碟头饭,1,chosen,0.6767,0.6552,train,normal
570,晚餐,5,56,省着点,低落,晴,约会,想健康,不吃辣,,685,菜饭骨头汤,煲仔饭碟头饭,0,considered,0.665,0.7226,train,normal
570,晚餐,5,56,省着点,低落,晴,约会,想健康,不吃辣,,669,扬州炒饭,煲仔饭碟头饭,0,considered,0.6466,0.6623,train,normal
571,晚餐,4,97,正常,一般,晴,同事,想健康,微辣,,166,炒蚕蛹,东北菜,1,chosen,0.5974,0.6039,train,normal
571,晚餐,4,97,正常,一般,晴,同事,想健康,微辣,,2,青椒肉丝,煲仔饭碟头饭,1,chosen,0.6011,0.5762,train,normal
571,晚餐,4,97,正常,一般,晴,同事,想健康,微辣,,2,青椒肉丝,煲仔饭碟头饭,1,chosen,0.6011,0.6258,train,normal
571,晚餐,4,97,正常,一般,晴,同事,想健康,微辣,,680,海南鸡饭,煲仔饭碟头饭,0,considered,0.5873,0.5783,train,normal
571,晚餐,4,97,正常,一般,晴,同事,想健康,微辣,,669,扬州炒饭,煲仔饭碟头饭,0,considered,0.5834,0.5763,train,normal
572,夜宵,4,38,正常,开心,晴,家人,想健康,微辣,,626,沙县拌面,烧烤小吃,1,chosen,0.6716,0.6864,train,normal
572,夜宵,4,38,正常,开心,晴,家人,想健康,微辣,,627,炒年糕,烧烤小吃,1,chosen,0.6917,0.694,train,normal
572,夜宵,4,38,正常,开心,晴,家人,想健康,微辣,,627,炒年糕,烧烤小吃,1,chosen,0.6917,0.7183,train,normal
573,午餐,3,81,省着点,开心,热,一个人,不关心,微辣,海鲜,658,卤水豆腐,烧腊卤味,1,chosen,0.5707,0.5002,train,normal
573,午餐,3,81,省着点,开心,热,一个人,不关心,微辣,海鲜,658,卤水豆腐,烧腊卤味,1,chosen,0.5707,0.5719,train,normal
573,午餐,3,81,省着点,开心,热,一个人,不关心,微辣,海鲜,658,卤水豆腐,烧腊卤味,1,chosen,0.5707,0.5357,train,normal
574,晚餐,3,58,省着点,压力大,冷,朋友,随便,不吃辣,,668,咸肉菜饭,煲仔饭碟头饭,1,chosen,0.6916,0.6681,train,normal
574,晚餐,3,58,省着点,压力大,冷,朋友,随便,不吃辣,,668,咸肉菜饭,煲仔饭碟头饭,1,chosen,0.6916,0.6887,train,normal
574,晚餐,3,58,省着点,压力大,冷,朋友,随便,不吃辣,,155,韭菜盒子(东北),东北菜,1,chosen,0.6842,0.6699,train,normal
575,早餐,5,54,正常,兴奋,冷,一个人,严格控制,不吃辣,素食,808,金华佛堂千张面,长三角粉面,1,chosen,0.596,0.5561,train,normal
575,早餐,5,54,正常,兴奋,冷,一个人,严格控制,不吃辣,素食,808,金华佛堂千张面,长三角粉面,1,chosen,0.596,0.6082,train,normal
575,早餐,5,54,正常,兴奋,冷,一个人,严格控制,不吃辣,素食,808,金华佛堂千张面,长三角粉面,1,chosen,0.596,0.5598,train,normal
576,午餐,4,34,想吃好点,开心,冷,同事,想健康,中辣,,309,鱼香虾仁,川菜,1,chosen,0.6619,0.6435,val,normal
576,午餐,4,34,想吃好点,开心,冷,同事,想健康,中辣,,309,鱼香虾仁,川菜,1,chosen,0.6619,0.7267,val,normal
576,午餐,4,34,想吃好点,开心,冷,同事,想健康,中辣,,309,鱼香虾仁,川菜,1,chosen,0.6619,0.6837,val,normal
576,午餐,4,34,想吃好点,开心,冷,同事,想健康,中辣,,248,青椒肉丝(川),川菜,0,considered,0.6573,0.6708,val,normal
576,午餐,4,34,想吃好点,开心,冷,同事,想健康,中辣,,300,酸菜肥牛,川菜,0,considered,0.656,0.6461,val,normal
577,下午加餐,5,90,想吃好点,一般,雨,一个人,想健康,不吃辣,乳制品,32,藜麦牛油果碗,轻食健康,1,chosen,0.5879,0.5899,train,normal
577,下午加餐,5,90,想吃好点,一般,雨,一个人,想健康,不吃辣,乳制品,770,波奇饭,轻食健康,1,chosen,0.6015,0.6081,train,normal
577,下午加餐,5,90,想吃好点,一般,雨,一个人,想健康,不吃辣,乳制品,770,波奇饭,轻食健康,1,chosen,0.6015,0.5981,train,normal
578,午餐,3,15,想吃好点,一般,热,家人,随便,中辣,乳制品,579,腊味萝卜干,湘菜,1,chosen,0.6375,0.641,val,normal
578,午餐,3,15,想吃好点,一般,热,家人,随便,中辣,乳制品,134,熏酱拼盘,东北菜,1,chosen,0.6272,0.6136,val,normal
578,午餐,3,15,想吃好点,一般,热,家人,随便,中辣,乳制品,579,腊味萝卜干,湘菜,1,chosen,0.6375,0.7184,val,normal
578,午餐,3,15,想吃好点,一般,热,家人,随便,中辣,乳制品,554,榨菜肉丝(湘),湘菜,0,considered,0.6045,0.6474,val,normal
578,午餐,3,15,想吃好点,一般,热,家人,随便,中辣,乳制品,575,紫苏煎黄瓜,湘菜,0,considered,0.6,0.6087,val,normal
579,早餐,3,21,省着点,压力大,阴,家人,想健康,微辣,素食,797,无锡素面,长三角粉面,1,chosen,0.6596,0.6502,train,normal
579,早餐,3,21,省着点,压力大,阴,家人,想健康,微辣,素食,797,无锡素面,长三角粉面,1,chosen,0.6596,0.6886,train,normal
579,早餐,3,21,省着点,压力大,阴,家人,想健康,微辣,素食,797,无锡素面,长三角粉面,1,chosen,0.6596,0.6121,train,normal
580,午餐,4,71,省着点,开心,雪,家人,想健康,重辣,海鲜,310,麻婆豆腐(素),川菜,1,chosen,0.7757,0.7013,test,snow
580,午餐,4,71,省着点,开心,雪,家人,想健康,重辣,海鲜,310,麻婆豆腐(素),川菜,1,chosen,0.7757,0.7218,test,snow
580,午餐,4,71,省着点,开心,雪,家人,想健康,重辣,海鲜,310,麻婆豆腐(素),川菜,1,chosen,0.7757,0.8338,test,snow
581,晚餐,5,75,正常,疲惫,晴,一个人,随便,不吃辣,海鲜,684,窝蛋牛肉饭,煲仔饭碟头饭,1,chosen,0.563,0.5717,train,normal
581,晚餐,5,75,正常,疲惫,晴,一个人,随便,不吃辣,海鲜,0,番茄牛腩饭,煲仔饭碟头饭,1,chosen,0.563,0.5771,train,normal
581,晚餐,5,75,正常,疲惫,晴,一个人,随便,不吃辣,海鲜,0,番茄牛腩饭,煲仔饭碟头饭,1,chosen,0.563,0.5603,train,normal
581,晚餐,5,75,正常,疲惫,晴,一个人,随便,不吃辣,海鲜,3,台式卤肉饭,煲仔饭碟头饭,0,considered,0.563,0.491,train,normal
581,晚餐,5,75,正常,疲惫,晴,一个人,随便,不吃辣,海鲜,683,窝蛋牛肉煲仔饭,煲仔饭碟头饭,0,considered,0.563,0.6017,train,normal
582,夜宵,3,32,省着点,压力大,雨,朋友,严格控制,中辣,麸质,640,烤玉米,烧烤小吃,1,chosen,0.8001,0.8509,train,normal
582,夜宵,3,32,省着点,压力大,雨,朋友,严格控制,中辣,麸质,640,烤玉米,烧烤小吃,1,chosen,0.8001,0.7431,train,normal
582,夜宵,3,32,省着点,压力大,雨,朋友,严格控制,中辣,麸质,640,烤玉米,烧烤小吃,1,chosen,0.8001,0.787,train,normal
583,午餐,1,48,想吃好点,兴奋,雨,朋友,想健康,中辣,海鲜,162,干煸茧蛹,东北菜,1,chosen,0.6958,0.7418,val,normal
583,午餐,1,48,想吃好点,兴奋,雨,朋友,想健康,中辣,海鲜,162,干煸茧蛹,东北菜,1,chosen,0.6958,0.7318,val,normal
583,午餐,1,48,想吃好点,兴奋,雨,朋友,想健康,中辣,海鲜,162,干煸茧蛹,东北菜,1,chosen,0.6958,0.6447,val,normal
583,午餐,1,48,想吃好点,兴奋,雨,朋友,想健康,中辣,海鲜,166,炒蚕蛹,东北菜,0,considered,0.6958,0.6755,val,normal
583,午餐,1,48,想吃好点,兴奋,雨,朋友,想健康,中辣,海鲜,69,尖椒干豆腐,东北菜,0,considered,0.6491,0.6374,val,normal
584,午餐,3,70,省着点,压力大,晴,一个人,随便,微辣,,48,东北土豆丝,东北菜,1,chosen,0.5635,0.5715,test,normal
584,午餐,3,70,省着点,压力大,晴,一个人,随便,微辣,,72,手撕包菜(东北),东北菜,1,chosen,0.5598,0.5918,test,normal
584,午餐,3,70,省着点,压力大,晴,一个人,随便,微辣,,48,东北土豆丝,东北菜,1,chosen,0.5635,0.6044,test,normal
585,午餐,3,42,正常,压力大,雨,一个人,想健康,微辣,麸质,6,兰州牛肉面,长三角粉面,1,chosen,0.6537,0.646,train,normal
585,午餐,3,42,正常,压力大,雨,一个人,想健康,微辣,麸质,6,兰州牛肉面,长三角粉面,1,chosen,0.6537,0.675,train,normal
585,午餐,3,42,正常,压力大,雨,一个人,想健康,微辣,麸质,69,尖椒干豆腐,东北菜,1,chosen,0.6463,0.6529,train,normal
586,晚餐,4,34,正常,开心,阴,同事,随便,不吃辣,"海鲜,乳制品",665,金钱肚,烧腊卤味,1,chosen,0.5655,0.5927,train,normal
586,晚餐,4,34,正常,开心,阴,同事,随便,不吃辣,"海鲜,乳制品",665,金钱肚,烧腊卤味,1,chosen,0.5655,0.6298,train,normal
586,晚餐,4,34,正常,开心,阴,同事,随便,不吃辣,"海鲜,乳制品",665,金钱肚,烧腊卤味,1,chosen,0.5655,0.5698,train,normal
587,晚餐,4,49,省着点,兴奋,晴,约会,想健康,不吃辣,,668,咸肉菜饭,煲仔饭碟头饭,1,chosen,0.6671,0.6317,val,normal
587,晚餐,4,49,省着点,兴奋,晴,约会,想健康,不吃辣,,668,咸肉菜饭,煲仔饭碟头饭,1,chosen,0.6671,0.6323,val,normal
587,晚餐,4,49,省着点,兴奋,晴,约会,想健康,不吃辣,,668,咸肉菜饭,煲仔饭碟头饭,1,chosen,0.6671,0.6537,val,normal
588,午餐,4,63,省着点,开心,晴,家人,不关心,重辣,,590,邵阳米粉,湘菜,1,chosen,0.6227,0.6309,test,normal
588,午餐,4,63,省着点,开心,晴,家人,不关心,重辣,,580,臭豆腐炒辣椒,湘菜,1,chosen,0.6267,0.6131,test,normal
588,午餐,4,63,省着点,开心,晴,家人,不关心,重辣,,580,臭豆腐炒辣椒,湘菜,1,chosen,0.6267,0.6679,test,normal
589,晚餐,2,57,想吃好点,疲惫,阴,朋友,随便,微辣,素食,458,油焖笋,本帮江浙菜,1,chosen,0.6323,0.6448,train,normal
589,晚餐,2,57,想吃好点,疲惫,阴,朋友,随便,微辣,素食,458,油焖笋,本帮江浙菜,1,chosen,0.6323,0.6262,train,normal
589,晚餐,2,57,想吃好点,疲惫,阴,朋友,随便,微辣,素食,458,油焖笋,本帮江浙菜,1,chosen,0.6323,0.6525,train,normal
590,下午加餐,4,61,省着点,疲惫,阴,一个人,不关心,重辣,素食,699,定胜糕,糖水甜品,1,chosen,0.5704,0.5893,train,normal
590,下午加餐,4,61,省着点,疲惫,阴,一个人,不关心,重辣,素食,699,定胜糕,糖水甜品,1,chosen,0.5704,0.5076,train,normal
590,下午加餐,4,61,省着点,疲惫,阴,一个人,不关心,重辣,素食,699,定胜糕,糖水甜品,1,chosen,0.5704,0.5671,train,normal
591,下午加餐,2,61,不差钱,低落,阴,家人,想健康,微辣,"海鲜,乳制品",32,藜麦牛油果碗,轻食健康,1,chosen,0.6659,0.6556,train,normal
591,下午加餐,2,61,不差钱,低落,阴,家人,想健康,微辣,"海鲜,乳制品",32,藜麦牛油果碗,轻食健康,1,chosen,0.6659,0.6614,train,normal
591,下午加餐,2,61,不差钱,低落,阴,家人,想健康,微辣,"海鲜,乳制品",32,藜麦牛油果碗,轻食健康,1,chosen,0.6659,0.7046,train,normal
591,下午加餐,2,61,不差钱,低落,阴,家人,想健康,微辣,"海鲜,乳制品",34,全麦鸡肉三明治,轻食健康,0,considered,0.637,0.6311,train,normal
591,下午加餐,2,61,不差钱,低落,阴,家人,想健康,微辣,"海鲜,乳制品",771,藜麦鸡胸沙拉,轻食健康,0,considered,0.6278,0.6006,train,normal
592,午餐,2,55,正常,一般,热,一个人,想健康,中辣,,648,卤水鸡翅,烧腊卤味,1,chosen,0.5886,0.5797,test,normal
592,午餐,2,55,正常,一般,热,一个人,想健康,中辣,,248,青椒肉丝(川),川菜,1,chosen,0.574,0.5922,test,normal
592,午餐,2,55,正常,一般,热,一个人,想健康,中辣,,648,卤水鸡翅,烧腊卤味,1,chosen,0.5886,0.5595,test,normal
593,下午加餐,2,88,正常,压力大,雨,家人,不关心,不吃辣,,762,丝袜奶茶,轻食健康,1,chosen,0.7025,0.719,val,normal
593,下午加餐,2,88,正常,压力大,雨,家人,不关心,不吃辣,,767,珍珠奶茶,轻食健康,1,chosen,0.6817,0.7092,val,normal
593,下午加餐,2,88,正常,压力大,雨,家人,不关心,不吃辣,,762,丝袜奶茶,轻食健康,1,chosen,0.7025,0.7299,val,normal
593,下午加餐,2,88,正常,压力大,雨,家人,不关心,不吃辣,,34,全麦鸡肉三明治,轻食健康,0,considered,0.6962,0.6584,val,normal
593,下午加餐,2,88,正常,压力大,雨,家人,不关心,不吃辣,,764,奶茶,轻食健康,0,considered,0.6897,0.699,val,normal
594,午餐,4,59,正常,开心,冷,一个人,随便,不吃辣,,678,北菇滑鸡饭,煲仔饭碟头饭,1,chosen,0.5744,0.5128,test,normal
594,午餐,4,59,正常,开心,冷,一个人,随便,不吃辣,,678,北菇滑鸡饭,煲仔饭碟头饭,1,chosen,0.5744,0.5752,test,normal
594,午餐,4,59,正常,开心,冷,一个人,随便,不吃辣,,678,北菇滑鸡饭,煲仔饭碟头饭,1,chosen,0.5744,0.581,test,normal
594,午餐,4,59,正常,开心,冷,一个人,随便,不吃辣,,676,豉油鸡饭,煲仔饭碟头饭,0,considered,0.5744,0.5617,test,normal
594,午餐,4,59,正常,开心,冷,一个人,随便,不吃辣,,670,油鸡饭,煲仔饭碟头饭,0,considered,0.5744,0.528,test,normal
595,晚餐,5,49,省着点,疲惫,冷,家人,随便,微辣,,668,咸肉菜饭,煲仔饭碟头饭,1,chosen,0.7052,0.6201,val,normal
595,晚餐,5,49,省着点,疲惫,冷,家人,随便,微辣,,668,咸肉菜饭,煲仔饭碟头饭,1,chosen,0.7052,0.6732,val,normal
595,晚餐,5,49,省着点,疲惫,冷,家人,随便,微辣,,668,咸肉菜饭,煲仔饭碟头饭,1,chosen,0.7052,0.6668,val,normal
595,晚餐,5,49,省着点,疲惫,冷,家人,随便,微辣,,2,青椒肉丝,煲仔饭碟头饭,0,considered,0.6959,0.696,val,normal
595,晚餐,5,49,省着点,疲惫,冷,家人,随便,微辣,,685,菜饭骨头汤,煲仔饭碟头饭,0,considered,0.6935,0.6673,val,normal
596,夜宵,3,91,不差钱,疲惫,热,一个人,严格控制,不吃辣,,24,菌汤火锅,火锅麻辣烫,1,chosen,0.6525,0.6065,train,normal
596,夜宵,3,91,不差钱,疲惫,热,一个人,严格控制,不吃辣,,24,菌汤火锅,火锅麻辣烫,1,chosen,0.6525,0.5768,train,normal
596,夜宵,3,91,不差钱,疲惫,热,一个人,严格控制,不吃辣,,24,菌汤火锅,火锅麻辣烫,1,chosen,0.6525,0.6742,train,normal
597,晚餐,2,77,正常,一般,冷,一个人,不关心,重辣,,580,臭豆腐炒辣椒,湘菜,1,chosen,0.583,0.5623,train,normal
597,晚餐,2,77,正常,一般,冷,一个人,不关心,重辣,,248,青椒肉丝(川),川菜,1,chosen,0.5751,0.5873,train,normal
597,晚餐,2,77,正常,一般,冷,一个人,不关心,重辣,,580,臭豆腐炒辣椒,湘菜,1,chosen,0.583,0.6554,train,normal
597,晚餐,2,77,正常,一般,冷,一个人,不关心,重辣,,523,长沙臭豆腐,湘菜,0,considered,0.5702,0.5872,train,normal
597,晚餐,2,77,正常,一般,冷,一个人,不关心,重辣,,522,酸豆角肉泥,湘菜,0,considered,0.5694,0.5857,train,normal
598,晚餐,4,17,不差钱,压力大,雪,家人,随便,不吃辣,,684,窝蛋牛肉饭,煲仔饭碟头饭,1,chosen,0.7333,0.7787,test,snow
598,晚餐,4,17,不差钱,压力大,雪,家人,随便,不吃辣,,684,窝蛋牛肉饭,煲仔饭碟头饭,1,chosen,0.7333,0.7599,test,snow
598,晚餐,4,17,不差钱,压力大,雪,家人,随便,不吃辣,,684,窝蛋牛肉饭,煲仔饭碟头饭,1,chosen,0.7333,0.7012,test,snow
598,晚餐,4,17,不差钱,压力大,雪,家人,随便,不吃辣,,670,油鸡饭,煲仔饭碟头饭,0,considered,0.7306,0.713,test,snow
598,晚餐,4,17,不差钱,压力大,雪,家人,随便,不吃辣,,669,扬州炒饭,煲仔饭碟头饭,0,considered,0.7304,0.8024,test,snow
599,早餐,3,62,省着点,低落,雪,同事,想健康,不吃辣,素食,433,白粥配咸菜,早餐粥点,1,chosen,0.7536,0.7028,test,snow
599,早餐,3,62,省着点,低落,雪,同事,想健康,不吃辣,素食,433,白粥配咸菜,早餐粥点,1,chosen,0.7536,0.7181,test,snow
599,早餐,3,62,省着点,低落,雪,同事,想健康,不吃辣,素食,433,白粥配咸菜,早餐粥点,1,chosen,0.7536,0.7424,test,snow
600,午餐,2,75,想吃好点,压力大,晴,同事,不关心,重辣,,366,豉椒炒花甲,广府家常菜,1,chosen,0.596,0.6185,train,normal
600,午餐,2,75,想吃好点,压力大,晴,同事,不关心,重辣,,366,豉椒炒花甲,广府家常菜,1,chosen,0.596,0.6058,train,normal
600,午餐,2,75,想吃好点,压力大,晴,同事,不关心,重辣,,366,豉椒炒花甲,广府家常菜,1,chosen,0.596,0.5657,train,normal
601,夜宵,4,39,想吃好点,一般,热,朋友,不关心,微辣,,627,炒年糕,烧烤小吃,1,chosen,0.6553,0.5835,train,normal
601,夜宵,4,39,想吃好点,一般,热,朋友,不关心,微辣,,627,炒年糕,烧烤小吃,1,chosen,0.6553,0.6516,train,normal
601,夜宵,4,39,想吃好点,一般,热,朋友,不关心,微辣,,627,炒年糕,烧烤小吃,1,chosen,0.6553,0.7181,train,normal
602,下午加餐,5,47,想吃好点,一般,雨,朋友,随便,不吃辣,,706,芒果班戟,糖水甜品,1,chosen,0.6096,0.7209,val,normal
602,下午加餐,5,47,想吃好点,一般,雨,朋友,随便,不吃辣,,706,芒果班戟,糖水甜品,1,chosen,0.6096,0.6227,val,normal
602,下午加餐,5,47,想吃好点,一般,雨,朋友,随便,不吃辣,,706,芒果班戟,糖水甜品,1,chosen,0.6096,0.5404,val,normal
603,晚餐,3,65,正常,疲惫,阴,同事,不关心,微辣,,6,兰州牛肉面,长三角粉面,1,chosen,0.6064,0.6633,test,normal
603,晚餐,3,65,正常,疲惫,阴,同事,不关心,微辣,,48,东北土豆丝,东北菜,1,chosen,0.6064,0.6198,test,normal
603,晚餐,3,65,正常,疲惫,阴,同事,不关心,微辣,,48,东北土豆丝,东北菜,1,chosen,0.6064,0.6229,test,normal
604,午餐,1,15,不差钱,兴奋,晴,朋友,想健康,重辣,,532,剁椒蒸鱼,湘菜,1,chosen,0.6176,0.5679,val,normal
604,午餐,1,15,不差钱,兴奋,晴,朋友,想健康,重辣,,532,剁椒蒸鱼,湘菜,1,chosen,0.6176,0.6393,val,normal
604,午餐,1,15,不差钱,兴奋,晴,朋友,想健康,重辣,,532,剁椒蒸鱼,湘菜,1,chosen,0.6176,0.5881,val,normal
604,午餐,1,15,不差钱,兴奋,晴,朋友,想健康,重辣,,541,小炒香干,湘菜,0,considered,0.611,0.5759,val,normal
604,午餐,1,15,不差钱,兴奋,晴,朋友,想健康,重辣,,600,发丝牛百叶,湘菜,0,considered,0.6019,0.611,val,normal
605,下午加餐,4,57,省着点,压力大,晴,家人,想健康,不吃辣,,707,芒果西米露,糖水甜品,1,chosen,0.6179,0.6136,train,normal
605,下午加餐,4,57,省着点,压力大,晴,家人,想健康,不吃辣,,688,双皮奶,糖水甜品,1,chosen,0.6395,0.5735,train,normal
605,下午加餐,4,57,省着点,压力大,晴,家人,想健康,不吃辣,,688,双皮奶,糖水甜品,1,chosen,0.6395,0.5967,train,normal
606,午餐,4,37,正常,开心,雪,同事,不关心,不吃辣,,670,油鸡饭,煲仔饭碟头饭,1,chosen,0.684,0.6771,test,snow
606,午餐,4,37,正常,开心,雪,同事,不关心,不吃辣,,670,油鸡饭,煲仔饭碟头饭,1,chosen,0.684,0.6721,test,snow
606,午餐,4,37,正常,开心,雪,同事,不关心,不吃辣,,670,油鸡饭,煲仔饭碟头饭,1,chosen,0.684,0.7015,test,snow
607,晚餐,4,26,正常,一般,阴,同事,想健康,微辣,乳制品,2,青椒肉丝,煲仔饭碟头饭,1,chosen,0.6011,0.6147,train,normal
607,晚餐,4,26,正常,一般,阴,同事,想健康,微辣,乳制品,2,青椒肉丝,煲仔饭碟头饭,1,chosen,0.6011,0.6349,train,normal
607,晚餐,4,26,正常,一般,阴,同事,想健康,微辣,乳制品,2,青椒肉丝,煲仔饭碟头饭,1,chosen,0.6011,0.6086,train,normal
608,晚餐,2,58,不差钱,开心,冷,一个人,想健康,微辣,"海鲜,乳制品",162,干煸茧蛹,东北菜,1,chosen,0.6003,0.5879,test,normal
608,晚餐,2,58,不差钱,开心,冷,一个人,想健康,微辣,"海鲜,乳制品",611,潮汕牛肉火锅,火锅麻辣烫,1,chosen,0.5945,0.6224,test,normal
608,晚餐,2,58,不差钱,开心,冷,一个人,想健康,微辣,"海鲜,乳制品",162,干煸茧蛹,东北菜,1,chosen,0.6003,0.6201,test,normal
609,午餐,3,25,正常,低落,晴,朋友,随便,中辣,,533,卜豆角炒肉,湘菜,1,chosen,0.6658,0.6932,train,normal
609,午餐,3,25,正常,低落,晴,朋友,随便,中辣,,543,干豆角炒肉,湘菜,1,chosen,0.6658,0.6023,train,normal
609,午餐,3,25,正常,低落,晴,朋友,随便,中辣,,543,干豆角炒肉,湘菜,1,chosen,0.6658,0.6614,train,normal
609,午餐,3,25,正常,低落,晴,朋友,随便,中辣,,533,卜豆角炒肉,湘菜,0,considered,0.6658,0.7034,train,normal
609,午餐,3,25,正常,低落,晴,朋友,随便,中辣,,591,酸菜炒粉皮,湘菜,0,considered,0.659,0.647,train,normal
610,午餐,2,53,想吃好点,开心,阴,约会,不关心,微辣,乳制品,511,黄山臭鳜鱼,本帮江浙菜,1,chosen,0.6445,0.7039,train,normal
610,午餐,2,53,想吃好点,开心,阴,约会,不关心,微辣,乳制品,511,黄山臭鳜鱼,本帮江浙菜,1,chosen,0.6445,0.6751,train,normal
610,午餐,2,53,想吃好点,开心,阴,约会,不关心,微辣,乳制品,162,干煸茧蛹,东北菜,1,chosen,0.6377,0.6096,train,normal
611,下午加餐,2,66,正常,疲惫,阴,朋友,随便,中辣,,762,丝袜奶茶,轻食健康,1,chosen,0.6551,0.6699,train,normal
611,下午加餐,2,66,正常,疲惫,阴,朋友,随便,中辣,,762,丝袜奶茶,轻食健康,1,chosen,0.6551,0.6313,train,normal
611,下午加餐,2,66,正常,疲惫,阴,朋友,随便,中辣,,762,丝袜奶茶,轻食健康,1,chosen,0.6551,0.597,train,normal
611,下午加餐,2,66,正常,疲惫,阴,朋友,随便,中辣,,34,全麦鸡肉三明治,轻食健康,0,considered,0.6488,0.7013,train,normal
611,下午加餐,2,66,正常,疲惫,阴,朋友,随便,中辣,,767,珍珠奶茶,轻食健康,0,considered,0.6452,0.6661,train,normal
612,午餐,4,60,想吃好点,压力大,阴,家人,想健康,不吃辣,海鲜,680,海南鸡饭,煲仔饭碟头饭,1,chosen,0.6999,0.7107,train,normal
612,午餐,4,60,想吃好点,压力大,阴,家人,想健康,不吃辣,海鲜,680,海南鸡饭,煲仔饭碟头饭,1,chosen,0.6999,0.756,train,normal
612,午餐,4,60,想吃好点,压力大,阴,家人,想健康,不吃辣,海鲜,680,海南鸡饭,煲仔饭碟头饭,1,chosen,0.6999,0.696,train,normal
612,午餐,4,60,想吃好点,压力大,阴,家人,想健康,不吃辣,海鲜,681,滑鸡煲仔饭,煲仔饭碟头饭,0,considered,0.6901,0.6901,train,normal
612,午餐,4,60,想吃好点,压力大,阴,家人,想健康,不吃辣,海鲜,678,北菇滑鸡饭,煲仔饭碟头饭,0,considered,0.681,0.7458,train,normal
613,晚餐,2,47,不差钱,一般,阴,同事,不关心,重辣,,600,发丝牛百叶,湘菜,1,chosen,0.5585,0.5628,train,normal
613,晚餐,2,47,不差钱,一般,阴,同事,不关心,重辣,,600,发丝牛百叶,湘菜,1,chosen,0.5585,0.5681,train,normal
613,晚餐,2,47,不差钱,一般,阴,同事,不关心,重辣,,600,发丝牛百叶,湘菜,1,chosen,0.5585,0.5109,train,normal
614,早餐,4,49,正常,低落,晴,朋友,想健康,微辣,,424,黑椒牛仔骨,早茶点心,1,chosen,0.6687,0.6544,train,normal
614,早餐,4,49,正常,低落,晴,朋友,想健康,微辣,,424,黑椒牛仔骨,早茶点心,1,chosen,0.6687,0.7213,train,normal
614,早餐,4,49,正常,低落,晴,朋友,想健康,微辣,,424,黑椒牛仔骨,早茶点心,1,chosen,0.6687,0.7198,train,normal
615,晚餐,3,49,正常,疲惫,热,一个人,想健康,微辣,素食,658,卤水豆腐,烧腊卤味,1,chosen,0.633,0.6681,val,normal
615,晚餐,3,49,正常,疲惫,热,一个人,想健康,微辣,素食,658,卤水豆腐,烧腊卤味,1,chosen,0.633,0.6662,val,normal
615,晚餐,3,49,正常,疲惫,热,一个人,想健康,微辣,素食,658,卤水豆腐,烧腊卤味,1,chosen,0.633,0.59,val,normal
616,午餐,5,50,正常,开心,晴,一个人,严格控制,中辣,,552,攸县香干,湘菜,1,chosen,0.5835,0.6392,train,normal
616,午餐,5,50,正常,开心,晴,一个人,严格控制,中辣,,552,攸县香干,湘菜,1,chosen,0.5835,0.6049,train,normal
616,午餐,5,50,正常,开心,晴,一个人,严格控制,中辣,,552,攸县香干,湘菜,1,chosen,0.5835,0.5962,train,normal
617,下午加餐,4,63,正常,疲惫,晴,家人,随便,微辣,,706,芒果班戟,糖水甜品,1,chosen,0.6303,0.5971,test,normal
617,下午加餐,4,63,正常,疲惫,晴,家人,随便,微辣,,706,芒果班戟,糖水甜品,1,chosen,0.6303,0.6895,test,normal
617,下午加餐,4,63,正常,疲惫,晴,家人,随便,微辣,,762,丝袜奶茶,轻食健康,1,chosen,0.618,0.6048,test,normal
618,午餐,2,15,正常,压力大,雨,朋友,随便,不吃辣,素食,195,清炒草头,家常炒菜,1,chosen,0.6626,0.6319,train,normal
618,午餐,2,15,正常,压力大,雨,朋友,随便,不吃辣,素食,195,清炒草头,家常炒菜,1,chosen,0.6626,0.6346,train,normal
618,午餐,2,15,正常,压力大,雨,朋友,随便,不吃辣,素食,195,清炒草头,家常炒菜,1,chosen,0.6626,0.6501,train,normal
618,午餐,2,15,正常,压力大,雨,朋友,随便,不吃辣,素食,194,油焖春笋,家常炒菜,0,considered,0.6477,0.6407,train,normal
618,午餐,2,15,正常,压力大,雨,朋友,随便,不吃辣,素食,18,地三鲜,家常炒菜,0,considered,0.5848,0.5453,train,normal
619,午餐,3,81,想吃好点,压力大,雨,一个人,不关心,不吃辣,,788,双浇面,长三角粉面,1,chosen,0.6067,0.602,train,normal
619,午餐,3,81,想吃好点,压力大,雨,一个人,不关心,不吃辣,,788,双浇面,长三角粉面,1,chosen,0.6067,0.5661,train,normal
619,午餐,3,81,想吃好点,压力大,雨,一个人,不关心,不吃辣,,788,双浇面,长三角粉面,1,chosen,0.6067,0.6068,train,normal
619,午餐,3,81,想吃好点,压力大,雨,一个人,不关心,不吃辣,,798,杭州虾爆鳝面,长三角粉面,0,considered,0.6067,0.6579,train,normal
619,午餐,3,81,想吃好点,压力大,雨,一个人,不关心,不吃辣,,777,苏州奥灶面,长三角粉面,0,considered,0.6044,0.6311,train,normal
620,晚餐,2,22,不差钱,一般,晴,家人,严格控制,中辣,素食,552,攸县香干,湘菜,1,chosen,0.6153,0.604,train,normal
620,晚餐,2,22,不差钱,一般,晴,家人,严格控制,中辣,素食,575,紫苏煎黄瓜,湘菜,1,chosen,0.6083,0.6744,train,normal
620,晚餐,2,22,不差钱,一般,晴,家人,严格控制,中辣,素食,552,攸县香干,湘菜,1,chosen,0.6153,0.5783,train,normal
620,晚餐,2,22,不差钱,一般,晴,家人,严格控制,中辣,素食,575,紫苏煎黄瓜,湘菜,0,considered,0.6083,0.5787,train,normal
620,晚餐,2,22,不差钱,一般,晴,家人,严格控制,中辣,素食,541,小炒香干,湘菜,0,considered,0.526,0.5703,train,normal
621,午餐,3,96,想吃好点,一般,晴,约会,不关心,微辣,,297,连锅汤,川菜,1,chosen,0.6368,0.6061,train,normal
621,午餐,3,96,想吃好点,一般,晴,约会,不关心,微辣,,332,樟茶鸭,川菜,1,chosen,0.6368,0.6369,train,normal
621,午餐,3,96,想吃好点,一般,晴,约会,不关心,微辣,,297,连锅汤,川菜,1,chosen,0.6368,0.6566,train,normal
622,下午加餐,3,41,不差钱,低落,晴,一个人,不关心,中辣,素食,32,藜麦牛油果碗,轻食健康,1,chosen,0.5673,0.5355,train,normal
622,下午加餐,3,41,不差钱,低落,晴,一个人,不关心,中辣,素食,32,藜麦牛油果碗,轻食健康,1,chosen,0.5673,0.5647,train,normal
622,下午加餐,3,41,不差钱,低落,晴,一个人,不关心,中辣,素食,32,藜麦牛油果碗,轻食健康,1,chosen,0.5673,0.5515,train,normal
623,午餐,3,44,正常,兴奋,冷,一个人,不关心,中辣,,554,榨菜肉丝(湘),湘菜,1,chosen,0.5869,0.5494,train,normal
623,午餐,3,44,正常,兴奋,冷,一个人,不关心,中辣,,554,榨菜肉丝(湘),湘菜,1,chosen,0.5869,0.6118,train,normal
623,午餐,3,44,正常,兴奋,冷,一个人,不关心,中辣,,554,榨菜肉丝(湘),湘菜,1,chosen,0.5869,0.5535,train,normal
624,午餐,2,73,省着点,低落,阴,朋友,随便,不吃辣,,658,卤水豆腐,烧腊卤味,1,chosen,0.6101,0.6195,train,normal
624,午餐,2,73,省着点,低落,阴,朋友,随便,不吃辣,,658,卤水豆腐,烧腊卤味,1,chosen,0.6101,0.6358,train,normal
624,午餐,2,73,省着点,低落,阴,朋友,随便,不吃辣,,658,卤水豆腐,烧腊卤味,1,chosen,0.6101,0.6179,train,normal
625,晚餐,5,66,正常,疲惫,晴,朋友,想健康,重辣,"海鲜,乳制品",592,酸辣肚丝,湘菜,1,chosen,0.7155,0.7677,train,normal
625,晚餐,5,66,正常,疲惫,晴,朋友,想健康,重辣,"海鲜,乳制品",13,麻婆豆腐,家常炒菜,1,chosen,0.7247,0.7784,train,normal
625,晚餐,5,66,正常,疲惫,晴,朋友,想健康,重辣,"海鲜,乳制品",13,麻婆豆腐,家常炒菜,1,chosen,0.7247,0.6885,train,normal
626,早餐,3,38,不差钱,疲惫,阴,同事,严格控制,重辣,麸质,46,燕麦牛奶粥,早餐粥点,1,chosen,0.7136,0.6902,train,normal
626,早餐,3,38,不差钱,疲惫,阴,同事,严格控制,重辣,麸质,46,燕麦牛奶粥,早餐粥点,1,chosen,0.7136,0.7011,train,normal
626,早餐,3,38,不差钱,疲惫,阴,同事,严格控制,重辣,麸质,46,燕麦牛奶粥,早餐粥点,1,chosen,0.7136,0.7033,train,normal
627,夜宵,1,84,不差钱,低落,冷,家人,随便,微辣,,620,猪肚鸡,火锅麻辣烫,1,chosen,0.6896,0.6829,train,normal
627,夜宵,1,84,不差钱,低落,冷,家人,随便,微辣,,620,猪肚鸡,火锅麻辣烫,1,chosen,0.6896,0.7032,train,normal
627,夜宵,1,84,不差钱,低落,冷,家人,随便,微辣,,620,猪肚鸡,火锅麻辣烫,1,chosen,0.6896,0.7133,train,normal
628,夜宵,5,89,不差钱,压力大,阴,朋友,严格控制,中辣,,24,菌汤火锅,火锅麻辣烫,1,chosen,0.7385,0.7681,val,normal
628,夜宵,5,89,不差钱,压力大,阴,朋友,严格控制,中辣,,24,菌汤火锅,火锅麻辣烫,1,chosen,0.7385,0.6893,val,normal
628,夜宵,5,89,不差钱,压力大,阴,朋友,严格控制,中辣,,24,菌汤火锅,火锅麻辣烫,1,chosen,0.7385,0.8039,val,normal
628,夜宵,5,89,不差钱,压力大,阴,朋友,严格控制,中辣,,621,番茄火锅,火锅麻辣烫,0,considered,0.7244,0.6893,val,normal
628,夜宵,5,89,不差钱,压力大,阴,朋友,严格控制,中辣,,613,酸菜鱼,火锅麻辣烫,0,considered,0.7235,0.6803,val,normal
629,午餐,2,70,不差钱,压力大,阴,一个人,想健康,微辣,,620,猪肚鸡,火锅麻辣烫,1,chosen,0.5848,0.5843,train,normal
629,午餐,2,70,不差钱,压力大,阴,一个人,想健康,微辣,,620,猪肚鸡,火锅麻辣烫,1,chosen,0.5848,0.5601,train,normal
629,午餐,2,70,不差钱,压力大,阴,一个人,想健康,微辣,,504,红烧鮰鱼,本帮江浙菜,1,chosen,0.5806,0.5579,train,normal
630,午餐,4,61,不差钱,兴奋,晴,家人,严格控制,微辣,乳制品,24,菌汤火锅,火锅麻辣烫,1,chosen,0.6726,0.7113,train,normal
630,午餐,4,61,不差钱,兴奋,晴,家人,严格控制,微辣,乳制品,24,菌汤火锅,火锅麻辣烫,1,chosen,0.6726,0.6842,train,normal
630,午餐,4,61,不差钱,兴奋,晴,家人,严格控制,微辣,乳制品,24,菌汤火锅,火锅麻辣烫,1,chosen,0.6726,0.6937,train,normal
631,午餐,3,66,省着点,兴奋,阴,一个人,想健康,中辣,麸质,11,云南小锅米线,长三角粉面,1,chosen,0.57,0.5597,train,normal
631,午餐,3,66,省着点,兴奋,阴,一个人,想健康,中辣,麸质,11,云南小锅米线,长三角粉面,1,chosen,0.57,0.5964,train,normal
631,午餐,3,66,省着点,兴奋,阴,一个人,想健康,中辣,麸质,11,云南小锅米线,长三角粉面,1,chosen,0.57,0.5803,train,normal
632,晚餐,3,27,省着点,开心,阴,同事,想健康,不吃辣,,173,毛豆炒肉丝,家常炒菜,1,chosen,0.596,0.5707,train,normal
632,晚餐,3,27,省着点,开心,阴,同事,想健康,不吃辣,,173,毛豆炒肉丝,家常炒菜,1,chosen,0.596,0.5583,train,normal
632,晚餐,3,27,省着点,开心,阴,同事,想健康,不吃辣,,173,毛豆炒肉丝,家常炒菜,1,chosen,0.596,0.6045,train,normal
633,晚餐,5,15,想吃好点,兴奋,热,一个人,想健康,重辣,乳制品,126,松仁小肚,东北菜,1,chosen,0.5945,0.5964,train,normal
633,晚餐,5,15,想吃好点,兴奋,热,一个人,想健康,重辣,乳制品,126,松仁小肚,东北菜,1,chosen,0.5945,0.5357,train,normal
633,晚餐,5,15,想吃好点,兴奋,热,一个人,想健康,重辣,乳制品,126,松仁小肚,东北菜,1,chosen,0.5945,0.5683,train,normal
634,午餐,1,63,正常,疲惫,冷,一个人,随便,不吃辣,"海鲜,乳制品",344,梅菜蒸肉饼,广府家常菜,1,chosen,0.5662,0.6116,train,normal
634,午餐,1,63,正常,疲惫,冷,一个人,随便,不吃辣,"海鲜,乳制品",370,陈皮蒸牛肉饼,广府家常菜,1,chosen,0.5662,0.6062,train,normal
634,午餐,1,63,正常,疲惫,冷,一个人,随便,不吃辣,"海鲜,乳制品",344,梅菜蒸肉饼,广府家常菜,1,chosen,0.5662,0.5313,train,normal
635,晚餐,5,34,想吃好点,一般,雨,朋友,想健康,不吃辣,海鲜,349,酿豆腐,广府家常菜,1,chosen,0.6804,0.7108,train,normal
635,晚餐,5,34,想吃好点,一般,雨,朋友,想健康,不吃辣,海鲜,680,海南鸡饭,煲仔饭碟头饭,1,chosen,0.6881,0.7179,train,normal
635,晚餐,5,34,想吃好点,一般,雨,朋友,想健康,不吃辣,海鲜,680,海南鸡饭,煲仔饭碟头饭,1,chosen,0.6881,0.697,train,normal
636,午餐,3,62,省着点,一般,晴,朋友,想健康,不吃辣,,658,卤水豆腐,烧腊卤味,1,chosen,0.6345,0.6065,train,normal
636,午餐,3,62,省着点,一般,晴,朋友,想健康,不吃辣,,658,卤水豆腐,烧腊卤味,1,chosen,0.6345,0.6553,train,normal
636,午餐,3,62,省着点,一般,晴,朋友,想健康,不吃辣,,668,咸肉菜饭,煲仔饭碟头饭,1,chosen,0.6246,0.6637,train,normal
637,晚餐,1,50,想吃好点,低落,雨,约会,随便,微辣,,162,干煸茧蛹,东北菜,1,chosen,0.6898,0.6868,train,normal
637,晚餐,1,50,想吃好点,低落,雨,约会,随便,微辣,,162,干煸茧蛹,东北菜,1,chosen,0.6898,0.6565,train,normal
637,晚餐,1,50,想吃好点,低落,雨,约会,随便,微辣,,162,干煸茧蛹,东北菜,1,chosen,0.6898,0.7183,train,normal
638,午餐,2,33,想吃好点,开心,雨,家人,不关心,不吃辣,,665,金钱肚,烧腊卤味,1,chosen,0.6572,0.708,val,normal
638,午餐,2,33,想吃好点,开心,雨,家人,不关心,不吃辣,,665,金钱肚,烧腊卤味,1,chosen,0.6572,0.6864,val,normal
638,午餐,2,33,想吃好点,开心,雨,家人,不关心,不吃辣,,665,金钱肚,烧腊卤味,1,chosen,0.6572,0.6404,val,normal
639,午餐,4,52,正常,低落,晴,一个人,随便,重辣,,310,麻婆豆腐(素),川菜,1,chosen,0.5867,0.568,train,normal
639,午餐,4,52,正常,低落,晴,一个人,随便,重辣,,310,麻婆豆腐(素),川菜,1,chosen,0.5867,0.5551,train,normal
639,午餐,4,52,正常,低落,晴,一个人,随便,重辣,,310,麻婆豆腐(素),川菜,1,chosen,0.5867,0.5823,train,normal
640,午餐,2,67,正常,一般,雪,朋友,想健康,微辣,,292,荤豆花,川菜,1,chosen,0.7589,0.7238,test,snow
640,午餐,2,67,正常,一般,雪,朋友,想健康,微辣,,162,干煸茧蛹,东北菜,1,chosen,0.762,0.7292,test,snow
640,午餐,2,67,正常,一般,雪,朋友,想健康,微辣,,369,豉汁蒸鱼头,广府家常菜,1,chosen,0.7523,0.7048,test,snow
641,晚餐,2,83,省着点,兴奋,冷,同事,想健康,微辣,,66,大酱炒鸡蛋,东北菜,1,chosen,0.6397,0.6475,test,normal
641,晚餐,2,83,省着点,兴奋,冷,同事,想健康,微辣,,66,大酱炒鸡蛋,东北菜,1,chosen,0.6397,0.721,test,normal
641,晚餐,2,83,省着点,兴奋,冷,同事,想健康,微辣,,192,椒盐豆腐,家常炒菜,1,chosen,0.6311,0.5948,test,normal
642,午餐,4,25,省着点,一般,热,一个人,不关心,重辣,,579,腊味萝卜干,湘菜,1,chosen,0.5701,0.5645,train,normal
642,午餐,4,25,省着点,一般,热,一个人,不关心,重辣,,579,腊味萝卜干,湘菜,1,chosen,0.5701,0.5665,train,normal
642,午餐,4,25,省着点,一般,热,一个人,不关心,重辣,,579,腊味萝卜干,湘菜,1,chosen,0.5701,0.5255,train,normal
643,晚餐,4,77,不差钱,低落,雨,约会,不关心,重辣,,532,剁椒蒸鱼,湘菜,1,chosen,0.7483,0.7393,test,normal
643,晚餐,4,77,不差钱,低落,雨,约会,不关心,重辣,,532,剁椒蒸鱼,湘菜,1,chosen,0.7483,0.6764,test,normal
643,晚餐,4,77,不差钱,低落,雨,约会,不关心,重辣,,280,泡椒牛蛙,川菜,1,chosen,0.7423,0.7031,test,normal
644,晚餐,5,16,想吃好点,低落,阴,约会,不关心,微辣,,397,星洲炒米粉,广式粥粉面,1,chosen,0.6382,0.6112,train,normal
644,晚餐,5,16,想吃好点,低落,阴,约会,不关心,微辣,,397,星洲炒米粉,广式粥粉面,1,chosen,0.6382,0.6375,train,normal
644,晚餐,5,16,想吃好点,低落,阴,约会,不关心,微辣,,397,星洲炒米粉,广式粥粉面,1,chosen,0.6382,0.6065,train,normal
645,晚餐,4,54,正常,压力大,晴,朋友,严格控制,重辣,,13,麻婆豆腐,家常炒菜,1,chosen,0.7307,0.7076,train,normal
645,晚餐,4,54,正常,压力大,晴,朋友,严格控制,重辣,,13,麻婆豆腐,家常炒菜,1,chosen,0.7307,0.697,train,normal
645,晚餐,4,54,正常,压力大,晴,朋友,严格控制,重辣,,13,麻婆豆腐,家常炒菜,1,chosen,0.7307,0.8024,train,normal
645,晚餐,4,54,正常,压力大,晴,朋友,严格控制,重辣,,15,宫保鸡丁,家常炒菜,0,considered,0.7215,0.756,train,normal
645,晚餐,4,54,正常,压力大,晴,朋友,严格控制,重辣,,184,鱼香肉丝,家常炒菜,0,considered,0.6901,0.6563,train,normal
646,晚餐,4,59,不差钱,开心,冷,家人,随便,微辣,,383,避风塘炒蟹,广府家常菜,1,chosen,0.6727,0.6741,train,normal
646,晚餐,4,59,不差钱,开心,冷,家人,随便,微辣,,383,避风塘炒蟹,广府家常菜,1,chosen,0.6727,0.6902,train,normal
646,晚餐,4,59,不差钱,开心,冷,家人,随便,微辣,,383,避风塘炒蟹,广府家常菜,1,chosen,0.6727,0.6884,train,normal
646,晚餐,4,59,不差钱,开心,冷,家人,随便,微辣,,373,上汤焗龙虾,广府家常菜,0,considered,0.6648,0.7265,train,normal
646,晚餐,4,59,不差钱,开心,冷,家人,随便,微辣,,372,一品煲,广府家常菜,0,considered,0.6648,0.6638,train,normal
647,晚餐,3,28,不差钱,疲惫,雨,一个人,想健康,不吃辣,,471,梭子蟹炒年糕,本帮江浙菜,1,chosen,0.6385,0.6336,train,normal
647,晚餐,3,28,不差钱,疲惫,雨,一个人,想健康,不吃辣,,471,梭子蟹炒年糕,本帮江浙菜,1,chosen,0.6385,0.5729,train,normal
647,晚餐,3,28,不差钱,疲惫,雨,一个人,想健康,不吃辣,,471,梭子蟹炒年糕,本帮江浙菜,1,chosen,0.6385,0.6149,train,normal
647,晚餐,3,28,不差钱,疲惫,雨,一个人,想健康,不吃辣,,477,爆炒梭子蟹,本帮江浙菜,0,considered,0.628,0.6402,train,normal
647,晚餐,3,28,不差钱,疲惫,雨,一个人,想健康,不吃辣,,473,油爆虾,本帮江浙菜,0,considered,0.6096,0.6138,train,normal
648,晚餐,1,59,正常,压力大,热,一个人,随便,中辣,麸质,657,卤水掌翼,烧腊卤味,1,chosen,0.5662,0.6249,train,normal
648,晚餐,1,59,正常,压力大,热,一个人,随便,中辣,麸质,579,腊味萝卜干,湘菜,1,chosen,0.5788,0.5705,train,normal
648,晚餐,1,59,正常,压力大,热,一个人,随便,中辣,麸质,579,腊味萝卜干,湘菜,1,chosen,0.5788,0.6084,train,normal
649,晚餐,2,45,想吃好点,疲惫,热,同事,想健康,中辣,"海鲜,乳制品",126,松仁小肚,东北菜,1,chosen,0.6564,0.6473,train,normal
649,晚餐,2,45,想吃好点,疲惫,热,同事,想健康,中辣,"海鲜,乳制品",126,松仁小肚,东北菜,1,chosen,0.6564,0.6407,train,normal
649,晚餐,2,45,想吃好点,疲惫,热,同事,想健康,中辣,"海鲜,乳制品",126,松仁小肚,东北菜,1,chosen,0.6564,0.6374,train,normal
650,午餐,4,70,不差钱,低落,热,同事,不关心,重辣,"海鲜,乳制品",579,腊味萝卜干,湘菜,1,chosen,0.6269,0.6347,train,normal
650,午餐,4,70,不差钱,低落,热,同事,不关心,重辣,"海鲜,乳制品",579,腊味萝卜干,湘菜,1,chosen,0.6269,0.569,train,normal
650,午餐,4,70,不差钱,低落,热,同事,不关心,重辣,"海鲜,乳制品",579,腊味萝卜干,湘菜,1,chosen,0.6269,0.6467,train,normal
651,晚餐,4,95,不差钱,疲惫,晴,一个人,不关心,微辣,素食,371,鱼香茄子煲,广府家常菜,1,chosen,0.544,0.5229,train,normal
651,晚餐,4,95,不差钱,疲惫,晴,一个人,不关心,微辣,素食,371,鱼香茄子煲,广府家常菜,1,chosen,0.544,0.519,train,normal
651,晚餐,4,95,不差钱,疲惫,晴,一个人,不关心,微辣,素食,371,鱼香茄子煲,广府家常菜,1,chosen,0.544,0.5743,train,normal
651,晚餐,4,95,不差钱,疲惫,晴,一个人,不关心,微辣,素食,353,姜葱炒牛肉,广府家常菜,0,considered,0.0,0.0045,train,normal
651,晚餐,4,95,不差钱,疲惫,晴,一个人,不关心,微辣,素食,352,咸鱼茄煲,广府家常菜,0,considered,0.0,0.0288,train,normal
652,午餐,1,42,正常,开心,冷,一个人,严格控制,中辣,,166,炒蚕蛹,东北菜,1,chosen,0.6065,0.6643,train,normal
652,午餐,1,42,正常,开心,冷,一个人,严格控制,中辣,,166,炒蚕蛹,东北菜,1,chosen,0.6065,0.6172,train,normal
652,午餐,1,42,正常,开心,冷,一个人,严格控制,中辣,,166,炒蚕蛹,东北菜,1,chosen,0.6065,0.6541,train,normal
653,夜宵,3,85,省着点,开心,冷,家人,不关心,重辣,,645,臭豆腐,烧烤小吃,1,chosen,0.7106,0.7085,train,normal
653,夜宵,3,85,省着点,开心,冷,家人,不关心,重辣,,645,臭豆腐,烧烤小吃,1,chosen,0.7106,0.7201,train,normal
653,夜宵,3,85,省着点,开心,冷,家人,不关心,重辣,,645,臭豆腐,烧烤小吃,1,chosen,0.7106,0.7281,train,normal
654,午餐,3,53,想吃好点,开心,雨,同事,不关心,不吃辣,,370,陈皮蒸牛肉饼,广府家常菜,1,chosen,0.6129,0.6494,val,normal
654,午餐,3,53,想吃好点,开心,雨,同事,不关心,不吃辣,,370,陈皮蒸牛肉饼,广府家常菜,1,chosen,0.6129,0.6501,val,normal
654,午餐,3,53,想吃好点,开心,雨,同事,不关心,不吃辣,,370,陈皮蒸牛肉饼,广府家常菜,1,chosen,0.6129,0.6376,val,normal
654,午餐,3,53,想吃好点,开心,雨,同事,不关心,不吃辣,,369,豉汁蒸鱼头,广府家常菜,0,considered,0.6129,0.5936,val,normal
654,午餐,3,53,想吃好点,开心,雨,同事,不关心,不吃辣,,380,煎焗鱼嘴,广府家常菜,0,considered,0.6129,0.6058,val,normal
655,早餐,4,93,正常,一般,雨,同事,随便,中辣,素食,807,衢州常山索面,长三角粉面,1,chosen,0.581,0.566,train,normal
655,早餐,4,93,正常,一般,雨,同事,随便,中辣,素食,807,衢州常山索面,长三角粉面,1,chosen,0.581,0.579,train,normal
655,早餐,4,93,正常,一般,雨,同事,随便,中辣,素食,807,衢州常山索面,长三角粉面,1,chosen,0.581,0.5986,train,normal
656,晚餐,2,31,省着点,一般,晴,同事,不关心,重辣,,580,臭豆腐炒辣椒,湘菜,1,chosen,0.5644,0.5136,train,normal
656,晚餐,2,31,省着点,一般,晴,同事,不关心,重辣,,580,臭豆腐炒辣椒,湘菜,1,chosen,0.5644,0.5747,train,normal
656,晚餐,2,31,省着点,一般,晴,同事,不关心,重辣,,580,臭豆腐炒辣椒,湘菜,1,chosen,0.5644,0.5577,train,normal
657,晚餐,1,65,想吃好点,压力大,热,约会,随便,微辣,素食,658,卤水豆腐,烧腊卤味,1,chosen,0.6513,0.6751,train,normal
657,晚餐,1,65,想吃好点,压力大,热,约会,随便,微辣,素食,658,卤水豆腐,烧腊卤味,1,chosen,0.6513,0.6136,train,normal
657,晚餐,1,65,想吃好点,压力大,热,约会,随便,微辣,素食,658,卤水豆腐,烧腊卤味,1,chosen,0.6513,0.6456,train,normal
658,午餐,3,36,不差钱,开心,雨,约会,随便,微辣,,378,姜葱炒蟹,广府家常菜,1,chosen,0.6809,0.6647,val,normal
658,午餐,3,36,不差钱,开心,雨,约会,随便,微辣,,378,姜葱炒蟹,广府家常菜,1,chosen,0.6809,0.7057,val,normal
658,午餐,3,36,不差钱,开心,雨,约会,随便,微辣,,378,姜葱炒蟹,广府家常菜,1,chosen,0.6809,0.6943,val,normal
658,午餐,3,36,不差钱,开心,雨,约会,随便,微辣,,373,上汤焗龙虾,广府家常菜,0,considered,0.6782,0.6776,val,normal
658,午餐,3,36,不差钱,开心,雨,约会,随便,微辣,,380,煎焗鱼嘴,广府家常菜,0,considered,0.6745,0.6215,val,normal
659,午餐,4,29,省着点,一般,冷,家人,想健康,不吃辣,,86,猪肉白菜饺子,东北菜,1,chosen,0.6664,0.6375,train,normal
659,午餐,4,29,省着点,一般,冷,家人,想健康,不吃辣,,668,咸肉菜饭,煲仔饭碟头饭,1,chosen,0.6864,0.7361,train,normal
659,午餐,4,29,省着点,一般,冷,家人,想健康,不吃辣,,668,咸肉菜饭,煲仔饭碟头饭,1,chosen,0.6864,0.6349,train,normal
660,下午加餐,3,80,省着点,压力大,晴,朋友,想健康,不吃辣,,772,鲜榨橙汁,轻食健康,1,chosen,0.6608,0.6887,train,normal
660,下午加餐,3,80,省着点,压力大,晴,朋友,想健康,不吃辣,,688,双皮奶,糖水甜品,1,chosen,0.6765,0.6927,train,normal
660,下午加餐,3,80,省着点,压力大,晴,朋友,想健康,不吃辣,,34,全麦鸡肉三明治,轻食健康,1,chosen,0.6677,0.6749,train,normal
661,晚餐,5,34,想吃好点,低落,阴,朋友,想健康,重辣,,524,香辣鱼块,湘菜,1,chosen,0.7361,0.7522,train,normal
661,晚餐,5,34,想吃好点,低落,阴,朋友,想健康,重辣,,524,香辣鱼块,湘菜,1,chosen,0.7361,0.7382,train,normal
661,晚餐,5,34,想吃好点,低落,阴,朋友,想健康,重辣,,524,香辣鱼块,湘菜,1,chosen,0.7361,0.7402,train,normal
662,午餐,2,33,不差钱,压力大,晴,同事,想健康,不吃辣,"海鲜,乳制品",353,姜葱炒牛肉,广府家常菜,1,chosen,0.6121,0.5746,train,normal
662,午餐,2,33,不差钱,压力大,晴,同事,想健康,不吃辣,"海鲜,乳制品",353,姜葱炒牛肉,广府家常菜,1,chosen,0.6121,0.6225,train,normal
662,午餐,2,33,不差钱,压力大,晴,同事,想健康,不吃辣,"海鲜,乳制品",353,姜葱炒牛肉,广府家常菜,1,chosen,0.6121,0.5833,train,normal
663,午餐,2,22,正常,开心,热,一个人,随便,不吃辣,,126,松仁小肚,东北菜,1,chosen,0.5534,0.5191,test,normal
663,午餐,2,22,正常,开心,热,一个人,随便,不吃辣,,126,松仁小肚,东北菜,1,chosen,0.5534,0.5292,test,normal
663,午餐,2,22,正常,开心,热,一个人,随便,不吃辣,,126,松仁小肚,东北菜,1,chosen,0.5534,0.5137,test,normal
664,下午加餐,4,20,正常,压力大,雪,朋友,随便,不吃辣,麸质,764,奶茶,轻食健康,1,chosen,0.6986,0.69,test,snow
664,下午加餐,4,20,正常,压力大,雪,朋友,随便,不吃辣,麸质,764,奶茶,轻食健康,1,chosen,0.6986,0.7261,test,snow
664,下午加餐,4,20,正常,压力大,雪,朋友,随便,不吃辣,麸质,764,奶茶,轻食健康,1,chosen,0.6986,0.7424,test,snow
665,晚餐,3,54,省着点,开心,雨,朋友,不关心,微辣,,658,卤水豆腐,烧腊卤味,1,chosen,0.6604,0.6656,train,normal
665,晚餐,3,54,省着点,开心,雨,朋友,不关心,微辣,,658,卤水豆腐,烧腊卤味,1,chosen,0.6604,0.6351,train,normal
665,晚餐,3,54,省着点,开心,雨,朋友,不关心,微辣,,658,卤水豆腐,烧腊卤味,1,chosen,0.6604,0.6636,train,normal
666,午餐,5,36,省着点,低落,热,家人,不关心,不吃辣,海鲜,658,卤水豆腐,烧腊卤味,1,chosen,0.6719,0.7143,train,normal
666,午餐,5,36,省着点,低落,热,家人,不关心,不吃辣,海鲜,658,卤水豆腐,烧腊卤味,1,chosen,0.6719,0.6388,train,normal
666,午餐,5,36,省着点,低落,热,家人,不关心,不吃辣,海鲜,658,卤水豆腐,烧腊卤味,1,chosen,0.6719,0.6566,train,normal
667,晚餐,5,101,想吃好点,疲惫,雨,朋友,严格控制,中辣,乳制品,15,宫保鸡丁,家常炒菜,1,chosen,0.7653,0.7195,val,normal
667,晚餐,5,101,想吃好点,疲惫,雨,朋友,严格控制,中辣,乳制品,300,酸菜肥牛,川菜,1,chosen,0.7653,0.8172,val,normal
667,晚餐,5,101,想吃好点,疲惫,雨,朋友,严格控制,中辣,乳制品,15,宫保鸡丁,家常炒菜,1,chosen,0.7653,0.7611,val,normal
668,午餐,4,15,省着点,开心,阴,家人,严格控制,中辣,,575,紫苏煎黄瓜,湘菜,1,chosen,0.6599,0.6635,train,normal
668,午餐,4,15,省着点,开心,阴,家人,严格控制,中辣,,71,干豆腐炒尖椒,东北菜,1,chosen,0.6434,0.6321,train,normal
668,午餐,4,15,省着点,开心,阴,家人,严格控制,中辣,,575,紫苏煎黄瓜,湘菜,1,chosen,0.6599,0.6246,train,normal
668,午餐,4,15,省着点,开心,阴,家人,严格控制,中辣,,552,攸县香干,湘菜,0,considered,0.6426,0.6483,train,normal
668,午餐,4,15,省着点,开心,阴,家人,严格控制,中辣,,595,长沙肉丝米粉,湘菜,0,considered,0.6422,0.6099,train,normal
669,早餐,4,49,想吃好点,低落,热,家人,想健康,中辣,,424,黑椒牛仔骨,早茶点心,1,chosen,0.6713,0.6225,train,normal
669,早餐,4,49,想吃好点,低落,热,家人,想健康,中辣,,424,黑椒牛仔骨,早茶点心,1,chosen,0.6713,0.6408,train,normal
669,早餐,4,49,想吃好点,低落,热,家人,想健康,中辣,,424,黑椒牛仔骨,早茶点心,1,chosen,0.6713,0.6799,train,normal
669,早餐,4,49,想吃好点,低落,热,家人,想健康,中辣,,415,腐皮卷,早茶点心,0,considered,0.6386,0.6387,train,normal
669,早餐,4,49,想吃好点,低落,热,家人,想健康,中辣,,423,蟹籽烧卖,早茶点心,0,considered,0.6264,0.6254,train,normal
670,晚餐,3,85,不差钱,一般,雨,约会,想健康,不吃辣,,378,姜葱炒蟹,广府家常菜,1,chosen,0.7086,0.7259,train,normal
670,晚餐,3,85,不差钱,一般,雨,约会,想健康,不吃辣,,378,姜葱炒蟹,广府家常菜,1,chosen,0.7086,0.7103,train,normal
670,晚餐,3,85,不差钱,一般,雨,约会,想健康,不吃辣,,378,姜葱炒蟹,广府家常菜,1,chosen,0.7086,0.6981,train,normal
671,下午加餐,5,23,省着点,疲惫,雪,家人,想健康,不吃辣,麸质,711,酒酿圆子,糖水甜品,1,chosen,0.719,0.7385,test,snow
671,下午加餐,5,23,省着点,疲惫,雪,家人,想健康,不吃辣,麸质,708,花生糊,糖水甜品,1,chosen,0.7085,0.7541,test,snow
671,下午加餐,5,23,省着点,疲惫,雪,家人,想健康,不吃辣,麸质,711,酒酿圆子,糖水甜品,1,chosen,0.719,0.7569,test,snow
672,夜宵,3,80,正常,兴奋,阴,朋友,不关心,微辣,,645,臭豆腐,烧烤小吃,1,chosen,0.6604,0.7018,train,normal
672,夜宵,3,80,正常,兴奋,阴,朋友,不关心,微辣,,645,臭豆腐,烧烤小吃,1,chosen,0.6604,0.6416,train,normal
672,夜宵,3,80,正常,兴奋,阴,朋友,不关心,微辣,,645,臭豆腐,烧烤小吃,1,chosen,0.6604,0.6809,train,normal
672,夜宵,3,80,正常,兴奋,阴,朋友,不关心,微辣,,632,煎饺,烧烤小吃,0,considered,0.649,0.6461,train,normal
672,夜宵,3,80,正常,兴奋,阴,朋友,不关心,微辣,,635,锅贴,烧烤小吃,0,considered,0.649,0.6643,train,normal
673,晚餐,2,78,正常,一般,晴,一个人,严格控制,不吃辣,麸质,350,丝瓜炒牛肉,广府家常菜,1,chosen,0.5563,0.635,train,normal
673,晚餐,2,78,正常,一般,晴,一个人,严格控制,不吃辣,麸质,350,丝瓜炒牛肉,广府家常菜,1,chosen,0.5563,0.5938,train,normal
673,晚餐,2,78,正常,一般,晴,一个人,严格控制,不吃辣,麸质,348,豉汁蒸排骨,广府家常菜,1,chosen,0.5563,0.5488,train,normal
674,午餐,4,84,正常,兴奋,热,同事,想健康,微辣,,648,卤水鸡翅,烧腊卤味,1,chosen,0.6316,0.6486,train,normal
674,午餐,4,84,正常,兴奋,热,同事,想健康,微辣,,60,东北饭包,东北菜,1,chosen,0.6417,0.5913,train,normal
674,午餐,4,84,正常,兴奋,热,同事,想健康,微辣,,60,东北饭包,东北菜,1,chosen,0.6417,0.6719,train,normal
675,午餐,1,58,省着点,压力大,雨,一个人,严格控制,微辣,,174,清炒芥兰,家常炒菜,1,chosen,0.6172,0.6476,val,normal
675,午餐,1,58,省着点,压力大,雨,一个人,严格控制,微辣,,71,干豆腐炒尖椒,东北菜,1,chosen,0.6067,0.6181,val,normal
675,午餐,1,58,省着点,压力大,雨,一个人,严格控制,微辣,,174,清炒芥兰,家常炒菜,1,chosen,0.6172,0.6265,val,normal
676,晚餐,3,72,正常,压力大,雨,一个人,想健康,中辣,,11,云南小锅米线,长三角粉面,1,chosen,0.6579,0.7082,val,normal
676,晚餐,3,72,正常,压力大,雨,一个人,想健康,中辣,,552,攸县香干,湘菜,1,chosen,0.6579,0.6054,val,normal
676,晚餐,3,72,正常,压力大,雨,一个人,想健康,中辣,,11,云南小锅米线,长三角粉面,1,chosen,0.6579,0.6461,val,normal
676,晚餐,3,72,正常,压力大,雨,一个人,想健康,中辣,,6,兰州牛肉面,长三角粉面,0,considered,0.65,0.6624,val,normal
676,晚餐,3,72,正常,压力大,雨,一个人,想健康,中辣,,786,南京皮肚面,长三角粉面,0,considered,0.6481,0.6254,val,normal
677,午餐,3,29,正常,一般,阴,同事,随便,中辣,素食,575,紫苏煎黄瓜,湘菜,1,chosen,0.5632,0.5582,train,normal
677,午餐,3,29,正常,一般,阴,同事,随便,中辣,素食,223,手撕包菜(川),川菜,1,chosen,0.5603,0.5195,train,normal
677,午餐,3,29,正常,一般,阴,同事,随便,中辣,素食,575,紫苏煎黄瓜,湘菜,1,chosen,0.5632,0.5738,train,normal
678,午餐,3,72,想吃好点,一般,阴,朋友,不关心,不吃辣,乳制品,813,台州跳鱼捞面,长三角粉面,1,chosen,0.6052,0.655,train,normal
678,午餐,3,72,想吃好点,一般,阴,朋友,不关心,不吃辣,乳制品,813,台州跳鱼捞面,长三角粉面,1,chosen,0.6052,0.6094,train,normal
678,午餐,3,72,想吃好点,一般,阴,朋友,不关心,不吃辣,乳制品,813,台州跳鱼捞面,长三角粉面,1,chosen,0.6052,0.6153,train,normal
679,下午加餐,3,16,省着点,疲惫,雨,同事,随便,微辣,乳制品,699,定胜糕,糖水甜品,1,chosen,0.6978,0.705,val,normal
679,下午加餐,3,16,省着点,疲惫,雨,同事,随便,微辣,乳制品,699,定胜糕,糖水甜品,1,chosen,0.6978,0.7367,val,normal
679,下午加餐,3,16,省着点,疲惫,雨,同事,随便,微辣,乳制品,699,定胜糕,糖水甜品,1,chosen,0.6978,0.6613,val,normal
680,晚餐,3,100,正常,疲惫,阴,朋友,随便,不吃辣,素食,64,土豆炖茄子,东北菜,1,chosen,0.6496,0.6529,train,normal
680,晚餐,3,100,正常,疲惫,阴,朋友,随便,不吃辣,素食,64,土豆炖茄子,东北菜,1,chosen,0.6496,0.6427,train,normal
680,晚餐,3,100,正常,疲惫,阴,朋友,随便,不吃辣,素食,64,土豆炖茄子,东北菜,1,chosen,0.6496,0.6124,train,normal
680,晚餐,3,100,正常,疲惫,阴,朋友,随便,不吃辣,素食,143,茄子炖土豆,东北菜,0,considered,0.6496,0.6481,train,normal
680,晚餐,3,100,正常,疲惫,阴,朋友,随便,不吃辣,素食,159,东北乱炖(素),东北菜,0,considered,0.6496,0.7004,train,normal
681,午餐,3,55,想吃好点,开心,雨,一个人,不关心,中辣,,543,干豆角炒肉,湘菜,1,chosen,0.5857,0.5487,train,normal
681,午餐,3,55,想吃好点,开心,雨,一个人,不关心,中辣,,543,干豆角炒肉,湘菜,1,chosen,0.5857,0.5607,train,normal
681,午餐,3,55,想吃好点,开心,雨,一个人,不关心,中辣,,543,干豆角炒肉,湘菜,1,chosen,0.5857,0.644,train,normal
682,夜宵,3,73,正常,压力大,阴,家人,想健康,中辣,乳制品,26,烤鸡翅,烧烤小吃,1,chosen,0.7304,0.7709,train,normal
682,夜宵,3,73,正常,压力大,阴,家人,想健康,中辣,乳制品,26,烤鸡翅,烧烤小吃,1,chosen,0.7304,0.6978,train,normal
682,夜宵,3,73,正常,压力大,阴,家人,想健康,中辣,乳制品,26,烤鸡翅,烧烤小吃,1,chosen,0.7304,0.713,train,normal
682,夜宵,3,73,正常,压力大,阴,家人,想健康,中辣,乳制品,627,炒年糕,烧烤小吃,0,considered,0.7186,0.7075,train,normal
682,夜宵,3,73,正常,压力大,阴,家人,想健康,中辣,乳制品,647,韭菜盒子,烧烤小吃,0,considered,0.7137,0.7271,train,normal
683,下午加餐,5,73,省着点,压力大,雨,一个人,想健康,中辣,,823,贝果,面包甜点,1,chosen,0.6138,0.5995,train,normal
683,下午加餐,5,73,省着点,压力大,雨,一个人,想健康,中辣,,707,芒果西米露,糖水甜品,1,chosen,0.6041,0.5972,train,normal
683,下午加餐,5,73,省着点,压力大,雨,一个人,想健康,中辣,,707,芒果西米露,糖水甜品,1,chosen,0.6041,0.584,train,normal
684,晚餐,4,81,正常,一般,阴,朋友,想健康,中辣,乳制品,15,宫保鸡丁,家常炒菜,1,chosen,0.6673,0.6556,train,normal
684,晚餐,4,81,正常,一般,阴,朋友,想健康,中辣,乳制品,15,宫保鸡丁,家常炒菜,1,chosen,0.6673,0.6788,train,normal
684,晚餐,4,81,正常,一般,阴,朋友,想健康,中辣,乳制品,15,宫保鸡丁,家常炒菜,1,chosen,0.6673,0.6512,train,normal
685,午餐,1,67,正常,压力大,雨,约会,随便,不吃辣,,370,陈皮蒸牛肉饼,广府家常菜,1,chosen,0.6764,0.7158,train,normal
685,午餐,1,67,正常,压力大,雨,约会,随便,不吃辣,,370,陈皮蒸牛肉饼,广府家常菜,1,chosen,0.6764,0.6819,train,normal
685,午餐,1,67,正常,压力大,雨,约会,随便,不吃辣,,370,陈皮蒸牛肉饼,广府家常菜,1,chosen,0.6764,0.7179,train,normal
686,晚餐,1,37,省着点,疲惫,热,家人,随便,不吃辣,"海鲜,乳制品",573,糖油粑粑,湘菜,1,chosen,0.6169,0.5957,train,normal
686,晚餐,1,37,省着点,疲惫,热,家人,随便,不吃辣,"海鲜,乳制品",573,糖油粑粑,湘菜,1,chosen,0.6169,0.6224,train,normal
686,晚餐,1,37,省着点,疲惫,热,家人,随便,不吃辣,"海鲜,乳制品",658,卤水豆腐,烧腊卤味,1,chosen,0.657,0.6826,train,normal
687,晚餐,3,50,不差钱,一般,雨,家人,随便,不吃辣,,471,梭子蟹炒年糕,本帮江浙菜,1,chosen,0.6453,0.7112,train,normal
687,晚餐,3,50,不差钱,一般,雨,家人,随便,不吃辣,,378,姜葱炒蟹,广府家常菜,1,chosen,0.6458,0.6097,train,normal
687,晚餐,3,50,不差钱,一般,雨,家人,随便,不吃辣,,378,姜葱炒蟹,广府家常菜,1,chosen,0.6458,0.6592,train,normal
688,晚餐,5,15,正常,一般,晴,朋友,不关心,不吃辣,,684,窝蛋牛肉饭,煲仔饭碟头饭,1,chosen,0.5875,0.5239,train,normal
688,晚餐,5,15,正常,一般,晴,朋友,不关心,不吃辣,,684,窝蛋牛肉饭,煲仔饭碟头饭,1,chosen,0.5875,0.601,train,normal
688,晚餐,5,15,正常,一般,晴,朋友,不关心,不吃辣,,669,扬州炒饭,煲仔饭碟头饭,1,chosen,0.5875,0.5995,train,normal
689,午餐,3,15,想吃好点,低落,热,一个人,想健康,不吃辣,麸质,126,松仁小肚,东北菜,1,chosen,0.6011,0.6391,train,normal
689,午餐,3,15,想吃好点,低落,热,一个人,想健康,不吃辣,麸质,126,松仁小肚,东北菜,1,chosen,0.6011,0.5621,train,normal
689,午餐,3,15,想吃好点,低落,热,一个人,想健康,不吃辣,麸质,126,松仁小肚,东北菜,1,chosen,0.6011,0.5789,train,normal
690,晚餐,4,29,正常,一般,热,朋友,不关心,重辣,,579,腊味萝卜干,湘菜,1,chosen,0.6664,0.6411,val,normal
690,晚餐,4,29,正常,一般,热,朋友,不关心,重辣,,579,腊味萝卜干,湘菜,1,chosen,0.6664,0.634,val,normal
690,晚餐,4,29,正常,一般,热,朋友,不关心,重辣,,579,腊味萝卜干,湘菜,1,chosen,0.6664,0.6573,val,normal
691,午餐,3,70,不差钱,一般,阴,家人,想健康,不吃辣,海鲜,118,小鸡炖蘑菇粉条,东北菜,1,chosen,0.6406,0.6457,train,normal
691,午餐,3,70,不差钱,一般,阴,家人,想健康,不吃辣,海鲜,24,菌汤火锅,火锅麻辣烫,1,chosen,0.6467,0.6362,train,normal
691,午餐,3,70,不差钱,一般,阴,家人,想健康,不吃辣,海鲜,24,菌汤火锅,火锅麻辣烫,1,chosen,0.6467,0.6385,train,normal
691,午餐,3,70,不差钱,一般,阴,家人,想健康,不吃辣,海鲜,621,番茄火锅,火锅麻辣烫,0,considered,0.6369,0.6676,train,normal
691,午餐,3,70,不差钱,一般,阴,家人,想健康,不吃辣,海鲜,20,清汤火锅,火锅麻辣烫,0,considered,0.6369,0.7034,train,normal
692,晚餐,4,62,想吃好点,一般,热,一个人,不关心,微辣,素食,658,卤水豆腐,烧腊卤味,1,chosen,0.5456,0.5039,train,normal
692,晚餐,4,62,想吃好点,一般,热,一个人,不关心,微辣,素食,658,卤水豆腐,烧腊卤味,1,chosen,0.5456,0.537,train,normal
692,晚餐,4,62,想吃好点,一般,热,一个人,不关心,微辣,素食,658,卤水豆腐,烧腊卤味,1,chosen,0.5456,0.5925,train,normal
693,午餐,4,22,省着点,兴奋,晴,一个人,不关心,中辣,,595,长沙肉丝米粉,湘菜,1,chosen,0.5358,0.5252,val,normal
693,午餐,4,22,省着点,兴奋,晴,一个人,不关心,中辣,,595,长沙肉丝米粉,湘菜,1,chosen,0.5358,0.5734,val,normal
693,午餐,4,22,省着点,兴奋,晴,一个人,不关心,中辣,,595,长沙肉丝米粉,湘菜,1,chosen,0.5358,0.5199,val,normal
694,晚餐,3,15,省着点,一般,冷,一个人,想健康,微辣,,71,干豆腐炒尖椒,东北菜,1,chosen,0.5976,0.6029,train,normal
694,晚餐,3,15,省着点,一般,冷,一个人,想健康,微辣,,71,干豆腐炒尖椒,东北菜,1,chosen,0.5976,0.5931,train,normal
694,晚餐,3,15,省着点,一般,冷,一个人,想健康,微辣,,71,干豆腐炒尖椒,东北菜,1,chosen,0.5976,0.5498,train,normal
694,晚餐,3,15,省着点,一般,冷,一个人,想健康,微辣,,48,东北土豆丝,东北菜,0,considered,0.5928,0.6098,train,normal
694,晚餐,3,15,省着点,一般,冷,一个人,想健康,微辣,,72,手撕包菜(东北),东北菜,0,considered,0.5928,0.5534,train,normal
695,午餐,5,63,正常,开心,晴,约会,不关心,中辣,,557,浏阳蒸菜,湘菜,1,chosen,0.6561,0.6342,val,normal
695,午餐,5,63,正常,开心,晴,约会,不关心,中辣,,557,浏阳蒸菜,湘菜,1,chosen,0.6561,0.687,val,normal
695,午餐,5,63,正常,开心,晴,约会,不关心,中辣,,557,浏阳蒸菜,湘菜,1,chosen,0.6561,0.6839,val,normal
696,午餐,3,66,正常,疲惫,雨,一个人,不关心,微辣,,787,南京老卤面,长三角粉面,1,chosen,0.6146,0.6368,train,normal
696,午餐,3,66,正常,疲惫,雨,一个人,不关心,微辣,,787,南京老卤面,长三角粉面,1,chosen,0.6146,0.666,train,normal
696,午餐,3,66,正常,疲惫,雨,一个人,不关心,微辣,,787,南京老卤面,长三角粉面,1,chosen,0.6146,0.6677,train,normal
697,晚餐,2,41,想吃好点,一般,阴,一个人,随便,不吃辣,麸质,657,卤水掌翼,烧腊卤味,1,chosen,0.5111,0.5547,val,normal
697,晚餐,2,41,想吃好点,一般,阴,一个人,随便,不吃辣,麸质,370,陈皮蒸牛肉饼,广府家常菜,1,chosen,0.5111,0.4628,val,normal
697,晚餐,2,41,想吃好点,一般,阴,一个人,随便,不吃辣,麸质,657,卤水掌翼,烧腊卤味,1,chosen,0.5111,0.5538,val,normal
698,晚餐,5,15,想吃好点,疲惫,阴,一个人,不关心,微辣,,671,烧腊双拼饭,煲仔饭碟头饭,1,chosen,0.563,0.5502,train,normal
698,晚餐,5,15,想吃好点,疲惫,阴,一个人,不关心,微辣,,671,烧腊双拼饭,煲仔饭碟头饭,1,chosen,0.563,0.52,train,normal
698,晚餐,5,15,想吃好点,疲惫,阴,一个人,不关心,微辣,,672,烧鹅饭,煲仔饭碟头饭,1,chosen,0.563,0.5917,train,normal
698,晚餐,5,15,想吃好点,疲惫,阴,一个人,不关心,微辣,,672,烧鹅饭,煲仔饭碟头饭,0,considered,0.563,0.6104,train,normal
698,晚餐,5,15,想吃好点,疲惫,阴,一个人,不关心,微辣,,673,猪脚饭,煲仔饭碟头饭,0,considered,0.5607,0.5533,train,normal
699,夜宵,4,15,正常,一般,晴,朋友,不关心,不吃辣,麸质,399,潮汕牛肉丸粉,广式粥粉面,1,chosen,0.5975,0.5924,val,normal
699,夜宵,4,15,正常,一般,晴,朋友,不关心,不吃辣,麸质,399,潮汕牛肉丸粉,广式粥粉面,1,chosen,0.5975,0.6203,val,normal
699,夜宵,4,15,正常,一般,晴,朋友,不关心,不吃辣,麸质,399,潮汕牛肉丸粉,广式粥粉面,1,chosen,0.5975,0.5934,val,normal
700,午餐,3,15,正常,兴奋,阴,一个人,想健康,不吃辣,素食,195,清炒草头,家常炒菜,1,chosen,0.5524,0.5254,train,normal
700,午餐,3,15,正常,兴奋,阴,一个人,想健康,不吃辣,素食,195,清炒草头,家常炒菜,1,chosen,0.5524,0.6032,train,normal
700,午餐,3,15,正常,兴奋,阴,一个人,想健康,不吃辣,素食,195,清炒草头,家常炒菜,1,chosen,0.5524,0.5955,train,normal
700,午餐,3,15,正常,兴奋,阴,一个人,想健康,不吃辣,素食,194,油焖春笋,家常炒菜,0,considered,0.5308,0.5427,train,normal
700,午餐,3,15,正常,兴奋,阴,一个人,想健康,不吃辣,素食,183,香干炒芹菜,家常炒菜,0,considered,0.5113,0.4984,train,normal
701,早餐,4,69,正常,一般,晴,同事,想健康,不吃辣,,439,菜肉大馄饨,早餐粥点,1,chosen,0.6191,0.6557,train,normal
701,早餐,4,69,正常,一般,晴,同事,想健康,不吃辣,,439,菜肉大馄饨,早餐粥点,1,chosen,0.6191,0.6362,train,normal
701,早餐,4,69,正常,一般,晴,同事,想健康,不吃辣,,439,菜肉大馄饨,早餐粥点,1,chosen,0.6191,0.6354,train,normal
702,午餐,4,15,正常,开心,晴,同事,不关心,中辣,乳制品,303,铺盖面,川菜,1,chosen,0.5746,0.5723,train,normal
702,午餐,4,15,正常,开心,晴,同事,不关心,中辣,乳制品,303,铺盖面,川菜,1,chosen,0.5746,0.6436,train,normal
702,午餐,4,15,正常,开心,晴,同事,不关心,中辣,乳制品,303,铺盖面,川菜,1,chosen,0.5746,0.5142,train,normal
703,午餐,1,83,想吃好点,兴奋,晴,一个人,不关心,中辣,,162,干煸茧蛹,东北菜,1,chosen,0.5165,0.4825,train,normal
703,午餐,1,83,想吃好点,兴奋,晴,一个人,不关心,中辣,,162,干煸茧蛹,东北菜,1,chosen,0.5165,0.5079,train,normal
703,午餐,1,83,想吃好点,兴奋,晴,一个人,不关心,中辣,,162,干煸茧蛹,东北菜,1,chosen,0.5165,0.5141,train,normal
704,晚餐,1,52,省着点,低落,晴,朋友,随便,不吃辣,素食,658,卤水豆腐,烧腊卤味,1,chosen,0.583,0.5936,train,normal
704,晚餐,1,52,省着点,低落,晴,朋友,随便,不吃辣,素食,658,卤水豆腐,烧腊卤味,1,chosen,0.583,0.5968,train,normal
704,晚餐,1,52,省着点,低落,晴,朋友,随便,不吃辣,素食,658,卤水豆腐,烧腊卤味,1,chosen,0.583,0.5702,train,normal
704,晚餐,1,52,省着点,低落,晴,朋友,随便,不吃辣,素食,657,卤水掌翼,烧腊卤味,0,considered,0.0,0.0,train,normal
704,晚餐,1,52,省着点,低落,晴,朋友,随便,不吃辣,素食,656,卤水拼盘,烧腊卤味,0,considered,0.0,0.0,train,normal
705,午餐,1,21,不差钱,开心,冷,一个人,想健康,中辣,麸质,378,姜葱炒蟹,广府家常菜,1,chosen,0.5962,0.6034,train,normal
705,午餐,1,21,不差钱,开心,冷,一个人,想健康,中辣,麸质,477,爆炒梭子蟹,本帮江浙菜,1,chosen,0.5789,0.5823,train,normal
705,午餐,1,21,不差钱,开心,冷,一个人,想健康,中辣,麸质,378,姜葱炒蟹,广府家常菜,1,chosen,0.5962,0.5718,train,normal
705,午餐,1,21,不差钱,开心,冷,一个人,想健康,中辣,麸质,366,豉椒炒花甲,广府家常菜,0,considered,0.5769,0.5374,train,normal
705,午餐,1,21,不差钱,开心,冷,一个人,想健康,中辣,麸质,354,姜葱焗鱼,广府家常菜,0,considered,0.5762,0.5799,train,normal
706,下午加餐,3,68,想吃好点,疲惫,晴,同事,随便,中辣,麸质,770,波奇饭,轻食健康,1,chosen,0.6578,0.6514,train,normal
706,下午加餐,3,68,想吃好点,疲惫,晴,同事,随便,中辣,麸质,770,波奇饭,轻食健康,1,chosen,0.6578,0.6635,train,normal
706,下午加餐,3,68,想吃好点,疲惫,晴,同事,随便,中辣,麸质,770,波奇饭,轻食健康,1,chosen,0.6578,0.6504,train,normal
707,晚餐,3,68,想吃好点,压力大,晴,朋友,想健康,重辣,乳制品,524,香辣鱼块,湘菜,1,chosen,0.7287,0.7476,train,normal
707,晚餐,3,68,想吃好点,压力大,晴,朋友,想健康,重辣,乳制品,524,香辣鱼块,湘菜,1,chosen,0.7287,0.7744,train,normal
707,晚餐,3,68,想吃好点,压力大,晴,朋友,想健康,重辣,乳制品,524,香辣鱼块,湘菜,1,chosen,0.7287,0.7519,train,normal
708,晚餐,3,53,正常,开心,晴,朋友,想健康,中辣,"海鲜,乳制品",15,宫保鸡丁,家常炒菜,1,chosen,0.6787,0.6849,train,normal
708,晚餐,3,53,正常,开心,晴,朋友,想健康,中辣,"海鲜,乳制品",15,宫保鸡丁,家常炒菜,1,chosen,0.6787,0.6795,train,normal
708,晚餐,3,53,正常,开心,晴,朋友,想健康,中辣,"海鲜,乳制品",15,宫保鸡丁,家常炒菜,1,chosen,0.6787,0.6974,train,normal
709,晚餐,2,35,不差钱,一般,雨,约会,不关心,中辣,素食,523,长沙臭豆腐,湘菜,1,chosen,0.6483,0.6647,train,normal
709,晚餐,2,35,不差钱,一般,雨,约会,不关心,中辣,素食,523,长沙臭豆腐,湘菜,1,chosen,0.6483,0.6131,train,normal
709,晚餐,2,35,不差钱,一般,雨,约会,不关心,中辣,素食,523,长沙臭豆腐,湘菜,1,chosen,0.6483,0.7211,train,normal
709,晚餐,2,35,不差钱,一般,雨,约会,不关心,中辣,素食,552,攸县香干,湘菜,0,considered,0.6412,0.6589,train,normal
709,晚餐,2,35,不差钱,一般,雨,约会,不关心,中辣,素食,575,紫苏煎黄瓜,湘菜,0,considered,0.6342,0.6601,train,normal
710,午餐,4,15,想吃好点,疲惫,阴,一个人,随便,微辣,乳制品,397,星洲炒米粉,广式粥粉面,1,chosen,0.5649,0.5577,train,normal
710,午餐,4,15,想吃好点,疲惫,阴,一个人,随便,微辣,乳制品,397,星洲炒米粉,广式粥粉面,1,chosen,0.5649,0.5351,train,normal
710,午餐,4,15,想吃好点,疲惫,阴,一个人,随便,微辣,乳制品,397,星洲炒米粉,广式粥粉面,1,chosen,0.5649,0.6126,train,normal
711,下午加餐,2,61,正常,一般,冷,约会,不关心,重辣,,701,核桃糊,糖水甜品,1,chosen,0.6386,0.5941,train,normal
711,下午加餐,2,61,正常,一般,冷,约会,不关心,重辣,,701,核桃糊,糖水甜品,1,chosen,0.6386,0.6596,train,normal
711,下午加餐,2,61,正常,一般,冷,约会,不关心,重辣,,708,花生糊,糖水甜品,1,chosen,0.6318,0.6649,train,normal
712,晚餐,1,78,正常,兴奋,晴,家人,想健康,微辣,海鲜,166,炒蚕蛹,东北菜,1,chosen,0.6429,0.7037,train,normal
712,晚餐,1,78,正常,兴奋,晴,家人,想健康,微辣,海鲜,166,炒蚕蛹,东北菜,1,chosen,0.6429,0.6383,train,normal
712,晚餐,1,78,正常,兴奋,晴,家人,想健康,微辣,海鲜,166,炒蚕蛹,东北菜,1,chosen,0.6429,0.5917,train,normal
713,夜宵,2,55,正常,一般,晴,家人,不关心,微辣,,645,臭豆腐,烧烤小吃,1,chosen,0.6461,0.5761,val,normal
713,夜宵,2,55,正常,一般,晴,家人,不关心,微辣,,645,臭豆腐,烧烤小吃,1,chosen,0.6461,0.6149,val,normal
713,夜宵,2,55,正常,一般,晴,家人,不关心,微辣,,642,烤韭菜,烧烤小吃,1,chosen,0.6187,0.6529,val,normal
713,夜宵,2,55,正常,一般,晴,家人,不关心,微辣,,642,烤韭菜,烧烤小吃,0,considered,0.6187,0.5893,val,normal
713,夜宵,2,55,正常,一般,晴,家人,不关心,微辣,,635,锅贴,烧烤小吃,0,considered,0.613,0.5978,val,normal
714,午餐,5,29,想吃好点,疲惫,冷,家人,想健康,中辣,乳制品,15,宫保鸡丁,家常炒菜,1,chosen,0.7527,0.7814,train,normal
714,午餐,5,29,想吃好点,疲惫,冷,家人,想健康,中辣,乳制品,15,宫保鸡丁,家常炒菜,1,chosen,0.7527,0.7433,train,normal
714,午餐,5,29,想吃好点,疲惫,冷,家人,想健康,中辣,乳制品,15,宫保鸡丁,家常炒菜,1,chosen,0.7527,0.7398,train,normal
714,午餐,5,29,想吃好点,疲惫,冷,家人,想健康,中辣,乳制品,184,鱼香肉丝,家常炒菜,0,considered,0.7248,0.7259,train,normal
714,午餐,5,29,想吃好点,疲惫,冷,家人,想健康,中辣,乳制品,18,地三鲜,家常炒菜,0,considered,0.7159,0.6894,train,normal
715,午餐,3,41,正常,疲惫,阴,家人,随便,中辣,,15,宫保鸡丁,家常炒菜,1,chosen,0.6654,0.6837,test,normal
715,午餐,3,41,正常,疲惫,阴,家人,随便,中辣,,15,宫保鸡丁,家常炒菜,1,chosen,0.6654,0.6801,test,normal
715,午餐,3,41,正常,疲惫,阴,家人,随便,中辣,,212,宫保鸡丁(川),川菜,1,chosen,0.6596,0.7016,test,normal
715,午餐,3,41,正常,疲惫,阴,家人,随便,中辣,,184,鱼香肉丝,家常炒菜,0,considered,0.6519,0.7107,test,normal
715,午餐,3,41,正常,疲惫,阴,家人,随便,中辣,,186,八宝辣酱,家常炒菜,0,considered,0.6402,0.5716,test,normal
716,晚餐,2,15,正常,兴奋,晴,同事,不关心,重辣,素食,580,臭豆腐炒辣椒,湘菜,1,chosen,0.5733,0.5846,val,normal
716,晚餐,2,15,正常,兴奋,晴,同事,不关心,重辣,素食,580,臭豆腐炒辣椒,湘菜,1,chosen,0.5733,0.5846,val,normal
716,晚餐,2,15,正常,兴奋,晴,同事,不关心,重辣,素食,580,臭豆腐炒辣椒,湘菜,1,chosen,0.5733,0.5769,val,normal
717,晚餐,2,66,正常,压力大,冷,家人,不关心,不吃辣,素食,458,油焖笋,本帮江浙菜,1,chosen,0.6805,0.7066,train,normal
717,晚餐,2,66,正常,压力大,冷,家人,不关心,不吃辣,素食,458,油焖笋,本帮江浙菜,1,chosen,0.6805,0.7002,train,normal
717,晚餐,2,66,正常,压力大,冷,家人,不关心,不吃辣,素食,458,油焖笋,本帮江浙菜,1,chosen,0.6805,0.6538,train,normal
718,晚餐,4,52,正常,压力大,雨,家人,严格控制,不吃辣,,680,海南鸡饭,煲仔饭碟头饭,1,chosen,0.746,0.7832,test,normal
718,晚餐,4,52,正常,压力大,雨,家人,严格控制,不吃辣,,680,海南鸡饭,煲仔饭碟头饭,1,chosen,0.746,0.6863,test,normal
718,晚餐,4,52,正常,压力大,雨,家人,严格控制,不吃辣,,680,海南鸡饭,煲仔饭碟头饭,1,chosen,0.746,0.6718,test,normal
718,晚餐,4,52,正常,压力大,雨,家人,严格控制,不吃辣,,687,黄鳝煲仔饭,煲仔饭碟头饭,0,considered,0.739,0.7306,test,normal
718,晚餐,4,52,正常,压力大,雨,家人,严格控制,不吃辣,,681,滑鸡煲仔饭,煲仔饭碟头饭,0,considered,0.7283,0.6832,test,normal
719,午餐,3,67,正常,疲惫,热,朋友,随便,微辣,,237,蒜泥白肉,川菜,1,chosen,0.7074,0.7201,val,normal
719,午餐,3,67,正常,疲惫,热,朋友,随便,微辣,,237,蒜泥白肉,川菜,1,chosen,0.7074,0.7341,val,normal
719,午餐,3,67,正常,疲惫,热,朋友,随便,微辣,,237,蒜泥白肉,川菜,1,chosen,0.7074,0.7075,val,normal
720,晚餐,5,82,正常,疲惫,雪,一个人,随便,微辣,,1,黄焖鸡米饭,煲仔饭碟头饭,1,chosen,0.6857,0.7041,test,snow
720,晚餐,5,82,正常,疲惫,雪,一个人,随便,微辣,,1,黄焖鸡米饭,煲仔饭碟头饭,1,chosen,0.6857,0.6357,test,snow
720,晚餐,5,82,正常,疲惫,雪,一个人,随便,微辣,,1,黄焖鸡米饭,煲仔饭碟头饭,1,chosen,0.6857,0.6815,test,snow
721,晚餐,4,44,正常,一般,晴,家人,严格控制,微辣,乳制品,292,荤豆花,川菜,1,chosen,0.6583,0.5696,train,normal
721,晚餐,4,44,正常,一般,晴,家人,严格控制,微辣,乳制品,680,海南鸡饭,煲仔饭碟头饭,1,chosen,0.6504,0.6692,train,normal
721,晚餐,4,44,正常,一般,晴,家人,严格控制,微辣,乳制品,292,荤豆花,川菜,1,chosen,0.6583,0.6108,train,normal
722,午餐,2,15,省着点,开心,雨,朋友,不关心,中辣,,523,长沙臭豆腐,湘菜,1,chosen,0.6682,0.6772,train,normal
722,午餐,2,15,省着点,开心,雨,朋友,不关心,中辣,,523,长沙臭豆腐,湘菜,1,chosen,0.6682,0.6979,train,normal
722,午餐,2,15,省着点,开心,雨,朋友,不关心,中辣,,523,长沙臭豆腐,湘菜,1,chosen,0.6682,0.6786,train,normal
723,午餐,3,47,正常,开心,雨,朋友,想健康,不吃辣,,348,豉汁蒸排骨,广府家常菜,1,chosen,0.6963,0.7127,val,normal
723,午餐,3,47,正常,开心,雨,朋友,想健康,不吃辣,,348,豉汁蒸排骨,广府家常菜,1,chosen,0.6963,0.7204,val,normal
723,午餐,3,47,正常,开心,雨,朋友,想健康,不吃辣,,348,豉汁蒸排骨,广府家常菜,1,chosen,0.6963,0.6528,val,normal
723,午餐,3,47,正常,开心,雨,朋友,想健康,不吃辣,,349,酿豆腐,广府家常菜,0,considered,0.6963,0.6851,val,normal
723,午餐,3,47,正常,开心,雨,朋友,想健康,不吃辣,,369,豉汁蒸鱼头,广府家常菜,0,considered,0.6963,0.7642,val,normal
724,早餐,5,51,想吃好点,一般,雨,一个人,严格控制,重辣,素食,807,衢州常山索面,长三角粉面,1,chosen,0.5885,0.5911,train,normal
724,早餐,5,51,想吃好点,一般,雨,一个人,严格控制,重辣,素食,807,衢州常山索面,长三角粉面,1,chosen,0.5885,0.6467,train,normal
724,早餐,5,51,想吃好点,一般,雨,一个人,严格控制,重辣,素食,807,衢州常山索面,长三角粉面,1,chosen,0.5885,0.601,train,normal
725,午餐,5,31,省着点,一般,雨,朋友,想健康,微辣,,2,青椒肉丝,煲仔饭碟头饭,1,chosen,0.6916,0.6394,train,normal
725,午餐,5,31,省着点,一般,雨,朋友,想健康,微辣,,2,青椒肉丝,煲仔饭碟头饭,1,chosen,0.6916,0.7239,train,normal
725,午餐,5,31,省着点,一般,雨,朋友,想健康,微辣,,2,青椒肉丝,煲仔饭碟头饭,1,chosen,0.6916,0.6713,train,normal
725,午餐,5,31,省着点,一般,雨,朋友,想健康,微辣,,668,咸肉菜饭,煲仔饭碟头饭,0,considered,0.682,0.6662,train,normal
725,午餐,5,31,省着点,一般,雨,朋友,想健康,微辣,,685,菜饭骨头汤,煲仔饭碟头饭,0,considered,0.6739,0.7007,train,normal
726,午餐,4,15,正常,开心,阴,朋友,不关心,不吃辣,,684,窝蛋牛肉饭,煲仔饭碟头饭,1,chosen,0.6027,0.5503,train,normal
726,午餐,4,15,正常,开心,阴,朋友,不关心,不吃辣,,684,窝蛋牛肉饭,煲仔饭碟头饭,1,chosen,0.6027,0.6722,train,normal
726,午餐,4,15,正常,开心,阴,朋友,不关心,不吃辣,,684,窝蛋牛肉饭,煲仔饭碟头饭,1,chosen,0.6027,0.5986,train,normal
726,午餐,4,15,正常,开心,阴,朋友,不关心,不吃辣,,669,扬州炒饭,煲仔饭碟头饭,0,considered,0.6027,0.6042,train,normal
726,午餐,4,15,正常,开心,阴,朋友,不关心,不吃辣,,670,油鸡饭,煲仔饭碟头饭,0,considered,0.5999,0.6119,train,normal
727,夜宵,4,47,正常,疲惫,阴,家人,严格控制,微辣,,627,炒年糕,烧烤小吃,1,chosen,0.7302,0.6872,val,normal
727,夜宵,4,47,正常,疲惫,阴,家人,严格控制,微辣,,647,韭菜盒子,烧烤小吃,1,chosen,0.7118,0.6983,val,normal
727,夜宵,4,47,正常,疲惫,阴,家人,严格控制,微辣,,627,炒年糕,烧烤小吃,1,chosen,0.7302,0.6982,val,normal
728,晚餐,4,25,省着点,开心,阴,一个人,随便,微辣,,259,军屯锅魁,川菜,1,chosen,0.5304,0.4996,train,normal
728,晚餐,4,25,省着点,开心,阴,一个人,随便,微辣,,259,军屯锅魁,川菜,1,chosen,0.5304,0.5276,train,normal
728,晚餐,4,25,省着点,开心,阴,一个人,随便,微辣,,259,军屯锅魁,川菜,1,chosen,0.5304,0.5325,train,normal
729,午餐,5,26,正常,开心,阴,一个人,不关心,重辣,素食,310,麻婆豆腐(素),川菜,1,chosen,0.5462,0.5831,val,normal
729,午餐,5,26,正常,开心,阴,一个人,不关心,重辣,素食,563,湘西外婆菜,湘菜,1,chosen,0.5462,0.5147,val,normal
729,午餐,5,26,正常,开心,阴,一个人,不关心,重辣,素食,563,湘西外婆菜,湘菜,1,chosen,0.5462,0.5118,val,normal
730,晚餐,3,37,不差钱,疲惫,阴,一个人,不关心,不吃辣,,471,梭子蟹炒年糕,本帮江浙菜,1,chosen,0.5556,0.5499,train,normal
730,晚餐,3,37,不差钱,疲惫,阴,一个人,不关心,不吃辣,,471,梭子蟹炒年糕,本帮江浙菜,1,chosen,0.5556,0.539,train,normal
730,晚餐,3,37,不差钱,疲惫,阴,一个人,不关心,不吃辣,,471,梭子蟹炒年糕,本帮江浙菜,1,chosen,0.5556,0.5435,train,normal
731,午餐,2,93,不差钱,疲惫,雨,一个人,随便,重辣,乳制品,532,剁椒蒸鱼,湘菜,1,chosen,0.6127,0.5897,train,normal
731,午餐,2,93,不差钱,疲惫,雨,一个人,随便,重辣,乳制品,600,发丝牛百叶,湘菜,1,chosen,0.6127,0.612,train,normal
731,午餐,2,93,不差钱,疲惫,雨,一个人,随便,重辣,乳制品,532,剁椒蒸鱼,湘菜,1,chosen,0.6127,0.5857,train,normal
731,午餐,2,93,不差钱,疲惫,雨,一个人,随便,重辣,乳制品,600,发丝牛百叶,湘菜,0,considered,0.6127,0.6425,train,normal
731,午餐,2,93,不差钱,疲惫,雨,一个人,随便,重辣,乳制品,524,香辣鱼块,湘菜,0,considered,0.603,0.5844,train,normal
732,夜宵,3,89,想吃好点,一般,热,家人,想健康,微辣,,618,烤生蚝,火锅麻辣烫,1,chosen,0.6726,0.6669,val,normal
732,夜宵,3,89,想吃好点,一般,热,家人,想健康,微辣,,618,烤生蚝,火锅麻辣烫,1,chosen,0.6726,0.595,val,normal
732,夜宵,3,89,想吃好点,一般,热,家人,想健康,微辣,,620,猪肚鸡,火锅麻辣烫,1,chosen,0.6645,0.6837,val,normal
732,夜宵,3,89,想吃好点,一般,热,家人,想健康,微辣,,620,猪肚鸡,火锅麻辣烫,0,considered,0.6645,0.6685,val,normal
732,夜宵,3,89,想吃好点,一般,热,家人,想健康,微辣,,24,菌汤火锅,火锅麻辣烫,0,considered,0.6618,0.7128,val,normal
733,下午加餐,5,49,正常,一般,阴,家人,随便,微辣,,706,芒果班戟,糖水甜品,1,chosen,0.5822,0.5482,train,normal
733,下午加餐,5,49,正常,一般,阴,家人,随便,微辣,,706,芒果班戟,糖水甜品,1,chosen,0.5822,0.5386,train,normal
733,下午加餐,5,49,正常,一般,阴,家人,随便,微辣,,764,奶茶,轻食健康,1,chosen,0.5669,0.5235,train,normal
734,午餐,3,98,想吃好点,疲惫,晴,一个人,想健康,不吃辣,海鲜,47,东北乱炖,东北菜,1,chosen,0.5947,0.6323,train,normal
734,午餐,3,98,想吃好点,疲惫,晴,一个人,想健康,不吃辣,海鲜,47,东北乱炖,东北菜,1,chosen,0.5947,0.5957,train,normal
734,午餐,3,98,想吃好点,疲惫,晴,一个人,想健康,不吃辣,海鲜,47,东北乱炖,东北菜,1,chosen,0.5947,0.5255,train,normal
735,午餐,3,79,想吃好点,一般,晴,同事,随便,微辣,麸质,651,牛杂,烧腊卤味,1,chosen,0.562,0.5598,train,normal
735,午餐,3,79,想吃好点,一般,晴,同事,随便,微辣,麸质,651,牛杂,烧腊卤味,1,chosen,0.562,0.5757,train,normal
735,午餐,3,79,想吃好点,一般,晴,同事,随便,微辣,麸质,651,牛杂,烧腊卤味,1,chosen,0.562,0.5324,train,normal
736,午餐,4,15,省着点,疲惫,冷,朋友,想健康,重辣,"海鲜,乳制品",519,湖南米粉,湘菜,1,chosen,0.7569,0.745,train,normal
736,午餐,4,15,省着点,疲惫,冷,朋友,想健康,重辣,"海鲜,乳制品",519,湖南米粉,湘菜,1,chosen,0.7569,0.725,train,normal
736,午餐,4,15,省着点,疲惫,冷,朋友,想健康,重辣,"海鲜,乳制品",519,湖南米粉,湘菜,1,chosen,0.7569,0.7745,train,normal
737,早餐,3,80,不差钱,开心,阴,一个人,想健康,不吃辣,,46,燕麦牛奶粥,早餐粥点,1,chosen,0.5929,0.6829,train,normal
737,早餐,3,80,不差钱,开心,阴,一个人,想健康,不吃辣,,46,燕麦牛奶粥,早餐粥点,1,chosen,0.5929,0.5925,train,normal
737,早餐,3,80,不差钱,开心,阴,一个人,想健康,不吃辣,,46,燕麦牛奶粥,早餐粥点,1,chosen,0.5929,0.5791,train,normal
738,下午加餐,5,32,正常,开心,阴,朋友,随便,微辣,,706,芒果班戟,糖水甜品,1,chosen,0.5936,0.6002,train,normal
738,下午加餐,5,32,正常,开心,阴,朋友,随便,微辣,,706,芒果班戟,糖水甜品,1,chosen,0.5936,0.6313,train,normal
738,下午加餐,5,32,正常,开心,阴,朋友,随便,微辣,,706,芒果班戟,糖水甜品,1,chosen,0.5936,0.6098,train,normal
739,晚餐,3,65,不差钱,疲惫,冷,同事,想健康,微辣,麸质,471,梭子蟹炒年糕,本帮江浙菜,1,chosen,0.6799,0.6772,train,normal
739,晚餐,3,65,不差钱,疲惫,冷,同事,想健康,微辣,麸质,618,烤生蚝,火锅麻辣烫,1,chosen,0.6694,0.6878,train,normal
739,晚餐,3,65,不差钱,疲惫,冷,同事,想健康,微辣,麸质,471,梭子蟹炒年糕,本帮江浙菜,1,chosen,0.6799,0.7348,train,normal
740,晚餐,4,91,正常,开心,晴,同事,想健康,微辣,,2,青椒肉丝,煲仔饭碟头饭,1,chosen,0.6125,0.6055,train,normal
740,晚餐,4,91,正常,开心,晴,同事,想健康,微辣,,2,青椒肉丝,煲仔饭碟头饭,1,chosen,0.6125,0.6496,train,normal
740,晚餐,4,91,正常,开心,晴,同事,想健康,微辣,,2,青椒肉丝,煲仔饭碟头饭,1,chosen,0.6125,0.6373,train,normal
741,晚餐,3,45,想吃好点,一般,冷,同事,想健康,不吃辣,"海鲜,乳制品",350,丝瓜炒牛肉,广府家常菜,1,chosen,0.6413,0.6727,train,normal
741,晚餐,3,45,想吃好点,一般,冷,同事,想健康,不吃辣,"海鲜,乳制品",347,菜心炒牛肉,广府家常菜,1,chosen,0.6413,0.6487,train,normal
741,晚餐,3,45,想吃好点,一般,冷,同事,想健康,不吃辣,"海鲜,乳制品",350,丝瓜炒牛肉,广府家常菜,1,chosen,0.6413,0.631,train,normal
741,晚餐,3,45,想吃好点,一般,冷,同事,想健康,不吃辣,"海鲜,乳制品",347,菜心炒牛肉,广府家常菜,0,considered,0.6413,0.6758,train,normal
741,晚餐,3,45,想吃好点,一般,冷,同事,想健康,不吃辣,"海鲜,乳制品",351,凉瓜炒牛肉,广府家常菜,0,considered,0.6413,0.6214,train,normal
742,下午加餐,4,50,省着点,压力大,阴,家人,想健康,重辣,海鲜,688,双皮奶,糖水甜品,1,chosen,0.6395,0.6424,test,normal
742,下午加餐,4,50,省着点,压力大,阴,家人,想健康,重辣,海鲜,688,双皮奶,糖水甜品,1,chosen,0.6395,0.588,test,normal
742,下午加餐,4,50,省着点,压力大,阴,家人,想健康,重辣,海鲜,707,芒果西米露,糖水甜品,1,chosen,0.6179,0.665,test,normal
743,晚餐,4,32,想吃好点,开心,阴,朋友,严格控制,重辣,,532,剁椒蒸鱼,湘菜,1,chosen,0.7018,0.738,train,normal
743,晚餐,4,32,想吃好点,开心,阴,朋友,严格控制,重辣,,532,剁椒蒸鱼,湘菜,1,chosen,0.7018,0.6982,train,normal
743,晚餐,4,32,想吃好点,开心,阴,朋友,严格控制,重辣,,532,剁椒蒸鱼,湘菜,1,chosen,0.7018,0.6924,train,normal
743,晚餐,4,32,想吃好点,开心,阴,朋友,严格控制,重辣,,524,香辣鱼块,湘菜,0,considered,0.7018,0.8058,train,normal
743,晚餐,4,32,想吃好点,开心,阴,朋友,严格控制,重辣,,600,发丝牛百叶,湘菜,0,considered,0.684,0.666,train,normal
744,午餐,2,15,正常,一般,雪,约会,不关心,重辣,,248,青椒肉丝(川),川菜,1,chosen,0.737,0.7159,test,snow
744,午餐,2,15,正常,一般,雪,约会,不关心,重辣,,580,臭豆腐炒辣椒,湘菜,1,chosen,0.7449,0.7635,test,snow
744,午餐,2,15,正常,一般,雪,约会,不关心,重辣,,580,臭豆腐炒辣椒,湘菜,1,chosen,0.7449,0.716,test,snow
745,下午加餐,4,70,想吃好点,压力大,冷,一个人,随便,微辣,乳制品,770,波奇饭,轻食健康,1,chosen,0.5778,0.6123,train,normal
745,下午加餐,4,70,想吃好点,压力大,冷,一个人,随便,微辣,乳制品,34,全麦鸡肉三明治,轻食健康,1,chosen,0.5709,0.5701,train,normal
745,下午加餐,4,70,想吃好点,压力大,冷,一个人,随便,微辣,乳制品,770,波奇饭,轻食健康,1,chosen,0.5778,0.5694,train,normal
746,午餐,1,36,正常,开心,冷,一个人,想健康,微辣,素食,172,手撕包菜,家常炒菜,1,chosen,0.5605,0.5436,train,normal
746,午餐,1,36,正常,开心,冷,一个人,想健康,微辣,素食,195,清炒草头,家常炒菜,1,chosen,0.5789,0.574,train,normal
746,午餐,1,36,正常,开心,冷,一个人,想健康,微辣,素食,195,清炒草头,家常炒菜,1,chosen,0.5789,0.5312,train,normal
747,午餐,3,44,正常,一般,阴,一个人,不关心,中辣,素食,575,紫苏煎黄瓜,湘菜,1,chosen,0.5269,0.4859,train,normal
747,午餐,3,44,正常,一般,阴,一个人,不关心,中辣,素食,575,紫苏煎黄瓜,湘菜,1,chosen,0.5269,0.5046,train,normal
747,午餐,3,44,正常,一般,阴,一个人,不关心,中辣,素食,575,紫苏煎黄瓜,湘菜,1,chosen,0.5269,0.5326,train,normal
747,午餐,3,44,正常,一般,阴,一个人,不关心,中辣,素食,552,攸县香干,湘菜,0,considered,0.5269,0.5181,train,normal
747,午餐,3,44,正常,一般,阴,一个人,不关心,中辣,素食,523,长沙臭豆腐,湘菜,0,considered,0.522,0.5655,train,normal
748,晚餐,5,55,省着点,一般,晴,约会,想健康,微辣,"海鲜,乳制品",6,兰州牛肉面,长三角粉面,1,chosen,0.6496,0.6008,test,normal
748,晚餐,5,55,省着点,一般,晴,约会,想健康,微辣,"海鲜,乳制品",2,青椒肉丝,煲仔饭碟头饭,1,chosen,0.6587,0.6472,test,normal
748,晚餐,5,55,省着点,一般,晴,约会,想健康,微辣,"海鲜,乳制品",2,青椒肉丝,煲仔饭碟头饭,1,chosen,0.6587,0.6379,test,normal
748,晚餐,5,55,省着点,一般,晴,约会,想健康,微辣,"海鲜,乳制品",668,咸肉菜饭,煲仔饭碟头饭,0,considered,0.6582,0.6689,test,normal
748,晚餐,5,55,省着点,一般,晴,约会,想健康,微辣,"海鲜,乳制品",685,菜饭骨头汤,煲仔饭碟头饭,0,considered,0.6465,0.6406,test,normal
749,下午加餐,3,26,想吃好点,兴奋,晴,一个人,随便,中辣,,33,三文鱼沙拉,轻食健康,1,chosen,0.5815,0.6187,train,normal
749,下午加餐,3,26,想吃好点,兴奋,晴,一个人,随便,中辣,,33,三文鱼沙拉,轻食健康,1,chosen,0.5815,0.5936,train,normal
749,下午加餐,3,26,想吃好点,兴奋,晴,一个人,随便,中辣,,33,三文鱼沙拉,轻食健康,1,chosen,0.5815,0.5525,train,normal
750,晚餐,4,34,省着点,一般,热,同事,不关心,中辣,,289,糖油果子,川菜,1,chosen,0.6022,0.6161,train,normal
750,晚餐,4,34,省着点,一般,热,同事,不关心,中辣,,60,东北饭包,东北菜,1,chosen,0.6064,0.549,train,normal
750,晚餐,4,34,省着点,一般,热,同事,不关心,中辣,,60,东北饭包,东北菜,1,chosen,0.6064,0.6137,train,normal
750,晚餐,4,34,省着点,一般,热,同事,不关心,中辣,,62,哈尔滨红肠,东北菜,0,considered,0.5784,0.6018,train,normal
750,晚餐,4,34,省着点,一般,热,同事,不关心,中辣,,126,松仁小肚,东北菜,0,considered,0.5708,0.576,train,normal
751,夜宵,3,43,想吃好点,一般,热,家人,严格控制,不吃辣,,398,海鲜砂锅粥,广式粥粉面,1,chosen,0.6725,0.6519,train,normal
751,夜宵,3,43,想吃好点,一般,热,家人,严格控制,不吃辣,,398,海鲜砂锅粥,广式粥粉面,1,chosen,0.6725,0.7246,train,normal
751,夜宵,3,43,想吃好点,一般,热,家人,严格控制,不吃辣,,398,海鲜砂锅粥,广式粥粉面,1,chosen,0.6725,0.7928,train,normal
752,午餐,4,74,想吃好点,压力大,雨,家人,不关心,微辣,乳制品,680,海南鸡饭,煲仔饭碟头饭,1,chosen,0.7046,0.7009,val,normal
752,午餐,4,74,想吃好点,压力大,雨,家人,不关心,微辣,乳制品,680,海南鸡饭,煲仔饭碟头饭,1,chosen,0.7046,0.667,val,normal
752,午餐,4,74,想吃好点,压力大,雨,家人,不关心,微辣,乳制品,680,海南鸡饭,煲仔饭碟头饭,1,chosen,0.7046,0.6458,val,normal
753,下午加餐,4,84,正常,一般,雨,一个人,随便,重辣,"海鲜,乳制品",34,全麦鸡肉三明治,轻食健康,1,chosen,0.577,0.54,test,normal
753,下午加餐,4,84,正常,一般,雨,一个人,随便,重辣,"海鲜,乳制品",34,全麦鸡肉三明治,轻食健康,1,chosen,0.577,0.5413,test,normal
753,下午加餐,4,84,正常,一般,雨,一个人,随便,重辣,"海鲜,乳制品",34,全麦鸡肉三明治,轻食健康,1,chosen,0.577,0.6355,test,normal
754,下午加餐,4,15,正常,一般,阴,朋友,不关心,中辣,,769,凯撒沙拉,轻食健康,1,chosen,0.5865,0.6127,train,normal
754,下午加餐,4,15,正常,一般,阴,朋友,不关心,中辣,,769,凯撒沙拉,轻食健康,1,chosen,0.5865,0.6164,train,normal
754,下午加餐,4,15,正常,一般,阴,朋友,不关心,中辣,,769,凯撒沙拉,轻食健康,1,chosen,0.5865,0.6202,train,normal
755,午餐,3,78,正常,开心,热,朋友,随便,重辣,,237,蒜泥白肉,川菜,1,chosen,0.6781,0.6606,train,normal
755,午餐,3,78,正常,开心,热,朋友,随便,重辣,,237,蒜泥白肉,川菜,1,chosen,0.6781,0.7211,train,normal
755,午餐,3,78,正常,开心,热,朋友,随便,重辣,,237,蒜泥白肉,川菜,1,chosen,0.6781,0.7158,train,normal
756,午餐,5,20,省着点,一般,雨,一个人,不关心,微辣,,284,牛肉焦饼,川菜,1,chosen,0.5664,0.5383,train,normal
756,午餐,5,20,省着点,一般,雨,一个人,不关心,微辣,,284,牛肉焦饼,川菜,1,chosen,0.5664,0.5618,train,normal
756,午餐,5,20,省着点,一般,雨,一个人,不关心,微辣,,284,牛肉焦饼,川菜,1,chosen,0.5664,0.5768,train,normal
757,午餐,3,15,想吃好点,疲惫,阴,一个人,想健康,中辣,,11,云南小锅米线,长三角粉面,1,chosen,0.6051,0.6545,train,normal
757,午餐,3,15,想吃好点,疲惫,阴,一个人,想健康,中辣,,11,云南小锅米线,长三角粉面,1,chosen,0.6051,0.6081,train,normal
757,午餐,3,15,想吃好点,疲惫,阴,一个人,想健康,中辣,,11,云南小锅米线,长三角粉面,1,chosen,0.6051,0.6256,train,normal
758,晚餐,5,18,正常,疲惫,热,一个人,不关心,不吃辣,海鲜,9,炸酱面,长三角粉面,1,chosen,0.6074,0.5903,val,normal
758,晚餐,5,18,正常,疲惫,热,一个人,不关心,不吃辣,海鲜,9,炸酱面,长三角粉面,1,chosen,0.6074,0.5904,val,normal
758,晚餐,5,18,正常,疲惫,热,一个人,不关心,不吃辣,海鲜,9,炸酱面,长三角粉面,1,chosen,0.6074,0.6064,val,normal
759,夜宵,5,15,正常,疲惫,热,家人,随便,中辣,海鲜,627,炒年糕,烧烤小吃,1,chosen,0.7109,0.725,train,normal
759,夜宵,5,15,正常,疲惫,热,家人,随便,中辣,海鲜,639,沙县蒸饺,烧烤小吃,1,chosen,0.6973,0.6677,train,normal
759,夜宵,5,15,正常,疲惫,热,家人,随便,中辣,海鲜,627,炒年糕,烧烤小吃,1,chosen,0.7109,0.7047,train,normal
759,夜宵,5,15,正常,疲惫,热,家人,随便,中辣,海鲜,639,沙县蒸饺,烧烤小吃,0,considered,0.6973,0.7733,train,normal
759,夜宵,5,15,正常,疲惫,热,家人,随便,中辣,海鲜,635,锅贴,烧烤小吃,0,considered,0.6963,0.685,train,normal
760,午餐,3,16,正常,兴奋,晴,朋友,不关心,微辣,"海鲜,乳制品",6,兰州牛肉面,长三角粉面,1,chosen,0.6098,0.6235,val,normal
760,午餐,3,16,正常,兴奋,晴,朋友,不关心,微辣,"海鲜,乳制品",6,兰州牛肉面,长三角粉面,1,chosen,0.6098,0.5614,val,normal
760,午餐,3,16,正常,兴奋,晴,朋友,不关心,微辣,"海鲜,乳制品",6,兰州牛肉面,长三角粉面,1,chosen,0.6098,0.6377,val,normal
761,早餐,3,33,正常,疲惫,雨,约会,随便,中辣,素食,807,衢州常山索面,长三角粉面,1,chosen,0.7074,0.7738,train,normal
761,早餐,3,33,正常,疲惫,雨,约会,随便,中辣,素食,807,衢州常山索面,长三角粉面,1,chosen,0.7074,0.6607,train,normal
761,早餐,3,33,正常,疲惫,雨,约会,随便,中辣,素食,433,白粥配咸菜,早餐粥点,1,chosen,0.691,0.6698,train,normal
761,早餐,3,33,正常,疲惫,雨,约会,随便,中辣,素食,793,常熟蕈油面,长三角粉面,0,considered,0.6916,0.7212,train,normal
761,早餐,3,33,正常,疲惫,雨,约会,随便,中辣,素食,804,素鸡面,长三角粉面,0,considered,0.6916,0.7568,train,normal
762,晚餐,5,48,正常,疲惫,阴,一个人,不关心,中辣,,520,湘式炒粉,湘菜,1,chosen,0.5788,0.5221,val,normal
762,晚餐,5,48,正常,疲惫,阴,一个人,不关心,中辣,,520,湘式炒粉,湘菜,1,chosen,0.5788,0.562,val,normal
762,晚餐,5,48,正常,疲惫,阴,一个人,不关心,中辣,,520,湘式炒粉,湘菜,1,chosen,0.5788,0.6298,val,normal
763,午餐,4,55,不差钱,疲惫,冷,同事,随便,微辣,麸质,383,避风塘炒蟹,广府家常菜,1,chosen,0.6523,0.6328,train,normal
763,午餐,4,55,不差钱,疲惫,冷,同事,随便,微辣,麸质,383,避风塘炒蟹,广府家常菜,1,chosen,0.6523,0.5956,train,normal
763,午餐,4,55,不差钱,疲惫,冷,同事,随便,微辣,麸质,383,避风塘炒蟹,广府家常菜,1,chosen,0.6523,0.6329,train,normal
764,夜宵,3,92,不差钱,低落,冷,朋友,随便,微辣,,620,猪肚鸡,火锅麻辣烫,1,chosen,0.7222,0.7396,train,normal
764,夜宵,3,92,不差钱,低落,冷,朋友,随便,微辣,,620,猪肚鸡,火锅麻辣烫,1,chosen,0.7222,0.7555,train,normal
764,夜宵,3,92,不差钱,低落,冷,朋友,随便,微辣,,645,臭豆腐,烧烤小吃,1,chosen,0.704,0.7481,train,normal
765,午餐,4,91,不差钱,疲惫,雨,约会,随便,微辣,,680,海南鸡饭,煲仔饭碟头饭,1,chosen,0.7146,0.7664,train,normal
765,午餐,4,91,不差钱,疲惫,雨,约会,随便,微辣,,383,避风塘炒蟹,广府家常菜,1,chosen,0.7288,0.6508,train,normal
765,午餐,4,91,不差钱,疲惫,雨,约会,随便,微辣,,383,避风塘炒蟹,广府家常菜,1,chosen,0.7288,0.701,train,normal
766,午餐,3,74,正常,疲惫,雨,一个人,想健康,微辣,,6,兰州牛肉面,长三角粉面,1,chosen,0.6537,0.6926,test,normal
766,午餐,3,74,正常,疲惫,雨,一个人,想健康,微辣,,6,兰州牛肉面,长三角粉面,1,chosen,0.6537,0.648,test,normal
766,午餐,3,74,正常,疲惫,雨,一个人,想健康,微辣,,69,尖椒干豆腐,东北菜,1,chosen,0.6463,0.6248,test,normal
766,午餐,3,74,正常,疲惫,雨,一个人,想健康,微辣,,774,上海辣肉面,长三角粉面,0,considered,0.6439,0.636,test,normal
766,午餐,3,74,正常,疲惫,雨,一个人,想健康,微辣,,787,南京老卤面,长三角粉面,0,considered,0.6439,0.6287,test,normal
767,晚餐,4,26,想吃好点,疲惫,冷,朋友,想健康,不吃辣,乳制品,680,海南鸡饭,煲仔饭碟头饭,1,chosen,0.7334,0.6769,train,normal
767,晚餐,4,26,想吃好点,疲惫,冷,朋友,想健康,不吃辣,乳制品,680,海南鸡饭,煲仔饭碟头饭,1,chosen,0.7334,0.7201,train,normal
767,晚餐,4,26,想吃好点,疲惫,冷,朋友,想健康,不吃辣,乳制品,680,海南鸡饭,煲仔饭碟头饭,1,chosen,0.7334,0.6644,train,normal
768,晚餐,2,48,省着点,开心,热,一个人,不关心,微辣,,658,卤水豆腐,烧腊卤味,1,chosen,0.5571,0.5362,train,normal
768,晚餐,2,48,省着点,开心,热,一个人,不关心,微辣,,658,卤水豆腐,烧腊卤味,1,chosen,0.5571,0.5156,train,normal
768,晚餐,2,48,省着点,开心,热,一个人,不关心,微辣,,658,卤水豆腐,烧腊卤味,1,chosen,0.5571,0.5513,train,normal
769,午餐,4,44,正常,疲惫,晴,同事,想健康,微辣,,2,青椒肉丝,煲仔饭碟头饭,1,chosen,0.6566,0.6613,train,normal
769,午餐,4,44,正常,疲惫,晴,同事,想健康,微辣,,2,青椒肉丝,煲仔饭碟头饭,1,chosen,0.6566,0.5707,train,normal
769,午餐,4,44,正常,疲惫,晴,同事,想健康,微辣,,2,青椒肉丝,煲仔饭碟头饭,1,chosen,0.6566,0.7406,train,normal
770,午餐,3,30,想吃好点,低落,雪,朋友,不关心,微辣,,559,湖南蛋饺,湘菜,1,chosen,0.763,0.7747,test,snow
770,午餐,3,30,想吃好点,低落,雪,朋友,不关心,微辣,,559,湖南蛋饺,湘菜,1,chosen,0.763,0.7476,test,snow
770,午餐,3,30,想吃好点,低落,雪,朋友,不关心,微辣,,559,湖南蛋饺,湘菜,1,chosen,0.763,0.7856,test,snow
771,晚餐,2,60,正常,低落,晴,一个人,想健康,不吃辣,麸质,365,豆豉蒸鲮鱼,广府家常菜,1,chosen,0.5687,0.6062,train,normal
771,晚餐,2,60,正常,低落,晴,一个人,想健康,不吃辣,麸质,365,豆豉蒸鲮鱼,广府家常菜,1,chosen,0.5687,0.5773,train,normal
771,晚餐,2,60,正常,低落,晴,一个人,想健康,不吃辣,麸质,365,豆豉蒸鲮鱼,广府家常菜,1,chosen,0.5687,0.5752,train,normal
772,晚餐,3,53,正常,疲惫,雨,家人,随便,不吃辣,,152,锅出溜,东北菜,1,chosen,0.6934,0.6688,train,normal
772,晚餐,3,53,正常,疲惫,雨,家人,随便,不吃辣,,152,锅出溜,东北菜,1,chosen,0.6934,0.7085,train,normal
772,晚餐,3,53,正常,疲惫,雨,家人,随便,不吃辣,,152,锅出溜,东北菜,1,chosen,0.6934,0.6828,train,normal
773,夜宵,5,34,正常,一般,热,朋友,不关心,微辣,,627,炒年糕,烧烤小吃,1,chosen,0.6644,0.6898,test,normal
773,夜宵,5,34,正常,一般,热,朋友,不关心,微辣,,627,炒年糕,烧烤小吃,1,chosen,0.6644,0.6782,test,normal
773,夜宵,5,34,正常,一般,热,朋友,不关心,微辣,,627,炒年糕,烧烤小吃,1,chosen,0.6644,0.6708,test,normal
774,午餐,3,96,想吃好点,疲惫,雨,家人,随便,中辣,乳制品,15,宫保鸡丁,家常炒菜,1,chosen,0.7092,0.7392,test,normal
774,午餐,3,96,想吃好点,疲惫,雨,家人,随便,中辣,乳制品,15,宫保鸡丁,家常炒菜,1,chosen,0.7092,0.6757,test,normal
774,午餐,3,96,想吃好点,疲惫,雨,家人,随便,中辣,乳制品,15,宫保鸡丁,家常炒菜,1,chosen,0.7092,0.6802,test,normal
775,晚餐,5,22,省着点,兴奋,雨,家人,想健康,微辣,,2,青椒肉丝,煲仔饭碟头饭,1,chosen,0.6943,0.7454,train,normal
775,晚餐,5,22,省着点,兴奋,雨,家人,想健康,微辣,,2,青椒肉丝,煲仔饭碟头饭,1,chosen,0.6943,0.682,train,normal
775,晚餐,5,22,省着点,兴奋,雨,家人,想健康,微辣,,2,青椒肉丝,煲仔饭碟头饭,1,chosen,0.6943,0.725,train,normal
776,早餐,4,40,想吃好点,开心,阴,朋友,随便,重辣,,425,黑椒猪肚,早茶点心,1,chosen,0.6211,0.6225,train,normal
776,早餐,4,40,想吃好点,开心,阴,朋友,随便,重辣,,425,黑椒猪肚,早茶点心,1,chosen,0.6211,0.6497,train,normal
776,早餐,4,40,想吃好点,开心,阴,朋友,随便,重辣,,425,黑椒猪肚,早茶点心,1,chosen,0.6211,0.6727,train,normal
777,午餐,1,65,正常,开心,热,一个人,想健康,中辣,,648,卤水鸡翅,烧腊卤味,1,chosen,0.5729,0.5949,val,normal
777,午餐,1,65,正常,开心,热,一个人,想健康,中辣,,648,卤水鸡翅,烧腊卤味,1,chosen,0.5729,0.5955,val,normal
777,午餐,1,65,正常,开心,热,一个人,想健康,中辣,,648,卤水鸡翅,烧腊卤味,1,chosen,0.5729,0.6178,val,normal
778,午餐,2,82,省着点,兴奋,雨,一个人,想健康,不吃辣,素食,195,清炒草头,家常炒菜,1,chosen,0.5949,0.6137,val,normal
778,午餐,2,82,省着点,兴奋,雨,一个人,想健康,不吃辣,素食,195,清炒草头,家常炒菜,1,chosen,0.5949,0.5702,val,normal
778,午餐,2,82,省着点,兴奋,雨,一个人,想健康,不吃辣,素食,155,韭菜盒子(东北),东北菜,1,chosen,0.5629,0.5835,val,normal
778,午餐,2,82,省着点,兴奋,雨,一个人,想健康,不吃辣,素食,183,香干炒芹菜,家常炒菜,0,considered,0.5587,0.5249,val,normal
778,午餐,2,82,省着点,兴奋,雨,一个人,想健康,不吃辣,素食,178,蒜蓉空心菜,家常炒菜,0,considered,0.5528,0.5894,val,normal
779,晚餐,2,15,想吃好点,压力大,阴,朋友,不关心,不吃辣,,350,丝瓜炒牛肉,广府家常菜,1,chosen,0.6216,0.6339,train,normal
779,晚餐,2,15,想吃好点,压力大,阴,朋友,不关心,不吃辣,,350,丝瓜炒牛肉,广府家常菜,1,chosen,0.6216,0.6131,train,normal
779,晚餐,2,15,想吃好点,压力大,阴,朋友,不关心,不吃辣,,350,丝瓜炒牛肉,广府家常菜,1,chosen,0.6216,0.6437,train,normal
779,晚餐,2,15,想吃好点,压力大,阴,朋友,不关心,不吃辣,,351,凉瓜炒牛肉,广府家常菜,0,considered,0.6216,0.6066,train,normal
779,晚餐,2,15,想吃好点,压力大,阴,朋友,不关心,不吃辣,,353,姜葱炒牛肉,广府家常菜,0,considered,0.6216,0.6353,train,normal
780,下午加餐,5,19,想吃好点,疲惫,晴,一个人,严格控制,重辣,,770,波奇饭,轻食健康,1,chosen,0.6531,0.7023,train,normal
780,下午加餐,5,19,想吃好点,疲惫,晴,一个人,严格控制,重辣,,770,波奇饭,轻食健康,1,chosen,0.6531,0.6499,train,normal
780,下午加餐,5,19,想吃好点,疲惫,晴,一个人,严格控制,重辣,,770,波奇饭,轻食健康,1,chosen,0.6531,0.6629,train,normal
781,晚餐,4,56,正常,一般,晴,同事,想健康,不吃辣,"海鲜,乳制品",350,丝瓜炒牛肉,广府家常菜,1,chosen,0.5932,0.5832,train,normal
781,晚餐,4,56,正常,一般,晴,同事,想健康,不吃辣,"海鲜,乳制品",350,丝瓜炒牛肉,广府家常菜,1,chosen,0.5932,0.6157,train,normal
781,晚餐,4,56,正常,一般,晴,同事,想健康,不吃辣,"海鲜,乳制品",350,丝瓜炒牛肉,广府家常菜,1,chosen,0.5932,0.6531,train,normal
782,午餐,5,63,省着点,一般,热,朋友,不关心,微辣,乳制品,658,卤水豆腐,烧腊卤味,1,chosen,0.6533,0.6088,train,normal
782,午餐,5,63,省着点,一般,热,朋友,不关心,微辣,乳制品,658,卤水豆腐,烧腊卤味,1,chosen,0.6533,0.6687,train,normal
782,午餐,5,63,省着点,一般,热,朋友,不关心,微辣,乳制品,658,卤水豆腐,烧腊卤味,1,chosen,0.6533,0.6466,train,normal
782,午餐,5,63,省着点,一般,热,朋友,不关心,微辣,乳制品,648,卤水鸡翅,烧腊卤味,0,considered,0.6196,0.5777,train,normal
782,午餐,5,63,省着点,一般,热,朋友,不关心,微辣,乳制品,659,卤水鸭掌,烧腊卤味,0,considered,0.612,0.6328,train,normal
783,夜宵,3,17,正常,开心,晴,朋友,不关心,微辣,,645,臭豆腐,烧烤小吃,1,chosen,0.663,0.7043,train,normal
783,夜宵,3,17,正常,开心,晴,朋友,不关心,微辣,,632,煎饺,烧烤小吃,1,chosen,0.6516,0.6404,train,normal
783,夜宵,3,17,正常,开心,晴,朋友,不关心,微辣,,645,臭豆腐,烧烤小吃,1,chosen,0.663,0.6403,train,normal
784,晚餐,5,15,省着点,开心,热,同事,想健康,微辣,,71,干豆腐炒尖椒,东北菜,1,chosen,0.6119,0.6036,train,normal
784,晚餐,5,15,省着点,开心,热,同事,想健康,微辣,,60,东北饭包,东北菜,1,chosen,0.6472,0.7282,train,normal
784,晚餐,5,15,省着点,开心,热,同事,想健康,微辣,,60,东北饭包,东北菜,1,chosen,0.6472,0.631,train,normal
785,晚餐,4,48,正常,低落,阴,一个人,随便,微辣,,371,鱼香茄子煲,广府家常菜,1,chosen,0.5486,0.4956,train,normal
785,晚餐,4,48,正常,低落,阴,一个人,随便,微辣,,371,鱼香茄子煲,广府家常菜,1,chosen,0.5486,0.57,train,normal
785,晚餐,4,48,正常,低落,阴,一个人,随便,微辣,,371,鱼香茄子煲,广府家常菜,1,chosen,0.5486,0.5588,train,normal
785,晚餐,4,48,正常,低落,阴,一个人,随便,微辣,,366,豉椒炒花甲,广府家常菜,0,considered,0.5486,0.5052,train,normal
785,晚餐,4,48,正常,低落,阴,一个人,随便,微辣,,350,丝瓜炒牛肉,广府家常菜,0,considered,0.5296,0.5607,train,normal
786,午餐,2,17,正常,开心,雪,约会,不关心,微辣,,366,豉椒炒花甲,广府家常菜,1,chosen,0.7485,0.6949,test,snow
786,午餐,2,17,正常,开心,雪,约会,不关心,微辣,,366,豉椒炒花甲,广府家常菜,1,chosen,0.7485,0.7413,test,snow
786,午餐,2,17,正常,开心,雪,约会,不关心,微辣,,366,豉椒炒花甲,广府家常菜,1,chosen,0.7485,0.8203,test,snow
787,晚餐,3,39,正常,压力大,晴,约会,想健康,中辣,海鲜,15,宫保鸡丁,家常炒菜,1,chosen,0.7282,0.6688,train,normal
787,晚餐,3,39,正常,压力大,晴,约会,想健康,中辣,海鲜,15,宫保鸡丁,家常炒菜,1,chosen,0.7282,0.6556,train,normal
787,晚餐,3,39,正常,压力大,晴,约会,想健康,中辣,海鲜,15,宫保鸡丁,家常炒菜,1,chosen,0.7282,0.7244,train,normal
788,午餐,4,27,想吃好点,开心,晴,同事,不关心,不吃辣,,670,油鸡饭,煲仔饭碟头饭,1,chosen,0.5669,0.5783,train,normal
788,午餐,4,27,想吃好点,开心,晴,同事,不关心,不吃辣,,678,北菇滑鸡饭,煲仔饭碟头饭,1,chosen,0.5669,0.5634,train,normal
788,午餐,4,27,想吃好点,开心,晴,同事,不关心,不吃辣,,670,油鸡饭,煲仔饭碟头饭,1,chosen,0.5669,0.5856,train,normal
789,下午加餐,4,42,省着点,一般,晴,朋友,随便,微辣,,767,珍珠奶茶,轻食健康,1,chosen,0.5699,0.5516,val,normal
789,下午加餐,4,42,省着点,一般,晴,朋友,随便,微辣,,696,蛋挞,糖水甜品,1,chosen,0.5781,0.5466,val,normal
789,下午加餐,4,42,省着点,一般,晴,朋友,随便,微辣,,696,蛋挞,糖水甜品,1,chosen,0.5781,0.6135,val,normal
789,下午加餐,4,42,省着点,一般,晴,朋友,随便,微辣,,706,芒果班戟,糖水甜品,0,considered,0.5772,0.617,val,normal
789,下午加餐,4,42,省着点,一般,晴,朋友,随便,微辣,,694,菠萝包,糖水甜品,0,considered,0.5754,0.5116,val,normal
790,晚餐,4,32,省着点,兴奋,冷,家人,不关心,微辣,,668,咸肉菜饭,煲仔饭碟头饭,1,chosen,0.6622,0.6715,train,normal
790,晚餐,4,32,省着点,兴奋,冷,家人,不关心,微辣,,668,咸肉菜饭,煲仔饭碟头饭,1,chosen,0.6622,0.6637,train,normal
790,晚餐,4,32,省着点,兴奋,冷,家人,不关心,微辣,,668,咸肉菜饭,煲仔饭碟头饭,1,chosen,0.6622,0.6715,train,normal
790,晚餐,4,32,省着点,兴奋,冷,家人,不关心,微辣,,2,青椒肉丝,煲仔饭碟头饭,0,considered,0.6559,0.6968,train,normal
790,晚餐,4,32,省着点,兴奋,冷,家人,不关心,微辣,,685,菜饭骨头汤,煲仔饭碟头饭,0,considered,0.6505,0.686,train,normal
791,晚餐,2,25,不差钱,一般,热,朋友,不关心,微辣,,378,姜葱炒蟹,广府家常菜,1,chosen,0.6064,0.567,train,normal
791,晚餐,2,25,不差钱,一般,热,朋友,不关心,微辣,,378,姜葱炒蟹,广府家常菜,1,chosen,0.6064,0.6321,train,normal
791,晚餐,2,25,不差钱,一般,热,朋友,不关心,微辣,,378,姜葱炒蟹,广府家常菜,1,chosen,0.6064,0.6008,train,normal
792,夜宵,1,43,想吃好点,疲惫,阴,家人,严格控制,不吃辣,,398,海鲜砂锅粥,广式粥粉面,1,chosen,0.6886,0.6513,train,normal
792,夜宵,1,43,想吃好点,疲惫,阴,家人,严格控制,不吃辣,,398,海鲜砂锅粥,广式粥粉面,1,chosen,0.6886,0.7143,train,normal
792,夜宵,1,43,想吃好点,疲惫,阴,家人,严格控制,不吃辣,,398,海鲜砂锅粥,广式粥粉面,1,chosen,0.6886,0.7047,train,normal
793,午餐,3,15,正常,一般,热,家人,想健康,中辣,乳制品,126,松仁小肚,东北菜,1,chosen,0.6565,0.6397,train,normal
793,午餐,3,15,正常,一般,热,家人,想健康,中辣,乳制品,9,炸酱面,长三角粉面,1,chosen,0.6498,0.6978,train,normal
793,午餐,3,15,正常,一般,热,家人,想健康,中辣,乳制品,126,松仁小肚,东北菜,1,chosen,0.6565,0.6275,train,normal
794,午餐,5,47,想吃好点,疲惫,雨,朋友,想健康,重辣,"海鲜,乳制品",13,麻婆豆腐,家常炒菜,1,chosen,0.7698,0.7715,train,normal
794,午餐,5,47,想吃好点,疲惫,雨,朋友,想健康,重辣,"海鲜,乳制品",13,麻婆豆腐,家常炒菜,1,chosen,0.7698,0.7601,train,normal
794,午餐,5,47,想吃好点,疲惫,雨,朋友,想健康,重辣,"海鲜,乳制品",13,麻婆豆腐,家常炒菜,1,chosen,0.7698,0.7432,train,normal
795,晚餐,1,67,想吃好点,低落,阴,一个人,想健康,不吃辣,"海鲜,乳制品",350,丝瓜炒牛肉,广府家常菜,1,chosen,0.5416,0.5139,train,normal
795,晚餐,1,67,想吃好点,低落,阴,一个人,想健康,不吃辣,"海鲜,乳制品",351,凉瓜炒牛肉,广府家常菜,1,chosen,0.5416,0.5955,train,normal
795,晚餐,1,67,想吃好点,低落,阴,一个人,想健康,不吃辣,"海鲜,乳制品",347,菜心炒牛肉,广府家常菜,1,chosen,0.5416,0.5423,train,normal
795,晚餐,1,67,想吃好点,低落,阴,一个人,想健康,不吃辣,"海鲜,乳制品",351,凉瓜炒牛肉,广府家常菜,0,considered,0.5416,0.5378,train,normal
795,晚餐,1,67,想吃好点,低落,阴,一个人,想健康,不吃辣,"海鲜,乳制品",348,豉汁蒸排骨,广府家常菜,0,considered,0.5416,0.5517,train,normal
796,午餐,3,25,正常,低落,晴,一个人,随便,微辣,,559,湖南蛋饺,湘菜,1,chosen,0.5486,0.5484,train,normal
796,午餐,3,25,正常,低落,晴,一个人,随便,微辣,,559,湖南蛋饺,湘菜,1,chosen,0.5486,0.5287,train,normal
796,午餐,3,25,正常,低落,晴,一个人,随便,微辣,,6,兰州牛肉面,长三角粉面,1,chosen,0.5486,0.5611,train,normal
796,午餐,3,25,正常,低落,晴,一个人,随便,微辣,,573,糖油粑粑,湘菜,0,considered,0.5014,0.5646,train,normal
796,午餐,3,25,正常,低落,晴,一个人,随便,微辣,,543,干豆角炒肉,湘菜,0,considered,0.4746,0.4928,train,normal
797,早餐,4,56,正常,压力大,阴,朋友,随便,不吃辣,,428,及第粥,早餐粥点,1,chosen,0.6587,0.6434,test,normal
797,早餐,4,56,正常,压力大,阴,朋友,随便,不吃辣,,428,及第粥,早餐粥点,1,chosen,0.6587,0.6425,test,normal
797,早餐,4,56,正常,压力大,阴,朋友,随便,不吃辣,,428,及第粥,早餐粥点,1,chosen,0.6587,0.6586,test,normal
797,早餐,4,56,正常,压力大,阴,朋友,随便,不吃辣,,452,萝卜糕,早餐粥点,0,considered,0.6459,0.6733,test,normal
797,早餐,4,56,正常,压力大,阴,朋友,随便,不吃辣,,451,芋头糕,早餐粥点,0,considered,0.6459,0.598,test,normal
798,夜宵,4,32,不差钱,一般,阴,同事,不关心,不吃辣,乳制品,632,煎饺,烧烤小吃,1,chosen,0.5801,0.5437,train,normal
798,夜宵,4,32,不差钱,一般,阴,同事,不关心,不吃辣,乳制品,632,煎饺,烧烤小吃,1,chosen,0.5801,0.5726,train,normal
798,夜宵,4,32,不差钱,一般,阴,同事,不关心,不吃辣,乳制品,632,煎饺,烧烤小吃,1,chosen,0.5801,0.5864,train,normal
798,夜宵,4,32,不差钱,一般,阴,同事,不关心,不吃辣,乳制品,635,锅贴,烧烤小吃,0,considered,0.5801,0.5533,train,normal
798,夜宵,4,32,不差钱,一般,阴,同事,不关心,不吃辣,乳制品,639,沙县蒸饺,烧烤小吃,0,considered,0.5801,0.5815,train,normal
799,晚餐,3,27,想吃好点,疲惫,晴,家人,不关心,微辣,海鲜,811,鳝丝面,长三角粉面,1,chosen,0.6507,0.6377,train,normal
799,晚餐,3,27,想吃好点,疲惫,晴,家人,不关心,微辣,海鲜,811,鳝丝面,长三角粉面,1,chosen,0.6507,0.6839,train,normal
799,晚餐,3,27,想吃好点,疲惫,晴,家人,不关心,微辣,海鲜,811,鳝丝面,长三角粉面,1,chosen,0.6507,0.6257,train,normal
800,夜宵,4,74,不差钱,一般,晴,家人,随便,微辣,海鲜,24,菌汤火锅,火锅麻辣烫,1,chosen,0.6311,0.6769,train,normal
800,夜宵,4,74,不差钱,一般,晴,家人,随便,微辣,海鲜,611,潮汕牛肉火锅,火锅麻辣烫,1,chosen,0.6311,0.6762,train,normal
800,夜宵,4,74,不差钱,一般,晴,家人,随便,微辣,海鲜,20,清汤火锅,火锅麻辣烫,1,chosen,0.6311,0.6162,train,normal
800,夜宵,4,74,不差钱,一般,晴,家人,随便,微辣,海鲜,20,清汤火锅,火锅麻辣烫,0,considered,0.6311,0.6453,train,normal
800,夜宵,4,74,不差钱,一般,晴,家人,随便,微辣,海鲜,24,菌汤火锅,火锅麻辣烫,0,considered,0.6311,0.6616,train,normal
801,夜宵,2,85,不差钱,一般,冷,家人,不关心,不吃辣,海鲜,621,番茄火锅,火锅麻辣烫,1,chosen,0.6521,0.6417,train,normal
801,夜宵,2,85,不差钱,一般,冷,家人,不关心,不吃辣,海鲜,611,潮汕牛肉火锅,火锅麻辣烫,1,chosen,0.6793,0.6173,train,normal
801,夜宵,2,85,不差钱,一般,冷,家人,不关心,不吃辣,海鲜,611,潮汕牛肉火锅,火锅麻辣烫,1,chosen,0.6793,0.6877,train,normal
802,早餐,2,15,正常,开心,晴,约会,随便,微辣,,439,菜肉大馄饨,早餐粥点,1,chosen,0.6551,0.6089,train,normal
802,早餐,2,15,正常,开心,晴,约会,随便,微辣,,439,菜肉大馄饨,早餐粥点,1,chosen,0.6551,0.6766,train,normal
802,早餐,2,15,正常,开心,晴,约会,随便,微辣,,439,菜肉大馄饨,早餐粥点,1,chosen,0.6551,0.6524,train,normal
803,午餐,3,101,正常,开心,雨,约会,想健康,微辣,,292,荤豆花,川菜,1,chosen,0.7311,0.7457,train,normal
803,午餐,3,101,正常,开心,雨,约会,想健康,微辣,,292,荤豆花,川菜,1,chosen,0.7311,0.7342,train,normal
803,午餐,3,101,正常,开心,雨,约会,想健康,微辣,,292,荤豆花,川菜,1,chosen,0.7311,0.7982,train,normal
804,午餐,2,31,正常,开心,热,家人,不关心,微辣,素食,195,清炒草头,家常炒菜,1,chosen,0.6006,0.6016,train,normal
804,午餐,2,31,正常,开心,热,家人,不关心,微辣,素食,658,卤水豆腐,烧腊卤味,1,chosen,0.6512,0.6704,train,normal
804,午餐,2,31,正常,开心,热,家人,不关心,微辣,素食,658,卤水豆腐,烧腊卤味,1,chosen,0.6512,0.6353,train,normal
804,午餐,2,31,正常,开心,热,家人,不关心,微辣,素食,657,卤水掌翼,烧腊卤味,0,considered,0.0,0.0172,train,normal
804,午餐,2,31,正常,开心,热,家人,不关心,微辣,素食,656,卤水拼盘,烧腊卤味,0,considered,0.0,0.0339,train,normal
805,晚餐,1,15,不差钱,一般,冷,约会,随便,不吃辣,,378,姜葱炒蟹,广府家常菜,1,chosen,0.6251,0.6266,train,normal
805,晚餐,1,15,不差钱,一般,冷,约会,随便,不吃辣,,378,姜葱炒蟹,广府家常菜,1,chosen,0.6251,0.6185,train,normal
805,晚餐,1,15,不差钱,一般,冷,约会,随便,不吃辣,,378,姜葱炒蟹,广府家常菜,1,chosen,0.6251,0.5905,train,normal
805,晚餐,1,15,不差钱,一般,冷,约会,随便,不吃辣,,353,姜葱炒牛肉,广府家常菜,0,considered,0.6171,0.6423,train,normal
805,晚餐,1,15,不差钱,一般,冷,约会,随便,不吃辣,,377,大良炒鲜奶,广府家常菜,0,considered,0.6166,0.5733,train,normal
806,午餐,2,54,省着点,低落,阴,同事,不关心,微辣,海鲜,109,东北臭豆腐,东北菜,1,chosen,0.5879,0.5153,train,normal
806,午餐,2,54,省着点,低落,阴,同事,不关心,微辣,海鲜,72,手撕包菜(东北),东北菜,1,chosen,0.5743,0.6254,train,normal
806,午餐,2,54,省着点,低落,阴,同事,不关心,微辣,海鲜,109,东北臭豆腐,东北菜,1,chosen,0.5879,0.5709,train,normal
806,午餐,2,54,省着点,低落,阴,同事,不关心,微辣,海鲜,72,手撕包菜(东北),东北菜,0,considered,0.5743,0.6686,train,normal
806,午餐,2,54,省着点,低落,阴,同事,不关心,微辣,海鲜,71,干豆腐炒尖椒,东北菜,0,considered,0.5694,0.5672,train,normal
807,晚餐,4,35,正常,开心,冷,同事,严格控制,中辣,素食,552,攸县香干,湘菜,1,chosen,0.668,0.6635,train,normal
807,晚餐,4,35,正常,开心,冷,同事,严格控制,中辣,素食,552,攸县香干,湘菜,1,chosen,0.668,0.6667,train,normal
807,晚餐,4,35,正常,开心,冷,同事,严格控制,中辣,素食,552,攸县香干,湘菜,1,chosen,0.668,0.737,train,normal
807,晚餐,4,35,正常,开心,冷,同事,严格控制,中辣,素食,575,紫苏煎黄瓜,湘菜,0,considered,0.668,0.6416,train,normal
807,晚餐,4,35,正常,开心,冷,同事,严格控制,中辣,素食,541,小炒香干,湘菜,0,considered,0.5761,0.5642,train,normal
808,午餐,2,16,正常,兴奋,雪,一个人,想健康,重辣,麸质,248,青椒肉丝(川),川菜,1,chosen,0.6927,0.6985,test,snow
808,午餐,2,16,正常,兴奋,雪,一个人,想健康,重辣,麸质,248,青椒肉丝(川),川菜,1,chosen,0.6927,0.6672,test,snow
808,午餐,2,16,正常,兴奋,雪,一个人,想健康,重辣,麸质,248,青椒肉丝(川),川菜,1,chosen,0.6927,0.6754,test,snow
809,午餐,3,46,正常,压力大,晴,朋友,想健康,重辣,海鲜,13,麻婆豆腐,家常炒菜,1,chosen,0.7247,0.7031,train,normal
809,午餐,3,46,正常,压力大,晴,朋友,想健康,重辣,海鲜,13,麻婆豆腐,家常炒菜,1,chosen,0.7247,0.7068,train,normal
809,午餐,3,46,正常,压力大,晴,朋友,想健康,重辣,海鲜,13,麻婆豆腐,家常炒菜,1,chosen,0.7247,0.6936,train,normal
809,午餐,3,46,正常,压力大,晴,朋友,想健康,重辣,海鲜,15,宫保鸡丁,家常炒菜,0,considered,0.7154,0.7328,train,normal
809,午餐,3,46,正常,压力大,晴,朋友,想健康,重辣,海鲜,184,鱼香肉丝,家常炒菜,0,considered,0.692,0.6687,train,normal
810,晚餐,3,75,正常,疲惫,雨,同事,想健康,中辣,,11,云南小锅米线,长三角粉面,1,chosen,0.6942,0.7295,test,normal
810,晚餐,3,75,正常,疲惫,雨,同事,想健康,中辣,,552,攸县香干,湘菜,1,chosen,0.6942,0.6789,test,normal
810,晚餐,3,75,正常,疲惫,雨,同事,想健康,中辣,,11,云南小锅米线,长三角粉面,1,chosen,0.6942,0.6702,test,normal
811,午餐,3,15,想吃好点,压力大,阴,一个人,想健康,中辣,,6,兰州牛肉面,长三角粉面,1,chosen,0.5972,0.6232,train,normal
811,午餐,3,15,想吃好点,压力大,阴,一个人,想健康,中辣,,552,攸县香干,湘菜,1,chosen,0.6036,0.5694,train,normal
811,午餐,3,15,想吃好点,压力大,阴,一个人,想健康,中辣,,309,鱼香虾仁,川菜,1,chosen,0.5986,0.5492,train,normal
811,午餐,3,15,想吃好点,压力大,阴,一个人,想健康,中辣,,6,兰州牛肉面,长三角粉面,0,considered,0.5972,0.5875,train,normal
811,午餐,3,15,想吃好点,压力大,阴,一个人,想健康,中辣,,774,上海辣肉面,长三角粉面,0,considered,0.5897,0.641,train,normal
812,午餐,3,62,省着点,压力大,晴,同事,严格控制,重辣,,2,青椒肉丝,煲仔饭碟头饭,1,chosen,0.6442,0.6078,val,normal
812,午餐,3,62,省着点,压力大,晴,同事,严格控制,重辣,,575,紫苏煎黄瓜,湘菜,1,chosen,0.6528,0.6282,val,normal
812,午餐,3,62,省着点,压力大,晴,同事,严格控制,重辣,,6,兰州牛肉面,长三角粉面,1,chosen,0.6504,0.5854,val,normal
813,下午加餐,5,48,省着点,开心,阴,朋友,想健康,不吃辣,,688,双皮奶,糖水甜品,1,chosen,0.5821,0.6136,train,normal
813,下午加餐,5,48,省着点,开心,阴,朋友,想健康,不吃辣,,688,双皮奶,糖水甜品,1,chosen,0.5821,0.5581,train,normal
813,下午加餐,5,48,省着点,开心,阴,朋友,想健康,不吃辣,,688,双皮奶,糖水甜品,1,chosen,0.5821,0.5713,train,normal
813,下午加餐,5,48,省着点,开心,阴,朋友,想健康,不吃辣,,702,桂花糖芋艿,糖水甜品,0,considered,0.5735,0.5479,train,normal
813,下午加餐,5,48,省着点,开心,阴,朋友,想健康,不吃辣,,696,蛋挞,糖水甜品,0,considered,0.5609,0.5315,train,normal
814,午餐,2,56,正常,疲惫,雪,同事,不关心,不吃辣,,347,菜心炒牛肉,广府家常菜,1,chosen,0.703,0.6781,test,snow
814,午餐,2,56,正常,疲惫,雪,同事,不关心,不吃辣,,347,菜心炒牛肉,广府家常菜,1,chosen,0.703,0.701,test,snow
814,午餐,2,56,正常,疲惫,雪,同事,不关心,不吃辣,,347,菜心炒牛肉,广府家常菜,1,chosen,0.703,0.6887,test,snow
814,午餐,2,56,正常,疲惫,雪,同事,不关心,不吃辣,,348,豉汁蒸排骨,广府家常菜,0,considered,0.703,0.7189,test,snow
814,午餐,2,56,正常,疲惫,雪,同事,不关心,不吃辣,,370,陈皮蒸牛肉饼,广府家常菜,0,considered,0.703,0.6627,test,snow
815,午餐,3,30,想吃好点,开心,晴,同事,随便,微辣,,651,牛杂,烧腊卤味,1,chosen,0.5734,0.5308,train,normal
815,午餐,3,30,想吃好点,开心,晴,同事,随便,微辣,,651,牛杂,烧腊卤味,1,chosen,0.5734,0.5689,train,normal
815,午餐,3,30,想吃好点,开心,晴,同事,随便,微辣,,57,东北烤串,东北菜,1,chosen,0.5697,0.5693,train,normal
815,午餐,3,30,想吃好点,开心,晴,同事,随便,微辣,,665,金钱肚,烧腊卤味,0,considered,0.5655,0.5546,train,normal
815,午餐,3,30,想吃好点,开心,晴,同事,随便,微辣,,656,卤水拼盘,烧腊卤味,0,considered,0.5519,0.5526,train,normal
816,早餐,4,77,正常,一般,热,同事,随便,中辣,素食,443,千层油糕,早餐粥点,1,chosen,0.5512,0.5783,train,normal
816,早餐,4,77,正常,一般,热,同事,随便,中辣,素食,413,白糖糕,早茶点心,1,chosen,0.5628,0.5615,train,normal
816,早餐,4,77,正常,一般,热,同事,随便,中辣,素食,413,白糖糕,早茶点心,1,chosen,0.5628,0.6055,train,normal
816,早餐,4,77,正常,一般,热,同事,随便,中辣,素食,417,虾饺,早茶点心,0,considered,0.0,0.0296,train,normal
816,早餐,4,77,正常,一般,热,同事,随便,中辣,素食,416,莲蓉包,早茶点心,0,considered,0.0,0.0,train,normal
817,早餐,2,15,正常,疲惫,晴,一个人,想健康,重辣,海鲜,439,菜肉大馄饨,早餐粥点,1,chosen,0.6613,0.6615,train,normal
817,早餐,2,15,正常,疲惫,晴,一个人,想健康,重辣,海鲜,439,菜肉大馄饨,早餐粥点,1,chosen,0.6613,0.6527,train,normal
817,早餐,2,15,正常,疲惫,晴,一个人,想健康,重辣,海鲜,439,菜肉大馄饨,早餐粥点,1,chosen,0.6613,0.6707,train,normal
818,午餐,3,48,省着点,疲惫,晴,朋友,严格控制,微辣,,6,兰州牛肉面,长三角粉面,1,chosen,0.6893,0.7013,val,normal
818,午餐,3,48,省着点,疲惫,晴,朋友,严格控制,微辣,,6,兰州牛肉面,长三角粉面,1,chosen,0.6893,0.7033,val,normal
818,午餐,3,48,省着点,疲惫,晴,朋友,严格控制,微辣,,6,兰州牛肉面,长三角粉面,1,chosen,0.6893,0.682,val,normal
819,午餐,5,63,正常,开心,热,家人,不关心,中辣,素食,658,卤水豆腐,烧腊卤味,1,chosen,0.6648,0.7377,train,normal
819,午餐,5,63,正常,开心,热,家人,不关心,中辣,素食,658,卤水豆腐,烧腊卤味,1,chosen,0.6648,0.6857,train,normal
819,午餐,5,63,正常,开心,热,家人,不关心,中辣,素食,658,卤水豆腐,烧腊卤味,1,chosen,0.6648,0.5993,train,normal
820,晚餐,4,45,想吃好点,开心,热,一个人,随便,重辣,素食,658,卤水豆腐,烧腊卤味,1,chosen,0.557,0.5529,train,normal
820,晚餐,4,45,想吃好点,开心,热,一个人,随便,重辣,素食,658,卤水豆腐,烧腊卤味,1,chosen,0.557,0.5687,train,normal
820,晚餐,4,45,想吃好点,开心,热,一个人,随便,重辣,素食,658,卤水豆腐,烧腊卤味,1,chosen,0.557,0.6237,train,normal
821,晚餐,5,49,不差钱,低落,热,家人,想健康,微辣,素食,658,卤水豆腐,烧腊卤味,1,chosen,0.6731,0.6878,train,normal
821,晚餐,5,49,不差钱,低落,热,家人,想健康,微辣,素食,658,卤水豆腐,烧腊卤味,1,chosen,0.6731,0.6888,train,normal
821,晚餐,5,49,不差钱,低落,热,家人,想健康,微辣,素食,658,卤水豆腐,烧腊卤味,1,chosen,0.6731,0.696,train,normal
822,晚餐,3,54,正常,疲惫,冷,朋友,随便,微辣,,559,湖南蛋饺,湘菜,1,chosen,0.7111,0.6937,train,normal
822,晚餐,3,54,正常,疲惫,冷,朋友,随便,微辣,,811,鳝丝面,长三角粉面,1,chosen,0.7043,0.7402,train,normal
822,晚餐,3,54,正常,疲惫,冷,朋友,随便,微辣,,559,湖南蛋饺,湘菜,1,chosen,0.7111,0.7294,train,normal
823,晚餐,3,68,想吃好点,一般,晴,家人,随便,不吃辣,麸质,360,白灼猪手,广府家常菜,1,chosen,0.6052,0.6327,train,normal
823,晚餐,3,68,想吃好点,一般,晴,家人,随便,不吃辣,麸质,655,豉油鸡,烧腊卤味,1,chosen,0.6052,0.5771,train,normal
823,晚餐,3,68,想吃好点,一般,晴,家人,随便,不吃辣,麸质,655,豉油鸡,烧腊卤味,1,chosen,0.6052,0.5814,train,normal
824,晚餐,3,107,不差钱,开心,雨,同事,随便,微辣,素食,72,手撕包菜(东北),东北菜,1,chosen,0.5905,0.5925,train,normal
824,晚餐,3,107,不差钱,开心,雨,同事,随便,微辣,素食,72,手撕包菜(东北),东北菜,1,chosen,0.5905,0.5618,train,normal
824,晚餐,3,107,不差钱,开心,雨,同事,随便,微辣,素食,72,手撕包菜(东北),东北菜,1,chosen,0.5905,0.6107,train,normal
824,晚餐,3,107,不差钱,开心,雨,同事,随便,微辣,素食,48,东北土豆丝,东北菜,0,considered,0.589,0.5454,train,normal
824,晚餐,3,107,不差钱,开心,雨,同事,随便,微辣,素食,109,东北臭豆腐,东北菜,0,considered,0.5862,0.6025,train,normal
825,晚餐,2,62,正常,一般,阴,一个人,不关心,微辣,素食,109,东北臭豆腐,东北菜,1,chosen,0.5085,0.4784,val,normal
825,晚餐,2,62,正常,一般,阴,一个人,不关心,微辣,素食,172,手撕包菜,家常炒菜,1,chosen,0.4988,0.486,val,normal
825,晚餐,2,62,正常,一般,阴,一个人,不关心,微辣,素食,109,东北臭豆腐,东北菜,1,chosen,0.5085,0.5337,val,normal
825,晚餐,2,62,正常,一般,阴,一个人,不关心,微辣,素食,72,手撕包菜(东北),东北菜,0,considered,0.5017,0.4861,val,normal
825,晚餐,2,62,正常,一般,阴,一个人,不关心,微辣,素食,48,东北土豆丝,东北菜,0,considered,0.4881,0.4696,val,normal
826,夜宵,1,24,正常,开心,晴,一个人,想健康,不吃辣,,625,沙县扁肉,烧烤小吃,1,chosen,0.5871,0.5736,train,normal
826,夜宵,1,24,正常,开心,晴,一个人,想健康,不吃辣,,625,沙县扁肉,烧烤小吃,1,chosen,0.5871,0.5391,train,normal
826,夜宵,1,24,正常,开心,晴,一个人,想健康,不吃辣,,625,沙县扁肉,烧烤小吃,1,chosen,0.5871,0.5926,train,normal
827,晚餐,3,33,正常,疲惫,晴,一个人,不关心,微辣,,48,东北土豆丝,东北菜,1,chosen,0.5635,0.5525,train,normal
827,晚餐,3,33,正常,疲惫,晴,一个人,不关心,微辣,,48,东北土豆丝,东北菜,1,chosen,0.5635,0.55,train,normal
827,晚餐,3,33,正常,疲惫,晴,一个人,不关心,微辣,,6,兰州牛肉面,长三角粉面,1,chosen,0.5635,0.5923,train,normal
827,晚餐,3,33,正常,疲惫,晴,一个人,不关心,微辣,,71,干豆腐炒尖椒,东北菜,0,considered,0.5598,0.6038,train,normal
827,晚餐,3,33,正常,疲惫,晴,一个人,不关心,微辣,,72,手撕包菜(东北),东北菜,0,considered,0.5598,0.5724,train,normal
828,午餐,2,15,想吃好点,一般,晴,一个人,不关心,微辣,"海鲜,乳制品",347,菜心炒牛肉,广府家常菜,1,chosen,0.5111,0.4489,train,normal
828,午餐,2,15,想吃好点,一般,晴,一个人,不关心,微辣,"海鲜,乳制品",357,烧肉炒芥兰,广府家常菜,1,chosen,0.5111,0.5127,train,normal
828,午餐,2,15,想吃好点,一般,晴,一个人,不关心,微辣,"海鲜,乳制品",357,烧肉炒芥兰,广府家常菜,1,chosen,0.5111,0.5267,train,normal
829,早餐,4,75,省着点,开心,晴,一个人,想健康,微辣,,439,菜肉大馄饨,早餐粥点,1,chosen,0.5838,0.5792,val,normal
829,早餐,4,75,省着点,开心,晴,一个人,想健康,微辣,,439,菜肉大馄饨,早餐粥点,1,chosen,0.5838,0.6907,val,normal
829,早餐,4,75,省着点,开心,晴,一个人,想健康,微辣,,439,菜肉大馄饨,早餐粥点,1,chosen,0.5838,0.6146,val,normal
830,下午加餐,3,23,不差钱,开心,雪,同事,不关心,重辣,"海鲜,乳制品",34,全麦鸡肉三明治,轻食健康,1,chosen,0.6748,0.6659,test,snow
830,下午加餐,3,23,不差钱,开心,雪,同事,不关心,重辣,"海鲜,乳制品",34,全麦鸡肉三明治,轻食健康,1,chosen,0.6748,0.7239,test,snow
830,下午加餐,3,23,不差钱,开心,雪,同事,不关心,重辣,"海鲜,乳制品",34,全麦鸡肉三明治,轻食健康,1,chosen,0.6748,0.6231,test,snow
831,午餐,3,31,正常,疲惫,雨,朋友,严格控制,中辣,麸质,15,宫保鸡丁,家常炒菜,1,chosen,0.7653,0.7852,train,normal
831,午餐,3,31,正常,疲惫,雨,朋友,严格控制,中辣,麸质,15,宫保鸡丁,家常炒菜,1,chosen,0.7653,0.7257,train,normal
831,午餐,3,31,正常,疲惫,雨,朋友,严格控制,中辣,麸质,15,宫保鸡丁,家常炒菜,1,chosen,0.7653,0.7567,train,normal
831,午餐,3,31,正常,疲惫,雨,朋友,严格控制,中辣,麸质,184,鱼香肉丝,家常炒菜,0,considered,0.7375,0.6958,train,normal
831,午餐,3,31,正常,疲惫,雨,朋友,严格控制,中辣,麸质,173,毛豆炒肉丝,家常炒菜,0,considered,0.7209,0.7433,train,normal
832,下午加餐,2,15,正常,压力大,雪,一个人,想健康,微辣,乳制品,34,全麦鸡肉三明治,轻食健康,1,chosen,0.7234,0.703,test,snow
832,下午加餐,2,15,正常,压力大,雪,一个人,想健康,微辣,乳制品,772,鲜榨橙汁,轻食健康,1,chosen,0.6991,0.6473,test,snow
832,下午加餐,2,15,正常,压力大,雪,一个人,想健康,微辣,乳制品,34,全麦鸡肉三明治,轻食健康,1,chosen,0.7234,0.7477,test,snow
832,下午加餐,2,15,正常,压力大,雪,一个人,想健康,微辣,乳制品,766,水煮时蔬,轻食健康,0,considered,0.7161,0.7261,test,snow
832,下午加餐,2,15,正常,压力大,雪,一个人,想健康,微辣,乳制品,35,水煮时蔬+溏心蛋,轻食健康,0,considered,0.7161,0.7058,test,snow
833,下午加餐,4,90,正常,开心,阴,一个人,严格控制,不吃辣,,32,藜麦牛油果碗,轻食健康,1,chosen,0.6169,0.6151,train,normal
833,下午加餐,4,90,正常,开心,阴,一个人,严格控制,不吃辣,,32,藜麦牛油果碗,轻食健康,1,chosen,0.6169,0.6558,train,normal
833,下午加餐,4,90,正常,开心,阴,一个人,严格控制,不吃辣,,32,藜麦牛油果碗,轻食健康,1,chosen,0.6169,0.5704,train,normal
834,午餐,4,25,省着点,低落,热,约会,随便,微辣,,60,东北饭包,东北菜,1,chosen,0.6774,0.7023,train,normal
834,午餐,4,25,省着点,低落,热,约会,随便,微辣,,60,东北饭包,东北菜,1,chosen,0.6774,0.7047,train,normal
834,午餐,4,25,省着点,低落,热,约会,随便,微辣,,60,东北饭包,东北菜,1,chosen,0.6774,0.6672,train,normal
834,午餐,4,25,省着点,低落,热,约会,随便,微辣,,72,手撕包菜(东北),东北菜,0,considered,0.6531,0.5552,train,normal
834,午餐,4,25,省着点,低落,热,约会,随便,微辣,,109,东北臭豆腐,东北菜,0,considered,0.6531,0.5667,train,normal
835,午餐,2,37,正常,兴奋,晴,一个人,想健康,中辣,,248,青椒肉丝(川),川菜,1,chosen,0.5779,0.6618,train,normal
835,午餐,2,37,正常,兴奋,晴,一个人,想健康,中辣,,248,青椒肉丝(川),川菜,1,chosen,0.5779,0.5646,train,normal
835,午餐,2,37,正常,兴奋,晴,一个人,想健康,中辣,,248,青椒肉丝(川),川菜,1,chosen,0.5779,0.6242,train,normal
835,午餐,2,37,正常,兴奋,晴,一个人,想健康,中辣,,292,荤豆花,川菜,0,considered,0.5564,0.5419,train,normal
835,午餐,2,37,正常,兴奋,晴,一个人,想健康,中辣,,309,鱼香虾仁,川菜,0,considered,0.5521,0.538,train,normal
836,下午加餐,5,47,不差钱,兴奋,冷,一个人,不关心,中辣,,33,三文鱼沙拉,轻食健康,1,chosen,0.5037,0.4858,train,normal
836,下午加餐,5,47,不差钱,兴奋,冷,一个人,不关心,中辣,,32,藜麦牛油果碗,轻食健康,1,chosen,0.5027,0.5068,train,normal
836,下午加餐,5,47,不差钱,兴奋,冷,一个人,不关心,中辣,,770,波奇饭,轻食健康,1,chosen,0.5243,0.5667,train,normal
836,下午加餐,5,47,不差钱,兴奋,冷,一个人,不关心,中辣,,764,奶茶,轻食健康,0,considered,0.5111,0.5209,train,normal
836,下午加餐,5,47,不差钱,兴奋,冷,一个人,不关心,中辣,,767,珍珠奶茶,轻食健康,0,considered,0.5045,0.5041,train,normal
837,下午加餐,5,55,省着点,压力大,冷,一个人,不关心,中辣,麸质,764,奶茶,轻食健康,1,chosen,0.5895,0.5874,train,normal
837,下午加餐,5,55,省着点,压力大,冷,一个人,不关心,中辣,麸质,764,奶茶,轻食健康,1,chosen,0.5895,0.603,train,normal
837,下午加餐,5,55,省着点,压力大,冷,一个人,不关心,中辣,麸质,764,奶茶,轻食健康,1,chosen,0.5895,0.6174,train,normal
838,午餐,4,48,正常,开心,热,朋友,随便,不吃辣,素食,658,卤水豆腐,烧腊卤味,1,chosen,0.6648,0.6659,train,normal
838,午餐,4,48,正常,开心,热,朋友,随便,不吃辣,素食,573,糖油粑粑,湘菜,1,chosen,0.6297,0.6483,train,normal
838,午餐,4,48,正常,开心,热,朋友,随便,不吃辣,素食,658,卤水豆腐,烧腊卤味,1,chosen,0.6648,0.7209,train,normal
839,午餐,1,60,正常,压力大,雪,朋友,随便,中辣,乳制品,557,浏阳蒸菜,湘菜,1,chosen,0.7504,0.7478,test,snow
839,午餐,1,60,正常,压力大,雪,朋友,随便,中辣,乳制品,557,浏阳蒸菜,湘菜,1,chosen,0.7504,0.741,test,snow
839,午餐,1,60,正常,压力大,雪,朋友,随便,中辣,乳制品,557,浏阳蒸菜,湘菜,1,chosen,0.7504,0.7244,test,snow
840,午餐,3,37,正常,疲惫,冷,同事,想健康,微辣,海鲜,6,兰州牛肉面,长三角粉面,1,chosen,0.6974,0.7078,train,normal
840,午餐,3,37,正常,疲惫,冷,同事,想健康,微辣,海鲜,6,兰州牛肉面,长三角粉面,1,chosen,0.6974,0.7372,train,normal
840,午餐,3,37,正常,疲惫,冷,同事,想健康,微辣,海鲜,6,兰州牛肉面,长三角粉面,1,chosen,0.6974,0.728,train,normal
840,午餐,3,37,正常,疲惫,冷,同事,想健康,微辣,海鲜,787,南京老卤面,长三角粉面,0,considered,0.6876,0.7047,train,normal
840,午餐,3,37,正常,疲惫,冷,同事,想健康,微辣,海鲜,811,鳝丝面,长三角粉面,0,considered,0.6876,0.6547,train,normal
841,午餐,4,29,正常,低落,热,同事,不关心,重辣,,579,腊味萝卜干,湘菜,1,chosen,0.6521,0.698,train,normal
841,午餐,4,29,正常,低落,热,同事,不关心,重辣,,580,臭豆腐炒辣椒,湘菜,1,chosen,0.6243,0.6645,train,normal
841,午餐,4,29,正常,低落,热,同事,不关心,重辣,,579,腊味萝卜干,湘菜,1,chosen,0.6521,0.6229,train,normal
842,午餐,3,46,正常,压力大,阴,朋友,想健康,中辣,,15,宫保鸡丁,家常炒菜,1,chosen,0.7154,0.7297,train,normal
842,午餐,3,46,正常,压力大,阴,朋友,想健康,中辣,,15,宫保鸡丁,家常炒菜,1,chosen,0.7154,0.7133,train,normal
842,午餐,3,46,正常,压力大,阴,朋友,想健康,中辣,,15,宫保鸡丁,家常炒菜,1,chosen,0.7154,0.7053,train,normal
843,夜宵,3,53,想吃好点,压力大,雨,同事,不关心,微辣,素食,640,烤玉米,烧烤小吃,1,chosen,0.6997,0.7144,train,normal
843,夜宵,3,53,想吃好点,压力大,雨,同事,不关心,微辣,素食,640,烤玉米,烧烤小吃,1,chosen,0.6997,0.6958,train,normal
843,夜宵,3,53,想吃好点,压力大,雨,同事,不关心,微辣,素食,640,烤玉米,烧烤小吃,1,chosen,0.6997,0.7002,train,normal
844,晚餐,4,39,正常,压力大,雨,约会,严格控制,微辣,"海鲜,乳制品",88,石锅拌饭,东北菜,1,chosen,0.7707,0.7699,train,normal
844,晚餐,4,39,正常,压力大,雨,约会,严格控制,微辣,"海鲜,乳制品",88,石锅拌饭,东北菜,1,chosen,0.7707,0.7344,train,normal
844,晚餐,4,39,正常,压力大,雨,约会,严格控制,微辣,"海鲜,乳制品",88,石锅拌饭,东北菜,1,chosen,0.7707,0.8175,train,normal
845,午餐,2,26,正常,一般,晴,一个人,不关心,不吃辣,麸质,665,金钱肚,烧腊卤味,1,chosen,0.5111,0.4709,val,normal
845,午餐,2,26,正常,一般,晴,一个人,不关心,不吃辣,麸质,665,金钱肚,烧腊卤味,1,chosen,0.5111,0.5304,val,normal
845,午餐,2,26,正常,一般,晴,一个人,不关心,不吃辣,麸质,665,金钱肚,烧腊卤味,1,chosen,0.5111,0.5313,val,normal
846,晚餐,4,63,想吃好点,疲惫,晴,家人,不关心,不吃辣,麸质,687,黄鳝煲仔饭,煲仔饭碟头饭,1,chosen,0.657,0.6213,train,normal
846,晚餐,4,63,想吃好点,疲惫,晴,家人,不关心,不吃辣,麸质,687,黄鳝煲仔饭,煲仔饭碟头饭,1,chosen,0.657,0.6159,train,normal
846,晚餐,4,63,想吃好点,疲惫,晴,家人,不关心,不吃辣,麸质,687,黄鳝煲仔饭,煲仔饭碟头饭,1,chosen,0.657,0.769,train,normal
847,晚餐,4,53,省着点,开心,阴,约会,不关心,微辣,,668,咸肉菜饭,煲仔饭碟头饭,1,chosen,0.6403,0.6615,train,normal
847,晚餐,4,53,省着点,开心,阴,约会,不关心,微辣,,668,咸肉菜饭,煲仔饭碟头饭,1,chosen,0.6403,0.6216,train,normal
847,晚餐,4,53,省着点,开心,阴,约会,不关心,微辣,,668,咸肉菜饭,煲仔饭碟头饭,1,chosen,0.6403,0.6669,train,normal
848,晚餐,3,70,想吃好点,开心,晴,同事,想健康,中辣,"海鲜,乳制品",166,炒蚕蛹,东北菜,1,chosen,0.6088,0.5703,train,normal
848,晚餐,3,70,想吃好点,开心,晴,同事,想健康,中辣,"海鲜,乳制品",300,酸菜肥牛,川菜,1,chosen,0.6078,0.5698,train,normal
848,晚餐,3,70,想吃好点,开心,晴,同事,想健康,中辣,"海鲜,乳制品",248,青椒肉丝(川),川菜,1,chosen,0.6092,0.5644,train,normal
848,晚餐,3,70,想吃好点,开心,晴,同事,想健康,中辣,"海鲜,乳制品",241,酸汤肥牛,川菜,0,considered,0.6078,0.5534,train,normal
848,晚餐,3,70,想吃好点,开心,晴,同事,想健康,中辣,"海鲜,乳制品",300,酸菜肥牛,川菜,0,considered,0.6078,0.5548,train,normal
849,午餐,2,45,正常,一般,热,一个人,想健康,微辣,乳制品,648,卤水鸡翅,烧腊卤味,1,chosen,0.5886,0.559,val,normal
849,午餐,2,45,正常,一般,热,一个人,想健康,微辣,乳制品,648,卤水鸡翅,烧腊卤味,1,chosen,0.5886,0.6478,val,normal
849,午餐,2,45,正常,一般,热,一个人,想健康,微辣,乳制品,648,卤水鸡翅,烧腊卤味,1,chosen,0.5886,0.5934,val,normal
850,晚餐,2,15,正常,一般,冷,同事,随便,重辣,素食,580,臭豆腐炒辣椒,湘菜,1,chosen,0.6126,0.6116,test,normal
850,晚餐,2,15,正常,一般,冷,同事,随便,重辣,素食,580,臭豆腐炒辣椒,湘菜,1,chosen,0.6126,0.5846,test,normal
850,晚餐,2,15,正常,一般,冷,同事,随便,重辣,素食,580,臭豆腐炒辣椒,湘菜,1,chosen,0.6126,0.624,test,normal
851,夜宵,4,42,不差钱,一般,晴,一个人,想健康,微辣,,627,炒年糕,烧烤小吃,1,chosen,0.5787,0.578,train,normal
851,夜宵,4,42,不差钱,一般,晴,一个人,想健康,微辣,,627,炒年糕,烧烤小吃,1,chosen,0.5787,0.5547,train,normal
851,夜宵,4,42,不差钱,一般,晴,一个人,想健康,微辣,,627,炒年糕,烧烤小吃,1,chosen,0.5787,0.5859,train,normal
851,夜宵,4,42,不差钱,一般,晴,一个人,想健康,微辣,,633,煎饼果子,烧烤小吃,0,considered,0.5715,0.6039,train,normal
851,夜宵,4,42,不差钱,一般,晴,一个人,想健康,微辣,,636,鸡蛋灌饼,烧烤小吃,0,considered,0.5715,0.5517,train,normal
852,午餐,3,77,正常,低落,晴,家人,不关心,不吃辣,,659,卤水鸭掌,烧腊卤味,1,chosen,0.6237,0.5872,val,normal
852,午餐,3,77,正常,低落,晴,家人,不关心,不吃辣,,659,卤水鸭掌,烧腊卤味,1,chosen,0.6237,0.6226,val,normal
852,午餐,3,77,正常,低落,晴,家人,不关心,不吃辣,,659,卤水鸭掌,烧腊卤味,1,chosen,0.6237,0.5743,val,normal
853,早餐,3,27,正常,低落,热,家人,不关心,重辣,素食,807,衢州常山索面,长三角粉面,1,chosen,0.6277,0.6129,train,normal
853,早餐,3,27,正常,低落,热,家人,不关心,重辣,素食,449,条头糕,早餐粥点,1,chosen,0.6038,0.5957,train,normal
853,早餐,3,27,正常,低落,热,家人,不关心,重辣,素食,807,衢州常山索面,长三角粉面,1,chosen,0.6277,0.6984,train,normal
853,早餐,3,27,正常,低落,热,家人,不关心,重辣,素食,793,常熟蕈油面,长三角粉面,0,considered,0.5896,0.5326,train,normal
853,早餐,3,27,正常,低落,热,家人,不关心,重辣,素食,804,素鸡面,长三角粉面,0,considered,0.5896,0.5992,train,normal
854,晚餐,5,33,正常,低落,热,同事,想健康,中辣,素食,575,紫苏煎黄瓜,湘菜,1,chosen,0.6511,0.6762,train,normal
854,晚餐,5,33,正常,低落,热,同事,想健康,中辣,素食,575,紫苏煎黄瓜,湘菜,1,chosen,0.6511,0.6701,train,normal
854,晚餐,5,33,正常,低落,热,同事,想健康,中辣,素食,575,紫苏煎黄瓜,湘菜,1,chosen,0.6511,0.6481,train,normal
855,晚餐,3,62,正常,开心,晴,朋友,想健康,不吃辣,,91,红烧带鱼,东北菜,1,chosen,0.652,0.5965,test,normal
855,晚餐,3,62,正常,开心,晴,朋友,想健康,不吃辣,,91,红烧带鱼,东北菜,1,chosen,0.652,0.6401,test,normal
855,晚餐,3,62,正常,开心,晴,朋友,想健康,不吃辣,,91,红烧带鱼,东北菜,1,chosen,0.652,0.6371,test,normal
855,晚餐,3,62,正常,开心,晴,朋友,想健康,不吃辣,,64,土豆炖茄子,东北菜,0,considered,0.652,0.7017,test,normal
855,晚餐,3,62,正常,开心,晴,朋友,想健康,不吃辣,,143,茄子炖土豆,东北菜,0,considered,0.652,0.6428,test,normal
856,晚餐,5,26,省着点,压力大,冷,一个人,随便,微辣,,284,牛肉焦饼,川菜,1,chosen,0.619,0.6138,train,normal
856,晚餐,5,26,省着点,压力大,冷,一个人,随便,微辣,,284,牛肉焦饼,川菜,1,chosen,0.619,0.6294,train,normal
856,晚餐,5,26,省着点,压力大,冷,一个人,随便,微辣,,284,牛肉焦饼,川菜,1,chosen,0.619,0.6409,train,normal
857,晚餐,4,65,正常,疲惫,晴,一个人,不关心,不吃辣,麸质,669,扬州炒饭,煲仔饭碟头饭,1,chosen,0.563,0.6387,val,normal
857,晚餐,4,65,正常,疲惫,晴,一个人,不关心,不吃辣,麸质,669,扬州炒饭,煲仔饭碟头饭,1,chosen,0.563,0.6048,val,normal
857,晚餐,4,65,正常,疲惫,晴,一个人,不关心,不吃辣,麸质,669,扬州炒饭,煲仔饭碟头饭,1,chosen,0.563,0.6185,val,normal
858,午餐,3,62,正常,低落,热,家人,严格控制,中辣,,11,云南小锅米线,长三角粉面,1,chosen,0.7,0.6712,train,normal
858,午餐,3,62,正常,低落,热,家人,严格控制,中辣,,15,宫保鸡丁,家常炒菜,1,chosen,0.7112,0.7057,train,normal
858,午餐,3,62,正常,低落,热,家人,严格控制,中辣,,552,攸县香干,湘菜,1,chosen,0.7014,0.6503,train,normal
859,晚餐,3,66,正常,疲惫,冷,一个人,随便,微辣,,787,南京老卤面,长三角粉面,1,chosen,0.6116,0.5958,train,normal
859,晚餐,3,66,正常,疲惫,冷,一个人,随便,微辣,,787,南京老卤面,长三角粉面,1,chosen,0.6116,0.6228,train,normal
859,晚餐,3,66,正常,疲惫,冷,一个人,随便,微辣,,787,南京老卤面,长三角粉面,1,chosen,0.6116,0.6213,train,normal
860,下午加餐,4,34,省着点,一般,热,朋友,严格控制,中辣,,688,双皮奶,糖水甜品,1,chosen,0.6738,0.6998,train,normal
860,下午加餐,4,34,省着点,一般,热,朋友,严格控制,中辣,,34,全麦鸡肉三明治,轻食健康,1,chosen,0.6731,0.7434,train,normal
860,下午加餐,4,34,省着点,一般,热,朋友,严格控制,中辣,,766,水煮时蔬,轻食健康,1,chosen,0.6414,0.6215,train,normal
861,晚餐,4,58,省着点,开心,晴,家人,想健康,微辣,素食,658,卤水豆腐,烧腊卤味,1,chosen,0.6459,0.6469,val,normal
861,晚餐,4,58,省着点,开心,晴,家人,想健康,微辣,素食,658,卤水豆腐,烧腊卤味,1,chosen,0.6459,0.7007,val,normal
861,晚餐,4,58,省着点,开心,晴,家人,想健康,微辣,素食,658,卤水豆腐,烧腊卤味,1,chosen,0.6459,0.6707,val,normal
861,晚餐,4,58,省着点,开心,晴,家人,想健康,微辣,素食,657,卤水掌翼,烧腊卤味,0,considered,0.0,0.0064,val,normal
861,晚餐,4,58,省着点,开心,晴,家人,想健康,微辣,素食,656,卤水拼盘,烧腊卤味,0,considered,0.0,0.0,val,normal
862,午餐,4,92,正常,疲惫,晴,家人,随便,不吃辣,,680,海南鸡饭,煲仔饭碟头饭,1,chosen,0.6607,0.6537,train,normal
862,午餐,4,92,正常,疲惫,晴,家人,随便,不吃辣,,680,海南鸡饭,煲仔饭碟头饭,1,chosen,0.6607,0.7068,train,normal
862,午餐,4,92,正常,疲惫,晴,家人,随便,不吃辣,,680,海南鸡饭,煲仔饭碟头饭,1,chosen,0.6607,0.6936,train,normal
862,午餐,4,92,正常,疲惫,晴,家人,随便,不吃辣,,681,滑鸡煲仔饭,煲仔饭碟头饭,0,considered,0.6607,0.679,train,normal
862,午餐,4,92,正常,疲惫,晴,家人,随便,不吃辣,,668,咸肉菜饭,煲仔饭碟头饭,0,considered,0.6607,0.6845,train,normal
863,午餐,4,56,省着点,压力大,晴,家人,想健康,微辣,,2,青椒肉丝,煲仔饭碟头饭,1,chosen,0.6906,0.681,train,normal
863,午餐,4,56,省着点,压力大,晴,家人,想健康,微辣,,685,菜饭骨头汤,煲仔饭碟头饭,1,chosen,0.6783,0.7321,train,normal
863,午餐,4,56,省着点,压力大,晴,家人,想健康,微辣,,2,青椒肉丝,煲仔饭碟头饭,1,chosen,0.6906,0.6725,train,normal
864,晚餐,4,43,正常,压力大,阴,朋友,想健康,重辣,,13,麻婆豆腐,家常炒菜,1,chosen,0.7247,0.7394,train,normal
864,晚餐,4,43,正常,压力大,阴,朋友,想健康,重辣,,13,麻婆豆腐,家常炒菜,1,chosen,0.7247,0.6625,train,normal
864,晚餐,4,43,正常,压力大,阴,朋友,想健康,重辣,,13,麻婆豆腐,家常炒菜,1,chosen,0.7247,0.7566,train,normal
865,早餐,3,51,正常,疲惫,雪,家人,随便,中辣,素食,807,衢州常山索面,长三角粉面,1,chosen,0.7511,0.7166,test,snow
865,早餐,3,51,正常,疲惫,雪,家人,随便,中辣,素食,807,衢州常山索面,长三角粉面,1,chosen,0.7511,0.7347,test,snow
865,早餐,3,51,正常,疲惫,雪,家人,随便,中辣,素食,807,衢州常山索面,长三角粉面,1,chosen,0.7511,0.7851,test,snow
866,早餐,3,52,正常,疲惫,热,同事,随便,微辣,素食,413,白糖糕,早茶点心,1,chosen,0.6517,0.593,train,normal
866,早餐,3,52,正常,疲惫,热,同事,随便,微辣,素食,413,白糖糕,早茶点心,1,chosen,0.6517,0.6573,train,normal
866,早餐,3,52,正常,疲惫,热,同事,随便,微辣,素食,413,白糖糕,早茶点心,1,chosen,0.6517,0.6708,train,normal
867,午餐,4,20,不差钱,疲惫,热,朋友,随便,微辣,,656,卤水拼盘,烧腊卤味,1,chosen,0.6791,0.6301,val,normal
867,午餐,4,20,不差钱,疲惫,热,朋友,随便,微辣,,656,卤水拼盘,烧腊卤味,1,chosen,0.6791,0.7192,val,normal
867,午餐,4,20,不差钱,疲惫,热,朋友,随便,微辣,,60,东北饭包,东北菜,1,chosen,0.6691,0.6831,val,normal
868,晚餐,4,15,不差钱,一般,阴,朋友,随便,微辣,,366,豉椒炒花甲,广府家常菜,1,chosen,0.5824,0.6095,val,normal
868,晚餐,4,15,不差钱,一般,阴,朋友,随便,微辣,,134,熏酱拼盘,东北菜,1,chosen,0.5725,0.6718,val,normal
868,晚餐,4,15,不差钱,一般,阴,朋友,随便,微辣,,366,豉椒炒花甲,广府家常菜,1,chosen,0.5824,0.5615,val,normal
869,午餐,3,71,正常,一般,晴,家人,不关心,微辣,,559,湖南蛋饺,湘菜,1,chosen,0.6131,0.6124,train,normal
869,午餐,3,71,正常,一般,晴,家人,不关心,微辣,,559,湖南蛋饺,湘菜,1,chosen,0.6131,0.6246,train,normal
869,午餐,3,71,正常,一般,晴,家人,不关心,微辣,,559,湖南蛋饺,湘菜,1,chosen,0.6131,0.5762,train,normal
869,午餐,3,71,正常,一般,晴,家人,不关心,微辣,,572,粉蒸肉(湘),湘菜,0,considered,0.5859,0.6116,train,normal
869,午餐,3,71,正常,一般,晴,家人,不关心,微辣,,582,蒸盆,湘菜,0,considered,0.557,0.5774,train,normal
870,晚餐,1,57,省着点,开心,雨,同事,不关心,微辣,,109,东北臭豆腐,东北菜,1,chosen,0.5899,0.5195,train,normal
870,晚餐,1,57,省着点,开心,雨,同事,不关心,微辣,,109,东北臭豆腐,东北菜,1,chosen,0.5899,0.6037,train,normal
870,晚餐,1,57,省着点,开心,雨,同事,不关心,微辣,,109,东北臭豆腐,东北菜,1,chosen,0.5899,0.5876,train,normal
871,晚餐,3,58,正常,低落,冷,一个人,想健康,重辣,乳制品,252,麻婆豆腐(川),川菜,1,chosen,0.6739,0.6509,train,normal
871,晚餐,3,58,正常,低落,冷,一个人,想健康,重辣,乳制品,252,麻婆豆腐(川),川菜,1,chosen,0.6739,0.6157,train,normal
871,晚餐,3,58,正常,低落,冷,一个人,想健康,重辣,乳制品,310,麻婆豆腐(素),川菜,1,chosen,0.6739,0.7228,train,normal
872,午餐,4,61,想吃好点,疲惫,晴,一个人,想健康,不吃辣,"海鲜,乳制品",680,海南鸡饭,煲仔饭碟头饭,1,chosen,0.6058,0.6345,val,normal
872,午餐,4,61,想吃好点,疲惫,晴,一个人,想健康,不吃辣,"海鲜,乳制品",680,海南鸡饭,煲仔饭碟头饭,1,chosen,0.6058,0.5972,val,normal
872,午餐,4,61,想吃好点,疲惫,晴,一个人,想健康,不吃辣,"海鲜,乳制品",681,滑鸡煲仔饭,煲仔饭碟头饭,1,chosen,0.596,0.6101,val,normal
872,午餐,4,61,想吃好点,疲惫,晴,一个人,想健康,不吃辣,"海鲜,乳制品",681,滑鸡煲仔饭,煲仔饭碟头饭,0,considered,0.596,0.6095,val,normal
872,午餐,4,61,想吃好点,疲惫,晴,一个人,想健康,不吃辣,"海鲜,乳制品",684,窝蛋牛肉饭,煲仔饭碟头饭,0,considered,0.5937,0.5599,val,normal
873,晚餐,3,36,不差钱,疲惫,晴,约会,想健康,微辣,,471,梭子蟹炒年糕,本帮江浙菜,1,chosen,0.7124,0.7003,test,normal
873,晚餐,3,36,不差钱,疲惫,晴,约会,想健康,微辣,,471,梭子蟹炒年糕,本帮江浙菜,1,chosen,0.7124,0.7568,test,normal
873,晚餐,3,36,不差钱,疲惫,晴,约会,想健康,微辣,,471,梭子蟹炒年糕,本帮江浙菜,1,chosen,0.7124,0.6938,test,normal
873,晚餐,3,36,不差钱,疲惫,晴,约会,想健康,微辣,,483,红烧划水,本帮江浙菜,0,considered,0.6919,0.6877,test,normal
873,晚餐,3,36,不差钱,疲惫,晴,约会,想健康,微辣,,477,爆炒梭子蟹,本帮江浙菜,0,considered,0.6916,0.7151,test,normal
874,午餐,2,30,想吃好点,开心,晴,家人,不关心,重辣,乳制品,312,麻辣牛肉,川菜,1,chosen,0.6403,0.6546,val,normal
874,午餐,2,30,想吃好点,开心,晴,家人,不关心,重辣,乳制品,312,麻辣牛肉,川菜,1,chosen,0.6403,0.6517,val,normal
874,午餐,2,30,想吃好点,开心,晴,家人,不关心,重辣,乳制品,312,麻辣牛肉,川菜,1,chosen,0.6403,0.6431,val,normal
874,午餐,2,30,想吃好点,开心,晴,家人,不关心,重辣,乳制品,280,泡椒牛蛙,川菜,0,considered,0.6225,0.5661,val,normal
874,午餐,2,30,想吃好点,开心,晴,家人,不关心,重辣,乳制品,293,藤椒鸡,川菜,0,considered,0.6225,0.6155,val,normal
875,午餐,5,56,正常,开心,晴,朋友,不关心,不吃辣,,686,豉汁排骨煲仔饭,煲仔饭碟头饭,1,chosen,0.6203,0.6321,test,normal
875,午餐,5,56,正常,开心,晴,朋友,不关心,不吃辣,,686,豉汁排骨煲仔饭,煲仔饭碟头饭,1,chosen,0.6203,0.6466,test,normal
875,午餐,5,56,正常,开心,晴,朋友,不关心,不吃辣,,674,腊味煲仔饭,煲仔饭碟头饭,1,chosen,0.6203,0.6756,test,normal
876,下午加餐,3,53,正常,一般,雨,一个人,不关心,中辣,,34,全麦鸡肉三明治,轻食健康,1,chosen,0.6141,0.6349,train,normal
876,下午加餐,3,53,正常,一般,雨,一个人,不关心,中辣,,34,全麦鸡肉三明治,轻食健康,1,chosen,0.6141,0.5965,train,normal
876,下午加餐,3,53,正常,一般,雨,一个人,不关心,中辣,,34,全麦鸡肉三明治,轻食健康,1,chosen,0.6141,0.6434,train,normal
877,晚餐,5,27,省着点,开心,阴,同事,想健康,中辣,,575,紫苏煎黄瓜,湘菜,1,chosen,0.6137,0.6135,test,normal
877,晚餐,5,27,省着点,开心,阴,同事,想健康,中辣,,575,紫苏煎黄瓜,湘菜,1,chosen,0.6137,0.5846,test,normal
877,晚餐,5,27,省着点,开心,阴,同事,想健康,中辣,,575,紫苏煎黄瓜,湘菜,1,chosen,0.6137,0.5811,test,normal
878,夜宵,3,36,正常,一般,雨,家人,想健康,不吃辣,,625,沙县扁肉,烧烤小吃,1,chosen,0.6848,0.6496,train,normal
878,夜宵,3,36,正常,一般,雨,家人,想健康,不吃辣,,647,韭菜盒子,烧烤小吃,1,chosen,0.713,0.6511,train,normal
878,夜宵,3,36,正常,一般,雨,家人,想健康,不吃辣,,647,韭菜盒子,烧烤小吃,1,chosen,0.713,0.6974,train,normal
878,夜宵,3,36,正常,一般,雨,家人,想健康,不吃辣,,626,沙县拌面,烧烤小吃,0,considered,0.694,0.659,train,normal
878,夜宵,3,36,正常,一般,雨,家人,想健康,不吃辣,,625,沙县扁肉,烧烤小吃,0,considered,0.6848,0.7395,train,normal
879,早餐,4,53,正常,一般,阴,同事,想健康,重辣,素食,807,衢州常山索面,长三角粉面,1,chosen,0.5727,0.5714,val,normal
879,早餐,4,53,正常,一般,阴,同事,想健康,重辣,素食,804,素鸡面,长三角粉面,1,chosen,0.5636,0.5516,val,normal
879,早餐,4,53,正常,一般,阴,同事,想健康,重辣,素食,433,白粥配咸菜,早餐粥点,1,chosen,0.5636,0.6124,val,normal
879,早餐,4,53,正常,一般,阴,同事,想健康,重辣,素食,804,素鸡面,长三角粉面,0,considered,0.5636,0.5475,val,normal
879,早餐,4,53,正常,一般,阴,同事,想健康,重辣,素食,793,常熟蕈油面,长三角粉面,0,considered,0.5636,0.577,val,normal
880,午餐,3,102,省着点,兴奋,晴,家人,随便,不吃辣,,658,卤水豆腐,烧腊卤味,1,chosen,0.6141,0.647,train,normal
880,午餐,3,102,省着点,兴奋,晴,家人,随便,不吃辣,,658,卤水豆腐,烧腊卤味,1,chosen,0.6141,0.6007,train,normal
880,午餐,3,102,省着点,兴奋,晴,家人,随便,不吃辣,,658,卤水豆腐,烧腊卤味,1,chosen,0.6141,0.6047,train,normal
880,午餐,3,102,省着点,兴奋,晴,家人,随便,不吃辣,,648,卤水鸡翅,烧腊卤味,0,considered,0.5969,0.6373,train,normal
880,午餐,3,102,省着点,兴奋,晴,家人,随便,不吃辣,,659,卤水鸭掌,烧腊卤味,0,considered,0.5863,0.5228,train,normal
881,晚餐,4,37,想吃好点,兴奋,晴,一个人,不关心,中辣,"海鲜,乳制品",241,酸汤肥牛,川菜,1,chosen,0.5417,0.5338,train,normal
881,晚餐,4,37,想吃好点,兴奋,晴,一个人,不关心,中辣,"海鲜,乳制品",241,酸汤肥牛,川菜,1,chosen,0.5417,0.5233,train,normal
881,晚餐,4,37,想吃好点,兴奋,晴,一个人,不关心,中辣,"海鲜,乳制品",241,酸汤肥牛,川菜,1,chosen,0.5417,0.5524,train,normal
881,晚餐,4,37,想吃好点,兴奋,晴,一个人,不关心,中辣,"海鲜,乳制品",300,酸菜肥牛,川菜,0,considered,0.5417,0.5478,train,normal
881,晚餐,4,37,想吃好点,兴奋,晴,一个人,不关心,中辣,"海鲜,乳制品",287,盐煎肉,川菜,0,considered,0.5388,0.5709,train,normal
882,早餐,5,15,正常,开心,阴,朋友,严格控制,不吃辣,素食,793,常熟蕈油面,长三角粉面,1,chosen,0.5916,0.5592,train,normal
882,早餐,5,15,正常,开心,阴,朋友,严格控制,不吃辣,素食,793,常熟蕈油面,长三角粉面,1,chosen,0.5916,0.5383,train,normal
882,早餐,5,15,正常,开心,阴,朋友,严格控制,不吃辣,素食,793,常熟蕈油面,长三角粉面,1,chosen,0.5916,0.6168,train,normal
883,下午加餐,4,36,正常,疲惫,晴,家人,不关心,中辣,,706,芒果班戟,糖水甜品,1,chosen,0.6303,0.6074,train,normal
883,下午加餐,4,36,正常,疲惫,晴,家人,不关心,中辣,,706,芒果班戟,糖水甜品,1,chosen,0.6303,0.6856,train,normal
883,下午加餐,4,36,正常,疲惫,晴,家人,不关心,中辣,,706,芒果班戟,糖水甜品,1,chosen,0.6303,0.6683,train,normal
884,午餐,2,57,正常,开心,晴,同事,想健康,中辣,素食,195,清炒草头,家常炒菜,1,chosen,0.6009,0.5602,train,normal
884,午餐,2,57,正常,开心,晴,同事,想健康,中辣,素食,195,清炒草头,家常炒菜,1,chosen,0.6009,0.6571,train,normal
884,午餐,2,57,正常,开心,晴,同事,想健康,中辣,素食,195,清炒草头,家常炒菜,1,chosen,0.6009,0.6157,train,normal
885,午餐,3,73,想吃好点,压力大,雨,朋友,不关心,中辣,麸质,15,宫保鸡丁,家常炒菜,1,chosen,0.7201,0.7209,train,normal
885,午餐,3,73,想吃好点,压力大,雨,朋友,不关心,中辣,麸质,15,宫保鸡丁,家常炒菜,1,chosen,0.7201,0.725,train,normal
885,午餐,3,73,想吃好点,压力大,雨,朋友,不关心,中辣,麸质,15,宫保鸡丁,家常炒菜,1,chosen,0.7201,0.72,train,normal
885,午餐,3,73,想吃好点,压力大,雨,朋友,不关心,中辣,麸质,184,鱼香肉丝,家常炒菜,0,considered,0.7056,0.6951,train,normal
885,午餐,3,73,想吃好点,压力大,雨,朋友,不关心,中辣,麸质,186,八宝辣酱,家常炒菜,0,considered,0.6895,0.6164,train,normal
886,晚餐,3,16,正常,低落,阴,一个人,想健康,不吃辣,素食,195,清炒草头,家常炒菜,1,chosen,0.565,0.642,train,normal
886,晚餐,3,16,正常,低落,阴,一个人,想健康,不吃辣,素食,155,韭菜盒子(东北),东北菜,1,chosen,0.5523,0.5301,train,normal
886,晚餐,3,16,正常,低落,阴,一个人,想健康,不吃辣,素食,195,清炒草头,家常炒菜,1,chosen,0.565,0.5794,train,normal
886,晚餐,3,16,正常,低落,阴,一个人,想健康,不吃辣,素食,194,油焖春笋,家常炒菜,0,considered,0.5474,0.5427,train,normal
886,晚餐,3,16,正常,低落,阴,一个人,想健康,不吃辣,素食,183,香干炒芹菜,家常炒菜,0,considered,0.5117,0.4611,train,normal
887,晚餐,3,57,想吃好点,压力大,雨,家人,随便,中辣,,15,宫保鸡丁,家常炒菜,1,chosen,0.7092,0.7681,train,normal
887,晚餐,3,57,想吃好点,压力大,雨,家人,随便,中辣,,15,宫保鸡丁,家常炒菜,1,chosen,0.7092,0.7224,train,normal
887,晚餐,3,57,想吃好点,压力大,雨,家人,随便,中辣,,15,宫保鸡丁,家常炒菜,1,chosen,0.7092,0.7284,train,normal
888,晚餐,4,39,正常,疲惫,晴,一个人,想健康,中辣,,11,云南小锅米线,长三角粉面,1,chosen,0.6105,0.622,train,normal
888,晚餐,4,39,正常,疲惫,晴,一个人,想健康,中辣,,11,云南小锅米线,长三角粉面,1,chosen,0.6105,0.6146,train,normal
888,晚餐,4,39,正常,疲惫,晴,一个人,想健康,中辣,,11,云南小锅米线,长三角粉面,1,chosen,0.6105,0.5533,train,normal
889,午餐,3,31,正常,疲惫,晴,约会,随便,微辣,素食,458,油焖笋,本帮江浙菜,1,chosen,0.6696,0.6201,train,normal
889,午餐,3,31,正常,疲惫,晴,约会,随便,微辣,素食,458,油焖笋,本帮江浙菜,1,chosen,0.6696,0.682,train,normal
889,午餐,3,31,正常,疲惫,晴,约会,随便,微辣,素食,458,油焖笋,本帮江浙菜,1,chosen,0.6696,0.7088,train,normal
890,午餐,2,48,想吃好点,疲惫,热,一个人,严格控制,不吃辣,素食,818,牛油果吐司,面包甜点,1,chosen,0.6216,0.6664,train,normal
890,午餐,2,48,想吃好点,疲惫,热,一个人,严格控制,不吃辣,素食,457,宁波烤菜,本帮江浙菜,1,chosen,0.5911,0.5775,train,normal
890,午餐,2,48,想吃好点,疲惫,热,一个人,严格控制,不吃辣,素食,818,牛油果吐司,面包甜点,1,chosen,0.6216,0.6751,train,normal
890,午餐,2,48,想吃好点,疲惫,热,一个人,严格控制,不吃辣,素食,823,贝果,面包甜点,0,considered,0.5625,0.5664,train,normal
890,午餐,2,48,想吃好点,疲惫,热,一个人,严格控制,不吃辣,素食,816,吐司配果酱,面包甜点,0,considered,0.558,0.5527,train,normal
891,早餐,4,60,想吃好点,兴奋,阴,家人,随便,中辣,素食,808,金华佛堂千张面,长三角粉面,1,chosen,0.5328,0.5444,train,normal
891,早餐,4,60,想吃好点,兴奋,阴,家人,随便,中辣,素食,807,衢州常山索面,长三角粉面,1,chosen,0.5434,0.5156,train,normal
891,早餐,4,60,想吃好点,兴奋,阴,家人,随便,中辣,素食,807,衢州常山索面,长三角粉面,1,chosen,0.5434,0.5555,train,normal
892,下午加餐,2,46,想吃好点,兴奋,晴,朋友,严格控制,中辣,素食,32,藜麦牛油果碗,轻食健康,1,chosen,0.7142,0.7277,train,normal
892,下午加餐,2,46,想吃好点,兴奋,晴,朋友,严格控制,中辣,素食,32,藜麦牛油果碗,轻食健康,1,chosen,0.7142,0.6624,train,normal
892,下午加餐,2,46,想吃好点,兴奋,晴,朋友,严格控制,中辣,素食,32,藜麦牛油果碗,轻食健康,1,chosen,0.7142,0.6511,train,normal
893,午餐,1,28,正常,一般,晴,朋友,想健康,微辣,海鲜,162,干煸茧蛹,东北菜,1,chosen,0.6336,0.6319,val,normal
893,午餐,1,28,正常,一般,晴,朋友,想健康,微辣,海鲜,162,干煸茧蛹,东北菜,1,chosen,0.6336,0.62,val,normal
893,午餐,1,28,正常,一般,晴,朋友,想健康,微辣,海鲜,162,干煸茧蛹,东北菜,1,chosen,0.6336,0.6114,val,normal
894,午餐,5,54,正常,低落,雪,同事,想健康,中辣,,15,宫保鸡丁,家常炒菜,1,chosen,0.7482,0.7517,test,snow
894,午餐,5,54,正常,低落,雪,同事,想健康,中辣,,11,云南小锅米线,长三角粉面,1,chosen,0.7579,0.7745,test,snow
894,午餐,5,54,正常,低落,雪,同事,想健康,中辣,,11,云南小锅米线,长三角粉面,1,chosen,0.7579,0.7874,test,snow
895,午餐,3,46,想吃好点,疲惫,晴,家人,想健康,中辣,海鲜,15,宫保鸡丁,家常炒菜,1,chosen,0.7045,0.7022,train,normal
895,午餐,3,46,想吃好点,疲惫,晴,家人,想健康,中辣,海鲜,15,宫保鸡丁,家常炒菜,1,chosen,0.7045,0.6813,train,normal
895,午餐,3,46,想吃好点,疲惫,晴,家人,想健康,中辣,海鲜,15,宫保鸡丁,家常炒菜,1,chosen,0.7045,0.7415,train,normal
896,晚餐,3,50,省着点,低落,雨,约会,想健康,微辣,,71,干豆腐炒尖椒,东北菜,1,chosen,0.7266,0.6923,test,normal
896,晚餐,3,50,省着点,低落,雨,约会,想健康,微辣,,6,兰州牛肉面,长三角粉面,1,chosen,0.7266,0.7326,test,normal
896,晚餐,3,50,省着点,低落,雨,约会,想健康,微辣,,6,兰州牛肉面,长三角粉面,1,chosen,0.7266,0.7005,test,normal
897,夜宵,4,102,正常,一般,晴,家人,随便,中辣,麸质,26,烤鸡翅,烧烤小吃,1,chosen,0.667,0.6386,test,normal
897,夜宵,4,102,正常,一般,晴,家人,随便,中辣,麸质,26,烤鸡翅,烧烤小吃,1,chosen,0.667,0.6775,test,normal
897,夜宵,4,102,正常,一般,晴,家人,随便,中辣,麸质,26,烤鸡翅,烧烤小吃,1,chosen,0.667,0.6763,test,normal
897,夜宵,4,102,正常,一般,晴,家人,随便,中辣,麸质,627,炒年糕,烧烤小吃,0,considered,0.651,0.6586,test,normal
897,夜宵,4,102,正常,一般,晴,家人,随便,中辣,麸质,645,臭豆腐,烧烤小吃,0,considered,0.6461,0.6599,test,normal
898,早餐,4,22,想吃好点,开心,晴,朋友,随便,中辣,,425,黑椒猪肚,早茶点心,1,chosen,0.6172,0.5973,train,normal
898,早餐,4,22,想吃好点,开心,晴,朋友,随便,中辣,,425,黑椒猪肚,早茶点心,1,chosen,0.6172,0.609,train,normal
898,早餐,4,22,想吃好点,开心,晴,朋友,随便,中辣,,425,黑椒猪肚,早茶点心,1,chosen,0.6172,0.5533,train,normal
898,早餐,4,22,想吃好点,开心,晴,朋友,随便,中辣,,424,黑椒牛仔骨,早茶点心,0,considered,0.6172,0.6814,train,normal
898,早餐,4,22,想吃好点,开心,晴,朋友,随便,中辣,,421,蒸牛百叶,早茶点心,0,considered,0.6016,0.564,train,normal
899,午餐,5,77,正常,开心,阴,家人,不关心,微辣,素食,371,鱼香茄子煲,广府家常菜,1,chosen,0.6177,0.6533,train,normal
899,午餐,5,77,正常,开心,阴,家人,不关心,微辣,素食,371,鱼香茄子煲,广府家常菜,1,chosen,0.6177,0.671,train,normal
899,午餐,5,77,正常,开心,阴,家人,不关心,微辣,素食,371,鱼香茄子煲,广府家常菜,1,chosen,0.6177,0.6293,train,normal
899,午餐,5,77,正常,开心,阴,家人,不关心,微辣,素食,353,姜葱炒牛肉,广府家常菜,0,considered,0.0,0.0,train,normal
899,午餐,5,77,正常,开心,阴,家人,不关心,微辣,素食,352,咸鱼茄煲,广府家常菜,0,considered,0.0,0.0,train,normal
900,晚餐,1,48,省着点,一般,热,朋友,随便,中辣,素食,658,卤水豆腐,烧腊卤味,1,chosen,0.6126,0.6089,train,normal
900,晚餐,1,48,省着点,一般,热,朋友,随便,中辣,素食,658,卤水豆腐,烧腊卤味,1,chosen,0.6126,0.6244,train,normal
900,晚餐,1,48,省着点,一般,热,朋友,随便,中辣,素食,658,卤水豆腐,烧腊卤味,1,chosen,0.6126,0.5674,train,normal
900,晚餐,1,48,省着点,一般,热,朋友,随便,中辣,素食,657,卤水掌翼,烧腊卤味,0,considered,0.0,0.0104,train,normal
900,晚餐,1,48,省着点,一般,热,朋友,随便,中辣,素食,656,卤水拼盘,烧腊卤味,0,considered,0.0,0.0,train,normal
901,午餐,5,60,正常,疲惫,热,一个人,不关心,不吃辣,,9,炸酱面,长三角粉面,1,chosen,0.6111,0.5792,train,normal
901,午餐,5,60,正常,疲惫,热,一个人,不关心,不吃辣,,9,炸酱面,长三角粉面,1,chosen,0.6111,0.5715,train,normal
901,午餐,5,60,正常,疲惫,热,一个人,不关心,不吃辣,,9,炸酱面,长三角粉面,1,chosen,0.6111,0.6149,train,normal
902,夜宵,3,41,正常,压力大,阴,一个人,想健康,不吃辣,素食,647,韭菜盒子,烧烤小吃,1,chosen,0.6373,0.6834,val,normal
902,夜宵,3,41,正常,压力大,阴,一个人,想健康,不吃辣,素食,647,韭菜盒子,烧烤小吃,1,chosen,0.6373,0.6315,val,normal
902,夜宵,3,41,正常,压力大,阴,一个人,想健康,不吃辣,素食,647,韭菜盒子,烧烤小吃,1,chosen,0.6373,0.599,val,normal
903,午餐,4,99,正常,压力大,冷,同事,不关心,微辣,麸质,2,青椒肉丝,煲仔饭碟头饭,1,chosen,0.6657,0.6768,train,normal
903,午餐,4,99,正常,压力大,冷,同事,不关心,微辣,麸质,2,青椒肉丝,煲仔饭碟头饭,1,chosen,0.6657,0.668,train,normal
903,午餐,4,99,正常,压力大,冷,同事,不关心,微辣,麸质,2,青椒肉丝,煲仔饭碟头饭,1,chosen,0.6657,0.6648,train,normal
904,午餐,3,36,正常,开心,阴,朋友,严格控制,中辣,,15,宫保鸡丁,家常炒菜,1,chosen,0.6848,0.6565,train,normal
904,午餐,3,36,正常,开心,阴,朋友,严格控制,中辣,,248,青椒肉丝(川),川菜,1,chosen,0.6749,0.6869,train,normal
904,午餐,3,36,正常,开心,阴,朋友,严格控制,中辣,,15,宫保鸡丁,家常炒菜,1,chosen,0.6848,0.662,train,normal
905,午餐,4,26,不差钱,开心,热,一个人,不关心,中辣,麸质,656,卤水拼盘,烧腊卤味,1,chosen,0.5707,0.6177,val,normal
905,午餐,4,26,不差钱,开心,热,一个人,不关心,中辣,麸质,656,卤水拼盘,烧腊卤味,1,chosen,0.5707,0.5406,val,normal
905,午餐,4,26,不差钱,开心,热,一个人,不关心,中辣,麸质,656,卤水拼盘,烧腊卤味,1,chosen,0.5707,0.5681,val,normal
906,午餐,5,37,正常,一般,雨,家人,想健康,不吃辣,,680,海南鸡饭,煲仔饭碟头饭,1,chosen,0.6918,0.6495,train,normal
906,午餐,5,37,正常,一般,雨,家人,想健康,不吃辣,,680,海南鸡饭,煲仔饭碟头饭,1,chosen,0.6918,0.6795,train,normal
906,午餐,5,37,正常,一般,雨,家人,想健康,不吃辣,,680,海南鸡饭,煲仔饭碟头饭,1,chosen,0.6918,0.7161,train,normal
907,晚餐,4,76,省着点,一般,阴,朋友,随便,微辣,海鲜,658,卤水豆腐,烧腊卤味,1,chosen,0.6052,0.5786,val,normal
907,晚餐,4,76,省着点,一般,阴,朋友,随便,微辣,海鲜,658,卤水豆腐,烧腊卤味,1,chosen,0.6052,0.6228,val,normal
907,晚餐,4,76,省着点,一般,阴,朋友,随便,微辣,海鲜,658,卤水豆腐,烧腊卤味,1,chosen,0.6052,0.6036,val,normal
907,晚餐,4,76,省着点,一般,阴,朋友,随便,微辣,海鲜,648,卤水鸡翅,烧腊卤味,0,considered,0.5851,0.5428,val,normal
907,晚餐,4,76,省着点,一般,阴,朋友,随便,微辣,海鲜,659,卤水鸭掌,烧腊卤味,0,considered,0.5775,0.5127,val,normal
908,午餐,2,39,正常,一般,冷,约会,不关心,不吃辣,,368,豉汁蒸凤爪,广府家常菜,1,chosen,0.677,0.7132,val,normal
908,午餐,2,39,正常,一般,冷,约会,不关心,不吃辣,,368,豉汁蒸凤爪,广府家常菜,1,chosen,0.677,0.6634,val,normal
908,午餐,2,39,正常,一般,冷,约会,不关心,不吃辣,,368,豉汁蒸凤爪,广府家常菜,1,chosen,0.677,0.6585,val,normal
909,午餐,5,18,正常,疲惫,雨,约会,不关心,微辣,,2,青椒肉丝,煲仔饭碟头饭,1,chosen,0.726,0.6989,val,normal
909,午餐,5,18,正常,疲惫,雨,约会,不关心,微辣,,2,青椒肉丝,煲仔饭碟头饭,1,chosen,0.726,0.6734,val,normal
909,午餐,5,18,正常,疲惫,雨,约会,不关心,微辣,,2,青椒肉丝,煲仔饭碟头饭,1,chosen,0.726,0.7378,val,normal
909,午餐,5,18,正常,疲惫,雨,约会,不关心,微辣,,4,咖喱鸡排饭,煲仔饭碟头饭,0,considered,0.7196,0.7138,val,normal
909,午餐,5,18,正常,疲惫,雨,约会,不关心,微辣,,684,窝蛋牛肉饭,煲仔饭碟头饭,0,considered,0.7142,0.7369,val,normal
910,早餐,3,27,想吃好点,低落,热,家人,随便,微辣,素食,413,白糖糕,早茶点心,1,chosen,0.6077,0.5619,train,normal
910,早餐,3,27,想吃好点,低落,热,家人,随便,微辣,素食,413,白糖糕,早茶点心,1,chosen,0.6077,0.6893,train,normal
910,早餐,3,27,想吃好点,低落,热,家人,随便,微辣,素食,413,白糖糕,早茶点心,1,chosen,0.6077,0.5675,train,normal
910,早餐,3,27,想吃好点,低落,热,家人,随便,微辣,素食,417,虾饺,早茶点心,0,considered,0.0,0.0,train,normal
910,早餐,3,27,想吃好点,低落,热,家人,随便,微辣,素食,416,莲蓉包,早茶点心,0,considered,0.0,0.022,train,normal
911,午餐,2,15,想吃好点,一般,雨,约会,随便,重辣,,580,臭豆腐炒辣椒,湘菜,1,chosen,0.6661,0.5478,train,normal
911,午餐,2,15,想吃好点,一般,雨,约会,随便,重辣,,580,臭豆腐炒辣椒,湘菜,1,chosen,0.6661,0.6048,train,normal
911,午餐,2,15,想吃好点,一般,雨,约会,随便,重辣,,580,臭豆腐炒辣椒,湘菜,1,chosen,0.6661,0.7008,train,normal
912,午餐,5,31,省着点,开心,热,同事,不关心,中辣,"海鲜,乳制品",60,东北饭包,东北菜,1,chosen,0.6178,0.6523,train,normal
912,午餐,5,31,省着点,开心,热,同事,不关心,中辣,"海鲜,乳制品",60,东北饭包,东北菜,1,chosen,0.6178,0.5977,train,normal
912,午餐,5,31,省着点,开心,热,同事,不关心,中辣,"海鲜,乳制品",60,东北饭包,东北菜,1,chosen,0.6178,0.6216,train,normal
912,午餐,5,31,省着点,开心,热,同事,不关心,中辣,"海鲜,乳制品",62,哈尔滨红肠,东北菜,0,considered,0.5898,0.5237,train,normal
912,午餐,5,31,省着点,开心,热,同事,不关心,中辣,"海鲜,乳制品",126,松仁小肚,东北菜,0,considered,0.5822,0.4984,train,normal
913,午餐,5,65,正常,压力大,雨,朋友,严格控制,不吃辣,,680,海南鸡饭,煲仔饭碟头饭,1,chosen,0.7497,0.7617,val,normal
913,午餐,5,65,正常,压力大,雨,朋友,严格控制,不吃辣,,680,海南鸡饭,煲仔饭碟头饭,1,chosen,0.7497,0.7641,val,normal
913,午餐,5,65,正常,压力大,雨,朋友,严格控制,不吃辣,,680,海南鸡饭,煲仔饭碟头饭,1,chosen,0.7497,0.757,val,normal
914,晚餐,5,34,想吃好点,一般,阴,朋友,随便,重辣,乳制品,524,香辣鱼块,湘菜,1,chosen,0.6452,0.662,train,normal
914,晚餐,5,34,想吃好点,一般,阴,朋友,随便,重辣,乳制品,569,爆炒肥肠,湘菜,1,chosen,0.6452,0.6587,train,normal
914,晚餐,5,34,想吃好点,一般,阴,朋友,随便,重辣,乳制品,524,香辣鱼块,湘菜,1,chosen,0.6452,0.6878,train,normal
914,晚餐,5,34,想吃好点,一般,阴,朋友,随便,重辣,乳制品,548,干锅茶树菇,湘菜,0,considered,0.6452,0.6087,train,normal
914,晚餐,5,34,想吃好点,一般,阴,朋友,随便,重辣,乳制品,569,爆炒肥肠,湘菜,0,considered,0.6452,0.6336,train,normal
915,午餐,4,75,省着点,开心,雨,同事,随便,微辣,"海鲜,乳制品",284,牛肉焦饼,川菜,1,chosen,0.6208,0.6026,train,normal
915,午餐,4,75,省着点,开心,雨,同事,随便,微辣,"海鲜,乳制品",284,牛肉焦饼,川菜,1,chosen,0.6208,0.6619,train,normal
915,午餐,4,75,省着点,开心,雨,同事,随便,微辣,"海鲜,乳制品",284,牛肉焦饼,川菜,1,chosen,0.6208,0.663,train,normal
915,午餐,4,75,省着点,开心,雨,同事,随便,微辣,"海鲜,乳制品",259,军屯锅魁,川菜,0,considered,0.6208,0.6298,train,normal
915,午餐,4,75,省着点,开心,雨,同事,随便,微辣,"海鲜,乳制品",289,糖油果子,川菜,0,considered,0.6129,0.6625,train,normal
916,午餐,3,58,想吃好点,一般,晴,一个人,不关心,中辣,乳制品,307,魔芋烧鸭,川菜,1,chosen,0.5269,0.486,train,normal
916,午餐,3,58,想吃好点,一般,晴,一个人,不关心,中辣,乳制品,307,魔芋烧鸭,川菜,1,chosen,0.5269,0.536,train,normal
916,午餐,3,58,想吃好点,一般,晴,一个人,不关心,中辣,乳制品,307,魔芋烧鸭,川菜,1,chosen,0.5269,0.5285,train,normal
916,午餐,3,58,想吃好点,一般,晴,一个人,不关心,中辣,乳制品,317,冒鸭子,川菜,0,considered,0.5269,0.558,train,normal
916,午餐,3,58,想吃好点,一般,晴,一个人,不关心,中辣,乳制品,309,鱼香虾仁,川菜,0,considered,0.5269,0.4765,train,normal
917,夜宵,4,37,想吃好点,一般,阴,朋友,不关心,微辣,,636,鸡蛋灌饼,烧烤小吃,1,chosen,0.6305,0.6106,val,normal
917,夜宵,4,37,想吃好点,一般,阴,朋友,不关心,微辣,,627,炒年糕,烧烤小吃,1,chosen,0.6473,0.7065,val,normal
917,夜宵,4,37,想吃好点,一般,阴,朋友,不关心,微辣,,627,炒年糕,烧烤小吃,1,chosen,0.6473,0.6244,val,normal
917,夜宵,4,37,想吃好点,一般,阴,朋友,不关心,微辣,,645,臭豆腐,烧烤小吃,0,considered,0.6393,0.6213,val,normal
917,夜宵,4,37,想吃好点,一般,阴,朋友,不关心,微辣,,636,鸡蛋灌饼,烧烤小吃,0,considered,0.6305,0.6269,val,normal
918,午餐,3,46,省着点,低落,晴,家人,不关心,中辣,,523,长沙臭豆腐,湘菜,1,chosen,0.6481,0.5848,val,normal
918,午餐,3,46,省着点,低落,晴,家人,不关心,中辣,,523,长沙臭豆腐,湘菜,1,chosen,0.6481,0.6686,val,normal
918,午餐,3,46,省着点,低落,晴,家人,不关心,中辣,,523,长沙臭豆腐,湘菜,1,chosen,0.6481,0.6024,val,normal
919,午餐,4,15,正常,低落,阴,约会,严格控制,不吃辣,,347,菜心炒牛肉,广府家常菜,1,chosen,0.6749,0.6642,train,normal
919,午餐,4,15,正常,低落,阴,约会,严格控制,不吃辣,,347,菜心炒牛肉,广府家常菜,1,chosen,0.6749,0.6555,train,normal
919,午餐,4,15,正常,低落,阴,约会,严格控制,不吃辣,,347,菜心炒牛肉,广府家常菜,1,chosen,0.6749,0.6327,train,normal
919,午餐,4,15,正常,低落,阴,约会,严格控制,不吃辣,,350,丝瓜炒牛肉,广府家常菜,0,considered,0.6749,0.5575,train,normal
919,午餐,4,15,正常,低落,阴,约会,严格控制,不吃辣,,353,姜葱炒牛肉,广府家常菜,0,considered,0.6749,0.674,train,normal
920,午餐,4,47,省着点,压力大,雨,朋友,随便,重辣,,10,螺蛳粉,长三角粉面,1,chosen,0.7272,0.7265,train,normal
920,午餐,4,47,省着点,压力大,雨,朋友,随便,重辣,,10,螺蛳粉,长三角粉面,1,chosen,0.7272,0.755,train,normal
920,午餐,4,47,省着点,压力大,雨,朋友,随便,重辣,,10,螺蛳粉,长三角粉面,1,chosen,0.7272,0.7148,train,normal
921,晚餐,3,71,正常,压力大,雪,家人,不关心,中辣,"海鲜,乳制品",15,宫保鸡丁,家常炒菜,1,chosen,0.7802,0.7914,test,snow
921,晚餐,3,71,正常,压力大,雪,家人,不关心,中辣,"海鲜,乳制品",15,宫保鸡丁,家常炒菜,1,chosen,0.7802,0.8263,test,snow
921,晚餐,3,71,正常,压力大,雪,家人,不关心,中辣,"海鲜,乳制品",15,宫保鸡丁,家常炒菜,1,chosen,0.7802,0.8354,test,snow
922,午餐,2,59,正常,一般,晴,朋友,严格控制,微辣,麸质,162,干煸茧蛹,东北菜,1,chosen,0.6532,0.6271,train,normal
922,午餐,2,59,正常,一般,晴,朋友,严格控制,微辣,麸质,162,干煸茧蛹,东北菜,1,chosen,0.6532,0.7173,train,normal
922,午餐,2,59,正常,一般,晴,朋友,严格控制,微辣,麸质,162,干煸茧蛹,东北菜,1,chosen,0.6532,0.6155,train,normal
923,晚餐,2,73,正常,兴奋,晴,朋友,严格控制,中辣,,594,醋蒸鸡,湘菜,1,chosen,0.6767,0.683,train,normal
923,晚餐,2,73,正常,兴奋,晴,朋友,严格控制,中辣,,594,醋蒸鸡,湘菜,1,chosen,0.6767,0.7105,train,normal
923,晚餐,2,73,正常,兴奋,晴,朋友,严格控制,中辣,,594,醋蒸鸡,湘菜,1,chosen,0.6767,0.6087,train,normal
924,晚餐,2,56,正常,疲惫,阴,约会,不关心,中辣,,557,浏阳蒸菜,湘菜,1,chosen,0.6756,0.6245,train,normal
924,晚餐,2,56,正常,疲惫,阴,约会,不关心,中辣,,557,浏阳蒸菜,湘菜,1,chosen,0.6756,0.6901,train,normal
924,晚餐,2,56,正常,疲惫,阴,约会,不关心,中辣,,557,浏阳蒸菜,湘菜,1,chosen,0.6756,0.6948,train,normal
925,午餐,5,57,正常,兴奋,冷,同事,想健康,微辣,,2,青椒肉丝,煲仔饭碟头饭,1,chosen,0.6648,0.6765,train,normal
925,午餐,5,57,正常,兴奋,冷,同事,想健康,微辣,,2,青椒肉丝,煲仔饭碟头饭,1,chosen,0.6648,0.6632,train,normal
925,午餐,5,57,正常,兴奋,冷,同事,想健康,微辣,,2,青椒肉丝,煲仔饭碟头饭,1,chosen,0.6648,0.6381,train,normal
925,午餐,5,57,正常,兴奋,冷,同事,想健康,微辣,,680,海南鸡饭,煲仔饭碟头饭,0,considered,0.651,0.7052,train,normal
925,午餐,5,57,正常,兴奋,冷,同事,想健康,微辣,,670,油鸡饭,煲仔饭碟头饭,0,considered,0.6471,0.6566,train,normal
926,午餐,3,33,正常,疲惫,热,朋友,随便,中辣,,579,腊味萝卜干,湘菜,1,chosen,0.7109,0.6804,train,normal
926,午餐,3,33,正常,疲惫,热,朋友,随便,中辣,,579,腊味萝卜干,湘菜,1,chosen,0.7109,0.7374,train,normal
926,午餐,3,33,正常,疲惫,热,朋友,随便,中辣,,579,腊味萝卜干,湘菜,1,chosen,0.7109,0.6913,train,normal
927,午餐,2,17,不差钱,疲惫,冷,朋友,不关心,微辣,素食,72,手撕包菜(东北),东北菜,1,chosen,0.6495,0.5795,val,normal
927,午餐,2,17,不差钱,疲惫,冷,朋友,不关心,微辣,素食,195,清炒草头,家常炒菜,1,chosen,0.6381,0.6583,val,normal
927,午餐,2,17,不差钱,疲惫,冷,朋友,不关心,微辣,素食,72,手撕包菜(东北),东北菜,1,chosen,0.6495,0.6078,val,normal
928,晚餐,1,46,不差钱,一般,阴,朋友,不关心,微辣,,501,清蒸大闸蟹,本帮江浙菜,1,chosen,0.5879,0.5482,train,normal
928,晚餐,1,46,不差钱,一般,阴,朋友,不关心,微辣,,501,清蒸大闸蟹,本帮江浙菜,1,chosen,0.5879,0.6011,train,normal
928,晚餐,1,46,不差钱,一般,阴,朋友,不关心,微辣,,501,清蒸大闸蟹,本帮江浙菜,1,chosen,0.5879,0.6431,train,normal
929,晚餐,3,47,省着点,开心,冷,朋友,想健康,微辣,,71,干豆腐炒尖椒,东北菜,1,chosen,0.6909,0.6774,train,normal
929,晚餐,3,47,省着点,开心,冷,朋友,想健康,微辣,,71,干豆腐炒尖椒,东北菜,1,chosen,0.6909,0.6957,train,normal
929,晚餐,3,47,省着点,开心,冷,朋友,想健康,微辣,,71,干豆腐炒尖椒,东北菜,1,chosen,0.6909,0.631,train,normal
930,午餐,4,25,想吃好点,压力大,阴,同事,想健康,不吃辣,乳制品,680,海南鸡饭,煲仔饭碟头饭,1,chosen,0.6428,0.6101,train,normal
930,午餐,4,25,想吃好点,压力大,阴,同事,想健康,不吃辣,乳制品,680,海南鸡饭,煲仔饭碟头饭,1,chosen,0.6428,0.6203,train,normal
930,午餐,4,25,想吃好点,压力大,阴,同事,想健康,不吃辣,乳制品,680,海南鸡饭,煲仔饭碟头饭,1,chosen,0.6428,0.626,train,normal
931,晚餐,2,43,想吃好点,一般,阴,一个人,严格控制,不吃辣,,353,姜葱炒牛肉,广府家常菜,1,chosen,0.5563,0.5857,train,normal
931,晚餐,2,43,想吃好点,一般,阴,一个人,严格控制,不吃辣,,353,姜葱炒牛肉,广府家常菜,1,chosen,0.5563,0.5553,train,normal
931,晚餐,2,43,想吃好点,一般,阴,一个人,严格控制,不吃辣,,353,姜葱炒牛肉,广府家常菜,1,chosen,0.5563,0.6025,train,normal
931,晚餐,2,43,想吃好点,一般,阴,一个人,严格控制,不吃辣,,354,姜葱焗鱼,广府家常菜,0,considered,0.5563,0.5912,train,normal
931,晚餐,2,43,想吃好点,一般,阴,一个人,严格控制,不吃辣,,347,菜心炒牛肉,广府家常菜,0,considered,0.5563,0.5356,train,normal
932,晚餐,4,33,正常,开心,雨,一个人,随便,微辣,,284,牛肉焦饼,川菜,1,chosen,0.5778,0.5792,train,normal
932,晚餐,4,33,正常,开心,雨,一个人,随便,微辣,,2,青椒肉丝,煲仔饭碟头饭,1,chosen,0.5778,0.5958,train,normal
932,晚餐,4,33,正常,开心,雨,一个人,随便,微辣,,284,牛肉焦饼,川菜,1,chosen,0.5778,0.5833,train,normal
933,午餐,3,67,正常,低落,雨,朋友,严格控制,中辣,,15,宫保鸡丁,家常炒菜,1,chosen,0.7579,0.7285,train,normal
933,午餐,3,67,正常,低落,雨,朋友,严格控制,中辣,,15,宫保鸡丁,家常炒菜,1,chosen,0.7579,0.7819,train,normal
933,午餐,3,67,正常,低落,雨,朋友,严格控制,中辣,,15,宫保鸡丁,家常炒菜,1,chosen,0.7579,0.7015,train,normal
934,午餐,3,86,想吃好点,开心,阴,一个人,随便,中辣,,588,血鸭,湘菜,1,chosen,0.5383,0.5692,val,normal
934,午餐,3,86,想吃好点,开心,阴,一个人,随便,中辣,,588,血鸭,湘菜,1,chosen,0.5383,0.539,val,normal
934,午餐,3,86,想吃好点,开心,阴,一个人,随便,中辣,,588,血鸭,湘菜,1,chosen,0.5383,0.4887,val,normal
935,午餐,4,43,正常,低落,阴,家人,想健康,中辣,,15,宫保鸡丁,家常炒菜,1,chosen,0.6971,0.7334,val,normal
935,午餐,4,43,正常,低落,阴,家人,想健康,中辣,,557,浏阳蒸菜,湘菜,1,chosen,0.6911,0.74,val,normal
935,午餐,4,43,正常,低落,阴,家人,想健康,中辣,,15,宫保鸡丁,家常炒菜,1,chosen,0.6971,0.694,val,normal
936,午餐,4,67,不差钱,压力大,阴,朋友,严格控制,微辣,"海鲜,乳制品",24,菌汤火锅,火锅麻辣烫,1,chosen,0.7052,0.7034,train,normal
936,午餐,4,67,不差钱,压力大,阴,朋友,严格控制,微辣,"海鲜,乳制品",24,菌汤火锅,火锅麻辣烫,1,chosen,0.7052,0.7609,train,normal
936,午餐,4,67,不差钱,压力大,阴,朋友,严格控制,微辣,"海鲜,乳制品",24,菌汤火锅,火锅麻辣烫,1,chosen,0.7052,0.7261,train,normal
936,午餐,4,67,不差钱,压力大,阴,朋友,严格控制,微辣,"海鲜,乳制品",621,番茄火锅,火锅麻辣烫,0,considered,0.6911,0.6582,train,normal
936,午餐,4,67,不差钱,压力大,阴,朋友,严格控制,微辣,"海鲜,乳制品",20,清汤火锅,火锅麻辣烫,0,considered,0.6795,0.639,train,normal
937,早餐,3,57,正常,开心,晴,家人,想健康,不吃辣,素食,433,白粥配咸菜,早餐粥点,1,chosen,0.6353,0.5445,train,normal
937,早餐,3,57,正常,开心,晴,家人,想健康,不吃辣,素食,433,白粥配咸菜,早餐粥点,1,chosen,0.6353,0.6118,train,normal
937,早餐,3,57,正常,开心,晴,家人,想健康,不吃辣,素食,433,白粥配咸菜,早餐粥点,1,chosen,0.6353,0.6178,train,normal
938,早餐,3,46,想吃好点,疲惫,热,家人,随便,微辣,素食,413,白糖糕,早茶点心,1,chosen,0.6503,0.6502,test,normal
938,早餐,3,46,想吃好点,疲惫,热,家人,随便,微辣,素食,413,白糖糕,早茶点心,1,chosen,0.6503,0.7045,test,normal
938,早餐,3,46,想吃好点,疲惫,热,家人,随便,微辣,素食,413,白糖糕,早茶点心,1,chosen,0.6503,0.6502,test,normal
939,早餐,2,40,省着点,一般,阴,一个人,想健康,中辣,,439,菜肉大馄饨,早餐粥点,1,chosen,0.6132,0.5799,train,normal
939,早餐,2,40,省着点,一般,阴,一个人,想健康,中辣,,445,咖喱牛肉汤,早餐粥点,1,chosen,0.6132,0.6414,train,normal
939,早餐,2,40,省着点,一般,阴,一个人,想健康,中辣,,46,燕麦牛奶粥,早餐粥点,1,chosen,0.623,0.6634,train,normal
940,午餐,3,16,省着点,压力大,晴,朋友,不关心,中辣,,591,酸菜炒粉皮,湘菜,1,chosen,0.6565,0.6637,train,normal
940,午餐,3,16,省着点,压力大,晴,朋友,不关心,中辣,,11,云南小锅米线,长三角粉面,1,chosen,0.6597,0.6912,train,normal
940,午餐,3,16,省着点,压力大,晴,朋友,不关心,中辣,,11,云南小锅米线,长三角粉面,1,chosen,0.6597,0.6168,train,normal
940,午餐,3,16,省着点,压力大,晴,朋友,不关心,中辣,,786,南京皮肚面,长三角粉面,0,considered,0.647,0.6029,train,normal
940,午餐,3,16,省着点,压力大,晴,朋友,不关心,中辣,,6,兰州牛肉面,长三角粉面,0,considered,0.6441,0.6651,train,normal
941,午餐,5,78,正常,压力大,阴,朋友,想健康,不吃辣,海鲜,680,海南鸡饭,煲仔饭碟头饭,1,chosen,0.6999,0.7362,val,normal
941,午餐,5,78,正常,压力大,阴,朋友,想健康,不吃辣,海鲜,680,海南鸡饭,煲仔饭碟头饭,1,chosen,0.6999,0.6591,val,normal
941,午餐,5,78,正常,压力大,阴,朋友,想健康,不吃辣,海鲜,680,海南鸡饭,煲仔饭碟头饭,1,chosen,0.6999,0.7041,val,normal
942,晚餐,5,45,想吃好点,疲惫,晴,朋友,不关心,不吃辣,,687,黄鳝煲仔饭,煲仔饭碟头饭,1,chosen,0.657,0.6808,test,normal
942,晚餐,5,45,想吃好点,疲惫,晴,朋友,不关心,不吃辣,,687,黄鳝煲仔饭,煲仔饭碟头饭,1,chosen,0.657,0.6714,test,normal
942,晚餐,5,45,想吃好点,疲惫,晴,朋友,不关心,不吃辣,,687,黄鳝煲仔饭,煲仔饭碟头饭,1,chosen,0.657,0.6316,test,normal
943,夜宵,3,89,省着点,压力大,雨,一个人,不关心,不吃辣,麸质,625,沙县扁肉,烧烤小吃,1,chosen,0.6519,0.6209,train,normal
943,夜宵,3,89,省着点,压力大,雨,一个人,不关心,不吃辣,麸质,625,沙县扁肉,烧烤小吃,1,chosen,0.6519,0.6146,train,normal
943,夜宵,3,89,省着点,压力大,雨,一个人,不关心,不吃辣,麸质,625,沙县扁肉,烧烤小吃,1,chosen,0.6519,0.644,train,normal
944,晚餐,5,68,正常,压力大,雨,约会,想健康,不吃辣,乳制品,680,海南鸡饭,煲仔饭碟头饭,1,chosen,0.7637,0.743,val,normal
944,晚餐,5,68,正常,压力大,雨,约会,想健康,不吃辣,乳制品,680,海南鸡饭,煲仔饭碟头饭,1,chosen,0.7637,0.7758,val,normal
944,晚餐,5,68,正常,压力大,雨,约会,想健康,不吃辣,乳制品,680,海南鸡饭,煲仔饭碟头饭,1,chosen,0.7637,0.7503,val,normal
945,早餐,1,52,省着点,开心,热,约会,严格控制,重辣,,445,咖喱牛肉汤,早餐粥点,1,chosen,0.7384,0.756,train,normal
945,早餐,1,52,省着点,开心,热,约会,严格控制,重辣,,445,咖喱牛肉汤,早餐粥点,1,chosen,0.7384,0.7494,train,normal
945,早餐,1,52,省着点,开心,热,约会,严格控制,重辣,,445,咖喱牛肉汤,早餐粥点,1,chosen,0.7384,0.7159,train,normal
946,午餐,1,60,想吃好点,一般,阴,一个人,想健康,微辣,,166,炒蚕蛹,东北菜,1,chosen,0.5408,0.4769,val,normal
946,午餐,1,60,想吃好点,一般,阴,一个人,想健康,微辣,,166,炒蚕蛹,东北菜,1,chosen,0.5408,0.5666,val,normal
946,午餐,1,60,想吃好点,一般,阴,一个人,想健康,微辣,,166,炒蚕蛹,东北菜,1,chosen,0.5408,0.5381,val,normal
947,晚餐,3,33,想吃好点,压力大,雨,朋友,想健康,中辣,,15,宫保鸡丁,家常炒菜,1,chosen,0.7592,0.7835,val,normal
947,晚餐,3,33,想吃好点,压力大,雨,朋友,想健康,中辣,,15,宫保鸡丁,家常炒菜,1,chosen,0.7592,0.7778,val,normal
947,晚餐,3,33,想吃好点,压力大,雨,朋友,想健康,中辣,,15,宫保鸡丁,家常炒菜,1,chosen,0.7592,0.7639,val,normal
948,晚餐,3,73,正常,疲惫,热,约会,想健康,微辣,"海鲜,乳制品",292,荤豆花,川菜,1,chosen,0.7284,0.7284,train,normal
948,晚餐,3,73,正常,疲惫,热,约会,想健康,微辣,"海鲜,乳制品",658,卤水豆腐,烧腊卤味,1,chosen,0.735,0.723,train,normal
948,晚餐,3,73,正常,疲惫,热,约会,想健康,微辣,"海鲜,乳制品",658,卤水豆腐,烧腊卤味,1,chosen,0.735,0.738,train,normal
949,午餐,3,53,省着点,兴奋,晴,家人,不关心,中辣,"海鲜,乳制品",523,长沙臭豆腐,湘菜,1,chosen,0.6163,0.6294,train,normal
949,午餐,3,53,省着点,兴奋,晴,家人,不关心,中辣,"海鲜,乳制品",523,长沙臭豆腐,湘菜,1,chosen,0.6163,0.6267,train,normal
949,午餐,3,53,省着点,兴奋,晴,家人,不关心,中辣,"海鲜,乳制品",523,长沙臭豆腐,湘菜,1,chosen,0.6163,0.63,train,normal
949,午餐,3,53,省着点,兴奋,晴,家人,不关心,中辣,"海鲜,乳制品",591,酸菜炒粉皮,湘菜,0,considered,0.6084,0.5889,train,normal
949,午餐,3,53,省着点,兴奋,晴,家人,不关心,中辣,"海鲜,乳制品",579,腊味萝卜干,湘菜,0,considered,0.6084,0.5616,train,normal
950,晚餐,2,15,想吃好点,开心,晴,一个人,不关心,重辣,,580,臭豆腐炒辣椒,湘菜,1,chosen,0.5348,0.5193,train,normal
950,晚餐,2,15,想吃好点,开心,晴,一个人,不关心,重辣,,366,豉椒炒花甲,广府家常菜,1,chosen,0.5304,0.5228,train,normal
950,晚餐,2,15,想吃好点,开心,晴,一个人,不关心,重辣,,580,臭豆腐炒辣椒,湘菜,1,chosen,0.5348,0.5049,train,normal
951,午餐,4,79,正常,压力大,雪,朋友,随便,不吃辣,,680,海南鸡饭,煲仔饭碟头饭,1,chosen,0.7756,0.7207,test,snow
951,午餐,4,79,正常,压力大,雪,朋友,随便,不吃辣,,680,海南鸡饭,煲仔饭碟头饭,1,chosen,0.7756,0.7395,test,snow
951,午餐,4,79,正常,压力大,雪,朋友,随便,不吃辣,,680,海南鸡饭,煲仔饭碟头饭,1,chosen,0.7756,0.7272,test,snow
952,晚餐,4,105,正常,疲惫,晴,家人,不关心,中辣,海鲜,15,宫保鸡丁,家常炒菜,1,chosen,0.6654,0.6964,train,normal
952,晚餐,4,105,正常,疲惫,晴,家人,不关心,中辣,海鲜,15,宫保鸡丁,家常炒菜,1,chosen,0.6654,0.6784,train,normal
952,晚餐,4,105,正常,疲惫,晴,家人,不关心,中辣,海鲜,15,宫保鸡丁,家常炒菜,1,chosen,0.6654,0.6571,train,normal
953,晚餐,5,15,正常,疲惫,晴,同事,随便,中辣,,303,铺盖面,川菜,1,chosen,0.6151,0.6173,train,normal
953,晚餐,5,15,正常,疲惫,晴,同事,随便,中辣,,303,铺盖面,川菜,1,chosen,0.6151,0.6464,train,normal
953,晚餐,5,15,正常,疲惫,晴,同事,随便,中辣,,303,铺盖面,川菜,1,chosen,0.6151,0.6027,train,normal
954,晚餐,5,67,正常,疲惫,阴,同事,想健康,不吃辣,麸质,680,海南鸡饭,煲仔饭碟头饭,1,chosen,0.6391,0.6332,train,normal
954,晚餐,5,67,正常,疲惫,阴,同事,想健康,不吃辣,麸质,680,海南鸡饭,煲仔饭碟头饭,1,chosen,0.6391,0.6466,train,normal
954,晚餐,5,67,正常,疲惫,阴,同事,想健康,不吃辣,麸质,680,海南鸡饭,煲仔饭碟头饭,1,chosen,0.6391,0.653,train,normal
954,晚餐,5,67,正常,疲惫,阴,同事,想健康,不吃辣,麸质,684,窝蛋牛肉饭,煲仔饭碟头饭,0,considered,0.6353,0.6685,train,normal
954,晚餐,5,67,正常,疲惫,阴,同事,想健康,不吃辣,麸质,685,菜饭骨头汤,煲仔饭碟头饭,0,considered,0.6353,0.6575,train,normal
955,下午加餐,3,76,想吃好点,疲惫,晴,一个人,想健康,微辣,,770,波奇饭,轻食健康,1,chosen,0.6637,0.6801,val,normal
955,下午加餐,3,76,想吃好点,疲惫,晴,一个人,想健康,微辣,,770,波奇饭,轻食健康,1,chosen,0.6637,0.612,val,normal
955,下午加餐,3,76,想吃好点,疲惫,晴,一个人,想健康,微辣,,770,波奇饭,轻食健康,1,chosen,0.6637,0.7165,val,normal
956,晚餐,3,23,正常,疲惫,冷,家人,不关心,不吃辣,海鲜,98,酱烧茄子,东北菜,1,chosen,0.691,0.6832,val,normal
956,晚餐,3,23,正常,疲惫,冷,家人,不关心,不吃辣,海鲜,98,酱烧茄子,东北菜,1,chosen,0.691,0.6667,val,normal
956,晚餐,3,23,正常,疲惫,冷,家人,不关心,不吃辣,海鲜,98,酱烧茄子,东北菜,1,chosen,0.691,0.6894,val,normal
957,早餐,4,38,正常,一般,雪,约会,不关心,不吃辣,"海鲜,乳制品",428,及第粥,早餐粥点,1,chosen,0.7528,0.7468,test,snow
957,早餐,4,38,正常,一般,雪,约会,不关心,不吃辣,"海鲜,乳制品",428,及第粥,早餐粥点,1,chosen,0.7528,0.7142,test,snow
957,早餐,4,38,正常,一般,雪,约会,不关心,不吃辣,"海鲜,乳制品",428,及第粥,早餐粥点,1,chosen,0.7528,0.7402,test,snow
958,午餐,3,67,正常,一般,雨,同事,随便,不吃辣,"海鲜,乳制品",809,镇江锅盖面,长三角粉面,1,chosen,0.6015,0.6483,train,normal
958,午餐,3,67,正常,一般,雨,同事,随便,不吃辣,"海鲜,乳制品",809,镇江锅盖面,长三角粉面,1,chosen,0.6015,0.6345,train,normal
958,午餐,3,67,正常,一般,雨,同事,随便,不吃辣,"海鲜,乳制品",809,镇江锅盖面,长三角粉面,1,chosen,0.6015,0.5866,train,normal
959,晚餐,4,75,省着点,压力大,热,一个人,想健康,中辣,"海鲜,乳制品",60,东北饭包,东北菜,1,chosen,0.6446,0.6856,test,normal
959,晚餐,4,75,省着点,压力大,热,一个人,想健康,中辣,"海鲜,乳制品",595,长沙肉丝米粉,湘菜,1,chosen,0.6161,0.5817,test,normal
959,晚餐,4,75,省着点,压力大,热,一个人,想健康,中辣,"海鲜,乳制品",60,东北饭包,东北菜,1,chosen,0.6446,0.66,test,normal
959,晚餐,4,75,省着点,压力大,热,一个人,想健康,中辣,"海鲜,乳制品",71,干豆腐炒尖椒,东北菜,0,considered,0.602,0.6258,test,normal
959,晚餐,4,75,省着点,压力大,热,一个人,想健康,中辣,"海鲜,乳制品",126,松仁小肚,东北菜,0,considered,0.6016,0.5747,test,normal
960,晚餐,1,18,想吃好点,一般,冷,同事,不关心,微辣,,166,炒蚕蛹,东北菜,1,chosen,0.5849,0.5929,train,normal
960,晚餐,1,18,想吃好点,一般,冷,同事,不关心,微辣,,377,大良炒鲜奶,广府家常菜,1,chosen,0.5751,0.585,train,normal
960,晚餐,1,18,想吃好点,一般,冷,同事,不关心,微辣,,166,炒蚕蛹,东北菜,1,chosen,0.5849,0.5302,train,normal
961,午餐,4,53,想吃好点,疲惫,雨,约会,不关心,不吃辣,乳制品,680,海南鸡饭,煲仔饭碟头饭,1,chosen,0.7283,0.7676,train,normal
961,午餐,4,53,想吃好点,疲惫,雨,约会,不关心,不吃辣,乳制品,680,海南鸡饭,煲仔饭碟头饭,1,chosen,0.7283,0.7242,train,normal
961,午餐,4,53,想吃好点,疲惫,雨,约会,不关心,不吃辣,乳制品,680,海南鸡饭,煲仔饭碟头饭,1,chosen,0.7283,0.6619,train,normal
962,早餐,4,66,正常,一般,阴,家人,不关心,不吃辣,海鲜,451,芋头糕,早餐粥点,1,chosen,0.5978,0.5606,train,normal
962,早餐,4,66,正常,一般,阴,家人,不关心,不吃辣,海鲜,428,及第粥,早餐粥点,1,chosen,0.6143,0.5838,train,normal
962,早餐,4,66,正常,一般,阴,家人,不关心,不吃辣,海鲜,428,及第粥,早餐粥点,1,chosen,0.6143,0.6211,train,normal
962,早餐,4,66,正常,一般,阴,家人,不关心,不吃辣,海鲜,434,皮蛋瘦肉粥(珠三角),早餐粥点,0,considered,0.6015,0.6351,train,normal
962,早餐,4,66,正常,一般,阴,家人,不关心,不吃辣,海鲜,451,芋头糕,早餐粥点,0,considered,0.5978,0.5503,train,normal
963,晚餐,5,36,正常,低落,热,朋友,想健康,微辣,,237,蒜泥白肉,川菜,1,chosen,0.7144,0.7262,train,normal
963,晚餐,5,36,正常,低落,热,朋友,想健康,微辣,,237,蒜泥白肉,川菜,1,chosen,0.7144,0.7428,train,normal
963,晚餐,5,36,正常,低落,热,朋友,想健康,微辣,,237,蒜泥白肉,川菜,1,chosen,0.7144,0.6412,train,normal
963,晚餐,5,36,正常,低落,热,朋友,想健康,微辣,,292,荤豆花,川菜,0,considered,0.6953,0.7117,train,normal
963,晚餐,5,36,正常,低落,热,朋友,想健康,微辣,,284,牛肉焦饼,川菜,0,considered,0.6679,0.6527,train,normal
964,夜宵,3,27,不差钱,兴奋,阴,家人,随便,微辣,,618,烤生蚝,火锅麻辣烫,1,chosen,0.6308,0.5657,train,normal
964,夜宵,3,27,不差钱,兴奋,阴,家人,随便,微辣,,618,烤生蚝,火锅麻辣烫,1,chosen,0.6308,0.6015,train,normal
964,夜宵,3,27,不差钱,兴奋,阴,家人,随便,微辣,,618,烤生蚝,火锅麻辣烫,1,chosen,0.6308,0.632,train,normal
965,午餐,2,62,正常,一般,热,一个人,想健康,微辣,,648,卤水鸡翅,烧腊卤味,1,chosen,0.5886,0.6274,train,normal
965,午餐,2,62,正常,一般,热,一个人,想健康,微辣,,648,卤水鸡翅,烧腊卤味,1,chosen,0.5886,0.5531,train,normal
965,午餐,2,62,正常,一般,热,一个人,想健康,微辣,,648,卤水鸡翅,烧腊卤味,1,chosen,0.5886,0.5935,train,normal
966,午餐,2,38,省着点,兴奋,热,同事,随便,微辣,,658,卤水豆腐,烧腊卤味,1,chosen,0.5916,0.5426,train,normal
966,午餐,2,38,省着点,兴奋,热,同事,随便,微辣,,658,卤水豆腐,烧腊卤味,1,chosen,0.5916,0.5891,train,normal
966,午餐,2,38,省着点,兴奋,热,同事,随便,微辣,,60,东北饭包,东北菜,1,chosen,0.5716,0.5788,train,normal
966,午餐,2,38,省着点,兴奋,热,同事,随便,微辣,,648,卤水鸡翅,烧腊卤味,0,considered,0.5821,0.5762,train,normal
966,午餐,2,38,省着点,兴奋,热,同事,随便,微辣,,659,卤水鸭掌,烧腊卤味,0,considered,0.5518,0.5815,train,normal
967,晚餐,3,74,正常,压力大,雪,朋友,随便,重辣,,253,麻辣烫(川),川菜,1,chosen,0.8014,0.8241,test,snow
967,晚餐,3,74,正常,压力大,雪,朋友,随便,重辣,,253,麻辣烫(川),川菜,1,chosen,0.8014,0.7884,test,snow
967,晚餐,3,74,正常,压力大,雪,朋友,随便,重辣,,253,麻辣烫(川),川菜,1,chosen,0.8014,0.7867,test,snow
968,晚餐,5,61,想吃好点,压力大,晴,同事,随便,中辣,,4,咖喱鸡排饭,煲仔饭碟头饭,1,chosen,0.6115,0.5542,val,normal
968,晚餐,5,61,想吃好点,压力大,晴,同事,随便,中辣,,4,咖喱鸡排饭,煲仔饭碟头饭,1,chosen,0.6115,0.5811,val,normal
968,晚餐,5,61,想吃好点,压力大,晴,同事,随便,中辣,,4,咖喱鸡排饭,煲仔饭碟头饭,1,chosen,0.6115,0.6001,val,normal
969,夜宵,4,26,正常,压力大,冷,一个人,不关心,微辣,,627,炒年糕,烧烤小吃,1,chosen,0.6746,0.6276,train,normal
969,夜宵,4,26,正常,压力大,冷,一个人,不关心,微辣,,627,炒年糕,烧烤小吃,1,chosen,0.6746,0.6399,train,normal
969,夜宵,4,26,正常,压力大,冷,一个人,不关心,微辣,,627,炒年糕,烧烤小吃,1,chosen,0.6746,0.7048,train,normal
970,晚餐,5,73,想吃好点,低落,热,一个人,随便,重辣,,579,腊味萝卜干,湘菜,1,chosen,0.6067,0.6274,test,normal
970,晚餐,5,73,想吃好点,低落,热,一个人,随便,重辣,,579,腊味萝卜干,湘菜,1,chosen,0.6067,0.5905,test,normal
970,晚餐,5,73,想吃好点,低落,热,一个人,随便,重辣,,579,腊味萝卜干,湘菜,1,chosen,0.6067,0.5816,test,normal
970,晚餐,5,73,想吃好点,低落,热,一个人,随便,重辣,,569,爆炒肥肠,湘菜,0,considered,0.5947,0.6468,test,normal
970,晚餐,5,73,想吃好点,低落,热,一个人,随便,重辣,,578,腊味合蒸(农家),湘菜,0,considered,0.5947,0.5463,test,normal
971,下午加餐,3,104,不差钱,一般,晴,家人,想健康,重辣,海鲜,36,希腊酸奶坚果碗,轻食健康,1,chosen,0.623,0.6546,train,normal
971,下午加餐,3,104,不差钱,一般,晴,家人,想健康,重辣,海鲜,32,藜麦牛油果碗,轻食健康,1,chosen,0.6567,0.6448,train,normal
971,下午加餐,3,104,不差钱,一般,晴,家人,想健康,重辣,海鲜,32,藜麦牛油果碗,轻食健康,1,chosen,0.6567,0.6257,train,normal
972,晚餐,5,15,正常,压力大,雨,同事,不关心,不吃辣,乳制品,3,台式卤肉饭,煲仔饭碟头饭,1,chosen,0.6533,0.6318,test,normal
972,晚餐,5,15,正常,压力大,雨,同事,不关心,不吃辣,乳制品,3,台式卤肉饭,煲仔饭碟头饭,1,chosen,0.6533,0.6349,test,normal
972,晚餐,5,15,正常,压力大,雨,同事,不关心,不吃辣,乳制品,3,台式卤肉饭,煲仔饭碟头饭,1,chosen,0.6533,0.679,test,normal
972,晚餐,5,15,正常,压力大,雨,同事,不关心,不吃辣,乳制品,671,烧腊双拼饭,煲仔饭碟头饭,0,considered,0.6533,0.6164,test,normal
972,晚餐,5,15,正常,压力大,雨,同事,不关心,不吃辣,乳制品,672,烧鹅饭,煲仔饭碟头饭,0,considered,0.6533,0.6939,test,normal
973,午餐,2,44,省着点,压力大,晴,一个人,随便,不吃辣,,658,卤水豆腐,烧腊卤味,1,chosen,0.542,0.5559,test,normal
973,午餐,2,44,省着点,压力大,晴,一个人,随便,不吃辣,,658,卤水豆腐,烧腊卤味,1,chosen,0.542,0.5667,test,normal
973,午餐,2,44,省着点,压力大,晴,一个人,随便,不吃辣,,658,卤水豆腐,烧腊卤味,1,chosen,0.542,0.5267,test,normal
974,晚餐,3,52,正常,疲惫,阴,一个人,想健康,中辣,麸质,11,云南小锅米线,长三角粉面,1,chosen,0.6105,0.585,train,normal
974,晚餐,3,52,正常,疲惫,阴,一个人,想健康,中辣,麸质,552,攸县香干,湘菜,1,chosen,0.6105,0.5788,train,normal
974,晚餐,3,52,正常,疲惫,阴,一个人,想健康,中辣,麸质,11,云南小锅米线,长三角粉面,1,chosen,0.6105,0.6224,train,normal
975,下午加餐,1,48,省着点,兴奋,晴,家人,不关心,不吃辣,,688,双皮奶,糖水甜品,1,chosen,0.6047,0.6003,train,normal
975,下午加餐,1,48,省着点,兴奋,晴,家人,不关心,不吃辣,,688,双皮奶,糖水甜品,1,chosen,0.6047,0.5879,train,normal
975,下午加餐,1,48,省着点,兴奋,晴,家人,不关心,不吃辣,,688,双皮奶,糖水甜品,1,chosen,0.6047,0.6163,train,normal
975,下午加餐,1,48,省着点,兴奋,晴,家人,不关心,不吃辣,,712,龟苓膏,糖水甜品,0,considered,0.5751,0.5867,train,normal
975,下午加餐,1,48,省着点,兴奋,晴,家人,不关心,不吃辣,,689,杨枝甘露,糖水甜品,0,considered,0.5655,0.4643,train,normal
976,晚餐,3,33,想吃好点,开心,阴,一个人,不关心,中辣,,309,鱼香虾仁,川菜,1,chosen,0.5383,0.5715,val,normal
976,晚餐,3,33,想吃好点,开心,阴,一个人,不关心,中辣,,309,鱼香虾仁,川菜,1,chosen,0.5383,0.5153,val,normal
976,晚餐,3,33,想吃好点,开心,阴,一个人,不关心,中辣,,309,鱼香虾仁,川菜,1,chosen,0.5383,0.5834,val,normal
977,午餐,4,68,正常,一般,雨,朋友,想健康,中辣,,15,宫保鸡丁,家常炒菜,1,chosen,0.7111,0.6785,val,normal
977,午餐,4,68,正常,一般,雨,朋友,想健康,中辣,,15,宫保鸡丁,家常炒菜,1,chosen,0.7111,0.6603,val,normal
977,午餐,4,68,正常,一般,雨,朋友,想健康,中辣,,15,宫保鸡丁,家常炒菜,1,chosen,0.7111,0.7238,val,normal
978,午餐,5,46,正常,压力大,阴,同事,不关心,重辣,海鲜,2,青椒肉丝,煲仔饭碟头饭,1,chosen,0.6175,0.668,train,normal
978,午餐,5,46,正常,压力大,阴,同事,不关心,重辣,海鲜,2,青椒肉丝,煲仔饭碟头饭,1,chosen,0.6175,0.6208,train,normal
978,午餐,5,46,正常,压力大,阴,同事,不关心,重辣,海鲜,590,邵阳米粉,湘菜,1,chosen,0.6163,0.6293,train,normal
979,早餐,2,59,正常,一般,阴,一个人,想健康,微辣,,439,菜肉大馄饨,早餐粥点,1,chosen,0.6132,0.6333,train,normal
979,早餐,2,59,正常,一般,阴,一个人,想健康,微辣,,439,菜肉大馄饨,早餐粥点,1,chosen,0.6132,0.5766,train,normal
979,早餐,2,59,正常,一般,阴,一个人,想健康,微辣,,439,菜肉大馄饨,早餐粥点,1,chosen,0.6132,0.5955,train,normal
980,晚餐,4,74,正常,兴奋,雪,朋友,想健康,中辣,,15,宫保鸡丁,家常炒菜,1,chosen,0.7939,0.7155,test,snow
980,晚餐,4,74,正常,兴奋,雪,朋友,想健康,中辣,,15,宫保鸡丁,家常炒菜,1,chosen,0.7939,0.7654,test,snow
980,晚餐,4,74,正常,兴奋,雪,朋友,想健康,中辣,,292,荤豆花,川菜,1,chosen,0.7843,0.7335,test,snow
981,早餐,5,36,不差钱,兴奋,晴,约会,随便,微辣,,454,蟹粉小笼包,早餐粥点,1,chosen,0.6309,0.5999,train,normal
981,早餐,5,36,不差钱,兴奋,晴,约会,随便,微辣,,408,凤爪,早茶点心,1,chosen,0.6013,0.584,train,normal
981,早餐,5,36,不差钱,兴奋,晴,约会,随便,微辣,,454,蟹粉小笼包,早餐粥点,1,chosen,0.6309,0.6097,train,normal
981,早餐,5,36,不差钱,兴奋,晴,约会,随便,微辣,,428,及第粥,早餐粥点,0,considered,0.6217,0.611,train,normal
981,早餐,5,36,不差钱,兴奋,晴,约会,随便,微辣,,451,芋头糕,早餐粥点,0,considered,0.6008,0.5918,train,normal
982,午餐,3,85,正常,兴奋,雨,同事,不关心,不吃辣,,347,菜心炒牛肉,广府家常菜,1,chosen,0.6133,0.6444,test,normal
982,午餐,3,85,正常,兴奋,雨,同事,不关心,不吃辣,,353,姜葱炒牛肉,广府家常菜,1,chosen,0.6133,0.6136,test,normal
982,午餐,3,85,正常,兴奋,雨,同事,不关心,不吃辣,,369,豉汁蒸鱼头,广府家常菜,1,chosen,0.6133,0.6212,test,normal
982,午餐,3,85,正常,兴奋,雨,同事,不关心,不吃辣,,365,豆豉蒸鲮鱼,广府家常菜,0,considered,0.6133,0.6201,test,normal
982,午餐,3,85,正常,兴奋,雨,同事,不关心,不吃辣,,347,菜心炒牛肉,广府家常菜,0,considered,0.6133,0.5781,test,normal
983,午餐,3,56,正常,压力大,雨,同事,不关心,中辣,,786,南京皮肚面,长三角粉面,1,chosen,0.6588,0.6723,train,normal
983,午餐,3,56,正常,压力大,雨,同事,不关心,中辣,,786,南京皮肚面,长三角粉面,1,chosen,0.6588,0.6478,train,normal
983,午餐,3,56,正常,压力大,雨,同事,不关心,中辣,,786,南京皮肚面,长三角粉面,1,chosen,0.6588,0.7407,train,normal
983,午餐,3,56,正常,压力大,雨,同事,不关心,中辣,,11,云南小锅米线,长三角粉面,0,considered,0.6588,0.6449,train,normal
983,午餐,3,56,正常,压力大,雨,同事,不关心,中辣,,774,上海辣肉面,长三角粉面,0,considered,0.6575,0.6541,train,normal
984,晚餐,1,59,省着点,低落,阴,一个人,不关心,中辣,,523,长沙臭豆腐,湘菜,1,chosen,0.5405,0.5378,train,normal
984,晚餐,1,59,省着点,低落,阴,一个人,不关心,中辣,,523,长沙臭豆腐,湘菜,1,chosen,0.5405,0.5195,train,normal
984,晚餐,1,59,省着点,低落,阴,一个人,不关心,中辣,,523,长沙臭豆腐,湘菜,1,chosen,0.5405,0.5046,train,normal
984,晚餐,1,59,省着点,低落,阴,一个人,不关心,中辣,,575,紫苏煎黄瓜,湘菜,0,considered,0.5269,0.5292,train,normal
984,晚餐,1,59,省着点,低落,阴,一个人,不关心,中辣,,579,腊味萝卜干,湘菜,0,considered,0.522,0.5952,train,normal
985,午餐,4,54,想吃好点,疲惫,阴,一个人,想健康,微辣,,88,石锅拌饭,东北菜,1,chosen,0.6063,0.6339,val,normal
985,午餐,4,54,想吃好点,疲惫,阴,一个人,想健康,微辣,,680,海南鸡饭,煲仔饭碟头饭,1,chosen,0.6058,0.5958,val,normal
985,午餐,4,54,想吃好点,疲惫,阴,一个人,想健康,微辣,,88,石锅拌饭,东北菜,1,chosen,0.6063,0.6177,val,normal
986,晚餐,5,23,省着点,开心,阴,朋友,不关心,重辣,,234,红油水饺,川菜,1,chosen,0.639,0.6464,test,normal
986,晚餐,5,23,省着点,开心,阴,朋友,不关心,重辣,,10,螺蛳粉,长三角粉面,1,chosen,0.6393,0.6785,test,normal
986,晚餐,5,23,省着点,开心,阴,朋友,不关心,重辣,,10,螺蛳粉,长三角粉面,1,chosen,0.6393,0.6068,test,normal
987,晚餐,5,47,想吃好点,压力大,冷,家人,随便,不吃辣,海鲜,674,腊味煲仔饭,煲仔饭碟头饭,1,chosen,0.7052,0.6785,train,normal
987,晚餐,5,47,想吃好点,压力大,冷,家人,随便,不吃辣,海鲜,674,腊味煲仔饭,煲仔饭碟头饭,1,chosen,0.7052,0.6339,train,normal
987,晚餐,5,47,想吃好点,压力大,冷,家人,随便,不吃辣,海鲜,674,腊味煲仔饭,煲仔饭碟头饭,1,chosen,0.7052,0.7529,train,normal
988,晚餐,4,77,不差钱,兴奋,晴,一个人,随便,重辣,麸质,538,口味虾,湘菜,1,chosen,0.5496,0.5904,test,normal
988,晚餐,4,77,不差钱,兴奋,晴,一个人,随便,重辣,麸质,538,口味虾,湘菜,1,chosen,0.5496,0.5638,test,normal
988,晚餐,4,77,不差钱,兴奋,晴,一个人,随便,重辣,麸质,538,口味虾,湘菜,1,chosen,0.5496,0.5797,test,normal
988,晚餐,4,77,不差钱,兴奋,晴,一个人,随便,重辣,麸质,539,口味蟹,湘菜,0,considered,0.5496,0.5667,test,normal
988,晚餐,4,77,不差钱,兴奋,晴,一个人,随便,重辣,麸质,542,小龙虾(湘味),湘菜,0,considered,0.5496,0.5282,test,normal
989,早餐,2,38,正常,一般,阴,朋友,随便,微辣,海鲜,434,皮蛋瘦肉粥(珠三角),早餐粥点,1,chosen,0.6386,0.6056,train,normal
989,早餐,2,38,正常,一般,阴,朋友,随便,微辣,海鲜,439,菜肉大馄饨,早餐粥点,1,chosen,0.6238,0.5982,train,normal
989,早餐,2,38,正常,一般,阴,朋友,随便,微辣,海鲜,434,皮蛋瘦肉粥(珠三角),早餐粥点,1,chosen,0.6386,0.649,train,normal
990,午餐,3,46,省着点,一般,热,一个人,随便,不吃辣,,658,卤水豆腐,烧腊卤味,1,chosen,0.5593,0.6339,train,normal
990,午餐,3,46,省着点,一般,热,一个人,随便,不吃辣,,289,糖油果子,川菜,1,chosen,0.5457,0.6045,train,normal
990,午餐,3,46,省着点,一般,热,一个人,随便,不吃辣,,658,卤水豆腐,烧腊卤味,1,chosen,0.5593,0.5771,train,normal
990,午餐,3,46,省着点,一般,热,一个人,随便,不吃辣,,648,卤水鸡翅,烧腊卤味,0,considered,0.5391,0.4856,train,normal
990,午餐,3,46,省着点,一般,热,一个人,随便,不吃辣,,659,卤水鸭掌,烧腊卤味,0,considered,0.5315,0.5333,train,normal
991,夜宵,3,63,想吃好点,疲惫,冷,朋友,想健康,中辣,乳制品,26,烤鸡翅,烧烤小吃,1,chosen,0.7895,0.8246,train,normal
991,夜宵,3,63,想吃好点,疲惫,冷,朋友,想健康,中辣,乳制品,26,烤鸡翅,烧烤小吃,1,chosen,0.7895,0.7677,train,normal
991,夜宵,3,63,想吃好点,疲惫,冷,朋友,想健康,中辣,乳制品,26,烤鸡翅,烧烤小吃,1,chosen,0.7895,0.7953,train,normal
991,夜宵,3,63,想吃好点,疲惫,冷,朋友,想健康,中辣,乳制品,627,炒年糕,烧烤小吃,0,considered,0.7631,0.816,train,normal
991,夜宵,3,63,想吃好点,疲惫,冷,朋友,想健康,中辣,乳制品,27,烤茄子,烧烤小吃,0,considered,0.7533,0.6968,train,normal
992,晚餐,4,36,正常,压力大,热,同事,想健康,微辣,,60,东北饭包,东北菜,1,chosen,0.6876,0.662,train,normal
992,晚餐,4,36,正常,压力大,热,同事,想健康,微辣,,60,东北饭包,东北菜,1,chosen,0.6876,0.6345,train,normal
992,晚餐,4,36,正常,压力大,热,同事,想健康,微辣,,60,东北饭包,东北菜,1,chosen,0.6876,0.728,train,normal
993,夜宵,1,21,省着点,压力大,阴,同事,想健康,不吃辣,麸质,625,沙县扁肉,烧烤小吃,1,chosen,0.6632,0.6055,train,normal
993,夜宵,1,21,省着点,压力大,阴,同事,想健康,不吃辣,麸质,625,沙县扁肉,烧烤小吃,1,chosen,0.6632,0.7017,train,normal
993,夜宵,1,21,省着点,压力大,阴,同事,想健康,不吃辣,麸质,625,沙县扁肉,烧烤小吃,1,chosen,0.6632,0.6982,train,normal
994,午餐,3,77,正常,开心,热,一个人,严格控制,微辣,,648,卤水鸡翅,烧腊卤味,1,chosen,0.5981,0.6115,train,normal
994,午餐,3,77,正常,开心,热,一个人,严格控制,微辣,,648,卤水鸡翅,烧腊卤味,1,chosen,0.5981,0.6012,train,normal
994,午餐,3,77,正常,开心,热,一个人,严格控制,微辣,,648,卤水鸡翅,烧腊卤味,1,chosen,0.5981,0.5955,train,normal
994,午餐,3,77,正常,开心,热,一个人,严格控制,微辣,,658,卤水豆腐,烧腊卤味,0,considered,0.5981,0.6042,train,normal
994,午餐,3,77,正常,开心,热,一个人,严格控制,微辣,,655,豉油鸡,烧腊卤味,0,considered,0.5888,0.5287,train,normal
995,晚餐,4,82,正常,低落,冷,一个人,不关心,微辣,,2,青椒肉丝,煲仔饭碟头饭,1,chosen,0.5968,0.6332,train,normal
995,晚餐,4,82,正常,低落,冷,一个人,不关心,微辣,,2,青椒肉丝,煲仔饭碟头饭,1,chosen,0.5968,0.5941,train,normal
995,晚餐,4,82,正常,低落,冷,一个人,不关心,微辣,,2,青椒肉丝,煲仔饭碟头饭,1,chosen,0.5968,0.6088,train,normal
995,晚餐,4,82,正常,低落,冷,一个人,不关心,微辣,,4,咖喱鸡排饭,煲仔饭碟头饭,0,considered,0.5832,0.5975,train,normal
995,晚餐,4,82,正常,低落,冷,一个人,不关心,微辣,,1,黄焖鸡米饭,煲仔饭碟头饭,0,considered,0.5832,0.5184,train,normal
996,夜宵,5,56,不差钱,疲惫,晴,家人,想健康,中辣,乳制品,24,菌汤火锅,火锅麻辣烫,1,chosen,0.7185,0.7441,train,normal
996,夜宵,5,56,不差钱,疲惫,晴,家人,想健康,中辣,乳制品,24,菌汤火锅,火锅麻辣烫,1,chosen,0.7185,0.7332,train,normal
996,夜宵,5,56,不差钱,疲惫,晴,家人,想健康,中辣,乳制品,24,菌汤火锅,火锅麻辣烫,1,chosen,0.7185,0.7154,train,normal
997,夜宵,3,30,不差钱,开心,阴,朋友,想健康,微辣,麸质,618,烤生蚝,火锅麻辣烫,1,chosen,0.6749,0.7332,train,normal
997,夜宵,3,30,不差钱,开心,阴,朋友,想健康,微辣,麸质,618,烤生蚝,火锅麻辣烫,1,chosen,0.6749,0.7552,train,normal
997,夜宵,3,30,不差钱,开心,阴,朋友,想健康,微辣,麸质,618,烤生蚝,火锅麻辣烫,1,chosen,0.6749,0.6771,train,normal
997,夜宵,3,30,不差钱,开心,阴,朋友,想健康,微辣,麸质,613,酸菜鱼,火锅麻辣烫,0,considered,0.5975,0.6175,train,normal
997,夜宵,3,30,不差钱,开心,阴,朋友,想健康,微辣,麸质,24,菌汤火锅,火锅麻辣烫,0,considered,0.5828,0.5215,train,normal
998,晚餐,5,16,正常,一般,热,朋友,想健康,中辣,"海鲜,乳制品",60,东北饭包,东北菜,1,chosen,0.6746,0.6324,train,normal
998,晚餐,5,16,正常,一般,热,朋友,想健康,中辣,"海鲜,乳制品",60,东北饭包,东北菜,1,chosen,0.6746,0.6528,train,normal
998,晚餐,5,16,正常,一般,热,朋友,想健康,中辣,"海鲜,乳制品",60,东北饭包,东北菜,1,chosen,0.6746,0.6681,train,normal
998,晚餐,5,16,正常,一般,热,朋友,想健康,中辣,"海鲜,乳制品",126,松仁小肚,东北菜,0,considered,0.6604,0.7211,train,normal
998,晚餐,5,16,正常,一般,热,朋友,想健康,中辣,"海鲜,乳制品",71,干豆腐炒尖椒,东北菜,0,considered,0.6443,0.5935,train,normal
999,晚餐,4,29,想吃好点,疲惫,冷,朋友,想健康,不吃辣,,680,海南鸡饭,煲仔饭碟头饭,1,chosen,0.7443,0.7042,train,normal
999,晚餐,4,29,想吃好点,疲惫,冷,朋友,想健康,不吃辣,,680,海南鸡饭,煲仔饭碟头饭,1,chosen,0.7443,0.7444,train,normal
999,晚餐,4,29,想吃好点,疲惫,冷,朋友,想健康,不吃辣,,680,海南鸡饭,煲仔饭碟头饭,1,chosen,0.7443,0.7414,train,normal
1000,下午加餐,4,39,省着点,低落,阴,家人,随便,中辣,,696,蛋挞,糖水甜品,1,chosen,0.5966,0.5824,train,normal
1000,下午加餐,4,39,省着点,低落,阴,家人,随便,中辣,,696,蛋挞,糖水甜品,1,chosen,0.5966,0.6117,train,normal
1000,下午加餐,4,39,省着点,低落,阴,家人,随便,中辣,,696,蛋挞,糖水甜品,1,chosen,0.5966,0.5415,train,normal
1000,下午加餐,4,39,省着点,低落,阴,家人,随便,中辣,,706,芒果班戟,糖水甜品,0,considered,0.5958,0.5925,train,normal
1000,下午加餐,4,39,省着点,低落,阴,家人,随便,中辣,,694,菠萝包,糖水甜品,0,considered,0.5939,0.6518,train,normal
1001,夜宵,2,54,想吃好点,一般,晴,约会,不关心,中辣,乳制品,27,烤茄子,烧烤小吃,1,chosen,0.6509,0.6596,train,normal
1001,夜宵,2,54,想吃好点,一般,晴,约会,不关心,中辣,乳制品,26,烤鸡翅,烧烤小吃,1,chosen,0.6907,0.6946,train,normal
1001,夜宵,2,54,想吃好点,一般,晴,约会,不关心,中辣,乳制品,26,烤鸡翅,烧烤小吃,1,chosen,0.6907,0.7036,train,normal
1002,夜宵,3,51,不差钱,一般,阴,约会,不关心,重辣,麸质,19,麻辣烫,火锅麻辣烫,1,chosen,0.6509,0.6376,train,normal
1002,夜宵,3,51,不差钱,一般,阴,约会,不关心,重辣,麸质,617,小龙虾,火锅麻辣烫,1,chosen,0.6756,0.6132,train,normal
1002,夜宵,3,51,不差钱,一般,阴,约会,不关心,重辣,麸质,617,小龙虾,火锅麻辣烫,1,chosen,0.6756,0.7064,train,normal
1003,午餐,5,65,想吃好点,开心,晴,一个人,不关心,微辣,"海鲜,乳制品",4,咖喱鸡排饭,煲仔饭碟头饭,1,chosen,0.5319,0.572,train,normal
1003,午餐,5,65,想吃好点,开心,晴,一个人,不关心,微辣,"海鲜,乳制品",4,咖喱鸡排饭,煲仔饭碟头饭,1,chosen,0.5319,0.5207,train,normal
1003,午餐,5,65,想吃好点,开心,晴,一个人,不关心,微辣,"海鲜,乳制品",4,咖喱鸡排饭,煲仔饭碟头饭,1,chosen,0.5319,0.5211,train,normal
1003,午餐,5,65,想吃好点,开心,晴,一个人,不关心,微辣,"海鲜,乳制品",1,黄焖鸡米饭,煲仔饭碟头饭,0,considered,0.5296,0.5747,train,normal
1003,午餐,5,65,想吃好点,开心,晴,一个人,不关心,微辣,"海鲜,乳制品",672,烧鹅饭,煲仔饭碟头饭,0,considered,0.5262,0.5273,train,normal
1004,午餐,4,77,正常,压力大,晴,朋友,想健康,微辣,,292,荤豆花,川菜,1,chosen,0.7021,0.7494,train,normal
1004,午餐,4,77,正常,压力大,晴,朋友,想健康,微辣,,292,荤豆花,川菜,1,chosen,0.7021,0.6867,train,normal
1004,午餐,4,77,正常,压力大,晴,朋友,想健康,微辣,,292,荤豆花,川菜,1,chosen,0.7021,0.6701,train,normal
1005,晚餐,2,55,想吃好点,一般,热,家人,想健康,微辣,"海鲜,乳制品",648,卤水鸡翅,烧腊卤味,1,chosen,0.6781,0.7145,test,normal
1005,晚餐,2,55,想吃好点,一般,热,家人,想健康,微辣,"海鲜,乳制品",648,卤水鸡翅,烧腊卤味,1,chosen,0.6781,0.7022,test,normal
1005,晚餐,2,55,想吃好点,一般,热,家人,想健康,微辣,"海鲜,乳制品",648,卤水鸡翅,烧腊卤味,1,chosen,0.6781,0.6027,test,normal
1005,晚餐,2,55,想吃好点,一般,热,家人,想健康,微辣,"海鲜,乳制品",655,豉油鸡,烧腊卤味,0,considered,0.6691,0.6377,test,normal
1005,晚餐,2,55,想吃好点,一般,热,家人,想健康,微辣,"海鲜,乳制品",658,卤水豆腐,烧腊卤味,0,considered,0.6554,0.6445,test,normal
1006,晚餐,5,55,正常,一般,晴,一个人,不关心,中辣,乳制品,575,紫苏煎黄瓜,湘菜,1,chosen,0.5269,0.5571,train,normal
1006,晚餐,5,55,正常,一般,晴,一个人,不关心,中辣,乳制品,575,紫苏煎黄瓜,湘菜,1,chosen,0.5269,0.4946,train,normal
1006,晚餐,5,55,正常,一般,晴,一个人,不关心,中辣,乳制品,575,紫苏煎黄瓜,湘菜,1,chosen,0.5269,0.5217,train,normal
1007,下午加餐,5,39,正常,开心,晴,约会,随便,不吃辣,,706,芒果班戟,糖水甜品,1,chosen,0.5936,0.6283,val,normal
1007,下午加餐,5,39,正常,开心,晴,约会,随便,不吃辣,,706,芒果班戟,糖水甜品,1,chosen,0.5936,0.603,val,normal
1007,下午加餐,5,39,正常,开心,晴,约会,随便,不吃辣,,706,芒果班戟,糖水甜品,1,chosen,0.5936,0.5716,val,normal
1008,午餐,2,40,正常,压力大,雨,同事,想健康,不吃辣,海鲜,347,菜心炒牛肉,广府家常菜,1,chosen,0.6747,0.62,train,normal
1008,午餐,2,40,正常,压力大,雨,同事,想健康,不吃辣,海鲜,347,菜心炒牛肉,广府家常菜,1,chosen,0.6747,0.6794,train,normal
1008,午餐,2,40,正常,压力大,雨,同事,想健康,不吃辣,海鲜,347,菜心炒牛肉,广府家常菜,1,chosen,0.6747,0.6931,train,normal
1009,晚餐,4,38,不差钱,开心,晴,朋友,不关心,微辣,麸质,383,避风塘炒蟹,广府家常菜,1,chosen,0.6299,0.6845,train,normal
1009,晚餐,4,38,不差钱,开心,晴,朋友,不关心,微辣,麸质,383,避风塘炒蟹,广府家常菜,1,chosen,0.6299,0.6304,train,normal
1009,晚餐,4,38,不差钱,开心,晴,朋友,不关心,微辣,麸质,383,避风塘炒蟹,广府家常菜,1,chosen,0.6299,0.6179,train,normal
1009,晚餐,4,38,不差钱,开心,晴,朋友,不关心,微辣,麸质,373,上汤焗龙虾,广府家常菜,0,considered,0.6166,0.6473,train,normal
1009,晚餐,4,38,不差钱,开心,晴,朋友,不关心,微辣,麸质,372,一品煲,广府家常菜,0,considered,0.6166,0.5315,train,normal
1010,午餐,3,74,省着点,疲惫,热,朋友,不关心,中辣,,579,腊味萝卜干,湘菜,1,chosen,0.7059,0.6998,train,normal
1010,午餐,3,74,省着点,疲惫,热,朋友,不关心,中辣,,171,雪衣豆沙,东北菜,1,chosen,0.6776,0.6973,train,normal
1010,午餐,3,74,省着点,疲惫,热,朋友,不关心,中辣,,579,腊味萝卜干,湘菜,1,chosen,0.7059,0.6977,train,normal
1011,午餐,5,60,想吃好点,兴奋,晴,朋友,想健康,重辣,,524,香辣鱼块,湘菜,1,chosen,0.6961,0.7076,train,normal
1011,午餐,5,60,想吃好点,兴奋,晴,朋友,想健康,重辣,,524,香辣鱼块,湘菜,1,chosen,0.6961,0.6054,train,normal
1011,午餐,5,60,想吃好点,兴奋,晴,朋友,想健康,重辣,,524,香辣鱼块,湘菜,1,chosen,0.6961,0.6938,train,normal
1012,早餐,3,37,不差钱,一般,阴,朋友,随便,不吃辣,海鲜,434,皮蛋瘦肉粥(珠三角),早餐粥点,1,chosen,0.612,0.5611,val,normal
1012,早餐,3,37,不差钱,一般,阴,朋友,随便,不吃辣,海鲜,434,皮蛋瘦肉粥(珠三角),早餐粥点,1,chosen,0.612,0.595,val,normal
1012,早餐,3,37,不差钱,一般,阴,朋友,随便,不吃辣,海鲜,434,皮蛋瘦肉粥(珠三角),早餐粥点,1,chosen,0.612,0.6111,val,normal
1013,晚餐,3,32,不差钱,开心,阴,家人,严格控制,不吃辣,海鲜,42,烤鸡胸配土豆泥,西式简餐,1,chosen,0.6376,0.6995,train,normal
1013,晚餐,3,32,不差钱,开心,阴,家人,严格控制,不吃辣,海鲜,349,酿豆腐,广府家常菜,1,chosen,0.6327,0.5774,train,normal
1013,晚餐,3,32,不差钱,开心,阴,家人,严格控制,不吃辣,海鲜,42,烤鸡胸配土豆泥,西式简餐,1,chosen,0.6376,0.6359,train,normal
1013,晚餐,3,32,不差钱,开心,阴,家人,严格控制,不吃辣,海鲜,37,番茄肉酱意面,西式简餐,0,considered,0.6048,0.6412,train,normal
1013,晚餐,3,32,不差钱,开心,阴,家人,严格控制,不吃辣,海鲜,40,奶油蘑菇汤+面包,西式简餐,0,considered,0.6044,0.5702,train,normal
1014,下午加餐,4,73,正常,压力大,晴,家人,随便,微辣,,706,芒果班戟,糖水甜品,1,chosen,0.6303,0.6292,train,normal
1014,下午加餐,4,73,正常,压力大,晴,家人,随便,微辣,,706,芒果班戟,糖水甜品,1,chosen,0.6303,0.5931,train,normal
1014,下午加餐,4,73,正常,压力大,晴,家人,随便,微辣,,706,芒果班戟,糖水甜品,1,chosen,0.6303,0.6318,train,normal
1014,下午加餐,4,73,正常,压力大,晴,家人,随便,微辣,,694,菠萝包,糖水甜品,0,considered,0.6165,0.6124,train,normal
1014,下午加餐,4,73,正常,压力大,晴,家人,随便,微辣,,696,蛋挞,糖水甜品,0,considered,0.6155,0.6446,train,normal
1015,午餐,3,28,正常,疲惫,雨,同事,想健康,重辣,,11,云南小锅米线,长三角粉面,1,chosen,0.6979,0.6618,train,normal
1015,午餐,3,28,正常,疲惫,雨,同事,想健康,重辣,,11,云南小锅米线,长三角粉面,1,chosen,0.6979,0.6952,train,normal
1015,午餐,3,28,正常,疲惫,雨,同事,想健康,重辣,,11,云南小锅米线,长三角粉面,1,chosen,0.6979,0.6602,train,normal
1016,晚餐,3,21,正常,一般,冷,家人,严格控制,不吃辣,素食,195,清炒草头,家常炒菜,1,chosen,0.6744,0.6424,train,normal
1016,晚餐,3,21,正常,一般,冷,家人,严格控制,不吃辣,素食,195,清炒草头,家常炒菜,1,chosen,0.6744,0.6941,train,normal
1016,晚餐,3,21,正常,一般,冷,家人,严格控制,不吃辣,素食,195,清炒草头,家常炒菜,1,chosen,0.6744,0.6829,train,normal
1017,夜宵,4,22,正常,低落,雪,一个人,随便,不吃辣,麸质,399,潮汕牛肉丸粉,广式粥粉面,1,chosen,0.6593,0.6316,test,snow
1017,夜宵,4,22,正常,低落,雪,一个人,随便,不吃辣,麸质,399,潮汕牛肉丸粉,广式粥粉面,1,chosen,0.6593,0.6394,test,snow
1017,夜宵,4,22,正常,低落,雪,一个人,随便,不吃辣,麸质,399,潮汕牛肉丸粉,广式粥粉面,1,chosen,0.6593,0.5964,test,snow
1017,夜宵,4,22,正常,低落,雪,一个人,随便,不吃辣,麸质,392,猪杂汤粉,广式粥粉面,0,considered,0.6593,0.6689,test,snow
1017,夜宵,4,22,正常,低落,雪,一个人,随便,不吃辣,麸质,400,濑粉,广式粥粉面,0,considered,0.613,0.6259,test,snow
1018,午餐,2,18,省着点,疲惫,雨,一个人,随便,不吃辣,素食,195,清炒草头,家常炒菜,1,chosen,0.584,0.5477,train,normal
1018,午餐,2,18,省着点,疲惫,雨,一个人,随便,不吃辣,素食,195,清炒草头,家常炒菜,1,chosen,0.584,0.6505,train,normal
1018,午餐,2,18,省着点,疲惫,雨,一个人,随便,不吃辣,素食,195,清炒草头,家常炒菜,1,chosen,0.584,0.5001,train,normal
1019,下午加餐,5,72,正常,一般,热,朋友,随便,中辣,,706,芒果班戟,糖水甜品,1,chosen,0.6303,0.6244,val,normal
1019,下午加餐,5,72,正常,一般,热,朋友,随便,中辣,,706,芒果班戟,糖水甜品,1,chosen,0.6303,0.6024,val,normal
1019,下午加餐,5,72,正常,一般,热,朋友,随便,中辣,,706,芒果班戟,糖水甜品,1,chosen,0.6303,0.6006,val,normal
1020,夜宵,3,82,不差钱,开心,晴,朋友,随便,微辣,"海鲜,乳制品",620,猪肚鸡,火锅麻辣烫,1,chosen,0.6559,0.6283,train,normal
1020,夜宵,3,82,不差钱,开心,晴,朋友,随便,微辣,"海鲜,乳制品",620,猪肚鸡,火锅麻辣烫,1,chosen,0.6559,0.6311,train,normal
1020,夜宵,3,82,不差钱,开心,晴,朋友,随便,微辣,"海鲜,乳制品",620,猪肚鸡,火锅麻辣烫,1,chosen,0.6559,0.6773,train,normal
1020,夜宵,3,82,不差钱,开心,晴,朋友,随便,微辣,"海鲜,乳制品",24,菌汤火锅,火锅麻辣烫,0,considered,0.6425,0.6249,train,normal
1020,夜宵,3,82,不差钱,开心,晴,朋友,随便,微辣,"海鲜,乳制品",621,番茄火锅,火锅麻辣烫,0,considered,0.6425,0.6168,train,normal
1021,晚餐,3,58,想吃好点,一般,雪,朋友,想健康,微辣,,292,荤豆花,川菜,1,chosen,0.7724,0.7116,test,snow
1021,晚餐,3,58,想吃好点,一般,雪,朋友,想健康,微辣,,292,荤豆花,川菜,1,chosen,0.7724,0.761,test,snow
1021,晚餐,3,58,想吃好点,一般,雪,朋友,想健康,微辣,,292,荤豆花,川菜,1,chosen,0.7724,0.7243,test,snow
1021,晚餐,3,58,想吃好点,一般,雪,朋友,想健康,微辣,,297,连锅汤,川菜,0,considered,0.7572,0.7597,test,snow
1021,晚餐,3,58,想吃好点,一般,雪,朋友,想健康,微辣,,284,牛肉焦饼,川菜,0,considered,0.7178,0.7313,test,snow
1022,午餐,4,45,省着点,低落,阴,约会,想健康,微辣,,2,青椒肉丝,煲仔饭碟头饭,1,chosen,0.6921,0.6722,train,normal
1022,午餐,4,45,省着点,低落,阴,约会,想健康,微辣,,2,青椒肉丝,煲仔饭碟头饭,1,chosen,0.6921,0.7018,train,normal
1022,午餐,4,45,省着点,低落,阴,约会,想健康,微辣,,2,青椒肉丝,煲仔饭碟头饭,1,chosen,0.6921,0.7526,train,normal
1023,夜宵,1,43,正常,兴奋,热,同事,想健康,不吃辣,素食,647,韭菜盒子,烧烤小吃,1,chosen,0.5918,0.6188,train,normal
1023,夜宵,1,43,正常,兴奋,热,同事,想健康,不吃辣,素食,647,韭菜盒子,烧烤小吃,1,chosen,0.5918,0.5763,train,normal
1023,夜宵,1,43,正常,兴奋,热,同事,想健康,不吃辣,素食,647,韭菜盒子,烧烤小吃,1,chosen,0.5918,0.6088,train,normal
1024,午餐,2,48,正常,一般,晴,朋友,不关心,微辣,,166,炒蚕蛹,东北菜,1,chosen,0.608,0.6394,train,normal
1024,午餐,2,48,正常,一般,晴,朋友,不关心,微辣,,166,炒蚕蛹,东北菜,1,chosen,0.608,0.617,train,normal
1024,午餐,2,48,正常,一般,晴,朋友,不关心,微辣,,166,炒蚕蛹,东北菜,1,chosen,0.608,0.6086,train,normal
1024,午餐,2,48,正常,一般,晴,朋友,不关心,微辣,,162,干煸茧蛹,东北菜,0,considered,0.608,0.5783,train,normal
1024,午餐,2,48,正常,一般,晴,朋友,不关心,微辣,,148,酱猪肝,东北菜,0,considered,0.6015,0.6199,train,normal
1025,晚餐,3,59,省着点,低落,晴,一个人,不关心,微辣,乳制品,109,东北臭豆腐,东北菜,1,chosen,0.5449,0.5367,train,normal
1025,晚餐,3,59,省着点,低落,晴,一个人,不关心,微辣,乳制品,109,东北臭豆腐,东北菜,1,chosen,0.5449,0.524,train,normal
1025,晚餐,3,59,省着点,低落,晴,一个人,不关心,微辣,乳制品,109,东北臭豆腐,东北菜,1,chosen,0.5449,0.5091,train,normal
1026,夜宵,3,64,想吃好点,兴奋,阴,家人,严格控制,中辣,,613,酸菜鱼,火锅麻辣烫,1,chosen,0.7069,0.6735,train,normal
1026,夜宵,3,64,想吃好点,兴奋,阴,家人,严格控制,中辣,,613,酸菜鱼,火锅麻辣烫,1,chosen,0.7069,0.6666,train,normal
1026,夜宵,3,64,想吃好点,兴奋,阴,家人,严格控制,中辣,,613,酸菜鱼,火锅麻辣烫,1,chosen,0.7069,0.6645,train,normal
1027,午餐,4,74,正常,一般,冷,一个人,不关心,重辣,海鲜,571,白辣椒炒鸡杂,湘菜,1,chosen,0.583,0.6014,train,normal
1027,午餐,4,74,正常,一般,冷,一个人,不关心,重辣,海鲜,571,白辣椒炒鸡杂,湘菜,1,chosen,0.583,0.6119,train,normal
1027,午餐,4,74,正常,一般,冷,一个人,不关心,重辣,海鲜,571,白辣椒炒鸡杂,湘菜,1,chosen,0.583,0.625,train,normal
1027,午餐,4,74,正常,一般,冷,一个人,不关心,重辣,海鲜,541,小炒香干,湘菜,0,considered,0.583,0.522,train,normal
1027,午餐,4,74,正常,一般,冷,一个人,不关心,重辣,海鲜,544,干锅千页豆腐,湘菜,0,considered,0.583,0.569,train,normal
1028,午餐,3,73,不差钱,兴奋,阴,一个人,严格控制,微辣,,24,菌汤火锅,火锅麻辣烫,1,chosen,0.5785,0.5792,train,normal
1028,午餐,3,73,不差钱,兴奋,阴,一个人,严格控制,微辣,,24,菌汤火锅,火锅麻辣烫,1,chosen,0.5785,0.622,train,normal
1028,午餐,3,73,不差钱,兴奋,阴,一个人,严格控制,微辣,,24,菌汤火锅,火锅麻辣烫,1,chosen,0.5785,0.594,train,normal
1029,晚餐,1,43,省着点,压力大,晴,朋友,严格控制,中辣,麸质,575,紫苏煎黄瓜,湘菜,1,chosen,0.6631,0.6566,train,normal
1029,晚餐,1,43,省着点,压力大,晴,朋友,严格控制,中辣,麸质,575,紫苏煎黄瓜,湘菜,1,chosen,0.6631,0.6338,train,normal
1029,晚餐,1,43,省着点,压力大,晴,朋友,严格控制,中辣,麸质,575,紫苏煎黄瓜,湘菜,1,chosen,0.6631,0.7203,train,normal
1030,午餐,3,41,正常,压力大,阴,朋友,想健康,重辣,,13,麻婆豆腐,家常炒菜,1,chosen,0.7247,0.6745,train,normal
1030,午餐,3,41,正常,压力大,阴,朋友,想健康,重辣,,13,麻婆豆腐,家常炒菜,1,chosen,0.7247,0.7303,train,normal
1030,午餐,3,41,正常,压力大,阴,朋友,想健康,重辣,,13,麻婆豆腐,家常炒菜,1,chosen,0.7247,0.7306,train,normal
1031,晚餐,4,59,正常,疲惫,热,同事,严格控制,微辣,,60,东北饭包,东北菜,1,chosen,0.6857,0.6862,train,normal
1031,晚餐,4,59,正常,疲惫,热,同事,严格控制,微辣,,60,东北饭包,东北菜,1,chosen,0.6857,0.7306,train,normal
1031,晚餐,4,59,正常,疲惫,热,同事,严格控制,微辣,,60,东北饭包,东北菜,1,chosen,0.6857,0.6757,train,normal
1032,午餐,2,31,省着点,低落,阴,同事,随便,微辣,,109,东北臭豆腐,东北菜,1,chosen,0.5879,0.5427,train,normal
1032,午餐,2,31,省着点,低落,阴,同事,随便,微辣,,109,东北臭豆腐,东北菜,1,chosen,0.5879,0.58,train,normal
1032,午餐,2,31,省着点,低落,阴,同事,随便,微辣,,109,东北臭豆腐,东北菜,1,chosen,0.5879,0.5638,train,normal
1033,晚餐,4,57,想吃好点,疲惫,雨,朋友,想健康,中辣,,15,宫保鸡丁,家常炒菜,1,chosen,0.7592,0.7427,train,normal
1033,晚餐,4,57,想吃好点,疲惫,雨,朋友,想健康,中辣,,15,宫保鸡丁,家常炒菜,1,chosen,0.7592,0.7869,train,normal
1033,晚餐,4,57,想吃好点,疲惫,雨,朋友,想健康,中辣,,15,宫保鸡丁,家常炒菜,1,chosen,0.7592,0.7295,train,normal
1034,晚餐,5,32,省着点,一般,阴,家人,想健康,微辣,"海鲜,乳制品",2,青椒肉丝,煲仔饭碟头饭,1,chosen,0.635,0.5955,val,normal
1034,晚餐,5,32,省着点,一般,阴,家人,想健康,微辣,"海鲜,乳制品",668,咸肉菜饭,煲仔饭碟头饭,1,chosen,0.6345,0.6701,val,normal
1034,晚餐,5,32,省着点,一般,阴,家人,想健康,微辣,"海鲜,乳制品",2,青椒肉丝,煲仔饭碟头饭,1,chosen,0.635,0.6255,val,normal
1034,晚餐,5,32,省着点,一般,阴,家人,想健康,微辣,"海鲜,乳制品",668,咸肉菜饭,煲仔饭碟头饭,0,considered,0.6345,0.6295,val,normal
1034,晚餐,5,32,省着点,一般,阴,家人,想健康,微辣,"海鲜,乳制品",685,菜饭骨头汤,煲仔饭碟头饭,0,considered,0.6228,0.6324,val,normal
1035,午餐,4,67,不差钱,疲惫,冷,同事,想健康,不吃辣,麸质,471,梭子蟹炒年糕,本帮江浙菜,1,chosen,0.6799,0.6641,train,normal
1035,午餐,4,67,不差钱,疲惫,冷,同事,想健康,不吃辣,麸质,471,梭子蟹炒年糕,本帮江浙菜,1,chosen,0.6799,0.7153,train,normal
1035,午餐,4,67,不差钱,疲惫,冷,同事,想健康,不吃辣,麸质,471,梭子蟹炒年糕,本帮江浙菜,1,chosen,0.6799,0.7043,train,normal
1036,午餐,3,29,正常,压力大,热,约会,想健康,微辣,,658,卤水豆腐,烧腊卤味,1,chosen,0.735,0.7337,train,normal
1036,午餐,3,29,正常,压力大,热,约会,想健康,微辣,,658,卤水豆腐,烧腊卤味,1,chosen,0.735,0.7062,train,normal
1036,午餐,3,29,正常,压力大,热,约会,想健康,微辣,,658,卤水豆腐,烧腊卤味,1,chosen,0.735,0.7148,train,normal
1036,午餐,3,29,正常,压力大,热,约会,想健康,微辣,,651,牛杂,烧腊卤味,0,considered,0.7118,0.7861,train,normal
1036,午餐,3,29,正常,压力大,热,约会,想健康,微辣,,648,卤水鸡翅,烧腊卤味,0,considered,0.7029,0.748,train,normal
1037,晚餐,2,69,正常,疲惫,阴,一个人,随便,不吃辣,素食,458,油焖笋,本帮江浙菜,1,chosen,0.5383,0.5581,test,normal
1037,晚餐,2,69,正常,疲惫,阴,一个人,随便,不吃辣,素食,658,卤水豆腐,烧腊卤味,1,chosen,0.542,0.5072,test,normal
1037,晚餐,2,69,正常,疲惫,阴,一个人,随便,不吃辣,素食,143,茄子炖土豆,东北菜,1,chosen,0.5284,0.5313,test,normal
1038,晚餐,5,62,省着点,低落,晴,家人,不关心,不吃辣,"海鲜,乳制品",668,咸肉菜饭,煲仔饭碟头饭,1,chosen,0.6237,0.6494,train,normal
1038,晚餐,5,62,省着点,低落,晴,家人,不关心,不吃辣,"海鲜,乳制品",658,卤水豆腐,烧腊卤味,1,chosen,0.6237,0.6132,train,normal
1038,晚餐,5,62,省着点,低落,晴,家人,不关心,不吃辣,"海鲜,乳制品",658,卤水豆腐,烧腊卤味,1,chosen,0.6237,0.6356,train,normal
1039,晚餐,3,79,正常,疲惫,冷,一个人,不关心,微辣,,811,鳝丝面,长三角粉面,1,chosen,0.6116,0.5749,train,normal
1039,晚餐,3,79,正常,疲惫,冷,一个人,不关心,微辣,,811,鳝丝面,长三角粉面,1,chosen,0.6116,0.646,train,normal
1039,晚餐,3,79,正常,疲惫,冷,一个人,不关心,微辣,,787,南京老卤面,长三角粉面,1,chosen,0.6116,0.5784,train,normal
1040,晚餐,2,72,省着点,开心,晴,朋友,不关心,重辣,,580,臭豆腐炒辣椒,湘菜,1,chosen,0.643,0.6795,val,normal
1040,晚餐,2,72,省着点,开心,晴,朋友,不关心,重辣,,580,臭豆腐炒辣椒,湘菜,1,chosen,0.643,0.5514,val,normal
1040,晚餐,2,72,省着点,开心,晴,朋友,不关心,重辣,,580,臭豆腐炒辣椒,湘菜,1,chosen,0.643,0.5966,val,normal
1041,晚餐,3,85,正常,疲惫,阴,朋友,随便,中辣,,15,宫保鸡丁,家常炒菜,1,chosen,0.6763,0.6893,train,normal
1041,晚餐,3,85,正常,疲惫,阴,朋友,随便,中辣,,15,宫保鸡丁,家常炒菜,1,chosen,0.6763,0.7313,train,normal
1041,晚餐,3,85,正常,疲惫,阴,朋友,随便,中辣,,15,宫保鸡丁,家常炒菜,1,chosen,0.6763,0.6758,train,normal
1042,晚餐,2,88,省着点,开心,热,约会,随便,中辣,素食,658,卤水豆腐,烧腊卤味,1,chosen,0.6591,0.6502,train,normal
1042,晚餐,2,88,省着点,开心,热,约会,随便,中辣,素食,658,卤水豆腐,烧腊卤味,1,chosen,0.6591,0.7057,train,normal
1042,晚餐,2,88,省着点,开心,热,约会,随便,中辣,素食,658,卤水豆腐,烧腊卤味,1,chosen,0.6591,0.6393,train,normal
1043,午餐,4,73,想吃好点,一般,雪,一个人,随便,中辣,,557,浏阳蒸菜,湘菜,1,chosen,0.6417,0.6283,test,snow
1043,午餐,4,73,想吃好点,一般,雪,一个人,随便,中辣,,567,烟笋炒腊肉,湘菜,1,chosen,0.6417,0.6289,test,snow
1043,午餐,4,73,想吃好点,一般,雪,一个人,随便,中辣,,567,烟笋炒腊肉,湘菜,1,chosen,0.6417,0.6575,test,snow
1043,午餐,4,73,想吃好点,一般,雪,一个人,随便,中辣,,557,浏阳蒸菜,湘菜,0,considered,0.6417,0.6605,test,snow
1043,午餐,4,73,想吃好点,一般,雪,一个人,随便,中辣,,586,藜蒿炒腊肉,湘菜,0,considered,0.6417,0.6053,test,snow
1044,午餐,5,50,正常,压力大,晴,朋友,想健康,不吃辣,"海鲜,乳制品",680,海南鸡饭,煲仔饭碟头饭,1,chosen,0.6999,0.7364,train,normal
1044,午餐,5,50,正常,压力大,晴,朋友,想健康,不吃辣,"海鲜,乳制品",680,海南鸡饭,煲仔饭碟头饭,1,chosen,0.6999,0.6785,train,normal
1044,午餐,5,50,正常,压力大,晴,朋友,想健康,不吃辣,"海鲜,乳制品",680,海南鸡饭,煲仔饭碟头饭,1,chosen,0.6999,0.7382,train,normal
1045,夜宵,4,85,不差钱,一般,热,约会,随便,不吃辣,"海鲜,乳制品",621,番茄火锅,火锅麻辣烫,1,chosen,0.6628,0.6559,train,normal
1045,夜宵,4,85,不差钱,一般,热,约会,随便,不吃辣,"海鲜,乳制品",621,番茄火锅,火锅麻辣烫,1,chosen,0.6628,0.6931,train,normal
1045,夜宵,4,85,不差钱,一般,热,约会,随便,不吃辣,"海鲜,乳制品",611,潮汕牛肉火锅,火锅麻辣烫,1,chosen,0.6628,0.6634,train,normal
1046,午餐,2,46,省着点,一般,晴,家人,不关心,不吃辣,乳制品,658,卤水豆腐,烧腊卤味,1,chosen,0.5916,0.5697,train,normal
1046,午餐,2,46,省着点,一般,晴,家人,不关心,不吃辣,乳制品,658,卤水豆腐,烧腊卤味,1,chosen,0.5916,0.5739,train,normal
1046,午餐,2,46,省着点,一般,晴,家人,不关心,不吃辣,乳制品,658,卤水豆腐,烧腊卤味,1,chosen,0.5916,0.5837,train,normal
1047,晚餐,3,15,省着点,开心,晴,同事,随便,重辣,,234,红油水饺,川菜,1,chosen,0.5759,0.5675,train,normal
1047,晚餐,3,15,省着点,开心,晴,同事,随便,重辣,,234,红油水饺,川菜,1,chosen,0.5759,0.5753,train,normal
1047,晚餐,3,15,省着点,开心,晴,同事,随便,重辣,,234,红油水饺,川菜,1,chosen,0.5759,0.6556,train,normal
1048,午餐,3,76,省着点,一般,热,家人,不关心,微辣,海鲜,658,卤水豆腐,烧腊卤味,1,chosen,0.6533,0.6711,train,normal
1048,午餐,3,76,省着点,一般,热,家人,不关心,微辣,海鲜,658,卤水豆腐,烧腊卤味,1,chosen,0.6533,0.6644,train,normal
1048,午餐,3,76,省着点,一般,热,家人,不关心,微辣,海鲜,658,卤水豆腐,烧腊卤味,1,chosen,0.6533,0.6274,train,normal
1048,午餐,3,76,省着点,一般,热,家人,不关心,微辣,海鲜,648,卤水鸡翅,烧腊卤味,0,considered,0.6332,0.6229,train,normal
1048,午餐,3,76,省着点,一般,热,家人,不关心,微辣,海鲜,659,卤水鸭掌,烧腊卤味,0,considered,0.6256,0.6418,train,normal
1049,晚餐,4,41,正常,开心,阴,一个人,随便,微辣,乳制品,651,牛杂,烧腊卤味,1,chosen,0.5304,0.5513,train,normal
1049,晚餐,4,41,正常,开心,阴,一个人,随便,微辣,乳制品,284,牛肉焦饼,川菜,1,chosen,0.5304,0.5457,train,normal
1049,晚餐,4,41,正常,开心,阴,一个人,随便,微辣,乳制品,2,青椒肉丝,煲仔饭碟头饭,1,chosen,0.5304,0.513,train,normal
1050,夜宵,3,44,省着点,压力大,阴,同事,想健康,微辣,,640,烤玉米,烧烤小吃,1,chosen,0.7085,0.7398,train,normal
1050,夜宵,3,44,省着点,压力大,阴,同事,想健康,微辣,,640,烤玉米,烧烤小吃,1,chosen,0.7085,0.6803,train,normal
1050,夜宵,3,44,省着点,压力大,阴,同事,想健康,微辣,,640,烤玉米,烧烤小吃,1,chosen,0.7085,0.705,train,normal
1051,午餐,4,30,不差钱,低落,热,一个人,想健康,不吃辣,,656,卤水拼盘,烧腊卤味,1,chosen,0.5959,0.5839,train,normal
1051,午餐,4,30,不差钱,低落,热,一个人,想健康,不吃辣,,656,卤水拼盘,烧腊卤味,1,chosen,0.5959,0.6503,train,normal
1051,午餐,4,30,不差钱,低落,热,一个人,想健康,不吃辣,,656,卤水拼盘,烧腊卤味,1,chosen,0.5959,0.5709,train,normal
1052,午餐,5,75,正常,低落,雨,家人,严格控制,不吃辣,,680,海南鸡饭,煲仔饭碟头饭,1,chosen,0.7164,0.7345,train,normal
1052,午餐,5,75,正常,低落,雨,家人,严格控制,不吃辣,,680,海南鸡饭,煲仔饭碟头饭,1,chosen,0.7164,0.6201,train,normal
1052,午餐,5,75,正常,低落,雨,家人,严格控制,不吃辣,,680,海南鸡饭,煲仔饭碟头饭,1,chosen,0.7164,0.6944,train,normal
1053,午餐,5,55,正常,兴奋,雪,一个人,随便,微辣,,1,黄焖鸡米饭,煲仔饭碟头饭,1,chosen,0.6494,0.6558,test,snow
1053,午餐,5,55,正常,兴奋,雪,一个人,随便,微辣,,1,黄焖鸡米饭,煲仔饭碟头饭,1,chosen,0.6494,0.7175,test,snow
1053,午餐,5,55,正常,兴奋,雪,一个人,随便,微辣,,2,青椒肉丝,煲仔饭碟头饭,1,chosen,0.6494,0.616,test,snow
1053,午餐,5,55,正常,兴奋,雪,一个人,随便,微辣,,2,青椒肉丝,煲仔饭碟头饭,0,considered,0.6494,0.6591,test,snow
1053,午餐,5,55,正常,兴奋,雪,一个人,随便,微辣,,4,咖喱鸡排饭,煲仔饭碟头饭,0,considered,0.6494,0.5805,test,snow
1054,晚餐,4,45,正常,一般,热,约会,想健康,微辣,,658,卤水豆腐,烧腊卤味,1,chosen,0.6906,0.7382,test,normal
1054,晚餐,4,45,正常,一般,热,约会,想健康,微辣,,237,蒜泥白肉,川菜,1,chosen,0.6873,0.7271,test,normal
1054,晚餐,4,45,正常,一般,热,约会,想健康,微辣,,658,卤水豆腐,烧腊卤味,1,chosen,0.6906,0.6971,test,normal
1055,夜宵,3,57,不差钱,兴奋,晴,一个人,想健康,微辣,,24,菌汤火锅,火锅麻辣烫,1,chosen,0.5978,0.5711,train,normal
1055,夜宵,3,57,不差钱,兴奋,晴,一个人,想健康,微辣,,24,菌汤火锅,火锅麻辣烫,1,chosen,0.5978,0.5755,train,normal
1055,夜宵,3,57,不差钱,兴奋,晴,一个人,想健康,微辣,,24,菌汤火锅,火锅麻辣烫,1,chosen,0.5978,0.5895,train,normal
1056,早餐,5,15,省着点,一般,冷,家人,想健康,重辣,,45,杂粮煎饼果子,早餐粥点,1,chosen,0.6766,0.6578,train,normal
1056,早餐,5,15,省着点,一般,冷,家人,想健康,重辣,,45,杂粮煎饼果子,早餐粥点,1,chosen,0.6766,0.6837,train,normal
1056,早餐,5,15,省着点,一般,冷,家人,想健康,重辣,,45,杂粮煎饼果子,早餐粥点,1,chosen,0.6766,0.6819,train,normal
1056,早餐,5,15,省着点,一般,冷,家人,想健康,重辣,,43,皮蛋瘦肉粥,早餐粥点,0,considered,0.6643,0.6729,train,normal
1056,早餐,5,15,省着点,一般,冷,家人,想健康,重辣,,44,小笼包+豆浆,早餐粥点,0,considered,0.6616,0.6444,train,normal
1057,晚餐,2,45,省着点,一般,冷,家人,随便,重辣,素食,580,臭豆腐炒辣椒,湘菜,1,chosen,0.6635,0.6356,train,normal
1057,晚餐,2,45,省着点,一般,冷,家人,随便,重辣,素食,580,臭豆腐炒辣椒,湘菜,1,chosen,0.6635,0.6788,train,normal
1057,晚餐,2,45,省着点,一般,冷,家人,随便,重辣,素食,580,臭豆腐炒辣椒,湘菜,1,chosen,0.6635,0.6782,train,normal
1057,晚餐,2,45,省着点,一般,冷,家人,随便,重辣,素食,523,长沙臭豆腐,湘菜,0,considered,0.6556,0.6099,train,normal
1057,晚餐,2,45,省着点,一般,冷,家人,随便,重辣,素食,575,紫苏煎黄瓜,湘菜,0,considered,0.6379,0.6427,train,normal
1058,晚餐,3,39,正常,一般,热,一个人,不关心,重辣,,579,腊味萝卜干,湘菜,1,chosen,0.5751,0.548,train,normal
1058,晚餐,3,39,正常,一般,热,一个人,不关心,重辣,,579,腊味萝卜干,湘菜,1,chosen,0.5751,0.6051,train,normal
1058,晚餐,3,39,正常,一般,热,一个人,不关心,重辣,,237,蒜泥白肉,川菜,1,chosen,0.5672,0.4611,train,normal
1059,早餐,4,44,正常,低落,阴,同事,想健康,不吃辣,,439,菜肉大馄饨,早餐粥点,1,chosen,0.6284,0.5848,test,normal
1059,早餐,4,44,正常,低落,阴,同事,想健康,不吃辣,,439,菜肉大馄饨,早餐粥点,1,chosen,0.6284,0.6249,test,normal
1059,早餐,4,44,正常,低落,阴,同事,想健康,不吃辣,,439,菜肉大馄饨,早餐粥点,1,chosen,0.6284,0.6239,test,normal
1060,晚餐,2,57,正常,一般,热,家人,不关心,重辣,"海鲜,乳制品",659,卤水鸭掌,烧腊卤味,1,chosen,0.6533,0.6634,train,normal
1060,晚餐,2,57,正常,一般,热,家人,不关心,重辣,"海鲜,乳制品",659,卤水鸭掌,烧腊卤味,1,chosen,0.6533,0.69,train,normal
1060,晚餐,2,57,正常,一般,热,家人,不关心,重辣,"海鲜,乳制品",659,卤水鸭掌,烧腊卤味,1,chosen,0.6533,0.6283,train,normal
1061,午餐,4,86,正常,疲惫,雨,家人,想健康,不吃辣,麸质,680,海南鸡饭,煲仔饭碟头饭,1,chosen,0.7437,0.7761,train,normal
1061,午餐,4,86,正常,疲惫,雨,家人,想健康,不吃辣,麸质,680,海南鸡饭,煲仔饭碟头饭,1,chosen,0.7437,0.7781,train,normal
1061,午餐,4,86,正常,疲惫,雨,家人,想健康,不吃辣,麸质,680,海南鸡饭,煲仔饭碟头饭,1,chosen,0.7437,0.7037,train,normal
1062,午餐,4,22,想吃好点,疲惫,晴,家人,不关心,微辣,,781,上海大肠面,长三角粉面,1,chosen,0.6505,0.6347,val,normal
1062,午餐,4,22,想吃好点,疲惫,晴,家人,不关心,微辣,,781,上海大肠面,长三角粉面,1,chosen,0.6505,0.6318,val,normal
1062,午餐,4,22,想吃好点,疲惫,晴,家人,不关心,微辣,,781,上海大肠面,长三角粉面,1,chosen,0.6505,0.6104,val,normal
1062,午餐,4,22,想吃好点,疲惫,晴,家人,不关心,微辣,,811,鳝丝面,长三角粉面,0,considered,0.6505,0.61,val,normal
1062,午餐,4,22,想吃好点,疲惫,晴,家人,不关心,微辣,,787,南京老卤面,长三角粉面,0,considered,0.6449,0.6442,val,normal
1063,午餐,4,15,不差钱,一般,热,同事,随便,不吃辣,,134,熏酱拼盘,东北菜,1,chosen,0.592,0.5514,test,normal
1063,午餐,4,15,不差钱,一般,热,同事,随便,不吃辣,,134,熏酱拼盘,东北菜,1,chosen,0.592,0.5748,test,normal
1063,午餐,4,15,不差钱,一般,热,同事,随便,不吃辣,,134,熏酱拼盘,东北菜,1,chosen,0.592,0.5537,test,normal
1064,早餐,3,56,省着点,一般,冷,一个人,不关心,不吃辣,麸质,44,小笼包+豆浆,早餐粥点,1,chosen,0.6222,0.6339,train,normal
1064,早餐,3,56,省着点,一般,冷,一个人,不关心,不吃辣,麸质,44,小笼包+豆浆,早餐粥点,1,chosen,0.6222,0.6785,train,normal
1064,早餐,3,56,省着点,一般,冷,一个人,不关心,不吃辣,麸质,44,小笼包+豆浆,早餐粥点,1,chosen,0.6222,0.6579,train,normal
1064,早餐,3,56,省着点,一般,冷,一个人,不关心,不吃辣,麸质,434,皮蛋瘦肉粥(珠三角),早餐粥点,0,considered,0.6222,0.5419,train,normal
1064,早餐,3,56,省着点,一般,冷,一个人,不关心,不吃辣,麸质,438,艇仔粥,早餐粥点,0,considered,0.6222,0.6136,train,normal
1065,晚餐,5,41,正常,一般,热,同事,随便,不吃辣,乳制品,9,炸酱面,长三角粉面,1,chosen,0.5985,0.575,test,normal
1065,晚餐,5,41,正常,一般,热,同事,随便,不吃辣,乳制品,9,炸酱面,长三角粉面,1,chosen,0.5985,0.581,test,normal
1065,晚餐,5,41,正常,一般,热,同事,随便,不吃辣,乳制品,9,炸酱面,长三角粉面,1,chosen,0.5985,0.586,test,normal
1066,晚餐,4,60,省着点,压力大,热,同事,想健康,重辣,乳制品,60,东北饭包,东北菜,1,chosen,0.6876,0.6316,test,normal
1066,晚餐,4,60,省着点,压力大,热,同事,想健康,重辣,乳制品,60,东北饭包,东北菜,1,chosen,0.6876,0.6479,test,normal
1066,晚餐,4,60,省着点,压力大,热,同事,想健康,重辣,乳制品,60,东北饭包,东北菜,1,chosen,0.6876,0.6274,test,normal
1067,晚餐,3,53,正常,一般,雨,一个人,想健康,中辣,海鲜,575,紫苏煎黄瓜,湘菜,1,chosen,0.6134,0.5843,val,normal
1067,晚餐,3,53,正常,一般,雨,一个人,想健康,中辣,海鲜,575,紫苏煎黄瓜,湘菜,1,chosen,0.6134,0.6083,val,normal
1067,晚餐,3,53,正常,一般,雨,一个人,想健康,中辣,海鲜,575,紫苏煎黄瓜,湘菜,1,chosen,0.6134,0.6475,val,normal
1068,晚餐,3,82,正常,开心,冷,一个人,不关心,重辣,麸质,541,小炒香干,湘菜,1,chosen,0.5944,0.5514,train,normal
1068,晚餐,3,82,正常,开心,冷,一个人,不关心,重辣,麸质,541,小炒香干,湘菜,1,chosen,0.5944,0.6417,train,normal
1068,晚餐,3,82,正常,开心,冷,一个人,不关心,重辣,麸质,541,小炒香干,湘菜,1,chosen,0.5944,0.6299,train,normal
1069,午餐,3,69,想吃好点,开心,阴,朋友,随便,不吃辣,,360,白灼猪手,广府家常菜,1,chosen,0.6166,0.5904,val,normal
1069,午餐,3,69,想吃好点,开心,阴,朋友,随便,不吃辣,,360,白灼猪手,广府家常菜,1,chosen,0.6166,0.6293,val,normal
1069,午餐,3,69,想吃好点,开心,阴,朋友,随便,不吃辣,,655,豉油鸡,烧腊卤味,1,chosen,0.6166,0.6102,val,normal
1069,午餐,3,69,想吃好点,开心,阴,朋友,随便,不吃辣,,381,煎酿鲮鱼,广府家常菜,0,considered,0.6166,0.6817,val,normal
1069,午餐,3,69,想吃好点,开心,阴,朋友,随便,不吃辣,,368,豉汁蒸凤爪,广府家常菜,0,considered,0.6143,0.5966,val,normal
1070,下午加餐,5,40,正常,疲惫,晴,家人,不关心,微辣,,706,芒果班戟,糖水甜品,1,chosen,0.6303,0.6075,train,normal
1070,下午加餐,5,40,正常,疲惫,晴,家人,不关心,微辣,,706,芒果班戟,糖水甜品,1,chosen,0.6303,0.6401,train,normal
1070,下午加餐,5,40,正常,疲惫,晴,家人,不关心,微辣,,764,奶茶,轻食健康,1,chosen,0.6188,0.6068,train,normal
1071,晚餐,4,61,正常,低落,阴,朋友,严格控制,中辣,,15,宫保鸡丁,家常炒菜,1,chosen,0.7141,0.6916,train,normal
1071,晚餐,4,61,正常,低落,阴,朋友,严格控制,中辣,,15,宫保鸡丁,家常炒菜,1,chosen,0.7141,0.7178,train,normal
1071,晚餐,4,61,正常,低落,阴,朋友,严格控制,中辣,,15,宫保鸡丁,家常炒菜,1,chosen,0.7141,0.7141,train,normal
1071,晚餐,4,61,正常,低落,阴,朋友,严格控制,中辣,,184,鱼香肉丝,家常炒菜,0,considered,0.6827,0.6709,train,normal
1071,晚餐,4,61,正常,低落,阴,朋友,严格控制,中辣,,191,干煸四季豆,家常炒菜,0,considered,0.6583,0.6512,train,normal
1072,晚餐,3,15,想吃好点,低落,晴,家人,随便,微辣,"海鲜,乳制品",71,干豆腐炒尖椒,东北菜,1,chosen,0.6122,0.6056,train,normal
1072,晚餐,3,15,想吃好点,低落,晴,家人,随便,微辣,"海鲜,乳制品",71,干豆腐炒尖椒,东北菜,1,chosen,0.6122,0.5983,train,normal
1072,晚餐,3,15,想吃好点,低落,晴,家人,随便,微辣,"海鲜,乳制品",71,干豆腐炒尖椒,东北菜,1,chosen,0.6122,0.6072,train,normal
1072,晚餐,3,15,想吃好点,低落,晴,家人,随便,微辣,"海鲜,乳制品",72,手撕包菜(东北),东北菜,0,considered,0.61,0.5863,train,normal
1072,晚餐,3,15,想吃好点,低落,晴,家人,随便,微辣,"海鲜,乳制品",69,尖椒干豆腐,东北菜,0,considered,0.6097,0.6598,train,normal
1073,晚餐,3,66,正常,疲惫,热,朋友,严格控制,不吃辣,,658,卤水豆腐,烧腊卤味,1,chosen,0.7252,0.7336,val,normal
1073,晚餐,3,66,正常,疲惫,热,朋友,严格控制,不吃辣,,658,卤水豆腐,烧腊卤味,1,chosen,0.7252,0.7705,val,normal
1073,晚餐,3,66,正常,疲惫,热,朋友,严格控制,不吃辣,,658,卤水豆腐,烧腊卤味,1,chosen,0.7252,0.766,val,normal
1074,晚餐,3,25,正常,压力大,晴,一个人,随便,微辣,,48,东北土豆丝,东北菜,1,chosen,0.5635,0.5249,train,normal
1074,晚餐,3,25,正常,压力大,晴,一个人,随便,微辣,,48,东北土豆丝,东北菜,1,chosen,0.5635,0.5315,train,normal
1074,晚餐,3,25,正常,压力大,晴,一个人,随便,微辣,,48,东北土豆丝,东北菜,1,chosen,0.5635,0.5221,train,normal
1075,午餐,3,39,正常,疲惫,晴,一个人,严格控制,不吃辣,,64,土豆炖茄子,东北菜,1,chosen,0.6007,0.567,train,normal
1075,午餐,3,39,正常,疲惫,晴,一个人,严格控制,不吃辣,,64,土豆炖茄子,东北菜,1,chosen,0.6007,0.6134,train,normal
1075,午餐,3,39,正常,疲惫,晴,一个人,严格控制,不吃辣,,64,土豆炖茄子,东北菜,1,chosen,0.6007,0.5584,train,normal
1075,午餐,3,39,正常,疲惫,晴,一个人,严格控制,不吃辣,,116,大丰收,东北菜,0,considered,0.6007,0.5533,train,normal
1075,午餐,3,39,正常,疲惫,晴,一个人,严格控制,不吃辣,,143,茄子炖土豆,东北菜,0,considered,0.6007,0.583,train,normal
1076,晚餐,4,74,正常,疲惫,晴,家人,想健康,中辣,,15,宫保鸡丁,家常炒菜,1,chosen,0.7045,0.6853,train,normal
1076,晚餐,4,74,正常,疲惫,晴,家人,想健康,中辣,,15,宫保鸡丁,家常炒菜,1,chosen,0.7045,0.6827,train,normal
1076,晚餐,4,74,正常,疲惫,晴,家人,想健康,中辣,,15,宫保鸡丁,家常炒菜,1,chosen,0.7045,0.7065,train,normal
1077,午餐,3,66,正常,开心,热,一个人,想健康,重辣,"海鲜,乳制品",648,卤水鸡翅,烧腊卤味,1,chosen,0.6,0.6157,train,normal
1077,午餐,3,66,正常,开心,热,一个人,想健康,重辣,"海鲜,乳制品",648,卤水鸡翅,烧腊卤味,1,chosen,0.6,0.646,train,normal
1077,午餐,3,66,正常,开心,热,一个人,想健康,重辣,"海鲜,乳制品",648,卤水鸡翅,烧腊卤味,1,chosen,0.6,0.5571,train,normal
1078,晚餐,4,61,省着点,疲惫,冷,家人,不关心,不吃辣,,668,咸肉菜饭,煲仔饭碟头饭,1,chosen,0.7052,0.6887,test,normal
1078,晚餐,4,61,省着点,疲惫,冷,家人,不关心,不吃辣,,124,拔丝苹果,东北菜,1,chosen,0.6965,0.6196,test,normal
1078,晚餐,4,61,省着点,疲惫,冷,家人,不关心,不吃辣,,668,咸肉菜饭,煲仔饭碟头饭,1,chosen,0.7052,0.6905,test,normal
1078,晚餐,4,61,省着点,疲惫,冷,家人,不关心,不吃辣,,685,菜饭骨头汤,煲仔饭碟头饭,0,considered,0.6935,0.7148,test,normal
1078,晚餐,4,61,省着点,疲惫,冷,家人,不关心,不吃辣,,669,扬州炒饭,煲仔饭碟头饭,0,considered,0.675,0.6942,test,normal
1079,午餐,3,83,不差钱,压力大,冷,朋友,严格控制,微辣,,24,菌汤火锅,火锅麻辣烫,1,chosen,0.7533,0.8035,train,normal
1079,午餐,3,83,不差钱,压力大,冷,朋友,严格控制,微辣,,96,西红柿炖牛腩,东北菜,1,chosen,0.743,0.767,train,normal
1079,午餐,3,83,不差钱,压力大,冷,朋友,严格控制,微辣,,24,菌汤火锅,火锅麻辣烫,1,chosen,0.7533,0.7278,train,normal
1079,午餐,3,83,不差钱,压力大,冷,朋友,严格控制,微辣,,621,番茄火锅,火锅麻辣烫,0,considered,0.7393,0.7733,train,normal
1079,午餐,3,83,不差钱,压力大,冷,朋友,严格控制,微辣,,620,猪肚鸡,火锅麻辣烫,0,considered,0.7385,0.7193,train,normal
1080,夜宵,1,81,想吃好点,疲惫,晴,约会,想健康,不吃辣,,24,菌汤火锅,火锅麻辣烫,1,chosen,0.6812,0.7029,train,normal
1080,夜宵,1,81,想吃好点,疲惫,晴,约会,想健康,不吃辣,,24,菌汤火锅,火锅麻辣烫,1,chosen,0.6812,0.6414,train,normal
1080,夜宵,1,81,想吃好点,疲惫,晴,约会,想健康,不吃辣,,24,菌汤火锅,火锅麻辣烫,1,chosen,0.6812,0.6268,train,normal
1081,夜宵,4,67,不差钱,疲惫,冷,朋友,严格控制,重辣,"海鲜,乳制品",24,菌汤火锅,火锅麻辣烫,1,chosen,0.7867,0.8022,train,normal
1081,夜宵,4,67,不差钱,疲惫,冷,朋友,严格控制,重辣,"海鲜,乳制品",24,菌汤火锅,火锅麻辣烫,1,chosen,0.7867,0.7636,train,normal
1081,夜宵,4,67,不差钱,疲惫,冷,朋友,严格控制,重辣,"海鲜,乳制品",24,菌汤火锅,火锅麻辣烫,1,chosen,0.7867,0.7512,train,normal
1082,午餐,4,51,想吃好点,疲惫,晴,家人,不关心,中辣,麸质,15,宫保鸡丁,家常炒菜,1,chosen,0.6654,0.6907,train,normal
1082,午餐,4,51,想吃好点,疲惫,晴,家人,不关心,中辣,麸质,15,宫保鸡丁,家常炒菜,1,chosen,0.6654,0.6914,train,normal
1082,午餐,4,51,想吃好点,疲惫,晴,家人,不关心,中辣,麸质,15,宫保鸡丁,家常炒菜,1,chosen,0.6654,0.6544,train,normal
1083,午餐,3,52,省着点,兴奋,雨,约会,随便,中辣,麸质,523,长沙臭豆腐,湘菜,1,chosen,0.6874,0.7141,train,normal
1083,午餐,3,52,省着点,兴奋,雨,约会,随便,中辣,麸质,523,长沙臭豆腐,湘菜,1,chosen,0.6874,0.729,train,normal
1083,午餐,3,52,省着点,兴奋,雨,约会,随便,中辣,麸质,523,长沙臭豆腐,湘菜,1,chosen,0.6874,0.7413,train,normal
1084,晚餐,2,38,正常,疲惫,阴,同事,随便,重辣,,580,臭豆腐炒辣椒,湘菜,1,chosen,0.5985,0.5963,train,normal
1084,晚餐,2,38,正常,疲惫,阴,同事,随便,重辣,,580,臭豆腐炒辣椒,湘菜,1,chosen,0.5985,0.5594,train,normal
1084,晚餐,2,38,正常,疲惫,阴,同事,随便,重辣,,580,臭豆腐炒辣椒,湘菜,1,chosen,0.5985,0.6038,train,normal
1085,晚餐,5,52,省着点,压力大,晴,家人,严格控制,不吃辣,,668,咸肉菜饭,煲仔饭碟头饭,1,chosen,0.6844,0.7602,test,normal
1085,晚餐,5,52,省着点,压力大,晴,家人,严格控制,不吃辣,,668,咸肉菜饭,煲仔饭碟头饭,1,chosen,0.6844,0.6829,test,normal
1085,晚餐,5,52,省着点,压力大,晴,家人,严格控制,不吃辣,,668,咸肉菜饭,煲仔饭碟头饭,1,chosen,0.6844,0.7118,test,normal
1086,午餐,1,59,正常,一般,阴,约会,不关心,中辣,海鲜,162,干煸茧蛹,东北菜,1,chosen,0.6127,0.6032,val,normal
1086,午餐,1,59,正常,一般,阴,约会,不关心,中辣,海鲜,162,干煸茧蛹,东北菜,1,chosen,0.6127,0.5949,val,normal
1086,午餐,1,59,正常,一般,阴,约会,不关心,中辣,海鲜,162,干煸茧蛹,东北菜,1,chosen,0.6127,0.584,val,normal
1087,晚餐,3,58,正常,压力大,晴,一个人,想健康,中辣,,11,云南小锅米线,长三角粉面,1,chosen,0.6105,0.5275,train,normal
1087,晚餐,3,58,正常,压力大,晴,一个人,想健康,中辣,,11,云南小锅米线,长三角粉面,1,chosen,0.6105,0.6637,train,normal
1087,晚餐,3,58,正常,压力大,晴,一个人,想健康,中辣,,11,云南小锅米线,长三角粉面,1,chosen,0.6105,0.5744,train,normal
1088,夜宵,2,27,想吃好点,压力大,雨,家人,想健康,微辣,,618,烤生蚝,火锅麻辣烫,1,chosen,0.746,0.7792,train,normal
1088,夜宵,2,27,想吃好点,压力大,雨,家人,想健康,微辣,,627,炒年糕,烧烤小吃,1,chosen,0.7297,0.7569,train,normal
1088,夜宵,2,27,想吃好点,压力大,雨,家人,想健康,微辣,,618,烤生蚝,火锅麻辣烫,1,chosen,0.746,0.7365,train,normal
1089,晚餐,1,15,想吃好点,疲惫,热,朋友,不关心,微辣,麸质,126,松仁小肚,东北菜,1,chosen,0.6286,0.626,train,normal
1089,晚餐,1,15,想吃好点,疲惫,热,朋友,不关心,微辣,麸质,637,卤味拼盘,烧烤小吃,1,chosen,0.6154,0.6082,train,normal
1089,晚餐,1,15,想吃好点,疲惫,热,朋友,不关心,微辣,麸质,126,松仁小肚,东北菜,1,chosen,0.6286,0.6933,train,normal
1089,晚餐,1,15,想吃好点,疲惫,热,朋友,不关心,微辣,麸质,60,东北饭包,东北菜,0,considered,0.6156,0.584,train,normal
1089,晚餐,1,15,想吃好点,疲惫,热,朋友,不关心,微辣,麸质,134,熏酱拼盘,东北菜,0,considered,0.6136,0.5689,train,normal
1090,晚餐,4,39,想吃好点,开心,晴,朋友,想健康,微辣,,559,湖南蛋饺,湘菜,1,chosen,0.6593,0.6213,train,normal
1090,晚餐,4,39,想吃好点,开心,晴,朋友,想健康,微辣,,292,荤豆花,川菜,1,chosen,0.6691,0.7081,train,normal
1090,晚餐,4,39,想吃好点,开心,晴,朋友,想健康,微辣,,292,荤豆花,川菜,1,chosen,0.6691,0.6632,train,normal
1090,晚餐,4,39,想吃好点,开心,晴,朋友,想健康,微辣,,237,蒜泥白肉,川菜,0,considered,0.6481,0.6509,train,normal
1090,晚餐,4,39,想吃好点,开心,晴,朋友,想健康,微辣,,297,连锅汤,川菜,0,considered,0.6414,0.6665,train,normal
1091,晚餐,4,22,想吃好点,疲惫,晴,一个人,不关心,不吃辣,,670,油鸡饭,煲仔饭碟头饭,1,chosen,0.5607,0.5425,train,normal
1091,晚餐,4,22,想吃好点,疲惫,晴,一个人,不关心,不吃辣,,670,油鸡饭,煲仔饭碟头饭,1,chosen,0.5607,0.5702,train,normal
1091,晚餐,4,22,想吃好点,疲惫,晴,一个人,不关心,不吃辣,,670,油鸡饭,煲仔饭碟头饭,1,chosen,0.5607,0.5388,train,normal
1092,下午加餐,4,44,省着点,疲惫,晴,朋友,不关心,重辣,,694,菠萝包,糖水甜品,1,chosen,0.6272,0.6594,train,normal
1092,下午加餐,4,44,省着点,疲惫,晴,朋友,不关心,重辣,,694,菠萝包,糖水甜品,1,chosen,0.6272,0.6437,train,normal
1092,下午加餐,4,44,省着点,疲惫,晴,朋友,不关心,重辣,,694,菠萝包,糖水甜品,1,chosen,0.6272,0.6417,train,normal
1093,早餐,4,37,正常,一般,晴,朋友,想健康,不吃辣,,428,及第粥,早餐粥点,1,chosen,0.6436,0.6837,train,normal
1093,早餐,4,37,正常,一般,晴,朋友,想健康,不吃辣,,428,及第粥,早餐粥点,1,chosen,0.6436,0.6926,train,normal
1093,早餐,4,37,正常,一般,晴,朋友,想健康,不吃辣,,428,及第粥,早餐粥点,1,chosen,0.6436,0.5733,train,normal
1094,夜宵,4,65,省着点,一般,阴,朋友,严格控制,重辣,麸质,627,炒年糕,烧烤小吃,1,chosen,0.6789,0.668,train,normal
1094,夜宵,4,65,省着点,一般,阴,朋友,严格控制,重辣,麸质,627,炒年糕,烧烤小吃,1,chosen,0.6789,0.7058,train,normal
1094,夜宵,4,65,省着点,一般,阴,朋友,严格控制,重辣,麸质,627,炒年糕,烧烤小吃,1,chosen,0.6789,0.6606,train,normal
1095,午餐,3,19,想吃好点,开心,热,家人,想健康,中辣,,126,松仁小肚,东北菜,1,chosen,0.6745,0.6788,train,normal
1095,午餐,3,19,想吃好点,开心,热,家人,想健康,中辣,,126,松仁小肚,东北菜,1,chosen,0.6745,0.7102,train,normal
1095,午餐,3,19,想吃好点,开心,热,家人,想健康,中辣,,126,松仁小肚,东北菜,1,chosen,0.6745,0.6668,train,normal
1096,晚餐,3,23,省着点,兴奋,阴,家人,想健康,中辣,,575,紫苏煎黄瓜,湘菜,1,chosen,0.6454,0.6095,train,normal
1096,晚餐,3,23,省着点,兴奋,阴,家人,想健康,中辣,,575,紫苏煎黄瓜,湘菜,1,chosen,0.6454,0.6447,train,normal
1096,晚餐,3,23,省着点,兴奋,阴,家人,想健康,中辣,,575,紫苏煎黄瓜,湘菜,1,chosen,0.6454,0.6386,train,normal
1096,晚餐,3,23,省着点,兴奋,阴,家人,想健康,中辣,,552,攸县香干,湘菜,0,considered,0.6429,0.5702,train,normal
1096,晚餐,3,23,省着点,兴奋,阴,家人,想健康,中辣,,591,酸菜炒粉皮,湘菜,0,considered,0.6377,0.615,train,normal
1097,晚餐,3,69,省着点,疲惫,雨,朋友,不关心,不吃辣,乳制品,658,卤水豆腐,烧腊卤味,1,chosen,0.6934,0.7383,train,normal
1097,晚餐,3,69,省着点,疲惫,雨,朋友,不关心,不吃辣,乳制品,155,韭菜盒子(东北),东北菜,1,chosen,0.6835,0.7036,train,normal
1097,晚餐,3,69,省着点,疲惫,雨,朋友,不关心,不吃辣,乳制品,685,菜饭骨头汤,煲仔饭碟头饭,1,chosen,0.6791,0.6944,train,normal
1098,下午加餐,3,57,正常,开心,冷,朋友,想健康,不吃辣,素食,32,藜麦牛油果碗,轻食健康,1,chosen,0.6636,0.6509,test,normal
1098,下午加餐,3,57,正常,开心,冷,朋友,想健康,不吃辣,素食,32,藜麦牛油果碗,轻食健康,1,chosen,0.6636,0.6689,test,normal
1098,下午加餐,3,57,正常,开心,冷,朋友,想健康,不吃辣,素食,32,藜麦牛油果碗,轻食健康,1,chosen,0.6636,0.7038,test,normal
1099,早餐,4,78,省着点,疲惫,雨,约会,想健康,中辣,素食,808,金华佛堂千张面,长三角粉面,1,chosen,0.6937,0.6812,train,normal
1099,早餐,4,78,省着点,疲惫,雨,约会,想健康,中辣,素食,804,素鸡面,长三角粉面,1,chosen,0.6937,0.6794,train,normal
1099,早餐,4,78,省着点,疲惫,雨,约会,想健康,中辣,素食,807,衢州常山索面,长三角粉面,1,chosen,0.7095,0.8181,train,normal
1100,晚餐,4,42,省着点,一般,阴,同事,想健康,中辣,,575,紫苏煎黄瓜,湘菜,1,chosen,0.6023,0.5456,test,normal
1100,晚餐,4,42,省着点,一般,阴,同事,想健康,中辣,,575,紫苏煎黄瓜,湘菜,1,chosen,0.6023,0.5776,test,normal
1100,晚餐,4,42,省着点,一般,阴,同事,想健康,中辣,,575,紫苏煎黄瓜,湘菜,1,chosen,0.6023,0.535,test,normal
1101,晚餐,4,57,省着点,疲惫,阴,同事,想健康,重辣,,2,青椒肉丝,煲仔饭碟头饭,1,chosen,0.648,0.5949,train,normal
1101,晚餐,4,57,省着点,疲惫,阴,同事,想健康,重辣,,2,青椒肉丝,煲仔饭碟头饭,1,chosen,0.648,0.6648,train,normal
1101,晚餐,4,57,省着点,疲惫,阴,同事,想健康,重辣,,2,青椒肉丝,煲仔饭碟头饭,1,chosen,0.648,0.6598,train,normal
1101,晚餐,4,57,省着点,疲惫,阴,同事,想健康,重辣,,685,菜饭骨头汤,煲仔饭碟头饭,0,considered,0.6303,0.6251,train,normal
1101,晚餐,4,57,省着点,疲惫,阴,同事,想健康,重辣,,668,咸肉菜饭,煲仔饭碟头饭,0,considered,0.6293,0.6407,train,normal
1102,午餐,3,47,想吃好点,一般,雪,同事,不关心,不吃辣,麸质,369,豉汁蒸鱼头,广府家常菜,1,chosen,0.6689,0.6541,test,snow
1102,午餐,3,47,想吃好点,一般,雪,同事,不关心,不吃辣,麸质,369,豉汁蒸鱼头,广府家常菜,1,chosen,0.6689,0.6836,test,snow
1102,午餐,3,47,想吃好点,一般,雪,同事,不关心,不吃辣,麸质,369,豉汁蒸鱼头,广府家常菜,1,chosen,0.6689,0.6978,test,snow
1102,午餐,3,47,想吃好点,一般,雪,同事,不关心,不吃辣,麸质,370,陈皮蒸牛肉饼,广府家常菜,0,considered,0.6689,0.6533,test,snow
1102,午餐,3,47,想吃好点,一般,雪,同事,不关心,不吃辣,麸质,380,煎焗鱼嘴,广府家常菜,0,considered,0.6689,0.6547,test,snow
1103,午餐,2,73,省着点,一般,晴,一个人,不关心,微辣,乳制品,109,东北臭豆腐,东北菜,1,chosen,0.5153,0.5288,train,normal
1103,午餐,2,73,省着点,一般,晴,一个人,不关心,微辣,乳制品,109,东北臭豆腐,东北菜,1,chosen,0.5153,0.514,train,normal
1103,午餐,2,73,省着点,一般,晴,一个人,不关心,微辣,乳制品,72,手撕包菜(东北),东北菜,1,chosen,0.5017,0.5226,train,normal
1104,午餐,3,39,想吃好点,疲惫,阴,朋友,不关心,中辣,"海鲜,乳制品",15,宫保鸡丁,家常炒菜,1,chosen,0.6763,0.687,train,normal
1104,午餐,3,39,想吃好点,疲惫,阴,朋友,不关心,中辣,"海鲜,乳制品",15,宫保鸡丁,家常炒菜,1,chosen,0.6763,0.6423,train,normal
1104,午餐,3,39,想吃好点,疲惫,阴,朋友,不关心,中辣,"海鲜,乳制品",15,宫保鸡丁,家常炒菜,1,chosen,0.6763,0.6793,train,normal
1105,晚餐,3,75,正常,兴奋,热,同事,不关心,重辣,"海鲜,乳制品",579,腊味萝卜干,湘菜,1,chosen,0.6173,0.63,train,normal
1105,晚餐,3,75,正常,兴奋,热,同事,不关心,重辣,"海鲜,乳制品",579,腊味萝卜干,湘菜,1,chosen,0.6173,0.662,train,normal
1105,晚餐,3,75,正常,兴奋,热,同事,不关心,重辣,"海鲜,乳制品",579,腊味萝卜干,湘菜,1,chosen,0.6173,0.5996,train,normal
1105,晚餐,3,75,正常,兴奋,热,同事,不关心,重辣,"海鲜,乳制品",554,榨菜肉丝(湘),湘菜,0,considered,0.5831,0.5907,train,normal
1105,晚餐,3,75,正常,兴奋,热,同事,不关心,重辣,"海鲜,乳制品",580,臭豆腐炒辣椒,湘菜,0,considered,0.5814,0.6254,train,normal
1106,晚餐,4,58,正常,一般,冷,同事,想健康,微辣,,2,青椒肉丝,煲仔饭碟头饭,1,chosen,0.6492,0.6368,train,normal
1106,晚餐,4,58,正常,一般,冷,同事,想健康,微辣,,366,豉椒炒花甲,广府家常菜,1,chosen,0.6492,0.6105,train,normal
1106,晚餐,4,58,正常,一般,冷,同事,想健康,微辣,,366,豉椒炒花甲,广府家常菜,1,chosen,0.6492,0.6695,train,normal
1107,午餐,1,30,想吃好点,一般,冷,朋友,严格控制,重辣,,532,剁椒蒸鱼,湘菜,1,chosen,0.7114,0.6661,train,normal
1107,午餐,1,30,想吃好点,一般,冷,朋友,严格控制,重辣,,600,发丝牛百叶,湘菜,1,chosen,0.6936,0.6661,train,normal
1107,午餐,1,30,想吃好点,一般,冷,朋友,严格控制,重辣,,532,剁椒蒸鱼,湘菜,1,chosen,0.7114,0.7442,train,normal
1108,下午加餐,2,45,想吃好点,低落,阴,约会,随便,不吃辣,素食,32,藜麦牛油果碗,轻食健康,1,chosen,0.6257,0.6087,train,normal
1108,下午加餐,2,45,想吃好点,低落,阴,约会,随便,不吃辣,素食,32,藜麦牛油果碗,轻食健康,1,chosen,0.6257,0.6465,train,normal
1108,下午加餐,2,45,想吃好点,低落,阴,约会,随便,不吃辣,素食,32,藜麦牛油果碗,轻食健康,1,chosen,0.6257,0.6542,train,normal
1109,晚餐,3,57,正常,疲惫,雨,一个人,随便,微辣,乳制品,811,鳝丝面,长三角粉面,1,chosen,0.6109,0.6155,train,normal
1109,晚餐,3,57,正常,疲惫,雨,一个人,随便,微辣,乳制品,811,鳝丝面,长三角粉面,1,chosen,0.6109,0.6762,train,normal
1109,晚餐,3,57,正常,疲惫,雨,一个人,随便,微辣,乳制品,811,鳝丝面,长三角粉面,1,chosen,0.6109,0.6427,train,normal
1110,夜宵,3,69,不差钱,一般,阴,家人,想健康,不吃辣,,24,菌汤火锅,火锅麻辣烫,1,chosen,0.68,0.6788,train,normal
1110,夜宵,3,69,不差钱,一般,阴,家人,想健康,不吃辣,,24,菌汤火锅,火锅麻辣烫,1,chosen,0.68,0.6907,train,normal
1110,夜宵,3,69,不差钱,一般,阴,家人,想健康,不吃辣,,24,菌汤火锅,火锅麻辣烫,1,chosen,0.68,0.767,train,normal
1110,夜宵,3,69,不差钱,一般,阴,家人,想健康,不吃辣,,20,清汤火锅,火锅麻辣烫,0,considered,0.6702,0.6629,train,normal
1110,夜宵,3,69,不差钱,一般,阴,家人,想健康,不吃辣,,611,潮汕牛肉火锅,火锅麻辣烫,0,considered,0.6702,0.6908,train,normal
1111,午餐,4,52,正常,一般,晴,一个人,随便,中辣,,543,干豆角炒肉,湘菜,1,chosen,0.5269,0.528,train,normal
1111,午餐,4,52,正常,一般,晴,一个人,随便,中辣,,543,干豆角炒肉,湘菜,1,chosen,0.5269,0.5696,train,normal
1111,午餐,4,52,正常,一般,晴,一个人,随便,中辣,,543,干豆角炒肉,湘菜,1,chosen,0.5269,0.5047,train,normal
1112,午餐,5,83,省着点,疲惫,热,同事,随便,不吃辣,,658,卤水豆腐,烧腊卤味,1,chosen,0.6407,0.6187,train,normal
1112,午餐,5,83,省着点,疲惫,热,同事,随便,不吃辣,,289,糖油果子,川菜,1,chosen,0.6541,0.5852,train,normal
1112,午餐,5,83,省着点,疲惫,热,同事,随便,不吃辣,,289,糖油果子,川菜,1,chosen,0.6541,0.686,train,normal
1113,午餐,4,64,不差钱,开心,阴,朋友,想健康,不吃辣,海鲜,24,菌汤火锅,火锅麻辣烫,1,chosen,0.6581,0.6608,test,normal
1113,午餐,4,64,不差钱,开心,阴,朋友,想健康,不吃辣,海鲜,24,菌汤火锅,火锅麻辣烫,1,chosen,0.6581,0.6896,test,normal
1113,午餐,4,64,不差钱,开心,阴,朋友,想健康,不吃辣,海鲜,24,菌汤火锅,火锅麻辣烫,1,chosen,0.6581,0.6788,test,normal
1114,午餐,4,54,省着点,一般,雨,朋友,不关心,微辣,,668,咸肉菜饭,煲仔饭碟头饭,1,chosen,0.6527,0.5957,train,normal
1114,午餐,4,54,省着点,一般,雨,朋友,不关心,微辣,,668,咸肉菜饭,煲仔饭碟头饭,1,chosen,0.6527,0.6359,train,normal
1114,午餐,4,54,省着点,一般,雨,朋友,不关心,微辣,,668,咸肉菜饭,煲仔饭碟头饭,1,chosen,0.6527,0.6193,train,normal
1114,午餐,4,54,省着点,一般,雨,朋友,不关心,微辣,,2,青椒肉丝,煲仔饭碟头饭,0,considered,0.6525,0.7121,train,normal
1114,午餐,4,54,省着点,一般,雨,朋友,不关心,微辣,,685,菜饭骨头汤,煲仔饭碟头饭,0,considered,0.6446,0.6732,train,normal
1115,午餐,4,69,想吃好点,疲惫,雨,一个人,不关心,不吃辣,,670,油鸡饭,煲仔饭碟头饭,1,chosen,0.6118,0.6053,train,normal
1115,午餐,4,69,想吃好点,疲惫,雨,一个人,不关心,不吃辣,,670,油鸡饭,煲仔饭碟头饭,1,chosen,0.6118,0.5995,train,normal
1115,午餐,4,69,想吃好点,疲惫,雨,一个人,不关心,不吃辣,,670,油鸡饭,煲仔饭碟头饭,1,chosen,0.6118,0.6778,train,normal
1115,午餐,4,69,想吃好点,疲惫,雨,一个人,不关心,不吃辣,,678,北菇滑鸡饭,煲仔饭碟头饭,0,considered,0.6118,0.6027,train,normal
1115,午餐,4,69,想吃好点,疲惫,雨,一个人,不关心,不吃辣,,684,窝蛋牛肉饭,煲仔饭碟头饭,0,considered,0.6118,0.512,train,normal
1116,午餐,5,15,正常,一般,晴,一个人,想健康,中辣,,575,紫苏煎黄瓜,湘菜,1,chosen,0.566,0.6149,train,normal
1116,午餐,5,15,正常,一般,晴,一个人,想健康,中辣,,2,青椒肉丝,煲仔饭碟头饭,1,chosen,0.5579,0.6282,train,normal
1116,午餐,5,15,正常,一般,晴,一个人,想健康,中辣,,575,紫苏煎黄瓜,湘菜,1,chosen,0.566,0.5569,train,normal
1116,午餐,5,15,正常,一般,晴,一个人,想健康,中辣,,552,攸县香干,湘菜,0,considered,0.566,0.5643,train,normal
1116,午餐,5,15,正常,一般,晴,一个人,想健康,中辣,,604,湖南炒饭,湘菜,0,considered,0.5562,0.5564,train,normal
1117,夜宵,3,15,正常,压力大,冷,一个人,想健康,不吃辣,,647,韭菜盒子,烧烤小吃,1,chosen,0.6855,0.7096,val,normal
1117,夜宵,3,15,正常,压力大,冷,一个人,想健康,不吃辣,,647,韭菜盒子,烧烤小吃,1,chosen,0.6855,0.667,val,normal
1117,夜宵,3,15,正常,压力大,冷,一个人,想健康,不吃辣,,647,韭菜盒子,烧烤小吃,1,chosen,0.6855,0.7176,val,normal
1117,夜宵,3,15,正常,压力大,冷,一个人,想健康,不吃辣,,625,沙县扁肉,烧烤小吃,0,considered,0.679,0.6227,val,normal
1117,夜宵,3,15,正常,压力大,冷,一个人,想健康,不吃辣,,626,沙县拌面,烧烤小吃,0,considered,0.6756,0.6846,val,normal
1118,晚餐,4,43,正常,疲惫,雨,朋友,严格控制,重辣,,13,麻婆豆腐,家常炒菜,1,chosen,0.7781,0.7807,train,normal
1118,晚餐,4,43,正常,疲惫,雨,朋友,严格控制,重辣,,13,麻婆豆腐,家常炒菜,1,chosen,0.7781,0.8552,train,normal
1118,晚餐,4,43,正常,疲惫,雨,朋友,严格控制,重辣,,13,麻婆豆腐,家常炒菜,1,chosen,0.7781,0.7628,train,normal
1119,晚餐,3,25,正常,疲惫,雪,一个人,想健康,中辣,,15,宫保鸡丁,家常炒菜,1,chosen,0.7253,0.7485,test,snow
1119,晚餐,3,25,正常,疲惫,雪,一个人,想健康,中辣,,575,紫苏煎黄瓜,湘菜,1,chosen,0.7253,0.6558,test,snow
1119,晚餐,3,25,正常,疲惫,雪,一个人,想健康,中辣,,575,紫苏煎黄瓜,湘菜,1,chosen,0.7253,0.7536,test,snow
1119,晚餐,3,25,正常,疲惫,雪,一个人,想健康,中辣,,552,攸县香干,湘菜,0,considered,0.7253,0.7353,test,snow
1119,晚餐,3,25,正常,疲惫,雪,一个人,想健康,中辣,,591,酸菜炒粉皮,湘菜,0,considered,0.7192,0.7631,test,snow
1120,午餐,5,104,不差钱,一般,阴,朋友,想健康,不吃辣,,24,菌汤火锅,火锅麻辣烫,1,chosen,0.6467,0.671,test,normal
1120,午餐,5,104,不差钱,一般,阴,朋友,想健康,不吃辣,,24,菌汤火锅,火锅麻辣烫,1,chosen,0.6467,0.7113,test,normal
1120,午餐,5,104,不差钱,一般,阴,朋友,想健康,不吃辣,,24,菌汤火锅,火锅麻辣烫,1,chosen,0.6467,0.6721,test,normal
1121,下午加餐,3,46,省着点,疲惫,热,家人,想健康,微辣,,688,双皮奶,糖水甜品,1,chosen,0.7246,0.7597,train,normal
1121,下午加餐,3,46,省着点,疲惫,热,家人,想健康,微辣,,688,双皮奶,糖水甜品,1,chosen,0.7246,0.7291,train,normal
1121,下午加餐,3,46,省着点,疲惫,热,家人,想健康,微辣,,688,双皮奶,糖水甜品,1,chosen,0.7246,0.7054,train,normal
1121,下午加餐,3,46,省着点,疲惫,热,家人,想健康,微辣,,707,芒果西米露,糖水甜品,0,considered,0.703,0.688,train,normal
1121,下午加餐,3,46,省着点,疲惫,热,家人,想健康,微辣,,689,杨枝甘露,糖水甜品,0,considered,0.6913,0.6838,train,normal
1122,夜宵,2,103,不差钱,疲惫,冷,约会,严格控制,中辣,,613,酸菜鱼,火锅麻辣烫,1,chosen,0.798,0.8168,test,normal
1122,夜宵,2,103,不差钱,疲惫,冷,约会,严格控制,中辣,,613,酸菜鱼,火锅麻辣烫,1,chosen,0.798,0.7911,test,normal
1122,夜宵,2,103,不差钱,疲惫,冷,约会,严格控制,中辣,,613,酸菜鱼,火锅麻辣烫,1,chosen,0.798,0.8267,test,normal
1122,夜宵,2,103,不差钱,疲惫,冷,约会,严格控制,中辣,,24,菌汤火锅,火锅麻辣烫,0,considered,0.7968,0.8448,test,normal
1122,夜宵,2,103,不差钱,疲惫,冷,约会,严格控制,中辣,,620,猪肚鸡,火锅麻辣烫,0,considered,0.7901,0.7787,test,normal
1123,晚餐,2,41,想吃好点,兴奋,热,家人,严格控制,重辣,素食,310,麻婆豆腐(素),川菜,1,chosen,0.6547,0.6223,train,normal
1123,晚餐,2,41,想吃好点,兴奋,热,家人,严格控制,重辣,素食,541,小炒香干,湘菜,1,chosen,0.6529,0.6159,train,normal
1123,晚餐,2,41,想吃好点,兴奋,热,家人,严格控制,重辣,素食,658,卤水豆腐,烧腊卤味,1,chosen,0.6624,0.6715,train,normal
1124,夜宵,3,24,想吃好点,疲惫,晴,一个人,严格控制,中辣,素食,640,烤玉米,烧烤小吃,1,chosen,0.6804,0.665,train,normal
1124,夜宵,3,24,想吃好点,疲惫,晴,一个人,严格控制,中辣,素食,640,烤玉米,烧烤小吃,1,chosen,0.6804,0.6658,train,normal
1124,夜宵,3,24,想吃好点,疲惫,晴,一个人,严格控制,中辣,素食,640,烤玉米,烧烤小吃,1,chosen,0.6804,0.6681,train,normal
1125,早餐,5,20,正常,低落,阴,同事,严格控制,不吃辣,素食,797,无锡素面,长三角粉面,1,chosen,0.5883,0.569,val,normal
1125,早餐,5,20,正常,低落,阴,同事,严格控制,不吃辣,素食,808,金华佛堂千张面,长三角粉面,1,chosen,0.5912,0.5966,val,normal
1125,早餐,5,20,正常,低落,阴,同事,严格控制,不吃辣,素食,793,常熟蕈油面,长三角粉面,1,chosen,0.5912,0.5882,val,normal
1126,午餐,5,56,正常,一般,阴,朋友,想健康,中辣,,552,攸县香干,湘菜,1,chosen,0.6574,0.636,test,normal
1126,午餐,5,56,正常,一般,阴,朋友,想健康,中辣,,15,宫保鸡丁,家常炒菜,1,chosen,0.6673,0.6568,test,normal
1126,午餐,5,56,正常,一般,阴,朋友,想健康,中辣,,15,宫保鸡丁,家常炒菜,1,chosen,0.6673,0.6206,test,normal
1126,午餐,5,56,正常,一般,阴,朋友,想健康,中辣,,184,鱼香肉丝,家常炒菜,0,considered,0.6439,0.6722,test,normal
1126,午餐,5,56,正常,一般,阴,朋友,想健康,中辣,,191,干煸四季豆,家常炒菜,0,considered,0.6306,0.7043,test,normal
1127,夜宵,4,91,不差钱,一般,晴,家人,不关心,微辣,,620,猪肚鸡,火锅麻辣烫,1,chosen,0.639,0.6377,test,normal
1127,夜宵,4,91,不差钱,一般,晴,家人,不关心,微辣,,620,猪肚鸡,火锅麻辣烫,1,chosen,0.639,0.6512,test,normal
1127,夜宵,4,91,不差钱,一般,晴,家人,不关心,微辣,,620,猪肚鸡,火锅麻辣烫,1,chosen,0.639,0.6284,test,normal
1127,夜宵,4,91,不差钱,一般,晴,家人,不关心,微辣,,621,番茄火锅,火锅麻辣烫,0,considered,0.6311,0.6117,test,normal
1127,夜宵,4,91,不差钱,一般,晴,家人,不关心,微辣,,611,潮汕牛肉火锅,火锅麻辣烫,0,considered,0.6311,0.6493,test,normal
1128,晚餐,5,15,不差钱,一般,晴,同事,想健康,微辣,乳制品,366,豉椒炒花甲,广府家常菜,1,chosen,0.5738,0.5927,train,normal
1128,晚餐,5,15,不差钱,一般,晴,同事,想健康,微辣,乳制品,366,豉椒炒花甲,广府家常菜,1,chosen,0.5738,0.5682,train,normal
1128,晚餐,5,15,不差钱,一般,晴,同事,想健康,微辣,乳制品,366,豉椒炒花甲,广府家常菜,1,chosen,0.5738,0.5021,train,normal
1129,晚餐,2,15,正常,开心,晴,同事,想健康,微辣,乳制品,366,豉椒炒花甲,广府家常菜,1,chosen,0.6125,0.5803,train,normal
1129,晚餐,2,15,正常,开心,晴,同事,想健康,微辣,乳制品,366,豉椒炒花甲,广府家常菜,1,chosen,0.6125,0.6023,train,normal
1129,晚餐,2,15,正常,开心,晴,同事,想健康,微辣,乳制品,366,豉椒炒花甲,广府家常菜,1,chosen,0.6125,0.6458,train,normal
1130,午餐,2,57,省着点,兴奋,雨,一个人,想健康,微辣,,66,大酱炒鸡蛋,东北菜,1,chosen,0.596,0.5893,train,normal
1130,午餐,2,57,省着点,兴奋,雨,一个人,想健康,微辣,,66,大酱炒鸡蛋,东北菜,1,chosen,0.596,0.593,train,normal
1130,午餐,2,57,省着点,兴奋,雨,一个人,想健康,微辣,,66,大酱炒鸡蛋,东北菜,1,chosen,0.596,0.5839,train,normal
1131,早餐,5,28,正常,开心,雨,朋友,不关心,微辣,素食,808,金华佛堂千张面,长三角粉面,1,chosen,0.5768,0.6121,train,normal
1131,早餐,5,28,正常,开心,雨,朋友,不关心,微辣,素食,443,千层油糕,早餐粥点,1,chosen,0.5926,0.565,train,normal
1131,早餐,5,28,正常,开心,雨,朋友,不关心,微辣,素食,808,金华佛堂千张面,长三角粉面,1,chosen,0.5768,0.5454,train,normal
1132,午餐,2,64,正常,一般,阴,约会,严格控制,不吃辣,麸质,369,豉汁蒸鱼头,广府家常菜,1,chosen,0.6673,0.7045,train,normal
1132,午餐,2,64,正常,一般,阴,约会,严格控制,不吃辣,麸质,369,豉汁蒸鱼头,广府家常菜,1,chosen,0.6673,0.6794,train,normal
1132,午餐,2,64,正常,一般,阴,约会,严格控制,不吃辣,麸质,369,豉汁蒸鱼头,广府家常菜,1,chosen,0.6673,0.7067,train,normal
1132,午餐,2,64,正常,一般,阴,约会,严格控制,不吃辣,麸质,365,豆豉蒸鲮鱼,广府家常菜,0,considered,0.6673,0.7596,train,normal
1132,午餐,2,64,正常,一般,阴,约会,严格控制,不吃辣,麸质,348,豉汁蒸排骨,广府家常菜,0,considered,0.6673,0.706,train,normal
1133,晚餐,1,83,省着点,一般,热,一个人,严格控制,中辣,,457,宁波烤菜,本帮江浙菜,1,chosen,0.5679,0.6044,train,normal
1133,晚餐,1,83,省着点,一般,热,一个人,严格控制,中辣,,457,宁波烤菜,本帮江浙菜,1,chosen,0.5679,0.5748,train,normal
1133,晚餐,1,83,省着点,一般,热,一个人,严格控制,中辣,,457,宁波烤菜,本帮江浙菜,1,chosen,0.5679,0.602,train,normal
1134,午餐,3,36,省着点,压力大,晴,一个人,不关心,重辣,,7,重庆小面,长三角粉面,1,chosen,0.583,0.6153,train,normal
1134,午餐,3,36,省着点,压力大,晴,一个人,不关心,重辣,,7,重庆小面,长三角粉面,1,chosen,0.583,0.5811,train,normal
1134,午餐,3,36,省着点,压力大,晴,一个人,不关心,重辣,,7,重庆小面,长三角粉面,1,chosen,0.583,0.5779,train,normal
1135,下午加餐,4,15,正常,一般,冷,一个人,随便,微辣,,34,全麦鸡肉三明治,轻食健康,1,chosen,0.5377,0.5249,train,normal
1135,下午加餐,4,15,正常,一般,冷,一个人,随便,微辣,,34,全麦鸡肉三明治,轻食健康,1,chosen,0.5377,0.5715,train,normal
1135,下午加餐,4,15,正常,一般,冷,一个人,随便,微辣,,34,全麦鸡肉三明治,轻食健康,1,chosen,0.5377,0.5469,train,normal
1136,午餐,2,39,想吃好点,低落,雨,约会,想健康,微辣,麸质,162,干煸茧蛹,东北菜,1,chosen,0.7424,0.7759,train,normal
1136,午餐,2,39,想吃好点,低落,雨,约会,想健康,微辣,麸质,292,荤豆花,川菜,1,chosen,0.7358,0.6791,train,normal
1136,午餐,2,39,想吃好点,低落,雨,约会,想健康,微辣,麸质,292,荤豆花,川菜,1,chosen,0.7358,0.7274,train,normal
1137,晚餐,3,16,正常,疲惫,冷,朋友,随便,不吃辣,素食,155,韭菜盒子(东北),东北菜,1,chosen,0.6763,0.7299,test,normal
1137,晚餐,3,16,正常,疲惫,冷,朋友,随便,不吃辣,素食,155,韭菜盒子(东北),东北菜,1,chosen,0.6763,0.7021,test,normal
1137,晚餐,3,16,正常,疲惫,冷,朋友,随便,不吃辣,素食,155,韭菜盒子(东北),东北菜,1,chosen,0.6763,0.6884,test,normal
1138,午餐,1,75,省着点,疲惫,晴,家人,不关心,重辣,,580,臭豆腐炒辣椒,湘菜,1,chosen,0.6222,0.6658,val,normal
1138,午餐,1,75,省着点,疲惫,晴,家人,不关心,重辣,,580,臭豆腐炒辣椒,湘菜,1,chosen,0.6222,0.6429,val,normal
1138,午餐,1,75,省着点,疲惫,晴,家人,不关心,重辣,,580,臭豆腐炒辣椒,湘菜,1,chosen,0.6222,0.6619,val,normal
1139,早餐,3,23,正常,疲惫,晴,同事,随便,重辣,素食,807,衢州常山索面,长三角粉面,1,chosen,0.6188,0.5631,val,normal
1139,早餐,3,23,正常,疲惫,晴,同事,随便,重辣,素食,807,衢州常山索面,长三角粉面,1,chosen,0.6188,0.6089,val,normal
1139,早餐,3,23,正常,疲惫,晴,同事,随便,重辣,素食,807,衢州常山索面,长三角粉面,1,chosen,0.6188,0.6099,val,normal
1140,夜宵,3,40,想吃好点,低落,晴,朋友,想健康,微辣,麸质,618,烤生蚝,火锅麻辣烫,1,chosen,0.6996,0.6351,train,normal
1140,夜宵,3,40,想吃好点,低落,晴,朋友,想健康,微辣,麸质,618,烤生蚝,火锅麻辣烫,1,chosen,0.6996,0.7821,train,normal
1140,夜宵,3,40,想吃好点,低落,晴,朋友,想健康,微辣,麸质,292,荤豆花,川菜,1,chosen,0.6799,0.6918,train,normal
1140,夜宵,3,40,想吃好点,低落,晴,朋友,想健康,微辣,麸质,613,酸菜鱼,火锅麻辣烫,0,considered,0.6445,0.6908,train,normal
1140,夜宵,3,40,想吃好点,低落,晴,朋友,想健康,微辣,麸质,24,菌汤火锅,火锅麻辣烫,0,considered,0.6032,0.5512,train,normal
1141,晚餐,4,30,不差钱,疲惫,阴,朋友,严格控制,微辣,,471,梭子蟹炒年糕,本帮江浙菜,1,chosen,0.6948,0.7051,val,normal
1141,晚餐,4,30,不差钱,疲惫,阴,朋友,严格控制,微辣,,471,梭子蟹炒年糕,本帮江浙菜,1,chosen,0.6948,0.7432,val,normal
1141,晚餐,4,30,不差钱,疲惫,阴,朋友,严格控制,微辣,,471,梭子蟹炒年糕,本帮江浙菜,1,chosen,0.6948,0.6617,val,normal
1142,夜宵,3,48,正常,疲惫,阴,家人,不关心,不吃辣,麸质,392,猪杂汤粉,广式粥粉面,1,chosen,0.6546,0.6794,val,normal
1142,夜宵,3,48,正常,疲惫,阴,家人,不关心,不吃辣,麸质,392,猪杂汤粉,广式粥粉面,1,chosen,0.6546,0.6531,val,normal
1142,夜宵,3,48,正常,疲惫,阴,家人,不关心,不吃辣,麸质,668,咸肉菜饭,煲仔饭碟头饭,1,chosen,0.6398,0.5652,val,normal
1142,夜宵,3,48,正常,疲惫,阴,家人,不关心,不吃辣,麸质,399,潮汕牛肉丸粉,广式粥粉面,0,considered,0.6546,0.6545,val,normal
1142,夜宵,3,48,正常,疲惫,阴,家人,不关心,不吃辣,麸质,395,生滚鱼片粥,广式粥粉面,0,considered,0.6311,0.6239,val,normal
1143,午餐,5,41,正常,一般,晴,朋友,严格控制,中辣,,15,宫保鸡丁,家常炒菜,1,chosen,0.6733,0.7116,train,normal
1143,午餐,5,41,正常,一般,晴,朋友,严格控制,中辣,,15,宫保鸡丁,家常炒菜,1,chosen,0.6733,0.6309,train,normal
1143,午餐,5,41,正常,一般,晴,朋友,严格控制,中辣,,15,宫保鸡丁,家常炒菜,1,chosen,0.6733,0.6525,train,normal
1144,午餐,3,56,想吃好点,兴奋,热,一个人,想健康,微辣,,655,豉油鸡,烧腊卤味,1,chosen,0.6034,0.6434,train,normal
1144,午餐,3,56,想吃好点,兴奋,热,一个人,想健康,微辣,,655,豉油鸡,烧腊卤味,1,chosen,0.6034,0.6153,train,normal
1144,午餐,3,56,想吃好点,兴奋,热,一个人,想健康,微辣,,655,豉油鸡,烧腊卤味,1,chosen,0.6034,0.5889,train,normal
1144,午餐,3,56,想吃好点,兴奋,热,一个人,想健康,微辣,,648,卤水鸡翅,烧腊卤味,0,considered,0.5959,0.592,train,normal
1144,午餐,3,56,想吃好点,兴奋,热,一个人,想健康,微辣,,658,卤水豆腐,烧腊卤味,0,considered,0.5838,0.5422,train,normal
1145,晚餐,2,60,不差钱,一般,晴,家人,随便,微辣,素食,458,油焖笋,本帮江浙菜,1,chosen,0.5699,0.6013,test,normal
1145,晚餐,2,60,不差钱,一般,晴,家人,随便,微辣,素食,194,油焖春笋,家常炒菜,1,chosen,0.559,0.6002,test,normal
1145,晚餐,2,60,不差钱,一般,晴,家人,随便,微辣,素食,458,油焖笋,本帮江浙菜,1,chosen,0.5699,0.5458,test,normal
1146,晚餐,1,58,正常,压力大,晴,约会,想健康,不吃辣,乳制品,369,豉汁蒸鱼头,广府家常菜,1,chosen,0.6681,0.6587,train,normal
1146,晚餐,1,58,正常,压力大,晴,约会,想健康,不吃辣,乳制品,369,豉汁蒸鱼头,广府家常菜,1,chosen,0.6681,0.6674,train,normal
1146,晚餐,1,58,正常,压力大,晴,约会,想健康,不吃辣,乳制品,369,豉汁蒸鱼头,广府家常菜,1,chosen,0.6681,0.6316,train,normal
1147,晚餐,1,15,正常,一般,雨,一个人,想健康,微辣,,366,豉椒炒花甲,广府家常菜,1,chosen,0.5784,0.4984,train,normal
1147,晚餐,1,15,正常,一般,雨,一个人,想健康,微辣,,366,豉椒炒花甲,广府家常菜,1,chosen,0.5784,0.5734,train,normal
1147,晚餐,1,15,正常,一般,雨,一个人,想健康,微辣,,366,豉椒炒花甲,广府家常菜,1,chosen,0.5784,0.5717,train,normal
1148,夜宵,5,43,想吃好点,开心,雨,约会,不关心,中辣,,26,烤鸡翅,烧烤小吃,1,chosen,0.736,0.7007,test,normal
1148,夜宵,5,43,想吃好点,开心,雨,约会,不关心,中辣,,26,烤鸡翅,烧烤小吃,1,chosen,0.736,0.6822,test,normal
1148,夜宵,5,43,想吃好点,开心,雨,约会,不关心,中辣,,26,烤鸡翅,烧烤小吃,1,chosen,0.736,0.8047,test,normal
1149,午餐,3,89,正常,一般,阴,一个人,严格控制,中辣,乳制品,248,青椒肉丝(川),川菜,1,chosen,0.5721,0.5735,train,normal
1149,午餐,3,89,正常,一般,阴,一个人,严格控制,中辣,乳制品,248,青椒肉丝(川),川菜,1,chosen,0.5721,0.5797,train,normal
1149,午餐,3,89,正常,一般,阴,一个人,严格控制,中辣,乳制品,248,青椒肉丝(川),川菜,1,chosen,0.5721,0.5933,train,normal
1149,午餐,3,89,正常,一般,阴,一个人,严格控制,中辣,乳制品,292,荤豆花,川菜,0,considered,0.5642,0.5402,train,normal
1149,午餐,3,89,正常,一般,阴,一个人,严格控制,中辣,乳制品,297,连锅汤,川菜,0,considered,0.5608,0.548,train,normal
1150,晚餐,3,21,省着点,疲惫,晴,朋友,不关心,微辣,,191,干煸四季豆,家常炒菜,1,chosen,0.6457,0.6342,train,normal
1150,晚餐,3,21,省着点,疲惫,晴,朋友,不关心,微辣,,191,干煸四季豆,家常炒菜,1,chosen,0.6457,0.6781,train,normal
1150,晚餐,3,21,省着点,疲惫,晴,朋友,不关心,微辣,,48,东北土豆丝,东北菜,1,chosen,0.6453,0.6904,train,normal
1150,晚餐,3,21,省着点,疲惫,晴,朋友,不关心,微辣,,192,椒盐豆腐,家常炒菜,0,considered,0.6416,0.5865,train,normal
1150,晚餐,3,21,省着点,疲惫,晴,朋友,不关心,微辣,,172,手撕包菜,家常炒菜,0,considered,0.6389,0.611,train,normal
1151,晚餐,3,15,正常,开心,晴,朋友,不关心,微辣,麸质,71,干豆腐炒尖椒,东北菜,1,chosen,0.6086,0.5514,train,normal
1151,晚餐,3,15,正常,开心,晴,朋友,不关心,微辣,麸质,71,干豆腐炒尖椒,东北菜,1,chosen,0.6086,0.6174,train,normal
1151,晚餐,3,15,正常,开心,晴,朋友,不关心,微辣,麸质,71,干豆腐炒尖椒,东北菜,1,chosen,0.6086,0.61,train,normal
1152,晚餐,2,39,省着点,一般,雨,朋友,随便,中辣,,523,长沙臭豆腐,湘菜,1,chosen,0.6657,0.6981,train,normal
1152,晚餐,2,39,省着点,一般,雨,朋友,随便,中辣,,523,长沙臭豆腐,湘菜,1,chosen,0.6657,0.6537,train,normal
1152,晚餐,2,39,省着点,一般,雨,朋友,随便,中辣,,523,长沙臭豆腐,湘菜,1,chosen,0.6657,0.6891,train,normal
1152,晚餐,2,39,省着点,一般,雨,朋友,随便,中辣,,575,紫苏煎黄瓜,湘菜,0,considered,0.648,0.5924,train,normal
1152,晚餐,2,39,省着点,一般,雨,朋友,随便,中辣,,579,腊味萝卜干,湘菜,0,considered,0.6472,0.7065,train,normal
1153,午餐,4,20,省着点,低落,阴,同事,严格控制,不吃辣,,195,清炒草头,家常炒菜,1,chosen,0.6091,0.548,train,normal
1153,午餐,4,20,省着点,低落,阴,同事,严格控制,不吃辣,,195,清炒草头,家常炒菜,1,chosen,0.6091,0.6038,train,normal
1153,午餐,4,20,省着点,低落,阴,同事,严格控制,不吃辣,,195,清炒草头,家常炒菜,1,chosen,0.6091,0.6084,train,normal
1154,早餐,5,48,正常,一般,阴,一个人,想健康,重辣,素食,807,衢州常山索面,长三角粉面,1,chosen,0.5228,0.4844,train,normal
1154,早餐,5,48,正常,一般,阴,一个人,想健康,重辣,素食,807,衢州常山索面,长三角粉面,1,chosen,0.5228,0.5038,train,normal
1154,早餐,5,48,正常,一般,阴,一个人,想健康,重辣,素食,807,衢州常山索面,长三角粉面,1,chosen,0.5228,0.5387,train,normal
1155,晚餐,1,42,正常,一般,晴,一个人,随便,微辣,,366,豉椒炒花甲,广府家常菜,1,chosen,0.4919,0.5095,train,normal
1155,晚餐,1,42,正常,一般,晴,一个人,随便,微辣,,162,干煸茧蛹,东北菜,1,chosen,0.5017,0.492,train,normal
1155,晚餐,1,42,正常,一般,晴,一个人,随便,微辣,,162,干煸茧蛹,东北菜,1,chosen,0.5017,0.5828,train,normal
1156,晚餐,4,55,省着点,压力大,热,家人,想健康,不吃辣,,658,卤水豆腐,烧腊卤味,1,chosen,0.7271,0.6881,train,normal
1156,晚餐,4,55,省着点,压力大,热,家人,想健康,不吃辣,,658,卤水豆腐,烧腊卤味,1,chosen,0.7271,0.7085,train,normal
1156,晚餐,4,55,省着点,压力大,热,家人,想健康,不吃辣,,685,菜饭骨头汤,煲仔饭碟头饭,1,chosen,0.6827,0.7092,train,normal
1156,晚餐,4,55,省着点,压力大,热,家人,想健康,不吃辣,,648,卤水鸡翅,烧腊卤味,0,considered,0.6966,0.6732,train,normal
1156,晚餐,4,55,省着点,压力大,热,家人,想健康,不吃辣,,655,豉油鸡,烧腊卤味,0,considered,0.6382,0.6447,train,normal
1157,晚餐,5,50,想吃好点,疲惫,晴,家人,严格控制,微辣,,297,连锅汤,川菜,1,chosen,0.7027,0.6894,train,normal
1157,晚餐,5,50,想吃好点,疲惫,晴,家人,严格控制,微辣,,88,石锅拌饭,东北菜,1,chosen,0.6996,0.6653,train,normal
1157,晚餐,5,50,想吃好点,疲惫,晴,家人,严格控制,微辣,,297,连锅汤,川菜,1,chosen,0.7027,0.6923,train,normal
1157,晚餐,5,50,想吃好点,疲惫,晴,家人,严格控制,微辣,,292,荤豆花,川菜,0,considered,0.7027,0.6921,train,normal
1157,晚餐,5,50,想吃好点,疲惫,晴,家人,严格控制,微辣,,284,牛肉焦饼,川菜,0,considered,0.661,0.6844,train,normal
1158,下午加餐,4,44,正常,开心,雨,同事,想健康,重辣,,34,全麦鸡肉三明治,轻食健康,1,chosen,0.6667,0.6969,val,normal
1158,下午加餐,4,44,正常,开心,雨,同事,想健康,重辣,,36,希腊酸奶坚果碗,轻食健康,1,chosen,0.6559,0.6026,val,normal
1158,下午加餐,4,44,正常,开心,雨,同事,想健康,重辣,,34,全麦鸡肉三明治,轻食健康,1,chosen,0.6667,0.6732,val,normal
1158,下午加餐,4,44,正常,开心,雨,同事,想健康,重辣,,32,藜麦牛油果碗,轻食健康,0,considered,0.6564,0.7147,val,normal
1158,下午加餐,4,44,正常,开心,雨,同事,想健康,重辣,,36,希腊酸奶坚果碗,轻食健康,0,considered,0.6559,0.6492,val,normal
1159,午餐,5,43,正常,一般,冷,同事,随便,重辣,,2,青椒肉丝,煲仔饭碟头饭,1,chosen,0.6138,0.6059,train,normal
1159,午餐,5,43,正常,一般,冷,同事,随便,重辣,,1,黄焖鸡米饭,煲仔饭碟头饭,1,chosen,0.6138,0.5947,train,normal
1159,午餐,5,43,正常,一般,冷,同事,随便,重辣,,1,黄焖鸡米饭,煲仔饭碟头饭,1,chosen,0.6138,0.6083,train,normal
1159,午餐,5,43,正常,一般,冷,同事,随便,重辣,,2,青椒肉丝,煲仔饭碟头饭,0,considered,0.6138,0.5953,train,normal
1159,午餐,5,43,正常,一般,冷,同事,随便,重辣,,4,咖喱鸡排饭,煲仔饭碟头饭,0,considered,0.6138,0.6383,train,normal
1160,午餐,3,52,想吃好点,一般,雨,一个人,不关心,微辣,,559,湖南蛋饺,湘菜,1,chosen,0.5628,0.5614,test,normal
1160,午餐,3,52,想吃好点,一般,雨,一个人,不关心,微辣,,651,牛杂,烧腊卤味,1,chosen,0.5664,0.5895,test,normal
1160,午餐,3,52,想吃好点,一般,雨,一个人,不关心,微辣,,651,牛杂,烧腊卤味,1,chosen,0.5664,0.556,test,normal
1161,晚餐,2,25,省着点,压力大,晴,一个人,想健康,微辣,素食,195,清炒草头,家常炒菜,1,chosen,0.5757,0.5913,train,normal
1161,晚餐,2,25,省着点,压力大,晴,一个人,想健康,微辣,素食,195,清炒草头,家常炒菜,1,chosen,0.5757,0.5963,train,normal
1161,晚餐,2,25,省着点,压力大,晴,一个人,想健康,微辣,素食,195,清炒草头,家常炒菜,1,chosen,0.5757,0.6096,train,normal
1162,晚餐,3,68,想吃好点,一般,雨,朋友,想健康,重辣,海鲜,293,藤椒鸡,川菜,1,chosen,0.7221,0.7277,train,normal
1162,晚餐,3,68,想吃好点,一般,雨,朋友,想健康,重辣,海鲜,293,藤椒鸡,川菜,1,chosen,0.7221,0.7063,train,normal
1162,晚餐,3,68,想吃好点,一般,雨,朋友,想健康,重辣,海鲜,293,藤椒鸡,川菜,1,chosen,0.7221,0.7422,train,normal
1163,午餐,2,15,想吃好点,兴奋,阴,一个人,随便,微辣,麸质,366,豉椒炒花甲,广府家常菜,1,chosen,0.5309,0.4962,train,normal
1163,午餐,2,15,想吃好点,兴奋,阴,一个人,随便,微辣,麸质,366,豉椒炒花甲,广府家常菜,1,chosen,0.5309,0.5597,train,normal
1163,午餐,2,15,想吃好点,兴奋,阴,一个人,随便,微辣,麸质,366,豉椒炒花甲,广府家常菜,1,chosen,0.5309,0.5097,train,normal
1164,午餐,1,24,正常,兴奋,晴,朋友,不关心,中辣,,248,青椒肉丝(川),川菜,1,chosen,0.603,0.5839,train,normal
1164,午餐,1,24,正常,兴奋,晴,朋友,不关心,中辣,,162,干煸茧蛹,东北菜,1,chosen,0.6093,0.6483,train,normal
1164,午餐,1,24,正常,兴奋,晴,朋友,不关心,中辣,,162,干煸茧蛹,东北菜,1,chosen,0.6093,0.6061,train,normal
1165,午餐,3,94,正常,开心,晴,朋友,想健康,中辣,麸质,15,宫保鸡丁,家常炒菜,1,chosen,0.6787,0.7036,train,normal
1165,午餐,3,94,正常,开心,晴,朋友,想健康,中辣,麸质,15,宫保鸡丁,家常炒菜,1,chosen,0.6787,0.656,train,normal
1165,午餐,3,94,正常,开心,晴,朋友,想健康,中辣,麸质,15,宫保鸡丁,家常炒菜,1,chosen,0.6787,0.69,train,normal
1165,午餐,3,94,正常,开心,晴,朋友,想健康,中辣,麸质,184,鱼香肉丝,家常炒菜,0,considered,0.6553,0.6453,train,normal
1165,午餐,3,94,正常,开心,晴,朋友,想健康,中辣,麸质,191,干煸四季豆,家常炒菜,0,considered,0.642,0.6822,train,normal
1166,午餐,4,63,正常,压力大,阴,朋友,想健康,中辣,麸质,15,宫保鸡丁,家常炒菜,1,chosen,0.7154,0.7196,train,normal
1166,午餐,4,63,正常,压力大,阴,朋友,想健康,中辣,麸质,292,荤豆花,川菜,1,chosen,0.7021,0.714,train,normal
1166,午餐,4,63,正常,压力大,阴,朋友,想健康,中辣,麸质,15,宫保鸡丁,家常炒菜,1,chosen,0.7154,0.7311,train,normal
1167,晚餐,2,52,正常,开心,热,家人,不关心,中辣,,648,卤水鸡翅,烧腊卤味,1,chosen,0.6648,0.5999,train,normal
1167,晚餐,2,52,正常,开心,热,家人,不关心,中辣,,648,卤水鸡翅,烧腊卤味,1,chosen,0.6648,0.6646,train,normal
1167,晚餐,2,52,正常,开心,热,家人,不关心,中辣,,648,卤水鸡翅,烧腊卤味,1,chosen,0.6648,0.6255,train,normal
1168,晚餐,3,95,不差钱,开心,冷,家人,严格控制,微辣,,620,猪肚鸡,火锅麻辣烫,1,chosen,0.7104,0.6204,train,normal
1168,晚餐,3,95,不差钱,开心,冷,家人,严格控制,微辣,,24,菌汤火锅,火锅麻辣烫,1,chosen,0.7203,0.6861,train,normal
1168,晚餐,3,95,不差钱,开心,冷,家人,严格控制,微辣,,373,上汤焗龙虾,广府家常菜,1,chosen,0.7099,0.6308,train,normal
1168,晚餐,3,95,不差钱,开心,冷,家人,严格控制,微辣,,620,猪肚鸡,火锅麻辣烫,0,considered,0.7104,0.7211,train,normal
1168,晚餐,3,95,不差钱,开心,冷,家人,严格控制,微辣,,621,番茄火锅,火锅麻辣烫,0,considered,0.7025,0.7651,train,normal
1169,午餐,4,23,省着点,低落,阴,一个人,想健康,不吃辣,,195,清炒草头,家常炒菜,1,chosen,0.5601,0.5625,train,normal
1169,午餐,4,23,省着点,低落,阴,一个人,想健康,不吃辣,,195,清炒草头,家常炒菜,1,chosen,0.5601,0.591,train,normal
1169,午餐,4,23,省着点,低落,阴,一个人,想健康,不吃辣,,195,清炒草头,家常炒菜,1,chosen,0.5601,0.5265,train,normal
1170,午餐,2,51,正常,兴奋,冷,约会,不关心,中辣,,594,醋蒸鸡,湘菜,1,chosen,0.6925,0.7292,val,normal
1170,午餐,2,51,正常,兴奋,冷,约会,不关心,中辣,,594,醋蒸鸡,湘菜,1,chosen,0.6925,0.6782,val,normal
1170,午餐,2,51,正常,兴奋,冷,约会,不关心,中辣,,594,醋蒸鸡,湘菜,1,chosen,0.6925,0.7705,val,normal
1170,午餐,2,51,正常,兴奋,冷,约会,不关心,中辣,,557,浏阳蒸菜,湘菜,0,considered,0.6881,0.6937,val,normal
1170,午餐,2,51,正常,兴奋,冷,约会,不关心,中辣,,523,长沙臭豆腐,湘菜,0,considered,0.6833,0.6927,val,normal
1171,午餐,4,15,想吃好点,开心,冷,朋友,想健康,不吃辣,,353,姜葱炒牛肉,广府家常菜,1,chosen,0.6862,0.6221,train,normal
1171,午餐,4,15,想吃好点,开心,冷,朋友,想健康,不吃辣,,353,姜葱炒牛肉,广府家常菜,1,chosen,0.6862,0.6761,train,normal
1171,午餐,4,15,想吃好点,开心,冷,朋友,想健康,不吃辣,,353,姜葱炒牛肉,广府家常菜,1,chosen,0.6862,0.661,train,normal
1172,晚餐,1,62,正常,一般,热,约会,不关心,重辣,,657,卤水掌翼,烧腊卤味,1,chosen,0.6341,0.5525,train,normal
1172,晚餐,1,62,正常,一般,热,约会,不关心,重辣,,657,卤水掌翼,烧腊卤味,1,chosen,0.6341,0.6255,train,normal
1172,晚餐,1,62,正常,一般,热,约会,不关心,重辣,,657,卤水掌翼,烧腊卤味,1,chosen,0.6341,0.6463,train,normal
1173,晚餐,2,104,正常,一般,晴,家人,严格控制,微辣,乳制品,162,干煸茧蛹,东北菜,1,chosen,0.6478,0.6193,train,normal
1173,晚餐,2,104,正常,一般,晴,家人,严格控制,微辣,乳制品,162,干煸茧蛹,东北菜,1,chosen,0.6478,0.6216,train,normal
1173,晚餐,2,104,正常,一般,晴,家人,严格控制,微辣,乳制品,162,干煸茧蛹,东北菜,1,chosen,0.6478,0.6475,train,normal
1173,晚餐,2,104,正常,一般,晴,家人,严格控制,微辣,乳制品,166,炒蚕蛹,东北菜,0,considered,0.6478,0.6637,train,normal
1173,晚餐,2,104,正常,一般,晴,家人,严格控制,微辣,乳制品,156,鲫鱼炖豆腐,东北菜,0,considered,0.6354,0.6652,train,normal
1174,午餐,2,50,正常,开心,晴,朋友,随便,微辣,,162,干煸茧蛹,东北菜,1,chosen,0.6195,0.552,val,normal
1174,午餐,2,50,正常,开心,晴,朋友,随便,微辣,,166,炒蚕蛹,东北菜,1,chosen,0.6195,0.6024,val,normal
1174,午餐,2,50,正常,开心,晴,朋友,随便,微辣,,166,炒蚕蛹,东北菜,1,chosen,0.6195,0.65,val,normal
1175,晚餐,4,47,正常,疲惫,热,同事,想健康,微辣,素食,658,卤水豆腐,烧腊卤味,1,chosen,0.6701,0.6385,train,normal
1175,晚餐,4,47,正常,疲惫,热,同事,想健康,微辣,素食,658,卤水豆腐,烧腊卤味,1,chosen,0.6701,0.7292,train,normal
1175,晚餐,4,47,正常,疲惫,热,同事,想健康,微辣,素食,48,东北土豆丝,东北菜,1,chosen,0.6438,0.6123,train,normal
1176,夜宵,3,79,省着点,低落,晴,家人,不关心,重辣,,645,臭豆腐,烧烤小吃,1,chosen,0.6806,0.6726,train,normal
1176,夜宵,3,79,省着点,低落,晴,家人,不关心,重辣,,645,臭豆腐,烧烤小吃,1,chosen,0.6806,0.729,train,normal
1176,夜宵,3,79,省着点,低落,晴,家人,不关心,重辣,,645,臭豆腐,烧烤小吃,1,chosen,0.6806,0.7206,train,normal
1176,夜宵,3,79,省着点,低落,晴,家人,不关心,重辣,,641,烤金针菇,烧烤小吃,0,considered,0.6637,0.6845,train,normal
1176,夜宵,3,79,省着点,低落,晴,家人,不关心,重辣,,30,铁板豆腐,烧烤小吃,0,considered,0.6637,0.7212,train,normal
1177,晚餐,5,46,省着点,压力大,晴,朋友,严格控制,微辣,,2,青椒肉丝,煲仔饭碟头饭,1,chosen,0.6984,0.6718,train,normal
1177,晚餐,5,46,省着点,压力大,晴,朋友,严格控制,微辣,,2,青椒肉丝,煲仔饭碟头饭,1,chosen,0.6984,0.6825,train,normal
1177,晚餐,5,46,省着点,压力大,晴,朋友,严格控制,微辣,,2,青椒肉丝,煲仔饭碟头饭,1,chosen,0.6984,0.6835,train,normal
1178,晚餐,3,15,正常,压力大,雪,一个人,想健康,中辣,麸质,552,攸县香干,湘菜,1,chosen,0.7253,0.7562,test,snow
1178,晚餐,3,15,正常,压力大,雪,一个人,想健康,中辣,麸质,552,攸县香干,湘菜,1,chosen,0.7253,0.6982,test,snow
1178,晚餐,3,15,正常,压力大,雪,一个人,想健康,中辣,麸质,11,云南小锅米线,长三角粉面,1,chosen,0.7253,0.6974,test,snow
1179,晚餐,4,52,正常,压力大,阴,家人,想健康,中辣,麸质,15,宫保鸡丁,家常炒菜,1,chosen,0.7045,0.712,train,normal
1179,晚餐,4,52,正常,压力大,阴,家人,想健康,中辣,麸质,15,宫保鸡丁,家常炒菜,1,chosen,0.7045,0.7587,train,normal
1179,晚餐,4,52,正常,压力大,阴,家人,想健康,中辣,麸质,15,宫保鸡丁,家常炒菜,1,chosen,0.7045,0.6954,train,normal
1180,午餐,2,19,不差钱,一般,雨,家人,想健康,中辣,,366,豉椒炒花甲,广府家常菜,1,chosen,0.6723,0.7327,train,normal
1180,午餐,2,19,不差钱,一般,雨,家人,想健康,中辣,,366,豉椒炒花甲,广府家常菜,1,chosen,0.6723,0.6946,train,normal
1180,午餐,2,19,不差钱,一般,雨,家人,想健康,中辣,,366,豉椒炒花甲,广府家常菜,1,chosen,0.6723,0.7025,train,normal
1180,午餐,2,19,不差钱,一般,雨,家人,想健康,中辣,,378,姜葱炒蟹,广府家常菜,0,considered,0.6691,0.6753,train,normal
1180,午餐,2,19,不差钱,一般,雨,家人,想健康,中辣,,354,姜葱焗鱼,广府家常菜,0,considered,0.6626,0.7011,train,normal
1181,午餐,4,47,正常,疲惫,热,朋友,想健康,不吃辣,,658,卤水豆腐,烧腊卤味,1,chosen,0.7271,0.7672,val,normal
1181,午餐,4,47,正常,疲惫,热,朋友,想健康,不吃辣,,658,卤水豆腐,烧腊卤味,1,chosen,0.7271,0.7793,val,normal
1181,午餐,4,47,正常,疲惫,热,朋友,想健康,不吃辣,,658,卤水豆腐,烧腊卤味,1,chosen,0.7271,0.762,val,normal
1182,夜宵,5,42,正常,疲惫,热,同事,不关心,微辣,,627,炒年糕,烧烤小吃,1,chosen,0.6774,0.6701,train,normal
1182,夜宵,5,42,正常,疲惫,热,同事,不关心,微辣,,627,炒年糕,烧烤小吃,1,chosen,0.6774,0.6358,train,normal
1182,夜宵,5,42,正常,疲惫,热,同事,不关心,微辣,,627,炒年糕,烧烤小吃,1,chosen,0.6774,0.6839,train,normal
1183,午餐,5,50,正常,一般,晴,同事,不关心,微辣,麸质,1,黄焖鸡米饭,煲仔饭碟头饭,1,chosen,0.5657,0.6343,val,normal
1183,午餐,5,50,正常,一般,晴,同事,不关心,微辣,麸质,1,黄焖鸡米饭,煲仔饭碟头饭,1,chosen,0.5657,0.574,val,normal
1183,午餐,5,50,正常,一般,晴,同事,不关心,微辣,麸质,651,牛杂,烧腊卤味,1,chosen,0.562,0.5958,val,normal
1183,午餐,5,50,正常,一般,晴,同事,不关心,微辣,麸质,2,青椒肉丝,煲仔饭碟头饭,0,considered,0.5657,0.5869,val,normal
1183,午餐,5,50,正常,一般,晴,同事,不关心,微辣,麸质,4,咖喱鸡排饭,煲仔饭碟头饭,0,considered,0.5657,0.5565,val,normal
1184,午餐,4,75,想吃好点,一般,晴,家人,想健康,不吃辣,"海鲜,乳制品",680,海南鸡饭,煲仔饭碟头饭,1,chosen,0.648,0.6163,test,normal
1184,午餐,4,75,想吃好点,一般,晴,家人,想健康,不吃辣,"海鲜,乳制品",680,海南鸡饭,煲仔饭碟头饭,1,chosen,0.648,0.6176,test,normal
1184,午餐,4,75,想吃好点,一般,晴,家人,想健康,不吃辣,"海鲜,乳制品",680,海南鸡饭,煲仔饭碟头饭,1,chosen,0.648,0.6275,test,normal
1185,午餐,4,44,省着点,压力大,晴,一个人,想健康,微辣,乳制品,2,青椒肉丝,煲仔饭碟头饭,1,chosen,0.6087,0.6313,train,normal
1185,午餐,4,44,省着点,压力大,晴,一个人,想健康,微辣,乳制品,2,青椒肉丝,煲仔饭碟头饭,1,chosen,0.6087,0.5825,train,normal
1185,午餐,4,44,省着点,压力大,晴,一个人,想健康,微辣,乳制品,2,青椒肉丝,煲仔饭碟头饭,1,chosen,0.6087,0.6898,train,normal
1186,午餐,4,30,正常,疲惫,晴,一个人,想健康,微辣,乳制品,2,青椒肉丝,煲仔饭碟头饭,1,chosen,0.6137,0.6216,train,normal
1186,午餐,4,30,正常,疲惫,晴,一个人,想健康,微辣,乳制品,2,青椒肉丝,煲仔饭碟头饭,1,chosen,0.6137,0.5994,train,normal
1186,午餐,4,30,正常,疲惫,晴,一个人,想健康,微辣,乳制品,2,青椒肉丝,煲仔饭碟头饭,1,chosen,0.6137,0.6314,train,normal
1187,午餐,4,51,想吃好点,疲惫,晴,家人,想健康,微辣,,680,海南鸡饭,煲仔饭碟头饭,1,chosen,0.6999,0.7632,train,normal
1187,午餐,4,51,想吃好点,疲惫,晴,家人,想健康,微辣,,680,海南鸡饭,煲仔饭碟头饭,1,chosen,0.6999,0.7035,train,normal
1187,午餐,4,51,想吃好点,疲惫,晴,家人,想健康,微辣,,680,海南鸡饭,煲仔饭碟头饭,1,chosen,0.6999,0.726,train,normal
1187,午餐,4,51,想吃好点,疲惫,晴,家人,想健康,微辣,,687,黄鳝煲仔饭,煲仔饭碟头饭,0,considered,0.6999,0.7287,train,normal
1187,午餐,4,51,想吃好点,疲惫,晴,家人,想健康,微辣,,681,滑鸡煲仔饭,煲仔饭碟头饭,0,considered,0.6901,0.643,train,normal
1188,晚餐,4,15,正常,疲惫,晴,朋友,不关心,不吃辣,,9,炸酱面,长三角粉面,1,chosen,0.634,0.6467,train,normal
1188,晚餐,4,15,正常,疲惫,晴,朋友,不关心,不吃辣,,684,窝蛋牛肉饭,煲仔饭碟头饭,1,chosen,0.6394,0.6221,train,normal
1188,晚餐,4,15,正常,疲惫,晴,朋友,不关心,不吃辣,,684,窝蛋牛肉饭,煲仔饭碟头饭,1,chosen,0.6394,0.6294,train,normal
1189,晚餐,3,73,正常,压力大,雨,一个人,想健康,中辣,,11,云南小锅米线,长三角粉面,1,chosen,0.6579,0.6679,train,normal
1189,晚餐,3,73,正常,压力大,雨,一个人,想健康,中辣,,11,云南小锅米线,长三角粉面,1,chosen,0.6579,0.6129,train,normal
1189,晚餐,3,73,正常,压力大,雨,一个人,想健康,中辣,,11,云南小锅米线,长三角粉面,1,chosen,0.6579,0.6829,train,normal
1190,晚餐,4,49,省着点,疲惫,热,一个人,想健康,重辣,素食,658,卤水豆腐,烧腊卤味,1,chosen,0.633,0.6066,train,normal
1190,晚餐,4,49,省着点,疲惫,热,一个人,想健康,重辣,素食,658,卤水豆腐,烧腊卤味,1,chosen,0.633,0.5911,train,normal
1190,晚餐,4,49,省着点,疲惫,热,一个人,想健康,重辣,素食,658,卤水豆腐,烧腊卤味,1,chosen,0.633,0.645,train,normal
1191,晚餐,4,41,想吃好点,开心,晴,同事,不关心,微辣,"海鲜,乳制品",371,鱼香茄子煲,广府家常菜,1,chosen,0.5734,0.5816,train,normal
1191,晚餐,4,41,想吃好点,开心,晴,同事,不关心,微辣,"海鲜,乳制品",781,上海大肠面,长三角粉面,1,chosen,0.5697,0.5531,train,normal
1191,晚餐,4,41,想吃好点,开心,晴,同事,不关心,微辣,"海鲜,乳制品",371,鱼香茄子煲,广府家常菜,1,chosen,0.5734,0.6024,train,normal
1192,午餐,2,22,省着点,一般,晴,家人,不关心,微辣,素食,109,东北臭豆腐,东北菜,1,chosen,0.5917,0.6297,test,normal
1192,午餐,2,22,省着点,一般,晴,家人,不关心,微辣,素食,109,东北臭豆腐,东北菜,1,chosen,0.5917,0.6388,test,normal
1192,午餐,2,22,省着点,一般,晴,家人,不关心,微辣,素食,109,东北臭豆腐,东北菜,1,chosen,0.5917,0.6602,test,normal
1193,夜宵,2,75,省着点,开心,晴,同事,想健康,中辣,乳制品,642,烤韭菜,烧烤小吃,1,chosen,0.6643,0.6759,train,normal
1193,夜宵,2,75,省着点,开心,晴,同事,想健康,中辣,乳制品,642,烤韭菜,烧烤小吃,1,chosen,0.6643,0.6706,train,normal
1193,夜宵,2,75,省着点,开心,晴,同事,想健康,中辣,乳制品,642,烤韭菜,烧烤小吃,1,chosen,0.6643,0.618,train,normal
1194,夜宵,1,15,想吃好点,一般,晴,约会,随便,不吃辣,海鲜,625,沙县扁肉,烧烤小吃,1,chosen,0.6052,0.6095,train,normal
1194,夜宵,1,15,想吃好点,一般,晴,约会,随便,不吃辣,海鲜,625,沙县扁肉,烧烤小吃,1,chosen,0.6052,0.6588,train,normal
1194,夜宵,1,15,想吃好点,一般,晴,约会,随便,不吃辣,海鲜,625,沙县扁肉,烧烤小吃,1,chosen,0.6052,0.6373,train,normal
1195,午餐,3,39,正常,开心,阴,同事,严格控制,微辣,,6,兰州牛肉面,长三角粉面,1,chosen,0.6186,0.6953,train,normal
1195,午餐,3,39,正常,开心,阴,同事,严格控制,微辣,,6,兰州牛肉面,长三角粉面,1,chosen,0.6186,0.6595,train,normal
1195,午餐,3,39,正常,开心,阴,同事,严格控制,微辣,,6,兰州牛肉面,长三角粉面,1,chosen,0.6186,0.6472,train,normal
1195,午餐,3,39,正常,开心,阴,同事,严格控制,微辣,,787,南京老卤面,长三角粉面,0,considered,0.6008,0.574,train,normal
1195,午餐,3,39,正常,开心,阴,同事,严格控制,微辣,,774,上海辣肉面,长三角粉面,0,considered,0.6008,0.624,train,normal
1196,午餐,1,47,正常,开心,阴,家人,不关心,微辣,,166,炒蚕蛹,东北菜,1,chosen,0.6004,0.6366,val,normal
1196,午餐,1,47,正常,开心,阴,家人,不关心,微辣,,166,炒蚕蛹,东北菜,1,chosen,0.6004,0.6216,val,normal
1196,午餐,1,47,正常,开心,阴,家人,不关心,微辣,,166,炒蚕蛹,东北菜,1,chosen,0.6004,0.6407,val,normal
1196,午餐,1,47,正常,开心,阴,家人,不关心,微辣,,162,干煸茧蛹,东北菜,0,considered,0.6004,0.596,val,normal
1196,午餐,1,47,正常,开心,阴,家人,不关心,微辣,,148,酱猪肝,东北菜,0,considered,0.5857,0.5593,val,normal
1197,下午加餐,4,29,正常,疲惫,阴,朋友,随便,重辣,,706,芒果班戟,糖水甜品,1,chosen,0.6303,0.573,test,normal
1197,下午加餐,4,29,正常,疲惫,阴,朋友,随便,重辣,,706,芒果班戟,糖水甜品,1,chosen,0.6303,0.6274,test,normal
1197,下午加餐,4,29,正常,疲惫,阴,朋友,随便,重辣,,706,芒果班戟,糖水甜品,1,chosen,0.6303,0.6282,test,normal
1197,下午加餐,4,29,正常,疲惫,阴,朋友,随便,重辣,,694,菠萝包,糖水甜品,0,considered,0.6165,0.5799,test,normal
1197,下午加餐,4,29,正常,疲惫,阴,朋友,随便,重辣,,696,蛋挞,糖水甜品,0,considered,0.6155,0.6075,test,normal
1198,晚餐,3,64,正常,一般,阴,同事,想健康,微辣,"海鲜,乳制品",6,兰州牛肉面,长三角粉面,1,chosen,0.5974,0.5816,train,normal
1198,晚餐,3,64,正常,一般,阴,同事,想健康,微辣,"海鲜,乳制品",6,兰州牛肉面,长三角粉面,1,chosen,0.5974,0.6268,train,normal
1198,晚餐,3,64,正常,一般,阴,同事,想健康,微辣,"海鲜,乳制品",6,兰州牛肉面,长三角粉面,1,chosen,0.5974,0.62,train,normal
1199,午餐,4,81,正常,开心,晴,约会,随便,不吃辣,,668,咸肉菜饭,煲仔饭碟头饭,1,chosen,0.644,0.6002,test,normal
1199,午餐,4,81,正常,开心,晴,约会,随便,不吃辣,,668,咸肉菜饭,煲仔饭碟头饭,1,chosen,0.644,0.6728,test,normal
1199,午餐,4,81,正常,开心,晴,约会,随便,不吃辣,,368,豉汁蒸凤爪,广府家常菜,1,chosen,0.6403,0.6612,test,normal
1200,晚餐,4,50,不差钱,开心,阴,一个人,不关心,中辣,,607,翠竹粉蒸鱼,湘菜,1,chosen,0.5383,0.606,train,normal
1200,晚餐,4,50,不差钱,开心,阴,一个人,不关心,中辣,,607,翠竹粉蒸鱼,湘菜,1,chosen,0.5383,0.5934,train,normal
1200,晚餐,4,50,不差钱,开心,阴,一个人,不关心,中辣,,607,翠竹粉蒸鱼,湘菜,1,chosen,0.5383,0.4824,train,normal
1201,晚餐,3,35,正常,疲惫,晴,同事,不关心,微辣,,48,东北土豆丝,东北菜,1,chosen,0.6064,0.6233,val,normal
1201,晚餐,3,35,正常,疲惫,晴,同事,不关心,微辣,,48,东北土豆丝,东北菜,1,chosen,0.6064,0.6435,val,normal
1201,晚餐,3,35,正常,疲惫,晴,同事,不关心,微辣,,48,东北土豆丝,东北菜,1,chosen,0.6064,0.567,val,normal
1201,晚餐,3,35,正常,疲惫,晴,同事,不关心,微辣,,71,干豆腐炒尖椒,东北菜,0,considered,0.6027,0.5733,val,normal
1201,晚餐,3,35,正常,疲惫,晴,同事,不关心,微辣,,72,手撕包菜(东北),东北菜,0,considered,0.6027,0.6171,val,normal
1202,晚餐,1,59,省着点,低落,晴,约会,随便,微辣,海鲜,109,东北臭豆腐,东北菜,1,chosen,0.6179,0.6874,train,normal
1202,晚餐,1,59,省着点,低落,晴,约会,随便,微辣,海鲜,191,干煸四季豆,家常炒菜,1,chosen,0.6084,0.5945,train,normal
1202,晚餐,1,59,省着点,低落,晴,约会,随便,微辣,海鲜,109,东北臭豆腐,东北菜,1,chosen,0.6179,0.6255,train,normal
1203,午餐,5,46,正常,兴奋,热,一个人,随便,不吃辣,乳制品,658,卤水豆腐,烧腊卤味,1,chosen,0.5681,0.5998,train,normal
1203,午餐,5,46,正常,兴奋,热,一个人,随便,不吃辣,乳制品,360,白灼猪手,广府家常菜,1,chosen,0.5681,0.5861,train,normal
1203,午餐,5,46,正常,兴奋,热,一个人,随便,不吃辣,乳制品,654,蜜汁叉烧,烧腊卤味,1,chosen,0.5677,0.555,train,normal
1204,晚餐,3,15,省着点,开心,雨,一个人,想健康,中辣,海鲜,575,紫苏煎黄瓜,湘菜,1,chosen,0.6249,0.5945,test,normal
1204,晚餐,3,15,省着点,开心,雨,一个人,想健康,中辣,海鲜,575,紫苏煎黄瓜,湘菜,1,chosen,0.6249,0.5985,test,normal
1204,晚餐,3,15,省着点,开心,雨,一个人,想健康,中辣,海鲜,575,紫苏煎黄瓜,湘菜,1,chosen,0.6249,0.5889,test,normal
1204,晚餐,3,15,省着点,开心,雨,一个人,想健康,中辣,海鲜,552,攸县香干,湘菜,0,considered,0.6123,0.6195,test,normal
1204,晚餐,3,15,省着点,开心,雨,一个人,想健康,中辣,海鲜,591,酸菜炒粉皮,湘菜,0,considered,0.6101,0.625,test,normal
1205,午餐,3,79,正常,一般,晴,朋友,想健康,不吃辣,海鲜,64,土豆炖茄子,东北菜,1,chosen,0.6406,0.6495,train,normal
1205,午餐,3,79,正常,一般,晴,朋友,想健康,不吃辣,海鲜,64,土豆炖茄子,东北菜,1,chosen,0.6406,0.6725,train,normal
1205,午餐,3,79,正常,一般,晴,朋友,想健康,不吃辣,海鲜,64,土豆炖茄子,东北菜,1,chosen,0.6406,0.6647,train,normal
1205,午餐,3,79,正常,一般,晴,朋友,想健康,不吃辣,海鲜,159,东北乱炖(素),东北菜,0,considered,0.6406,0.713,train,normal
1205,午餐,3,79,正常,一般,晴,朋友,想健康,不吃辣,海鲜,143,茄子炖土豆,东北菜,0,considered,0.6406,0.6175,train,normal
1206,夜宵,4,92,正常,低落,冷,一个人,严格控制,微辣,麸质,627,炒年糕,烧烤小吃,1,chosen,0.6798,0.6545,train,normal
1206,夜宵,4,92,正常,低落,冷,一个人,严格控制,微辣,麸质,627,炒年糕,烧烤小吃,1,chosen,0.6798,0.6755,train,normal
1206,夜宵,4,92,正常,低落,冷,一个人,严格控制,微辣,麸质,627,炒年糕,烧烤小吃,1,chosen,0.6798,0.6136,train,normal
1207,午餐,3,58,正常,压力大,晴,朋友,想健康,中辣,,557,浏阳蒸菜,湘菜,1,chosen,0.7056,0.6803,train,normal
1207,午餐,3,58,正常,压力大,晴,朋友,想健康,中辣,,15,宫保鸡丁,家常炒菜,1,chosen,0.7154,0.7054,train,normal
1207,午餐,3,58,正常,压力大,晴,朋友,想健康,中辣,,15,宫保鸡丁,家常炒菜,1,chosen,0.7154,0.7573,train,normal
1207,午餐,3,58,正常,压力大,晴,朋友,想健康,中辣,,184,鱼香肉丝,家常炒菜,0,considered,0.692,0.661,train,normal
1207,午餐,3,58,正常,压力大,晴,朋友,想健康,中辣,,191,干煸四季豆,家常炒菜,0,considered,0.675,0.6965,train,normal
1208,下午加餐,4,67,不差钱,疲惫,阴,一个人,随便,重辣,,767,珍珠奶茶,轻食健康,1,chosen,0.5534,0.5575,train,normal
1208,下午加餐,4,67,不差钱,疲惫,阴,一个人,随便,重辣,,770,波奇饭,轻食健康,1,chosen,0.5742,0.5903,train,normal
1208,下午加餐,4,67,不差钱,疲惫,阴,一个人,随便,重辣,,770,波奇饭,轻食健康,1,chosen,0.5742,0.5791,train,normal
1209,晚餐,3,37,想吃好点,疲惫,晴,约会,严格控制,中辣,"海鲜,乳制品",300,酸菜肥牛,川菜,1,chosen,0.7343,0.7058,train,normal
1209,晚餐,3,37,想吃好点,疲惫,晴,约会,严格控制,中辣,"海鲜,乳制品",300,酸菜肥牛,川菜,1,chosen,0.7343,0.7514,train,normal
1209,晚餐,3,37,想吃好点,疲惫,晴,约会,严格控制,中辣,"海鲜,乳制品",116,大丰收,东北菜,1,chosen,0.7185,0.6863,train,normal
1210,午餐,5,23,正常,兴奋,冷,朋友,想健康,不吃辣,,349,酿豆腐,广府家常菜,1,chosen,0.6975,0.6918,val,normal
1210,午餐,5,23,正常,兴奋,冷,朋友,想健康,不吃辣,,349,酿豆腐,广府家常菜,1,chosen,0.6975,0.7092,val,normal
1210,午餐,5,23,正常,兴奋,冷,朋友,想健康,不吃辣,,349,酿豆腐,广府家常菜,1,chosen,0.6975,0.7467,val,normal
1211,午餐,4,77,正常,疲惫,晴,朋友,严格控制,重辣,,310,麻婆豆腐(素),川菜,1,chosen,0.7212,0.7219,train,normal
1211,午餐,4,77,正常,疲惫,晴,朋友,严格控制,重辣,,13,麻婆豆腐,家常炒菜,1,chosen,0.7307,0.7535,train,normal
1211,午餐,4,77,正常,疲惫,晴,朋友,严格控制,重辣,,13,麻婆豆腐,家常炒菜,1,chosen,0.7307,0.7411,train,normal
1212,午餐,2,93,想吃好点,疲惫,热,同事,随便,不吃辣,,648,卤水鸡翅,烧腊卤味,1,chosen,0.6199,0.6368,val,normal
1212,午餐,2,93,想吃好点,疲惫,热,同事,随便,不吃辣,,126,松仁小肚,东北菜,1,chosen,0.6271,0.6152,val,normal
1212,午餐,2,93,想吃好点,疲惫,热,同事,随便,不吃辣,,126,松仁小肚,东北菜,1,chosen,0.6271,0.6061,val,normal
1213,早餐,4,41,想吃好点,压力大,雨,家人,想健康,不吃辣,,454,蟹粉小笼包,早餐粥点,1,chosen,0.7297,0.8112,train,normal
1213,早餐,4,41,想吃好点,压力大,雨,家人,想健康,不吃辣,,438,艇仔粥,早餐粥点,1,chosen,0.704,0.6856,train,normal
1213,早餐,4,41,想吃好点,压力大,雨,家人,想健康,不吃辣,,454,蟹粉小笼包,早餐粥点,1,chosen,0.7297,0.735,train,normal
1214,下午加餐,5,68,正常,一般,晴,朋友,随便,中辣,海鲜,706,芒果班戟,糖水甜品,1,chosen,0.5822,0.5474,val,normal
1214,下午加餐,5,68,正常,一般,晴,朋友,随便,中辣,海鲜,706,芒果班戟,糖水甜品,1,chosen,0.5822,0.5962,val,normal
1214,下午加餐,5,68,正常,一般,晴,朋友,随便,中辣,海鲜,706,芒果班戟,糖水甜品,1,chosen,0.5822,0.5787,val,normal
1215,晚餐,5,64,正常,低落,热,同事,随便,微辣,,60,东北饭包,东北菜,1,chosen,0.636,0.6298,train,normal
1215,晚餐,5,64,正常,低落,热,同事,随便,微辣,,60,东北饭包,东北菜,1,chosen,0.636,0.6162,train,normal
1215,晚餐,5,64,正常,低落,热,同事,随便,微辣,,60,东北饭包,东北菜,1,chosen,0.636,0.6573,train,normal
1216,早餐,5,59,正常,开心,雨,一个人,不关心,重辣,素食,807,衢州常山索面,长三角粉面,1,chosen,0.5387,0.5414,train,normal
1216,早餐,5,59,正常,开心,雨,一个人,不关心,重辣,素食,807,衢州常山索面,长三角粉面,1,chosen,0.5387,0.5193,train,normal
1216,早餐,5,59,正常,开心,雨,一个人,不关心,重辣,素食,807,衢州常山索面,长三角粉面,1,chosen,0.5387,0.5453,train,normal
1216,早餐,5,59,正常,开心,雨,一个人,不关心,重辣,素食,778,葱油拌面,长三角粉面,0,considered,0.5297,0.457,train,normal
1216,早餐,5,59,正常,开心,雨,一个人,不关心,重辣,素食,793,常熟蕈油面,长三角粉面,0,considered,0.5229,0.5392,train,normal
1217,下午加餐,3,51,正常,低落,雨,一个人,不关心,不吃辣,,762,丝袜奶茶,轻食健康,1,chosen,0.6233,0.696,test,normal
1217,下午加餐,3,51,正常,低落,雨,一个人,不关心,不吃辣,,762,丝袜奶茶,轻食健康,1,chosen,0.6233,0.6671,test,normal
1217,下午加餐,3,51,正常,低落,雨,一个人,不关心,不吃辣,,762,丝袜奶茶,轻食健康,1,chosen,0.6233,0.628,test,normal
1218,晚餐,4,32,正常,低落,晴,家人,随便,不吃辣,海鲜,658,卤水豆腐,烧腊卤味,1,chosen,0.6237,0.663,train,normal
1218,晚餐,4,32,正常,低落,晴,家人,随便,不吃辣,海鲜,658,卤水豆腐,烧腊卤味,1,chosen,0.6237,0.601,train,normal
1218,晚餐,4,32,正常,低落,晴,家人,随便,不吃辣,海鲜,658,卤水豆腐,烧腊卤味,1,chosen,0.6237,0.6014,train,normal
1219,晚餐,3,45,省着点,开心,晴,朋友,随便,不吃辣,,658,卤水豆腐,烧腊卤味,1,chosen,0.6166,0.6578,train,normal
1219,晚餐,3,45,省着点,开心,晴,朋友,随便,不吃辣,,809,镇江锅盖面,长三角粉面,1,chosen,0.5985,0.5906,train,normal
1219,晚餐,3,45,省着点,开心,晴,朋友,随便,不吃辣,,658,卤水豆腐,烧腊卤味,1,chosen,0.6166,0.5968,train,normal
1220,夜宵,3,46,正常,低落,晴,约会,随便,不吃辣,,635,锅贴,烧烤小吃,1,chosen,0.6824,0.6829,val,normal
1220,夜宵,3,46,正常,低落,晴,约会,随便,不吃辣,,635,锅贴,烧烤小吃,1,chosen,0.6824,0.6658,val,normal
1220,夜宵,3,46,正常,低落,晴,约会,随便,不吃辣,,635,锅贴,烧烤小吃,1,chosen,0.6824,0.6866,val,normal
1221,晚餐,1,15,想吃好点,一般,热,朋友,想健康,中辣,海鲜,248,青椒肉丝(川),川菜,1,chosen,0.6248,0.6154,train,normal
1221,晚餐,1,15,想吃好点,一般,热,朋友,想健康,中辣,海鲜,248,青椒肉丝(川),川菜,1,chosen,0.6248,0.6546,train,normal
1221,晚餐,1,15,想吃好点,一般,热,朋友,想健康,中辣,海鲜,248,青椒肉丝(川),川菜,1,chosen,0.6248,0.6121,train,normal
1221,晚餐,1,15,想吃好点,一般,热,朋友,想健康,中辣,海鲜,211,夫妻肺片,川菜,0,considered,0.5944,0.6264,train,normal
1221,晚餐,1,15,想吃好点,一般,热,朋友,想健康,中辣,海鲜,223,手撕包菜(川),川菜,0,considered,0.5921,0.6469,train,normal
1222,午餐,1,48,省着点,低落,雨,约会,想健康,微辣,,71,干豆腐炒尖椒,东北菜,1,chosen,0.6859,0.662,train,normal
1222,午餐,1,48,省着点,低落,雨,约会,想健康,微辣,,71,干豆腐炒尖椒,东北菜,1,chosen,0.6859,0.6618,train,normal
1222,午餐,1,48,省着点,低落,雨,约会,想健康,微辣,,69,尖椒干豆腐,东北菜,1,chosen,0.6824,0.6873,train,normal
1222,午餐,1,48,省着点,低落,雨,约会,想健康,微辣,,69,尖椒干豆腐,东北菜,0,considered,0.6824,0.6579,train,normal
1222,午餐,1,48,省着点,低落,雨,约会,想健康,微辣,,72,手撕包菜(东北),东北菜,0,considered,0.6811,0.7026,train,normal
1223,晚餐,3,37,想吃好点,一般,晴,一个人,不关心,不吃辣,海鲜,377,大良炒鲜奶,广府家常菜,1,chosen,0.5111,0.4751,train,normal
1223,晚餐,3,37,想吃好点,一般,晴,一个人,不关心,不吃辣,海鲜,377,大良炒鲜奶,广府家常菜,1,chosen,0.5111,0.4281,train,normal
1223,晚餐,3,37,想吃好点,一般,晴,一个人,不关心,不吃辣,海鲜,377,大良炒鲜奶,广府家常菜,1,chosen,0.5111,0.5025,train,normal
1224,晚餐,1,58,省着点,开心,热,一个人,严格控制,中辣,,457,宁波烤菜,本帮江浙菜,1,chosen,0.5755,0.6693,test,normal
1224,晚餐,1,58,省着点,开心,热,一个人,严格控制,中辣,,457,宁波烤菜,本帮江浙菜,1,chosen,0.5755,0.567,test,normal
1224,晚餐,1,58,省着点,开心,热,一个人,严格控制,中辣,,457,宁波烤菜,本帮江浙菜,1,chosen,0.5755,0.536,test,normal
1225,早餐,5,61,想吃好点,一般,晴,约会,想健康,不吃辣,素食,793,常熟蕈油面,长三角粉面,1,chosen,0.58,0.6014,train,normal
1225,早餐,5,61,想吃好点,一般,晴,约会,想健康,不吃辣,素食,793,常熟蕈油面,长三角粉面,1,chosen,0.58,0.568,train,normal
1225,早餐,5,61,想吃好点,一般,晴,约会,想健康,不吃辣,素食,793,常熟蕈油面,长三角粉面,1,chosen,0.58,0.5896,train,normal
1226,夜宵,3,53,正常,疲惫,阴,家人,想健康,不吃辣,麸质,392,猪杂汤粉,广式粥粉面,1,chosen,0.6839,0.6522,train,normal
1226,夜宵,3,53,正常,疲惫,阴,家人,想健康,不吃辣,麸质,392,猪杂汤粉,广式粥粉面,1,chosen,0.6839,0.6661,train,normal
1226,夜宵,3,53,正常,疲惫,阴,家人,想健康,不吃辣,麸质,392,猪杂汤粉,广式粥粉面,1,chosen,0.6839,0.6289,train,normal
1227,晚餐,3,54,想吃好点,低落,晴,同事,想健康,不吃辣,麸质,365,豆豉蒸鲮鱼,广府家常菜,1,chosen,0.6117,0.6332,test,normal
1227,晚餐,3,54,想吃好点,低落,晴,同事,想健康,不吃辣,麸质,365,豆豉蒸鲮鱼,广府家常菜,1,chosen,0.6117,0.5726,test,normal
1227,晚餐,3,54,想吃好点,低落,晴,同事,想健康,不吃辣,麸质,365,豆豉蒸鲮鱼,广府家常菜,1,chosen,0.6117,0.5805,test,normal
1228,晚餐,4,40,正常,开心,阴,家人,严格控制,微辣,,292,荤豆花,川菜,1,chosen,0.6697,0.6484,val,normal
1228,晚餐,4,40,正常,开心,阴,家人,严格控制,微辣,,292,荤豆花,川菜,1,chosen,0.6697,0.6832,val,normal
1228,晚餐,4,40,正常,开心,阴,家人,严格控制,微辣,,292,荤豆花,川菜,1,chosen,0.6697,0.6829,val,normal
1228,晚餐,4,40,正常,开心,阴,家人,严格控制,微辣,,297,连锅汤,川菜,0,considered,0.6426,0.6454,val,normal
1228,晚餐,4,40,正常,开心,阴,家人,严格控制,微辣,,284,牛肉焦饼,川菜,0,considered,0.6343,0.6621,val,normal
1229,晚餐,3,15,正常,兴奋,晴,朋友,想健康,不吃辣,素食,195,清炒草头,家常炒菜,1,chosen,0.6261,0.5859,train,normal
1229,晚餐,3,15,正常,兴奋,晴,朋友,想健康,不吃辣,素食,195,清炒草头,家常炒菜,1,chosen,0.6261,0.6391,train,normal
1229,晚餐,3,15,正常,兴奋,晴,朋友,想健康,不吃辣,素食,195,清炒草头,家常炒菜,1,chosen,0.6261,0.6341,train,normal
1230,晚餐,3,67,正常,开心,雨,朋友,想健康,中辣,,15,宫保鸡丁,家常炒菜,1,chosen,0.7225,0.6248,train,normal
1230,晚餐,3,67,正常,开心,雨,朋友,想健康,中辣,,15,宫保鸡丁,家常炒菜,1,chosen,0.7225,0.6643,train,normal
1230,晚餐,3,67,正常,开心,雨,朋友,想健康,中辣,,15,宫保鸡丁,家常炒菜,1,chosen,0.7225,0.7223,train,normal
1231,午餐,1,87,正常,开心,热,家人,随便,不吃辣,,648,卤水鸡翅,烧腊卤味,1,chosen,0.6376,0.5825,test,normal
1231,午餐,1,87,正常,开心,热,家人,随便,不吃辣,,648,卤水鸡翅,烧腊卤味,1,chosen,0.6376,0.6497,test,normal
1231,午餐,1,87,正常,开心,热,家人,随便,不吃辣,,648,卤水鸡翅,烧腊卤味,1,chosen,0.6376,0.6442,test,normal
1232,午餐,3,83,省着点,一般,阴,朋友,随便,微辣,素食,658,卤水豆腐,烧腊卤味,1,chosen,0.6052,0.6192,test,normal
1232,午餐,3,83,省着点,一般,阴,朋友,随便,微辣,素食,109,东北臭豆腐,东北菜,1,chosen,0.5972,0.5687,test,normal
1232,午餐,3,83,省着点,一般,阴,朋友,随便,微辣,素食,658,卤水豆腐,烧腊卤味,1,chosen,0.6052,0.6011,test,normal
1233,晚餐,4,53,想吃好点,疲惫,雨,一个人,随便,不吃辣,素食,18,地三鲜,家常炒菜,1,chosen,0.5994,0.6359,train,normal
1233,晚餐,4,53,想吃好点,疲惫,雨,一个人,随便,不吃辣,素食,18,地三鲜,家常炒菜,1,chosen,0.5994,0.5856,train,normal
1233,晚餐,4,53,想吃好点,疲惫,雨,一个人,随便,不吃辣,素食,65,地三鲜(东北),东北菜,1,chosen,0.5984,0.5787,train,normal
1234,晚餐,5,50,想吃好点,兴奋,阴,同事,不关心,微辣,素食,371,鱼香茄子煲,广府家常菜,1,chosen,0.5679,0.539,train,normal
1234,晚餐,5,50,想吃好点,兴奋,阴,同事,不关心,微辣,素食,371,鱼香茄子煲,广府家常菜,1,chosen,0.5679,0.5644,train,normal
1234,晚餐,5,50,想吃好点,兴奋,阴,同事,不关心,微辣,素食,371,鱼香茄子煲,广府家常菜,1,chosen,0.5679,0.5837,train,normal
1234,晚餐,5,50,想吃好点,兴奋,阴,同事,不关心,微辣,素食,353,姜葱炒牛肉,广府家常菜,0,considered,0.0,0.0614,train,normal
1234,晚餐,5,50,想吃好点,兴奋,阴,同事,不关心,微辣,素食,352,咸鱼茄煲,广府家常菜,0,considered,0.0,0.0,train,normal
1235,晚餐,3,57,想吃好点,低落,雨,约会,严格控制,中辣,素食,552,攸县香干,湘菜,1,chosen,0.7576,0.7401,train,normal
1235,晚餐,3,57,想吃好点,低落,雨,约会,严格控制,中辣,素食,552,攸县香干,湘菜,1,chosen,0.7576,0.7576,train,normal
1235,晚餐,3,57,想吃好点,低落,雨,约会,严格控制,中辣,素食,552,攸县香干,湘菜,1,chosen,0.7576,0.762,train,normal
1235,晚餐,3,57,想吃好点,低落,雨,约会,严格控制,中辣,素食,575,紫苏煎黄瓜,湘菜,0,considered,0.749,0.7284,train,normal
1235,晚餐,3,57,想吃好点,低落,雨,约会,严格控制,中辣,素食,541,小炒香干,湘菜,0,considered,0.6795,0.7053,train,normal
1236,午餐,4,56,省着点,一般,阴,家人,想健康,重辣,乳制品,310,麻婆豆腐(素),川菜,1,chosen,0.6495,0.6657,test,normal
1236,午餐,4,56,省着点,一般,阴,家人,想健康,重辣,乳制品,310,麻婆豆腐(素),川菜,1,chosen,0.6495,0.5789,test,normal
1236,午餐,4,56,省着点,一般,阴,家人,想健康,重辣,乳制品,310,麻婆豆腐(素),川菜,1,chosen,0.6495,0.6821,test,normal
1237,晚餐,5,82,正常,开心,阴,一个人,不关心,中辣,,579,腊味萝卜干,湘菜,1,chosen,0.5383,0.5871,val,normal
1237,晚餐,5,82,正常,开心,阴,一个人,不关心,中辣,,579,腊味萝卜干,湘菜,1,chosen,0.5383,0.525,val,normal
1237,晚餐,5,82,正常,开心,阴,一个人,不关心,中辣,,579,腊味萝卜干,湘菜,1,chosen,0.5383,0.5003,val,normal
1237,晚餐,5,82,正常,开心,阴,一个人,不关心,中辣,,575,紫苏煎黄瓜,湘菜,0,considered,0.5383,0.4699,val,normal
1237,晚餐,5,82,正常,开心,阴,一个人,不关心,中辣,,557,浏阳蒸菜,湘菜,0,considered,0.5383,0.5709,val,normal
1238,午餐,3,51,正常,开心,雨,同事,严格控制,中辣,,552,攸县香干,湘菜,1,chosen,0.6672,0.733,train,normal
1238,午餐,3,51,正常,开心,雨,同事,严格控制,中辣,,11,云南小锅米线,长三角粉面,1,chosen,0.6672,0.6829,train,normal
1238,午餐,3,51,正常,开心,雨,同事,严格控制,中辣,,366,豉椒炒花甲,广府家常菜,1,chosen,0.666,0.7017,train,normal
1239,晚餐,4,35,正常,开心,晴,一个人,想健康,不吃辣,,348,豉汁蒸排骨,广府家常菜,1,chosen,0.5617,0.621,train,normal
1239,晚餐,4,35,正常,开心,晴,一个人,想健康,不吃辣,,348,豉汁蒸排骨,广府家常菜,1,chosen,0.5617,0.5143,train,normal
1239,晚餐,4,35,正常,开心,晴,一个人,想健康,不吃辣,,347,菜心炒牛肉,广府家常菜,1,chosen,0.5617,0.5961,train,normal
1239,晚餐,4,35,正常,开心,晴,一个人,想健康,不吃辣,,347,菜心炒牛肉,广府家常菜,0,considered,0.5617,0.5525,train,normal
1239,晚餐,4,35,正常,开心,晴,一个人,想健康,不吃辣,,365,豆豉蒸鲮鱼,广府家常菜,0,considered,0.5617,0.5355,train,normal
1240,晚餐,3,56,正常,开心,阴,朋友,想健康,中辣,,292,荤豆花,川菜,1,chosen,0.6691,0.6793,train,normal
1240,晚餐,3,56,正常,开心,阴,朋友,想健康,中辣,,557,浏阳蒸菜,湘菜,1,chosen,0.6726,0.6567,train,normal
1240,晚餐,3,56,正常,开心,阴,朋友,想健康,中辣,,15,宫保鸡丁,家常炒菜,1,chosen,0.6787,0.7225,train,normal
1240,晚餐,3,56,正常,开心,阴,朋友,想健康,中辣,,184,鱼香肉丝,家常炒菜,0,considered,0.6553,0.6532,train,normal
1240,晚餐,3,56,正常,开心,阴,朋友,想健康,中辣,,191,干煸四季豆,家常炒菜,0,considered,0.642,0.664,train,normal
1241,晚餐,3,15,正常,开心,热,一个人,随便,中辣,,579,腊味萝卜干,湘菜,1,chosen,0.5865,0.6053,train,normal
1241,晚餐,3,15,正常,开心,热,一个人,随便,中辣,,579,腊味萝卜干,湘菜,1,chosen,0.5865,0.5947,train,normal
1241,晚餐,3,15,正常,开心,热,一个人,随便,中辣,,579,腊味萝卜干,湘菜,1,chosen,0.5865,0.6017,train,normal
1242,午餐,2,25,想吃好点,疲惫,热,同事,严格控制,微辣,素食,818,牛油果吐司,面包甜点,1,chosen,0.6646,0.7051,train,normal
1242,午餐,2,25,想吃好点,疲惫,热,同事,严格控制,微辣,素食,818,牛油果吐司,面包甜点,1,chosen,0.6646,0.7051,train,normal
1242,午餐,2,25,想吃好点,疲惫,热,同事,严格控制,微辣,素食,818,牛油果吐司,面包甜点,1,chosen,0.6646,0.7222,train,normal
1242,午餐,2,25,想吃好点,疲惫,热,同事,严格控制,微辣,素食,823,贝果,面包甜点,0,considered,0.6055,0.606,train,normal
1242,午餐,2,25,想吃好点,疲惫,热,同事,严格控制,微辣,素食,816,吐司配果酱,面包甜点,0,considered,0.6009,0.588,train,normal
1243,夜宵,3,18,不差钱,低落,雨,朋友,想健康,微辣,,618,烤生蚝,火锅麻辣烫,1,chosen,0.7405,0.787,train,normal
1243,夜宵,3,18,不差钱,低落,雨,朋友,想健康,微辣,,618,烤生蚝,火锅麻辣烫,1,chosen,0.7405,0.7636,train,normal
1243,夜宵,3,18,不差钱,低落,雨,朋友,想健康,微辣,,618,烤生蚝,火锅麻辣烫,1,chosen,0.7405,0.7332,train,normal
1244,早餐,5,15,正常,疲惫,热,同事,想健康,微辣,素食,778,葱油拌面,长三角粉面,1,chosen,0.6068,0.6085,train,normal
1244,早餐,5,15,正常,疲惫,热,同事,想健康,微辣,素食,778,葱油拌面,长三角粉面,1,chosen,0.6068,0.6227,train,normal
1244,早餐,5,15,正常,疲惫,热,同事,想健康,微辣,素食,778,葱油拌面,长三角粉面,1,chosen,0.6068,0.6918,train,normal
1244,早餐,5,15,正常,疲惫,热,同事,想健康,微辣,素食,793,常熟蕈油面,长三角粉面,0,considered,0.6061,0.559,train,normal
1244,早餐,5,15,正常,疲惫,热,同事,想健康,微辣,素食,804,素鸡面,长三角粉面,0,considered,0.6061,0.5468,train,normal
1245,午餐,3,48,省着点,开心,晴,朋友,严格控制,重辣,,310,麻婆豆腐(素),川菜,1,chosen,0.6833,0.6469,train,normal
1245,午餐,3,48,省着点,开心,晴,朋友,严格控制,重辣,,252,麻婆豆腐(川),川菜,1,chosen,0.6757,0.669,train,normal
1245,午餐,3,48,省着点,开心,晴,朋友,严格控制,重辣,,310,麻婆豆腐(素),川菜,1,chosen,0.6833,0.6994,train,normal
1245,午餐,3,48,省着点,开心,晴,朋友,严格控制,重辣,,252,麻婆豆腐(川),川菜,0,considered,0.6757,0.6731,train,normal
1245,午餐,3,48,省着点,开心,晴,朋友,严格控制,重辣,,234,红油水饺,川菜,0,considered,0.6664,0.6306,train,normal
1246,午餐,4,79,正常,疲惫,冷,朋友,不关心,中辣,,15,宫保鸡丁,家常炒菜,1,chosen,0.7244,0.7777,train,normal
1246,午餐,4,79,正常,疲惫,冷,朋友,不关心,中辣,,15,宫保鸡丁,家常炒菜,1,chosen,0.7244,0.7392,train,normal
1246,午餐,4,79,正常,疲惫,冷,朋友,不关心,中辣,,15,宫保鸡丁,家常炒菜,1,chosen,0.7244,0.7153,train,normal
1247,晚餐,4,29,正常,低落,热,朋友,不关心,不吃辣,麸质,658,卤水豆腐,烧腊卤味,1,chosen,0.6719,0.6344,train,normal
1247,晚餐,4,29,正常,低落,热,朋友,不关心,不吃辣,麸质,658,卤水豆腐,烧腊卤味,1,chosen,0.6719,0.6755,train,normal
1247,晚餐,4,29,正常,低落,热,朋友,不关心,不吃辣,麸质,62,哈尔滨红肠,东北菜,1,chosen,0.6478,0.646,train,normal
1247,晚餐,4,29,正常,低落,热,朋友,不关心,不吃辣,麸质,648,卤水鸡翅,烧腊卤味,0,considered,0.6501,0.7512,train,normal
1247,晚餐,4,29,正常,低落,热,朋友,不关心,不吃辣,麸质,665,金钱肚,烧腊卤味,0,considered,0.6249,0.6591,train,normal
1248,早餐,3,65,正常,压力大,晴,家人,严格控制,重辣,素食,433,白粥配咸菜,早餐粥点,1,chosen,0.6946,0.7323,val,normal
1248,早餐,3,65,正常,压力大,晴,家人,严格控制,重辣,素食,807,衢州常山索面,长三角粉面,1,chosen,0.7074,0.6981,val,normal
1248,早餐,3,65,正常,压力大,晴,家人,严格控制,重辣,素食,807,衢州常山索面,长三角粉面,1,chosen,0.7074,0.6317,val,normal
1249,午餐,4,93,正常,疲惫,雨,朋友,想健康,重辣,,13,麻婆豆腐,家常炒菜,1,chosen,0.7721,0.7667,train,normal
1249,午餐,4,93,正常,疲惫,雨,朋友,想健康,重辣,,13,麻婆豆腐,家常炒菜,1,chosen,0.7721,0.7868,train,normal
1249,午餐,4,93,正常,疲惫,雨,朋友,想健康,重辣,,13,麻婆豆腐,家常炒菜,1,chosen,0.7721,0.8186,train,normal
1250,午餐,3,104,正常,压力大,雨,家人,不关心,重辣,,13,麻婆豆腐,家常炒菜,1,chosen,0.7167,0.7408,train,normal
1250,午餐,3,104,正常,压力大,雨,家人,不关心,重辣,,253,麻辣烫(川),川菜,1,chosen,0.7177,0.7082,train,normal
1250,午餐,3,104,正常,压力大,雨,家人,不关心,重辣,,253,麻辣烫(川),川菜,1,chosen,0.7177,0.6979,train,normal
1251,晚餐,2,15,正常,压力大,晴,同事,严格控制,不吃辣,"海鲜,乳制品",351,凉瓜炒牛肉,广府家常菜,1,chosen,0.6333,0.6156,train,normal
1251,晚餐,2,15,正常,压力大,晴,同事,严格控制,不吃辣,"海鲜,乳制品",351,凉瓜炒牛肉,广府家常菜,1,chosen,0.6333,0.5929,train,normal
1251,晚餐,2,15,正常,压力大,晴,同事,严格控制,不吃辣,"海鲜,乳制品",351,凉瓜炒牛肉,广府家常菜,1,chosen,0.6333,0.586,train,normal
1251,晚餐,2,15,正常,压力大,晴,同事,严格控制,不吃辣,"海鲜,乳制品",353,姜葱炒牛肉,广府家常菜,0,considered,0.6333,0.5415,train,normal
1251,晚餐,2,15,正常,压力大,晴,同事,严格控制,不吃辣,"海鲜,乳制品",347,菜心炒牛肉,广府家常菜,0,considered,0.6333,0.6677,train,normal
1252,早餐,2,74,正常,一般,晴,朋友,想健康,重辣,素食,807,衢州常山索面,长三角粉面,1,chosen,0.6381,0.5458,train,normal
1252,早餐,2,74,正常,一般,晴,朋友,想健康,重辣,素食,807,衢州常山索面,长三角粉面,1,chosen,0.6381,0.6672,train,normal
1252,早餐,2,74,正常,一般,晴,朋友,想健康,重辣,素食,807,衢州常山索面,长三角粉面,1,chosen,0.6381,0.6613,train,normal
1252,早餐,2,74,正常,一般,晴,朋友,想健康,重辣,素食,793,常熟蕈油面,长三角粉面,0,considered,0.6115,0.5802,train,normal
1252,早餐,2,74,正常,一般,晴,朋友,想健康,重辣,素食,804,素鸡面,长三角粉面,0,considered,0.6115,0.5854,train,normal
1253,夜宵,3,64,正常,兴奋,雪,家人,不关心,不吃辣,麸质,399,潮汕牛肉丸粉,广式粥粉面,1,chosen,0.7331,0.7118,test,snow
1253,夜宵,3,64,正常,兴奋,雪,家人,不关心,不吃辣,麸质,399,潮汕牛肉丸粉,广式粥粉面,1,chosen,0.7331,0.7976,test,snow
1253,夜宵,3,64,正常,兴奋,雪,家人,不关心,不吃辣,麸质,399,潮汕牛肉丸粉,广式粥粉面,1,chosen,0.7331,0.7745,test,snow
1254,晚餐,5,57,正常,一般,晴,朋友,严格控制,中辣,,15,宫保鸡丁,家常炒菜,1,chosen,0.6733,0.6815,train,normal
1254,晚餐,5,57,正常,一般,晴,朋友,严格控制,中辣,,15,宫保鸡丁,家常炒菜,1,chosen,0.6733,0.6959,train,normal
1254,晚餐,5,57,正常,一般,晴,朋友,严格控制,中辣,,15,宫保鸡丁,家常炒菜,1,chosen,0.6733,0.7259,train,normal
1255,晚餐,3,55,不差钱,压力大,热,朋友,想健康,微辣,海鲜,655,豉油鸡,烧腊卤味,1,chosen,0.7185,0.7108,val,normal
1255,晚餐,3,55,不差钱,压力大,热,朋友,想健康,微辣,海鲜,655,豉油鸡,烧腊卤味,1,chosen,0.7185,0.7227,val,normal
1255,晚餐,3,55,不差钱,压力大,热,朋友,想健康,微辣,海鲜,655,豉油鸡,烧腊卤味,1,chosen,0.7185,0.6912,val,normal
1256,午餐,5,68,不差钱,一般,阴,朋友,想健康,不吃辣,,24,菌汤火锅,火锅麻辣烫,1,chosen,0.6467,0.6405,train,normal
1256,午餐,5,68,不差钱,一般,阴,朋友,想健康,不吃辣,,24,菌汤火锅,火锅麻辣烫,1,chosen,0.6467,0.6239,train,normal
1256,午餐,5,68,不差钱,一般,阴,朋友,想健康,不吃辣,,24,菌汤火锅,火锅麻辣烫,1,chosen,0.6467,0.6744,train,normal
1257,晚餐,3,70,想吃好点,开心,晴,一个人,不关心,不吃辣,,377,大良炒鲜奶,广府家常菜,1,chosen,0.5225,0.5178,train,normal
1257,晚餐,3,70,想吃好点,开心,晴,一个人,不关心,不吃辣,,377,大良炒鲜奶,广府家常菜,1,chosen,0.5225,0.4745,train,normal
1257,晚餐,3,70,想吃好点,开心,晴,一个人,不关心,不吃辣,,377,大良炒鲜奶,广府家常菜,1,chosen,0.5225,0.5154,train,normal
1257,晚餐,3,70,想吃好点,开心,晴,一个人,不关心,不吃辣,,380,煎焗鱼嘴,广府家常菜,0,considered,0.5225,0.5183,train,normal
1257,晚餐,3,70,想吃好点,开心,晴,一个人,不关心,不吃辣,,370,陈皮蒸牛肉饼,广府家常菜,0,considered,0.5225,0.5312,train,normal
1258,晚餐,3,43,正常,开心,雨,一个人,想健康,中辣,麸质,11,云南小锅米线,长三角粉面,1,chosen,0.6212,0.6775,train,normal
1258,晚餐,3,43,正常,开心,雨,一个人,想健康,中辣,麸质,552,攸县香干,湘菜,1,chosen,0.6249,0.6604,train,normal
1258,晚餐,3,43,正常,开心,雨,一个人,想健康,中辣,麸质,575,紫苏煎黄瓜,湘菜,1,chosen,0.6249,0.5874,train,normal
1259,午餐,2,57,正常,兴奋,晴,约会,随便,中辣,素食,523,长沙臭豆腐,湘菜,1,chosen,0.6351,0.6515,train,normal
1259,午餐,2,57,正常,兴奋,晴,约会,随便,中辣,素食,523,长沙臭豆腐,湘菜,1,chosen,0.6351,0.7167,train,normal
1259,午餐,2,57,正常,兴奋,晴,约会,随便,中辣,素食,523,长沙臭豆腐,湘菜,1,chosen,0.6351,0.6756,train,normal
1260,晚餐,1,59,省着点,开心,雪,家人,随便,微辣,,109,东北臭豆腐,东北菜,1,chosen,0.6908,0.7006,test,snow
1260,晚餐,1,59,省着点,开心,雪,家人,随便,微辣,,109,东北臭豆腐,东北菜,1,chosen,0.6908,0.6807,test,snow
1260,晚餐,1,59,省着点,开心,雪,家人,随便,微辣,,109,东北臭豆腐,东北菜,1,chosen,0.6908,0.6335,test,snow
1260,晚餐,1,59,省着点,开心,雪,家人,随便,微辣,,66,大酱炒鸡蛋,东北菜,0,considered,0.6829,0.6506,test,snow
1260,晚餐,1,59,省着点,开心,雪,家人,随便,微辣,,72,手撕包菜(东北),东北菜,0,considered,0.6772,0.6993,test,snow
1261,午餐,3,34,不差钱,一般,晴,家人,不关心,微辣,素食,458,油焖笋,本帮江浙菜,1,chosen,0.5835,0.554,train,normal
1261,午餐,3,34,不差钱,一般,晴,家人,不关心,微辣,素食,458,油焖笋,本帮江浙菜,1,chosen,0.5835,0.5702,train,normal
1261,午餐,3,34,不差钱,一般,晴,家人,不关心,微辣,素食,458,油焖笋,本帮江浙菜,1,chosen,0.5835,0.5976,train,normal
1261,午餐,3,34,不差钱,一般,晴,家人,不关心,微辣,素食,457,宁波烤菜,本帮江浙菜,0,considered,0.4938,0.5098,train,normal
1261,午餐,3,34,不差钱,一般,晴,家人,不关心,微辣,素食,482,素蟹粉,本帮江浙菜,0,considered,0.4933,0.515,train,normal
1262,下午加餐,3,37,省着点,一般,晴,家人,随便,不吃辣,素食,699,定胜糕,糖水甜品,1,chosen,0.5999,0.6034,train,normal
1262,下午加餐,3,37,省着点,一般,晴,家人,随便,不吃辣,素食,699,定胜糕,糖水甜品,1,chosen,0.5999,0.5901,train,normal
1262,下午加餐,3,37,省着点,一般,晴,家人,随便,不吃辣,素食,699,定胜糕,糖水甜品,1,chosen,0.5999,0.6818,train,normal
1263,晚餐,4,37,正常,一般,冷,同事,不关心,微辣,,2,青椒肉丝,煲仔饭碟头饭,1,chosen,0.6101,0.5677,test,normal
1263,晚餐,4,37,正常,一般,冷,同事,不关心,微辣,,2,青椒肉丝,煲仔饭碟头饭,1,chosen,0.6101,0.6022,test,normal
1263,晚餐,4,37,正常,一般,冷,同事,不关心,微辣,,2,青椒肉丝,煲仔饭碟头饭,1,chosen,0.6101,0.6544,test,normal
1264,早餐,3,98,想吃好点,疲惫,雨,朋友,随便,重辣,"海鲜,乳制品",427,南翔小笼包,早餐粥点,1,chosen,0.7178,0.7718,train,normal
1264,早餐,3,98,想吃好点,疲惫,雨,朋友,随便,重辣,"海鲜,乳制品",427,南翔小笼包,早餐粥点,1,chosen,0.7178,0.7456,train,normal
1264,早餐,3,98,想吃好点,疲惫,雨,朋友,随便,重辣,"海鲜,乳制品",427,南翔小笼包,早餐粥点,1,chosen,0.7178,0.7242,train,normal
1265,晚餐,4,15,正常,一般,雪,朋友,想健康,微辣,,71,干豆腐炒尖椒,东北菜,1,chosen,0.7511,0.7761,test,snow
1265,晚餐,4,15,正常,一般,雪,朋友,想健康,微辣,,71,干豆腐炒尖椒,东北菜,1,chosen,0.7511,0.7569,test,snow
1265,晚餐,4,15,正常,一般,雪,朋友,想健康,微辣,,71,干豆腐炒尖椒,东北菜,1,chosen,0.7511,0.7624,test,snow
1266,午餐,4,36,想吃好点,疲惫,晴,家人,想健康,中辣,,15,宫保鸡丁,家常炒菜,1,chosen,0.7045,0.6716,train,normal
1266,午餐,4,36,想吃好点,疲惫,晴,家人,想健康,中辣,,15,宫保鸡丁,家常炒菜,1,chosen,0.7045,0.7239,train,normal
1266,午餐,4,36,想吃好点,疲惫,晴,家人,想健康,中辣,,15,宫保鸡丁,家常炒菜,1,chosen,0.7045,0.6698,train,normal
1266,午餐,4,36,想吃好点,疲惫,晴,家人,想健康,中辣,,184,鱼香肉丝,家常炒菜,0,considered,0.6766,0.6806,train,normal
1266,午餐,4,36,想吃好点,疲惫,晴,家人,想健康,中辣,,18,地三鲜,家常炒菜,0,considered,0.6678,0.6003,train,normal
1267,晚餐,4,47,省着点,一般,雨,一个人,随便,重辣,,519,湖南米粉,湘菜,1,chosen,0.5822,0.5049,train,normal
1267,晚餐,4,47,省着点,一般,雨,一个人,随便,重辣,,519,湖南米粉,湘菜,1,chosen,0.5822,0.5919,train,normal
1267,晚餐,4,47,省着点,一般,雨,一个人,随便,重辣,,519,湖南米粉,湘菜,1,chosen,0.5822,0.5247,train,normal
1267,晚餐,4,47,省着点,一般,雨,一个人,随便,重辣,,580,臭豆腐炒辣椒,湘菜,0,considered,0.5822,0.6145,train,normal
1267,晚餐,4,47,省着点,一般,雨,一个人,随便,重辣,,590,邵阳米粉,湘菜,0,considered,0.5822,0.5859,train,normal
1268,晚餐,5,15,想吃好点,一般,冷,家人,随便,不吃辣,,684,窝蛋牛肉饭,煲仔饭碟头饭,1,chosen,0.6334,0.5803,val,normal
1268,晚餐,5,15,想吃好点,一般,冷,家人,随便,不吃辣,,672,烧鹅饭,煲仔饭碟头饭,1,chosen,0.633,0.6785,val,normal
1268,晚餐,5,15,想吃好点,一般,冷,家人,随便,不吃辣,,672,烧鹅饭,煲仔饭碟头饭,1,chosen,0.633,0.6103,val,normal
1268,晚餐,5,15,想吃好点,一般,冷,家人,随便,不吃辣,,671,烧腊双拼饭,煲仔饭碟头饭,0,considered,0.633,0.5433,val,normal
1268,晚餐,5,15,想吃好点,一般,冷,家人,随便,不吃辣,,672,烧鹅饭,煲仔饭碟头饭,0,considered,0.633,0.6641,val,normal
1269,午餐,2,44,想吃好点,压力大,雨,一个人,随便,重辣,"海鲜,乳制品",593,酸辣鸡杂,湘菜,1,chosen,0.6131,0.5837,train,normal
1269,午餐,2,44,想吃好点,压力大,雨,一个人,随便,重辣,"海鲜,乳制品",593,酸辣鸡杂,湘菜,1,chosen,0.6131,0.5697,train,normal
1269,午餐,2,44,想吃好点,压力大,雨,一个人,随便,重辣,"海鲜,乳制品",593,酸辣鸡杂,湘菜,1,chosen,0.6131,0.5774,train,normal
1270,夜宵,3,57,想吃好点,一般,雨,同事,不关心,微辣,,642,烤韭菜,烧烤小吃,1,chosen,0.649,0.673,val,normal
1270,夜宵,3,57,想吃好点,一般,雨,同事,不关心,微辣,,642,烤韭菜,烧烤小吃,1,chosen,0.649,0.6915,val,normal
1270,夜宵,3,57,想吃好点,一般,雨,同事,不关心,微辣,,642,烤韭菜,烧烤小吃,1,chosen,0.649,0.6784,val,normal
1270,夜宵,3,57,想吃好点,一般,雨,同事,不关心,微辣,,640,烤玉米,烧烤小吃,0,considered,0.6478,0.6515,val,normal
1270,夜宵,3,57,想吃好点,一般,雨,同事,不关心,微辣,,645,臭豆腐,烧烤小吃,0,considered,0.6478,0.641,val,normal
1271,午餐,2,58,省着点,一般,雨,一个人,不关心,中辣,麸质,523,长沙臭豆腐,湘菜,1,chosen,0.5743,0.5624,train,normal
1271,午餐,2,58,省着点,一般,雨,一个人,不关心,中辣,麸质,523,长沙臭豆腐,湘菜,1,chosen,0.5743,0.5312,train,normal
1271,午餐,2,58,省着点,一般,雨,一个人,不关心,中辣,麸质,109,东北臭豆腐,东北菜,1,chosen,0.5627,0.5805,train,normal
1271,午餐,2,58,省着点,一般,雨,一个人,不关心,中辣,麸质,575,紫苏煎黄瓜,湘菜,0,considered,0.5607,0.5843,train,normal
1271,午餐,2,58,省着点,一般,雨,一个人,不关心,中辣,麸质,579,腊味萝卜干,湘菜,0,considered,0.5558,0.5346,train,normal
1272,晚餐,4,68,不差钱,一般,雪,同事,随便,重辣,海鲜,600,发丝牛百叶,湘菜,1,chosen,0.6733,0.6889,test,snow
1272,晚餐,4,68,不差钱,一般,雪,同事,随便,重辣,海鲜,600,发丝牛百叶,湘菜,1,chosen,0.6733,0.6367,test,snow
1272,晚餐,4,68,不差钱,一般,雪,同事,随便,重辣,海鲜,600,发丝牛百叶,湘菜,1,chosen,0.6733,0.5824,test,snow
1273,午餐,4,21,省着点,兴奋,热,约会,不关心,重辣,麸质,579,腊味萝卜干,湘菜,1,chosen,0.6644,0.6003,train,normal
1273,午餐,4,21,省着点,兴奋,热,约会,不关心,重辣,麸质,579,腊味萝卜干,湘菜,1,chosen,0.6644,0.6335,train,normal
1273,午餐,4,21,省着点,兴奋,热,约会,不关心,重辣,麸质,580,臭豆腐炒辣椒,湘菜,1,chosen,0.6559,0.6987,train,normal
1274,午餐,2,60,想吃好点,一般,晴,朋友,随便,微辣,,511,黄山臭鳜鱼,本帮江浙菜,1,chosen,0.6148,0.6098,test,normal
1274,午餐,2,60,想吃好点,一般,晴,朋友,随便,微辣,,511,黄山臭鳜鱼,本帮江浙菜,1,chosen,0.6148,0.5908,test,normal
1274,午餐,2,60,想吃好点,一般,晴,朋友,随便,微辣,,511,黄山臭鳜鱼,本帮江浙菜,1,chosen,0.6148,0.597,test,normal
1274,午餐,2,60,想吃好点,一般,晴,朋友,随便,微辣,,504,红烧鮰鱼,本帮江浙菜,0,considered,0.6015,0.675,test,normal
1274,午餐,2,60,想吃好点,一般,晴,朋友,随便,微辣,,483,红烧划水,本帮江浙菜,0,considered,0.6015,0.63,test,normal
1275,午餐,4,63,正常,疲惫,雨,朋友,想健康,中辣,,15,宫保鸡丁,家常炒菜,1,chosen,0.7592,0.7296,train,normal
1275,午餐,4,63,正常,疲惫,雨,朋友,想健康,中辣,,15,宫保鸡丁,家常炒菜,1,chosen,0.7592,0.7639,train,normal
1275,午餐,4,63,正常,疲惫,雨,朋友,想健康,中辣,,11,云南小锅米线,长三角粉面,1,chosen,0.7516,0.6961,train,normal
1275,午餐,4,63,正常,疲惫,雨,朋友,想健康,中辣,,184,鱼香肉丝,家常炒菜,0,considered,0.7395,0.7376,train,normal
1275,午餐,4,63,正常,疲惫,雨,朋友,想健康,中辣,,191,干煸四季豆,家常炒菜,0,considered,0.7224,0.6977,train,normal
1276,晚餐,4,58,省着点,开心,冷,家人,不关心,不吃辣,,668,咸肉菜饭,煲仔饭碟头饭,1,chosen,0.6648,0.6643,train,normal
1276,晚餐,4,58,省着点,开心,冷,家人,不关心,不吃辣,,86,猪肉白菜饺子,东北菜,1,chosen,0.6485,0.6336,train,normal
1276,晚餐,4,58,省着点,开心,冷,家人,不关心,不吃辣,,668,咸肉菜饭,煲仔饭碟头饭,1,chosen,0.6648,0.6736,train,normal
1277,晚餐,3,18,正常,压力大,晴,同事,不关心,微辣,,192,椒盐豆腐,家常炒菜,1,chosen,0.6027,0.6274,val,normal
1277,晚餐,3,18,正常,压力大,晴,同事,不关心,微辣,,6,兰州牛肉面,长三角粉面,1,chosen,0.6064,0.6005,val,normal
1277,晚餐,3,18,正常,压力大,晴,同事,不关心,微辣,,6,兰州牛肉面,长三角粉面,1,chosen,0.6064,0.6471,val,normal
1277,晚餐,3,18,正常,压力大,晴,同事,不关心,微辣,,787,南京老卤面,长三角粉面,0,considered,0.6064,0.6191,val,normal
1277,晚餐,3,18,正常,压力大,晴,同事,不关心,微辣,,774,上海辣肉面,长三角粉面,0,considered,0.6064,0.5852,val,normal
1278,下午加餐,4,76,省着点,一般,阴,朋友,不关心,微辣,,696,蛋挞,糖水甜品,1,chosen,0.5781,0.5573,val,normal
1278,下午加餐,4,76,省着点,一般,阴,朋友,不关心,微辣,,696,蛋挞,糖水甜品,1,chosen,0.5781,0.5811,val,normal
1278,下午加餐,4,76,省着点,一般,阴,朋友,不关心,微辣,,696,蛋挞,糖水甜品,1,chosen,0.5781,0.6061,val,normal
1278,下午加餐,4,76,省着点,一般,阴,朋友,不关心,微辣,,706,芒果班戟,糖水甜品,0,considered,0.5772,0.5469,val,normal
1278,下午加餐,4,76,省着点,一般,阴,朋友,不关心,微辣,,694,菠萝包,糖水甜品,0,considered,0.5754,0.5824,val,normal
1279,晚餐,2,48,正常,疲惫,雨,朋友,随便,中辣,,543,干豆角炒肉,湘菜,1,chosen,0.7033,0.751,val,normal
1279,晚餐,2,48,正常,疲惫,雨,朋友,随便,中辣,,533,卜豆角炒肉,湘菜,1,chosen,0.7033,0.7241,val,normal
1279,晚餐,2,48,正常,疲惫,雨,朋友,随便,中辣,,543,干豆角炒肉,湘菜,1,chosen,0.7033,0.6551,val,normal
1280,晚餐,1,15,正常,一般,热,朋友,随便,中辣,海鲜,579,腊味萝卜干,湘菜,1,chosen,0.6168,0.5959,train,normal
1280,晚餐,1,15,正常,一般,热,朋友,随便,中辣,海鲜,523,长沙臭豆腐,湘菜,1,chosen,0.5854,0.5591,train,normal
1280,晚餐,1,15,正常,一般,热,朋友,随便,中辣,海鲜,579,腊味萝卜干,湘菜,1,chosen,0.6168,0.646,train,normal
1281,午餐,5,68,正常,开心,冷,朋友,严格控制,中辣,,15,宫保鸡丁,家常炒菜,1,chosen,0.7329,0.7031,train,normal
1281,午餐,5,68,正常,开心,冷,朋友,严格控制,中辣,,15,宫保鸡丁,家常炒菜,1,chosen,0.7329,0.741,train,normal
1281,午餐,5,68,正常,开心,冷,朋友,严格控制,中辣,,15,宫保鸡丁,家常炒菜,1,chosen,0.7329,0.7171,train,normal
1281,午餐,5,68,正常,开心,冷,朋友,严格控制,中辣,,184,鱼香肉丝,家常炒菜,0,considered,0.7016,0.692,train,normal
1281,午餐,5,68,正常,开心,冷,朋友,严格控制,中辣,,175,番茄炒牛肉,家常炒菜,0,considered,0.6886,0.6329,train,normal
1282,午餐,2,98,不差钱,压力大,雨,朋友,想健康,微辣,素食,458,油焖笋,本帮江浙菜,1,chosen,0.6875,0.6376,train,normal
1282,午餐,2,98,不差钱,压力大,雨,朋友,想健康,微辣,素食,458,油焖笋,本帮江浙菜,1,chosen,0.6875,0.7304,train,normal
1282,午餐,2,98,不差钱,压力大,雨,朋友,想健康,微辣,素食,458,油焖笋,本帮江浙菜,1,chosen,0.6875,0.7,train,normal
1282,午餐,2,98,不差钱,压力大,雨,朋友,想健康,微辣,素食,482,素蟹粉,本帮江浙菜,0,considered,0.6176,0.7121,train,normal
1282,午餐,2,98,不差钱,压力大,雨,朋友,想健康,微辣,素食,457,宁波烤菜,本帮江浙菜,0,considered,0.6001,0.5987,train,normal
1283,下午加餐,2,111,省着点,疲惫,晴,约会,随便,重辣,,762,丝袜奶茶,轻食健康,1,chosen,0.663,0.6251,train,normal
1283,下午加餐,2,111,省着点,疲惫,晴,约会,随便,重辣,,764,奶茶,轻食健康,1,chosen,0.6531,0.6543,train,normal
1283,下午加餐,2,111,省着点,疲惫,晴,约会,随便,重辣,,762,丝袜奶茶,轻食健康,1,chosen,0.663,0.6776,train,normal
1284,午餐,5,20,不差钱,压力大,晴,约会,想健康,微辣,,2,青椒肉丝,煲仔饭碟头饭,1,chosen,0.694,0.6626,train,normal
1284,午餐,5,20,不差钱,压力大,晴,约会,想健康,微辣,,2,青椒肉丝,煲仔饭碟头饭,1,chosen,0.694,0.7286,train,normal
1284,午餐,5,20,不差钱,压力大,晴,约会,想健康,微辣,,2,青椒肉丝,煲仔饭碟头饭,1,chosen,0.694,0.6771,train,normal
1285,晚餐,2,33,想吃好点,开心,冷,一个人,随便,不吃辣,,348,豉汁蒸排骨,广府家常菜,1,chosen,0.5707,0.5323,train,normal
1285,晚餐,2,33,想吃好点,开心,冷,一个人,随便,不吃辣,,348,豉汁蒸排骨,广府家常菜,1,chosen,0.5707,0.5744,train,normal
1285,晚餐,2,33,想吃好点,开心,冷,一个人,随便,不吃辣,,348,豉汁蒸排骨,广府家常菜,1,chosen,0.5707,0.5653,train,normal
1286,早餐,4,25,正常,兴奋,雨,同事,想健康,中辣,素食,807,衢州常山索面,长三角粉面,1,chosen,0.626,0.585,val,normal
1286,早餐,4,25,正常,兴奋,雨,同事,想健康,中辣,素食,807,衢州常山索面,长三角粉面,1,chosen,0.626,0.6398,val,normal
1286,早餐,4,25,正常,兴奋,雨,同事,想健康,中辣,素食,807,衢州常山索面,长三角粉面,1,chosen,0.626,0.6037,val,normal
1287,晚餐,5,48,不差钱,疲惫,晴,一个人,随便,不吃辣,麸质,471,梭子蟹炒年糕,本帮江浙菜,1,chosen,0.5556,0.5809,train,normal
1287,晚餐,5,48,不差钱,疲惫,晴,一个人,随便,不吃辣,麸质,687,黄鳝煲仔饭,煲仔饭碟头饭,1,chosen,0.5522,0.6163,train,normal
1287,晚餐,5,48,不差钱,疲惫,晴,一个人,随便,不吃辣,麸质,471,梭子蟹炒年糕,本帮江浙菜,1,chosen,0.5556,0.5271,train,normal
1288,午餐,3,16,省着点,开心,阴,朋友,严格控制,不吃辣,素食,195,清炒草头,家常炒菜,1,chosen,0.6328,0.6033,val,normal
1288,午餐,3,16,省着点,开心,阴,朋友,严格控制,不吃辣,素食,195,清炒草头,家常炒菜,1,chosen,0.6328,0.6543,val,normal
1288,午餐,3,16,省着点,开心,阴,朋友,严格控制,不吃辣,素食,195,清炒草头,家常炒菜,1,chosen,0.6328,0.625,val,normal
1289,晚餐,3,57,省着点,一般,阴,家人,不关心,微辣,海鲜,658,卤水豆腐,烧腊卤味,1,chosen,0.6052,0.6148,train,normal
1289,晚餐,3,57,省着点,一般,阴,家人,不关心,微辣,海鲜,658,卤水豆腐,烧腊卤味,1,chosen,0.6052,0.5411,train,normal
1289,晚餐,3,57,省着点,一般,阴,家人,不关心,微辣,海鲜,658,卤水豆腐,烧腊卤味,1,chosen,0.6052,0.6195,train,normal
1290,晚餐,4,51,正常,疲惫,雪,家人,严格控制,中辣,,15,宫保鸡丁,家常炒菜,1,chosen,0.8254,0.8427,test,snow
1290,晚餐,4,51,正常,疲惫,雪,家人,严格控制,中辣,,15,宫保鸡丁,家常炒菜,1,chosen,0.8254,0.8049,test,snow
1290,晚餐,4,51,正常,疲惫,雪,家人,严格控制,中辣,,15,宫保鸡丁,家常炒菜,1,chosen,0.8254,0.7983,test,snow
1291,午餐,3,16,正常,开心,热,朋友,随便,不吃辣,,9,炸酱面,长三角粉面,1,chosen,0.6358,0.6348,train,normal
1291,午餐,3,16,正常,开心,热,朋友,随便,不吃辣,,126,松仁小肚,东北菜,1,chosen,0.6425,0.5954,train,normal
1291,午餐,3,16,正常,开心,热,朋友,随便,不吃辣,,126,松仁小肚,东北菜,1,chosen,0.6425,0.6712,train,normal
1291,午餐,3,16,正常,开心,热,朋友,随便,不吃辣,,134,熏酱拼盘,东北菜,0,considered,0.6274,0.5998,train,normal
1291,午餐,3,16,正常,开心,热,朋友,随便,不吃辣,,62,哈尔滨红肠,东北菜,0,considered,0.6271,0.6393,train,normal
1292,午餐,4,58,正常,开心,晴,一个人,想健康,中辣,,248,青椒肉丝(川),川菜,1,chosen,0.5775,0.5381,val,normal
1292,午餐,4,58,正常,开心,晴,一个人,想健康,中辣,,248,青椒肉丝(川),川菜,1,chosen,0.5775,0.5364,val,normal
1292,午餐,4,58,正常,开心,晴,一个人,想健康,中辣,,248,青椒肉丝(川),川菜,1,chosen,0.5775,0.5961,val,normal
1292,午餐,4,58,正常,开心,晴,一个人,想健康,中辣,,292,荤豆花,川菜,0,considered,0.5696,0.5742,val,normal
1292,午餐,4,58,正常,开心,晴,一个人,想健康,中辣,,303,铺盖面,川菜,0,considered,0.5677,0.5352,val,normal
1293,午餐,4,52,想吃好点,一般,阴,一个人,不关心,微辣,乳制品,811,鳝丝面,长三角粉面,1,chosen,0.519,0.4656,train,normal
1293,午餐,4,52,想吃好点,一般,阴,一个人,不关心,微辣,乳制品,811,鳝丝面,长三角粉面,1,chosen,0.519,0.5116,train,normal
1293,午餐,4,52,想吃好点,一般,阴,一个人,不关心,微辣,乳制品,811,鳝丝面,长三角粉面,1,chosen,0.519,0.5481,train,normal
1293,午餐,4,52,想吃好点,一般,阴,一个人,不关心,微辣,乳制品,781,上海大肠面,长三角粉面,0,considered,0.519,0.5083,train,normal
1293,午餐,4,52,想吃好点,一般,阴,一个人,不关心,微辣,乳制品,787,南京老卤面,长三角粉面,0,considered,0.5122,0.5341,train,normal
1294,夜宵,1,60,想吃好点,开心,晴,朋友,随便,重辣,,26,烤鸡翅,烧烤小吃,1,chosen,0.6622,0.709,val,normal
1294,夜宵,1,60,想吃好点,开心,晴,朋友,随便,重辣,,26,烤鸡翅,烧烤小吃,1,chosen,0.6622,0.6019,val,normal
1294,夜宵,1,60,想吃好点,开心,晴,朋友,随便,重辣,,613,酸菜鱼,火锅麻辣烫,1,chosen,0.642,0.6108,val,normal
1295,晚餐,4,35,想吃好点,疲惫,阴,朋友,随便,中辣,,557,浏阳蒸菜,湘菜,1,chosen,0.6763,0.6474,train,normal
1295,晚餐,4,35,想吃好点,疲惫,阴,朋友,随便,中辣,,567,烟笋炒腊肉,湘菜,1,chosen,0.6763,0.709,train,normal
1295,晚餐,4,35,想吃好点,疲惫,阴,朋友,随便,中辣,,15,宫保鸡丁,家常炒菜,1,chosen,0.6763,0.6685,train,normal
1296,晚餐,4,34,正常,压力大,热,同事,随便,微辣,,60,东北饭包,东北菜,1,chosen,0.6583,0.6891,val,normal
1296,晚餐,4,34,正常,压力大,热,同事,随便,微辣,,60,东北饭包,东北菜,1,chosen,0.6583,0.5788,val,normal
1296,晚餐,4,34,正常,压力大,热,同事,随便,微辣,,126,松仁小肚,东北菜,1,chosen,0.643,0.692,val,normal
1296,晚餐,4,34,正常,压力大,热,同事,随便,微辣,,62,哈尔滨红肠,东北菜,0,considered,0.643,0.6489,val,normal
1296,晚餐,4,34,正常,压力大,热,同事,随便,微辣,,126,松仁小肚,东北菜,0,considered,0.643,0.6598,val,normal
1297,晚餐,4,54,正常,一般,晴,一个人,不关心,微辣,,559,湖南蛋饺,湘菜,1,chosen,0.519,0.5401,test,normal
1297,晚餐,4,54,正常,一般,晴,一个人,不关心,微辣,,559,湖南蛋饺,湘菜,1,chosen,0.519,0.5458,test,normal
1297,晚餐,4,54,正常,一般,晴,一个人,不关心,微辣,,371,鱼香茄子煲,广府家常菜,1,chosen,0.519,0.4322,test,normal
1298,晚餐,2,18,正常,疲惫,热,同事,严格控制,中辣,,818,牛油果吐司,面包甜点,1,chosen,0.6632,0.709,train,normal
1298,晚餐,2,18,正常,疲惫,热,同事,严格控制,中辣,,818,牛油果吐司,面包甜点,1,chosen,0.6632,0.6741,train,normal
1298,晚餐,2,18,正常,疲惫,热,同事,严格控制,中辣,,366,豉椒炒花甲,广府家常菜,1,chosen,0.6493,0.6127,train,normal
1298,晚餐,2,18,正常,疲惫,热,同事,严格控制,中辣,,817,火腿芝士三明治,面包甜点,0,considered,0.6284,0.6158,train,normal
1298,晚餐,2,18,正常,疲惫,热,同事,严格控制,中辣,,823,贝果,面包甜点,0,considered,0.6148,0.5736,train,normal
1299,下午加餐,2,50,正常,压力大,冷,朋友,不关心,重辣,,701,核桃糊,糖水甜品,1,chosen,0.6631,0.6883,train,normal
1299,下午加餐,2,50,正常,压力大,冷,朋友,不关心,重辣,,693,芝麻糊,糖水甜品,1,chosen,0.6562,0.5897,train,normal
1299,下午加餐,2,50,正常,压力大,冷,朋友,不关心,重辣,,701,核桃糊,糖水甜品,1,chosen,0.6631,0.6909,train,normal
1300,晚餐,3,25,正常,开心,热,同事,随便,重辣,素食,658,卤水豆腐,烧腊卤味,1,chosen,0.6077,0.618,train,normal
1300,晚餐,3,25,正常,开心,热,同事,随便,重辣,素食,658,卤水豆腐,烧腊卤味,1,chosen,0.6077,0.6627,train,normal
1300,晚餐,3,25,正常,开心,热,同事,随便,重辣,素食,658,卤水豆腐,烧腊卤味,1,chosen,0.6077,0.6078,train,normal
1301,午餐,2,15,正常,一般,晴,朋友,不关心,重辣,,580,臭豆腐炒辣椒,湘菜,1,chosen,0.6227,0.6066,train,normal
1301,午餐,2,15,正常,一般,晴,朋友,不关心,重辣,,580,臭豆腐炒辣椒,湘菜,1,chosen,0.6227,0.6247,train,normal
1301,午餐,2,15,正常,一般,晴,朋友,不关心,重辣,,580,臭豆腐炒辣椒,湘菜,1,chosen,0.6227,0.7001,train,normal
1302,晚餐,3,43,正常,疲惫,晴,一个人,想健康,微辣,,6,兰州牛肉面,长三角粉面,1,chosen,0.6026,0.6185,val,normal
1302,晚餐,3,43,正常,疲惫,晴,一个人,想健康,微辣,,71,干豆腐炒尖椒,东北菜,1,chosen,0.5989,0.593,val,normal
1302,晚餐,3,43,正常,疲惫,晴,一个人,想健康,微辣,,6,兰州牛肉面,长三角粉面,1,chosen,0.6026,0.5916,val,normal
1303,午餐,3,40,正常,一般,雨,同事,严格控制,重辣,,310,麻婆豆腐(素),川菜,1,chosen,0.657,0.6289,train,normal
1303,午餐,3,40,正常,一般,雨,同事,严格控制,重辣,,11,云南小锅米线,长三角粉面,1,chosen,0.6558,0.6568,train,normal
1303,午餐,3,40,正常,一般,雨,同事,严格控制,重辣,,252,麻婆豆腐(川),川菜,1,chosen,0.657,0.5724,train,normal
1304,午餐,4,66,正常,一般,热,一个人,严格控制,中辣,素食,658,卤水豆腐,烧腊卤味,1,chosen,0.5867,0.609,val,normal
1304,午餐,4,66,正常,一般,热,一个人,严格控制,中辣,素食,658,卤水豆腐,烧腊卤味,1,chosen,0.5867,0.6677,val,normal
1304,午餐,4,66,正常,一般,热,一个人,严格控制,中辣,素食,658,卤水豆腐,烧腊卤味,1,chosen,0.5867,0.5443,val,normal
1304,午餐,4,66,正常,一般,热,一个人,严格控制,中辣,素食,657,卤水掌翼,烧腊卤味,0,considered,0.0,0.0114,val,normal
1304,午餐,4,66,正常,一般,热,一个人,严格控制,中辣,素食,656,卤水拼盘,烧腊卤味,0,considered,0.0,0.0,val,normal
1305,晚餐,3,47,想吃好点,低落,雨,朋友,想健康,微辣,,366,豉椒炒花甲,广府家常菜,1,chosen,0.7211,0.6727,train,normal
1305,晚餐,3,47,想吃好点,低落,雨,朋友,想健康,微辣,,292,荤豆花,川菜,1,chosen,0.7311,0.7502,train,normal
1305,晚餐,3,47,想吃好点,低落,雨,朋友,想健康,微辣,,292,荤豆花,川菜,1,chosen,0.7311,0.7424,train,normal
1306,午餐,1,42,想吃好点,兴奋,晴,朋友,随便,不吃辣,素食,458,油焖笋,本帮江浙菜,1,chosen,0.5667,0.5774,val,normal
1306,午餐,1,42,想吃好点,兴奋,晴,朋友,随便,不吃辣,素食,458,油焖笋,本帮江浙菜,1,chosen,0.5667,0.5767,val,normal
1306,午餐,1,42,想吃好点,兴奋,晴,朋友,随便,不吃辣,素食,458,油焖笋,本帮江浙菜,1,chosen,0.5667,0.6354,val,normal
1307,晚餐,2,60,不差钱,开心,雨,同事,想健康,微辣,"海鲜,乳制品",162,干煸茧蛹,东北菜,1,chosen,0.6425,0.6568,test,normal
1307,晚餐,2,60,不差钱,开心,雨,同事,想健康,微辣,"海鲜,乳制品",351,凉瓜炒牛肉,广府家常菜,1,chosen,0.634,0.6162,test,normal
1307,晚餐,2,60,不差钱,开心,雨,同事,想健康,微辣,"海鲜,乳制品",162,干煸茧蛹,东北菜,1,chosen,0.6425,0.6925,test,normal
1308,午餐,4,94,想吃好点,一般,热,一个人,严格控制,不吃辣,,478,白切羊肉,本帮江浙菜,1,chosen,0.6007,0.5967,train,normal
1308,午餐,4,94,想吃好点,一般,热,一个人,严格控制,不吃辣,,478,白切羊肉,本帮江浙菜,1,chosen,0.6007,0.6128,train,normal
1308,午餐,4,94,想吃好点,一般,热,一个人,严格控制,不吃辣,,478,白切羊肉,本帮江浙菜,1,chosen,0.6007,0.5707,train,normal
1309,午餐,4,56,正常,疲惫,晴,朋友,严格控制,重辣,,13,麻婆豆腐,家常炒菜,1,chosen,0.7307,0.698,train,normal
1309,午餐,4,56,正常,疲惫,晴,朋友,严格控制,重辣,,13,麻婆豆腐,家常炒菜,1,chosen,0.7307,0.7422,train,normal
1309,午餐,4,56,正常,疲惫,晴,朋友,严格控制,重辣,,13,麻婆豆腐,家常炒菜,1,chosen,0.7307,0.775,train,normal
1310,晚餐,1,62,正常,开心,热,朋友,想健康,中辣,"海鲜,乳制品",648,卤水鸡翅,烧腊卤味,1,chosen,0.6669,0.6599,train,normal
1310,晚餐,1,62,正常,开心,热,朋友,想健康,中辣,"海鲜,乳制品",648,卤水鸡翅,烧腊卤味,1,chosen,0.6669,0.602,train,normal
1310,晚餐,1,62,正常,开心,热,朋友,想健康,中辣,"海鲜,乳制品",648,卤水鸡翅,烧腊卤味,1,chosen,0.6669,0.6169,train,normal
1310,晚餐,1,62,正常,开心,热,朋友,想健康,中辣,"海鲜,乳制品",658,卤水豆腐,烧腊卤味,0,considered,0.6534,0.6548,train,normal
1310,晚餐,1,62,正常,开心,热,朋友,想健康,中辣,"海鲜,乳制品",655,豉油鸡,烧腊卤味,0,considered,0.6441,0.639,train,normal
1311,早餐,5,39,正常,兴奋,雪,朋友,不关心,重辣,素食,807,衢州常山索面,长三角粉面,1,chosen,0.6691,0.6554,test,snow
1311,早餐,5,39,正常,兴奋,雪,朋友,不关心,重辣,素食,807,衢州常山索面,长三角粉面,1,chosen,0.6691,0.673,test,snow
1311,早餐,5,39,正常,兴奋,雪,朋友,不关心,重辣,素食,807,衢州常山索面,长三角粉面,1,chosen,0.6691,0.6778,test,snow
1312,早餐,5,43,正常,压力大,热,同事,不关心,微辣,素食,413,白糖糕,早茶点心,1,chosen,0.6146,0.5948,train,normal
1312,早餐,5,43,正常,压力大,热,同事,不关心,微辣,素食,443,千层油糕,早餐粥点,1,chosen,0.603,0.6721,train,normal
1312,早餐,5,43,正常,压力大,热,同事,不关心,微辣,素食,413,白糖糕,早茶点心,1,chosen,0.6146,0.6437,train,normal
1313,早餐,2,92,正常,疲惫,冷,一个人,想健康,微辣,海鲜,439,菜肉大馄饨,早餐粥点,1,chosen,0.7095,0.6911,val,normal
1313,早餐,2,92,正常,疲惫,冷,一个人,想健康,微辣,海鲜,439,菜肉大馄饨,早餐粥点,1,chosen,0.7095,0.7414,val,normal
1313,早餐,2,92,正常,疲惫,冷,一个人,想健康,微辣,海鲜,439,菜肉大馄饨,早餐粥点,1,chosen,0.7095,0.7033,val,normal
1314,午餐,2,60,想吃好点,一般,阴,家人,随便,不吃辣,素食,195,清炒草头,家常炒菜,1,chosen,0.572,0.5701,train,normal
1314,午餐,2,60,想吃好点,一般,阴,家人,随便,不吃辣,素食,195,清炒草头,家常炒菜,1,chosen,0.572,0.5744,train,normal
1314,午餐,2,60,想吃好点,一般,阴,家人,随便,不吃辣,素食,458,油焖笋,本帮江浙菜,1,chosen,0.5879,0.6268,train,normal
1314,午餐,2,60,想吃好点,一般,阴,家人,随便,不吃辣,素食,482,素蟹粉,本帮江浙菜,0,considered,0.5119,0.474,train,normal
1314,午餐,2,60,想吃好点,一般,阴,家人,随便,不吃辣,素食,457,宁波烤菜,本帮江浙菜,0,considered,0.5118,0.488,train,normal
1315,早餐,5,81,正常,低落,热,一个人,想健康,重辣,素食,804,素鸡面,长三角粉面,1,chosen,0.5243,0.5459,train,normal
1315,早餐,5,81,正常,低落,热,一个人,想健康,重辣,素食,807,衢州常山索面,长三角粉面,1,chosen,0.5623,0.5817,train,normal
1315,早餐,5,81,正常,低落,热,一个人,想健康,重辣,素食,807,衢州常山索面,长三角粉面,1,chosen,0.5623,0.6028,train,normal
1315,早餐,5,81,正常,低落,热,一个人,想健康,重辣,素食,804,素鸡面,长三角粉面,0,considered,0.5243,0.5194,train,normal
1315,早餐,5,81,正常,低落,热,一个人,想健康,重辣,素食,793,常熟蕈油面,长三角粉面,0,considered,0.5243,0.5099,train,normal
1316,午餐,5,15,省着点,压力大,热,约会,随便,不吃辣,,9,炸酱面,长三角粉面,1,chosen,0.6938,0.6469,train,normal
1316,午餐,5,15,省着点,压力大,热,约会,随便,不吃辣,,9,炸酱面,长三角粉面,1,chosen,0.6938,0.6363,train,normal
1316,午餐,5,15,省着点,压力大,热,约会,随便,不吃辣,,9,炸酱面,长三角粉面,1,chosen,0.6938,0.7,train,normal
1316,午餐,5,15,省着点,压力大,热,约会,随便,不吃辣,,776,杭州片儿川,长三角粉面,0,considered,0.6577,0.6458,train,normal
1316,午餐,5,15,省着点,压力大,热,约会,随便,不吃辣,,782,上海炒面,长三角粉面,0,considered,0.6518,0.6303,train,normal
1317,晚餐,3,44,不差钱,疲惫,冷,同事,想健康,中辣,,298,酸汤鱼,川菜,1,chosen,0.6771,0.7033,train,normal
1317,晚餐,3,44,不差钱,疲惫,冷,同事,想健康,中辣,,241,酸汤肥牛,川菜,1,chosen,0.689,0.6697,train,normal
1317,晚餐,3,44,不差钱,疲惫,冷,同事,想健康,中辣,,241,酸汤肥牛,川菜,1,chosen,0.689,0.7515,train,normal
1317,晚餐,3,44,不差钱,疲惫,冷,同事,想健康,中辣,,300,酸菜肥牛,川菜,0,considered,0.689,0.7019,train,normal
1317,晚餐,3,44,不差钱,疲惫,冷,同事,想健康,中辣,,309,鱼香虾仁,川菜,0,considered,0.6884,0.7168,train,normal
1318,晚餐,3,33,想吃好点,一般,冷,约会,不关心,不吃辣,乳制品,458,油焖笋,本帮江浙菜,1,chosen,0.6733,0.7411,train,normal
1318,晚餐,3,33,想吃好点,一般,冷,约会,不关心,不吃辣,乳制品,458,油焖笋,本帮江浙菜,1,chosen,0.6733,0.6688,train,normal
1318,晚餐,3,33,想吃好点,一般,冷,约会,不关心,不吃辣,乳制品,458,油焖笋,本帮江浙菜,1,chosen,0.6733,0.6681,train,normal
1318,晚餐,3,33,想吃好点,一般,冷,约会,不关心,不吃辣,乳制品,471,梭子蟹炒年糕,本帮江浙菜,0,considered,0.6733,0.6849,train,normal
1318,晚餐,3,33,想吃好点,一般,冷,约会,不关心,不吃辣,乳制品,460,糖醋排骨,本帮江浙菜,0,considered,0.6674,0.7,train,normal
1319,午餐,4,49,想吃好点,一般,雨,朋友,随便,微辣,,559,湖南蛋饺,湘菜,1,chosen,0.6623,0.714,val,normal
1319,午餐,4,49,想吃好点,一般,雨,朋友,随便,微辣,,559,湖南蛋饺,湘菜,1,chosen,0.6623,0.6398,val,normal
1319,午餐,4,49,想吃好点,一般,雨,朋友,随便,微辣,,559,湖南蛋饺,湘菜,1,chosen,0.6623,0.5709,val,normal
1320,早餐,4,40,省着点,疲惫,雨,一个人,想健康,重辣,素食,807,衢州常山索面,长三角粉面,1,chosen,0.632,0.662,train,normal
1320,早餐,4,40,省着点,疲惫,雨,一个人,想健康,重辣,素食,807,衢州常山索面,长三角粉面,1,chosen,0.632,0.6757,train,normal
1320,早餐,4,40,省着点,疲惫,雨,一个人,想健康,重辣,素食,807,衢州常山索面,长三角粉面,1,chosen,0.632,0.6732,train,normal
1320,早餐,4,40,省着点,疲惫,雨,一个人,想健康,重辣,素食,797,无锡素面,长三角粉面,0,considered,0.6161,0.569,train,normal
1320,早餐,4,40,省着点,疲惫,雨,一个人,想健康,重辣,素食,804,素鸡面,长三角粉面,0,considered,0.6161,0.6055,train,normal
1321,早餐,3,30,正常,开心,热,朋友,想健康,中辣,素食,807,衢州常山索面,长三角粉面,1,chosen,0.6538,0.6897,test,normal
1321,早餐,3,30,正常,开心,热,朋友,想健康,中辣,素食,807,衢州常山索面,长三角粉面,1,chosen,0.6538,0.6574,test,normal
1321,早餐,3,30,正常,开心,热,朋友,想健康,中辣,素食,807,衢州常山索面,长三角粉面,1,chosen,0.6538,0.6515,test,normal
1321,早餐,3,30,正常,开心,热,朋友,想健康,中辣,素食,804,素鸡面,长三角粉面,0,considered,0.6271,0.6064,test,normal
1321,早餐,3,30,正常,开心,热,朋友,想健康,中辣,素食,793,常熟蕈油面,长三角粉面,0,considered,0.6271,0.6456,test,normal
1322,晚餐,3,66,正常,疲惫,阴,一个人,不关心,微辣,,48,东北土豆丝,东北菜,1,chosen,0.5635,0.5589,train,normal
1322,晚餐,3,66,正常,疲惫,阴,一个人,不关心,微辣,,811,鳝丝面,长三角粉面,1,chosen,0.5635,0.6128,train,normal
1322,晚餐,3,66,正常,疲惫,阴,一个人,不关心,微辣,,811,鳝丝面,长三角粉面,1,chosen,0.5635,0.5362,train,normal
1323,夜宵,5,43,不差钱,开心,冷,家人,严格控制,中辣,,298,酸汤鱼,川菜,1,chosen,0.7183,0.6951,train,normal
1323,夜宵,5,43,不差钱,开心,冷,家人,严格控制,中辣,,613,酸菜鱼,火锅麻辣烫,1,chosen,0.7381,0.7529,train,normal
1323,夜宵,5,43,不差钱,开心,冷,家人,严格控制,中辣,,613,酸菜鱼,火锅麻辣烫,1,chosen,0.7381,0.7179,train,normal
1323,夜宵,5,43,不差钱,开心,冷,家人,严格控制,中辣,,618,烤生蚝,火锅麻辣烫,0,considered,0.7101,0.6841,train,normal
1323,夜宵,5,43,不差钱,开心,冷,家人,严格控制,中辣,,24,菌汤火锅,火锅麻辣烫,0,considered,0.6964,0.6899,train,normal
1324,午餐,1,57,正常,低落,雨,一个人,严格控制,中辣,,162,干煸茧蛹,东北菜,1,chosen,0.624,0.6245,train,normal
1324,午餐,1,57,正常,低落,雨,一个人,严格控制,中辣,,575,紫苏煎黄瓜,湘菜,1,chosen,0.6195,0.6566,train,normal
1324,午餐,1,57,正常,低落,雨,一个人,严格控制,中辣,,248,青椒肉丝(川),川菜,1,chosen,0.6331,0.58,train,normal
1324,午餐,1,57,正常,低落,雨,一个人,严格控制,中辣,,217,川味炒时蔬,川菜,0,considered,0.623,0.6284,train,normal
1324,午餐,1,57,正常,低落,雨,一个人,严格控制,中辣,,230,炝炒莲白,川菜,0,considered,0.6065,0.6351,train,normal
1325,夜宵,3,80,不差钱,低落,热,朋友,不关心,重辣,,617,小龙虾,火锅麻辣烫,1,chosen,0.731,0.7269,train,normal
1325,夜宵,3,80,不差钱,低落,热,朋友,不关心,重辣,,617,小龙虾,火锅麻辣烫,1,chosen,0.731,0.7331,train,normal
1325,夜宵,3,80,不差钱,低落,热,朋友,不关心,重辣,,617,小龙虾,火锅麻辣烫,1,chosen,0.731,0.7296,train,normal
1326,晚餐,4,44,正常,疲惫,阴,朋友,严格控制,重辣,,13,麻婆豆腐,家常炒菜,1,chosen,0.7307,0.7556,train,normal
1326,晚餐,4,44,正常,疲惫,阴,朋友,严格控制,重辣,,310,麻婆豆腐(素),川菜,1,chosen,0.7212,0.7248,train,normal
1326,晚餐,4,44,正常,疲惫,阴,朋友,严格控制,重辣,,13,麻婆豆腐,家常炒菜,1,chosen,0.7307,0.7445,train,normal
1327,晚餐,5,27,正常,开心,热,家人,想健康,微辣,麸质,658,卤水豆腐,烧腊卤味,1,chosen,0.6872,0.7168,test,normal
1327,晚餐,5,27,正常,开心,热,家人,想健康,微辣,麸质,658,卤水豆腐,烧腊卤味,1,chosen,0.6872,0.7042,test,normal
1327,晚餐,5,27,正常,开心,热,家人,想健康,微辣,麸质,658,卤水豆腐,烧腊卤味,1,chosen,0.6872,0.6593,test,normal
1327,晚餐,5,27,正常,开心,热,家人,想健康,微辣,麸质,651,牛杂,烧腊卤味,0,considered,0.6551,0.6324,test,normal
1327,晚餐,5,27,正常,开心,热,家人,想健康,微辣,麸质,648,卤水鸡翅,烧腊卤味,0,considered,0.6509,0.6846,test,normal
1328,晚餐,3,36,正常,一般,热,一个人,严格控制,重辣,,252,麻婆豆腐(川),川菜,1,chosen,0.588,0.5543,val,normal
1328,晚餐,3,36,正常,一般,热,一个人,严格控制,重辣,,252,麻婆豆腐(川),川菜,1,chosen,0.588,0.6183,val,normal
1328,晚餐,3,36,正常,一般,热,一个人,严格控制,重辣,,252,麻婆豆腐(川),川菜,1,chosen,0.588,0.6019,val,normal
1329,早餐,2,93,不差钱,开心,冷,约会,随便,微辣,"海鲜,乳制品",427,南翔小笼包,早餐粥点,1,chosen,0.6843,0.6422,train,normal
1329,早餐,2,93,不差钱,开心,冷,约会,随便,微辣,"海鲜,乳制品",434,皮蛋瘦肉粥(珠三角),早餐粥点,1,chosen,0.6914,0.7352,train,normal
1329,早餐,2,93,不差钱,开心,冷,约会,随便,微辣,"海鲜,乳制品",434,皮蛋瘦肉粥(珠三角),早餐粥点,1,chosen,0.6914,0.7318,train,normal
1330,午餐,5,42,正常,低落,冷,一个人,不关心,中辣,素食,575,紫苏煎黄瓜,湘菜,1,chosen,0.6158,0.6187,train,normal
1330,午餐,5,42,正常,低落,冷,一个人,不关心,中辣,素食,575,紫苏煎黄瓜,湘菜,1,chosen,0.6158,0.5837,train,normal
1330,午餐,5,42,正常,低落,冷,一个人,不关心,中辣,素食,575,紫苏煎黄瓜,湘菜,1,chosen,0.6158,0.5905,train,normal
1330,午餐,5,42,正常,低落,冷,一个人,不关心,中辣,素食,552,攸县香干,湘菜,0,considered,0.6158,0.6241,train,normal
1330,午餐,5,42,正常,低落,冷,一个人,不关心,中辣,素食,523,长沙臭豆腐,湘菜,0,considered,0.5973,0.6139,train,normal
1331,下午加餐,4,62,正常,一般,晴,朋友,严格控制,中辣,,32,藜麦牛油果碗,轻食健康,1,chosen,0.659,0.6621,train,normal
1331,下午加餐,4,62,正常,一般,晴,朋友,严格控制,中辣,,32,藜麦牛油果碗,轻食健康,1,chosen,0.659,0.6373,train,normal
1331,下午加餐,4,62,正常,一般,晴,朋友,严格控制,中辣,,32,藜麦牛油果碗,轻食健康,1,chosen,0.659,0.7037,train,normal
1332,夜宵,5,55,不差钱,一般,阴,朋友,想健康,不吃辣,海鲜,24,菌汤火锅,火锅麻辣烫,1,chosen,0.6701,0.6951,train,normal
1332,夜宵,5,55,不差钱,一般,阴,朋友,想健康,不吃辣,海鲜,24,菌汤火锅,火锅麻辣烫,1,chosen,0.6701,0.5972,train,normal
1332,夜宵,5,55,不差钱,一般,阴,朋友,想健康,不吃辣,海鲜,24,菌汤火锅,火锅麻辣烫,1,chosen,0.6701,0.6491,train,normal
1333,晚餐,3,62,不差钱,疲惫,晴,朋友,想健康,不吃辣,素食,159,东北乱炖(素),东北菜,1,chosen,0.6679,0.7317,train,normal
1333,晚餐,3,62,不差钱,疲惫,晴,朋友,想健康,不吃辣,素食,159,东北乱炖(素),东北菜,1,chosen,0.6679,0.6386,train,normal
1333,晚餐,3,62,不差钱,疲惫,晴,朋友,想健康,不吃辣,素食,159,东北乱炖(素),东北菜,1,chosen,0.6679,0.6998,train,normal
1334,下午加餐,5,54,正常,一般,热,约会,随便,重辣,,706,芒果班戟,糖水甜品,1,chosen,0.6303,0.6468,train,normal
1334,下午加餐,5,54,正常,一般,热,约会,随便,重辣,,694,菠萝包,糖水甜品,1,chosen,0.6207,0.6286,train,normal
1334,下午加餐,5,54,正常,一般,热,约会,随便,重辣,,706,芒果班戟,糖水甜品,1,chosen,0.6303,0.6406,train,normal
1335,晚餐,3,66,正常,疲惫,晴,家人,想健康,不吃辣,,64,土豆炖茄子,东北菜,1,chosen,0.6887,0.7245,train,normal
1335,晚餐,3,66,正常,疲惫,晴,家人,想健康,不吃辣,,64,土豆炖茄子,东北菜,1,chosen,0.6887,0.7302,train,normal
1335,晚餐,3,66,正常,疲惫,晴,家人,想健康,不吃辣,,64,土豆炖茄子,东北菜,1,chosen,0.6887,0.6995,train,normal
1336,下午加餐,3,58,正常,低落,雨,家人,严格控制,中辣,麸质,32,藜麦牛油果碗,轻食健康,1,chosen,0.7418,0.7518,train,normal
1336,下午加餐,3,58,正常,低落,雨,家人,严格控制,中辣,麸质,32,藜麦牛油果碗,轻食健康,1,chosen,0.7418,0.7218,train,normal
1336,下午加餐,3,58,正常,低落,雨,家人,严格控制,中辣,麸质,32,藜麦牛油果碗,轻食健康,1,chosen,0.7418,0.7565,train,normal
1337,晚餐,2,83,省着点,疲惫,热,一个人,想健康,中辣,,658,卤水豆腐,烧腊卤味,1,chosen,0.6195,0.5476,train,normal
1337,晚餐,2,83,省着点,疲惫,热,一个人,想健康,中辣,,658,卤水豆腐,烧腊卤味,1,chosen,0.6195,0.5891,train,normal
1337,晚餐,2,83,省着点,疲惫,热,一个人,想健康,中辣,,658,卤水豆腐,烧腊卤味,1,chosen,0.6195,0.5842,train,normal
1337,晚餐,2,83,省着点,疲惫,热,一个人,想健康,中辣,,648,卤水鸡翅,烧腊卤味,0,considered,0.6025,0.6086,train,normal
1337,晚餐,2,83,省着点,疲惫,热,一个人,想健康,中辣,,651,牛杂,烧腊卤味,0,considered,0.5443,0.5324,train,normal
1338,午餐,3,44,正常,一般,阴,朋友,不关心,微辣,"海鲜,乳制品",559,湖南蛋饺,湘菜,1,chosen,0.6185,0.5964,train,normal
1338,午餐,3,44,正常,一般,阴,朋友,不关心,微辣,"海鲜,乳制品",559,湖南蛋饺,湘菜,1,chosen,0.6185,0.6172,train,normal
1338,午餐,3,44,正常,一般,阴,朋友,不关心,微辣,"海鲜,乳制品",559,湖南蛋饺,湘菜,1,chosen,0.6185,0.651,train,normal
1339,晚餐,2,32,正常,疲惫,雨,家人,不关心,不吃辣,,348,豉汁蒸排骨,广府家常菜,1,chosen,0.6799,0.7257,train,normal
1339,晚餐,2,32,正常,疲惫,雨,家人,不关心,不吃辣,,348,豉汁蒸排骨,广府家常菜,1,chosen,0.6799,0.7146,train,normal
1339,晚餐,2,32,正常,疲惫,雨,家人,不关心,不吃辣,,348,豉汁蒸排骨,广府家常菜,1,chosen,0.6799,0.5932,train,normal
1340,午餐,4,51,正常,疲惫,晴,一个人,想健康,中辣,,11,云南小锅米线,长三角粉面,1,chosen,0.6142,0.5596,test,normal
1340,午餐,4,51,正常,疲惫,晴,一个人,想健康,中辣,,11,云南小锅米线,长三角粉面,1,chosen,0.6142,0.6789,test,normal
1340,午餐,4,51,正常,疲惫,晴,一个人,想健康,中辣,,11,云南小锅米线,长三角粉面,1,chosen,0.6142,0.5922,test,normal
1340,午餐,4,51,正常,疲惫,晴,一个人,想健康,中辣,,6,兰州牛肉面,长三角粉面,0,considered,0.6063,0.634,test,normal
1340,午餐,4,51,正常,疲惫,晴,一个人,想健康,中辣,,786,南京皮肚面,长三角粉面,0,considered,0.6044,0.5532,test,normal
1341,午餐,3,54,不差钱,开心,热,朋友,想健康,不吃辣,,655,豉油鸡,烧腊卤味,1,chosen,0.6855,0.6821,train,normal
1341,午餐,3,54,不差钱,开心,热,朋友,想健康,不吃辣,,655,豉油鸡,烧腊卤味,1,chosen,0.6855,0.7428,train,normal
1341,午餐,3,54,不差钱,开心,热,朋友,想健康,不吃辣,,655,豉油鸡,烧腊卤味,1,chosen,0.6855,0.6786,train,normal
1341,午餐,3,54,不差钱,开心,热,朋友,想健康,不吃辣,,648,卤水鸡翅,烧腊卤味,0,considered,0.6718,0.6625,train,normal
1341,午餐,3,54,不差钱,开心,热,朋友,想健康,不吃辣,,658,卤水豆腐,烧腊卤味,0,considered,0.666,0.7314,train,normal
1342,早餐,4,15,省着点,疲惫,热,约会,严格控制,重辣,素食,807,衢州常山索面,长三角粉面,1,chosen,0.6932,0.6873,test,normal
1342,早餐,4,15,省着点,疲惫,热,约会,严格控制,重辣,素食,807,衢州常山索面,长三角粉面,1,chosen,0.6932,0.708,test,normal
1342,早餐,4,15,省着点,疲惫,热,约会,严格控制,重辣,素食,807,衢州常山索面,长三角粉面,1,chosen,0.6932,0.626,test,normal
1343,午餐,2,57,省着点,疲惫,晴,家人,不关心,微辣,麸质,658,卤水豆腐,烧腊卤味,1,chosen,0.636,0.5891,test,normal
1343,午餐,2,57,省着点,疲惫,晴,家人,不关心,微辣,麸质,658,卤水豆腐,烧腊卤味,1,chosen,0.636,0.6067,test,normal
1343,午餐,2,57,省着点,疲惫,晴,家人,不关心,微辣,麸质,658,卤水豆腐,烧腊卤味,1,chosen,0.636,0.6839,test,normal
1344,晚餐,3,64,正常,疲惫,冷,一个人,随便,不吃辣,,803,爆鱼面,长三角粉面,1,chosen,0.6037,0.5905,train,normal
1344,晚餐,3,64,正常,疲惫,冷,一个人,随便,不吃辣,,803,爆鱼面,长三角粉面,1,chosen,0.6037,0.6219,train,normal
1344,晚餐,3,64,正常,疲惫,冷,一个人,随便,不吃辣,,803,爆鱼面,长三角粉面,1,chosen,0.6037,0.6297,train,normal
1345,午餐,3,50,正常,疲惫,晴,同事,想健康,微辣,,6,兰州牛肉面,长三角粉面,1,chosen,0.6492,0.6592,test,normal
1345,午餐,3,50,正常,疲惫,晴,同事,想健康,微辣,,6,兰州牛肉面,长三角粉面,1,chosen,0.6492,0.7035,test,normal
1345,午餐,3,50,正常,疲惫,晴,同事,想健康,微辣,,6,兰州牛肉面,长三角粉面,1,chosen,0.6492,0.6891,test,normal
1346,下午加餐,5,47,正常,一般,雨,一个人,想健康,重辣,,34,全麦鸡肉三明治,轻食健康,1,chosen,0.589,0.5942,train,normal
1346,下午加餐,5,47,正常,一般,雨,一个人,想健康,重辣,,34,全麦鸡肉三明治,轻食健康,1,chosen,0.589,0.5697,train,normal
1346,下午加餐,5,47,正常,一般,雨,一个人,想健康,重辣,,34,全麦鸡肉三明治,轻食健康,1,chosen,0.589,0.5638,train,normal
1346,下午加餐,5,47,正常,一般,雨,一个人,想健康,重辣,,32,藜麦牛油果碗,轻食健康,0,considered,0.5786,0.5328,train,normal
1346,下午加餐,5,47,正常,一般,雨,一个人,想健康,重辣,,770,波奇饭,轻食健康,0,considered,0.5785,0.5519,train,normal
1347,午餐,4,15,省着点,一般,冷,同事,想健康,微辣,麸质,6,兰州牛肉面,长三角粉面,1,chosen,0.6443,0.637,train,normal
1347,午餐,4,15,省着点,一般,冷,同事,想健康,微辣,麸质,6,兰州牛肉面,长三角粉面,1,chosen,0.6443,0.6772,train,normal
1347,午餐,4,15,省着点,一般,冷,同事,想健康,微辣,麸质,6,兰州牛肉面,长三角粉面,1,chosen,0.6443,0.6552,train,normal
1348,下午加餐,3,75,省着点,一般,阴,一个人,想健康,中辣,,772,鲜榨橙汁,轻食健康,1,chosen,0.6058,0.5896,train,normal
1348,下午加餐,3,75,省着点,一般,阴,一个人,想健康,中辣,,772,鲜榨橙汁,轻食健康,1,chosen,0.6058,0.6442,train,normal
1348,下午加餐,3,75,省着点,一般,阴,一个人,想健康,中辣,,772,鲜榨橙汁,轻食健康,1,chosen,0.6058,0.624,train,normal
1348,下午加餐,3,75,省着点,一般,阴,一个人,想健康,中辣,,766,水煮时蔬,轻食健康,0,considered,0.597,0.5734,train,normal
1348,下午加餐,3,75,省着点,一般,阴,一个人,想健康,中辣,,36,希腊酸奶坚果碗,轻食健康,0,considered,0.5894,0.5872,train,normal
1349,早餐,3,37,省着点,开心,阴,同事,随便,中辣,乳制品,43,皮蛋瘦肉粥,早餐粥点,1,chosen,0.6247,0.5957,train,normal
1349,早餐,3,37,省着点,开心,阴,同事,随便,中辣,乳制品,43,皮蛋瘦肉粥,早餐粥点,1,chosen,0.6247,0.5482,train,normal
1349,早餐,3,37,省着点,开心,阴,同事,随便,中辣,乳制品,43,皮蛋瘦肉粥,早餐粥点,1,chosen,0.6247,0.6494,train,normal
1349,早餐,3,37,省着点,开心,阴,同事,随便,中辣,乳制品,44,小笼包+豆浆,早餐粥点,0,considered,0.6247,0.6069,train,normal
1349,早餐,3,37,省着点,开心,阴,同事,随便,中辣,乳制品,445,咖喱牛肉汤,早餐粥点,0,considered,0.6247,0.6414,train,normal
1350,晚餐,3,15,正常,一般,晴,约会,不关心,微辣,"海鲜,乳制品",48,东北土豆丝,东北菜,1,chosen,0.6154,0.694,train,normal
1350,晚餐,3,15,正常,一般,晴,约会,不关心,微辣,"海鲜,乳制品",48,东北土豆丝,东北菜,1,chosen,0.6154,0.6239,train,normal
1350,晚餐,3,15,正常,一般,晴,约会,不关心,微辣,"海鲜,乳制品",48,东北土豆丝,东北菜,1,chosen,0.6154,0.6482,train,normal
1351,夜宵,4,31,正常,疲惫,阴,朋友,不关心,不吃辣,"海鲜,乳制品",639,沙县蒸饺,烧烤小吃,1,chosen,0.6893,0.698,train,normal
1351,夜宵,4,31,正常,疲惫,阴,朋友,不关心,不吃辣,"海鲜,乳制品",639,沙县蒸饺,烧烤小吃,1,chosen,0.6893,0.711,train,normal
1351,夜宵,4,31,正常,疲惫,阴,朋友,不关心,不吃辣,"海鲜,乳制品",635,锅贴,烧烤小吃,1,chosen,0.6883,0.5957,train,normal
1352,午餐,3,81,正常,兴奋,雨,朋友,不关心,不吃辣,,658,卤水豆腐,烧腊卤味,1,chosen,0.6579,0.6441,test,normal
1352,午餐,3,81,正常,兴奋,雨,朋友,不关心,不吃辣,,658,卤水豆腐,烧腊卤味,1,chosen,0.6579,0.6799,test,normal
1352,午餐,3,81,正常,兴奋,雨,朋友,不关心,不吃辣,,658,卤水豆腐,烧腊卤味,1,chosen,0.6579,0.6221,test,normal
1353,午餐,4,102,正常,疲惫,雨,同事,想健康,中辣,,2,青椒肉丝,煲仔饭碟头饭,1,chosen,0.704,0.7182,train,normal
1353,午餐,4,102,正常,疲惫,雨,同事,想健康,中辣,,2,青椒肉丝,煲仔饭碟头饭,1,chosen,0.704,0.6849,train,normal
1353,午餐,4,102,正常,疲惫,雨,同事,想健康,中辣,,2,青椒肉丝,煲仔饭碟头饭,1,chosen,0.704,0.7332,train,normal
1354,午餐,2,82,正常,开心,热,朋友,不关心,重辣,,659,卤水鸭掌,烧腊卤味,1,chosen,0.6648,0.675,test,normal
1354,午餐,2,82,正常,开心,热,朋友,不关心,重辣,,659,卤水鸭掌,烧腊卤味,1,chosen,0.6648,0.6659,test,normal
1354,午餐,2,82,正常,开心,热,朋友,不关心,重辣,,659,卤水鸭掌,烧腊卤味,1,chosen,0.6648,0.6681,test,normal
1355,晚餐,4,30,正常,疲惫,热,约会,随便,微辣,麸质,658,卤水豆腐,烧腊卤味,1,chosen,0.7057,0.729,test,normal
1355,晚餐,4,30,正常,疲惫,热,约会,随便,微辣,麸质,658,卤水豆腐,烧腊卤味,1,chosen,0.7057,0.7128,test,normal
1355,晚餐,4,30,正常,疲惫,热,约会,随便,微辣,麸质,658,卤水豆腐,烧腊卤味,1,chosen,0.7057,0.7462,test,normal
1355,晚餐,4,30,正常,疲惫,热,约会,随便,微辣,麸质,651,牛杂,烧腊卤味,0,considered,0.6825,0.6613,test,normal
1355,晚餐,4,30,正常,疲惫,热,约会,随便,微辣,麸质,648,卤水鸡翅,烧腊卤味,0,considered,0.6775,0.6906,test,normal
1356,午餐,4,30,不差钱,开心,热,同事,不关心,不吃辣,,656,卤水拼盘,烧腊卤味,1,chosen,0.6137,0.5344,test,normal
1356,午餐,4,30,不差钱,开心,热,同事,不关心,不吃辣,,656,卤水拼盘,烧腊卤味,1,chosen,0.6137,0.666,test,normal
1356,午餐,4,30,不差钱,开心,热,同事,不关心,不吃辣,,656,卤水拼盘,烧腊卤味,1,chosen,0.6137,0.6259,test,normal
1357,午餐,2,47,想吃好点,一般,冷,家人,想健康,微辣,素食,458,油焖笋,本帮江浙菜,1,chosen,0.6654,0.69,train,normal
1357,午餐,2,47,想吃好点,一般,冷,家人,想健康,微辣,素食,458,油焖笋,本帮江浙菜,1,chosen,0.6654,0.6776,train,normal
1357,午餐,2,47,想吃好点,一般,冷,家人,想健康,微辣,素食,458,油焖笋,本帮江浙菜,1,chosen,0.6654,0.6432,train,normal
1358,晚餐,5,49,想吃好点,压力大,晴,一个人,想健康,中辣,,15,宫保鸡丁,家常炒菜,1,chosen,0.6105,0.6504,train,normal
1358,晚餐,5,49,想吃好点,压力大,晴,一个人,想健康,中辣,,15,宫保鸡丁,家常炒菜,1,chosen,0.6105,0.5722,train,normal
1358,晚餐,5,49,想吃好点,压力大,晴,一个人,想健康,中辣,,15,宫保鸡丁,家常炒菜,1,chosen,0.6105,0.6374,train,normal
1359,晚餐,5,110,省着点,压力大,雪,朋友,想健康,不吃辣,,668,咸肉菜饭,煲仔饭碟头饭,1,chosen,0.8012,0.8248,test,snow
1359,晚餐,5,110,省着点,压力大,雪,朋友,想健康,不吃辣,,668,咸肉菜饭,煲仔饭碟头饭,1,chosen,0.8012,0.8001,test,snow
1359,晚餐,5,110,省着点,压力大,雪,朋友,想健康,不吃辣,,668,咸肉菜饭,煲仔饭碟头饭,1,chosen,0.8012,0.7802,test,snow
1360,午餐,4,72,想吃好点,开心,雨,同事,不关心,微辣,,371,鱼香茄子煲,广府家常菜,1,chosen,0.6208,0.5732,train,normal
1360,午餐,4,72,想吃好点,开心,雨,同事,不关心,微辣,,371,鱼香茄子煲,广府家常菜,1,chosen,0.6208,0.673,train,normal
1360,午餐,4,72,想吃好点,开心,雨,同事,不关心,微辣,,371,鱼香茄子煲,广府家常菜,1,chosen,0.6208,0.6375,train,normal
1361,晚餐,5,15,正常,低落,热,朋友,严格控制,微辣,,9,炸酱面,长三角粉面,1,chosen,0.6763,0.7119,train,normal
1361,晚餐,5,15,正常,低落,热,朋友,严格控制,微辣,,60,东北饭包,东北菜,1,chosen,0.7023,0.6556,train,normal
1361,晚餐,5,15,正常,低落,热,朋友,严格控制,微辣,,2,青椒肉丝,煲仔饭碟头饭,1,chosen,0.6757,0.6317,train,normal
1362,午餐,4,49,正常,低落,雨,家人,想健康,不吃辣,"海鲜,乳制品",680,海南鸡饭,煲仔饭碟头饭,1,chosen,0.7103,0.7224,val,normal
1362,午餐,4,49,正常,低落,雨,家人,想健康,不吃辣,"海鲜,乳制品",680,海南鸡饭,煲仔饭碟头饭,1,chosen,0.7103,0.735,val,normal
1362,午餐,4,49,正常,低落,雨,家人,想健康,不吃辣,"海鲜,乳制品",680,海南鸡饭,煲仔饭碟头饭,1,chosen,0.7103,0.7658,val,normal
1363,晚餐,5,78,不差钱,一般,雨,家人,不关心,不吃辣,海鲜,656,卤水拼盘,烧腊卤味,1,chosen,0.6458,0.6415,train,normal
1363,晚餐,5,78,不差钱,一般,雨,家人,不关心,不吃辣,海鲜,656,卤水拼盘,烧腊卤味,1,chosen,0.6458,0.6689,train,normal
1363,晚餐,5,78,不差钱,一般,雨,家人,不关心,不吃辣,海鲜,656,卤水拼盘,烧腊卤味,1,chosen,0.6458,0.6088,train,normal
1364,午餐,3,62,想吃好点,一般,阴,朋友,不关心,中辣,,301,酸菜鱼片,川菜,1,chosen,0.6319,0.6572,train,normal
1364,午餐,3,62,想吃好点,一般,阴,朋友,不关心,中辣,,301,酸菜鱼片,川菜,1,chosen,0.6319,0.6718,train,normal
1364,午餐,3,62,想吃好点,一般,阴,朋友,不关心,中辣,,301,酸菜鱼片,川菜,1,chosen,0.6319,0.6144,train,normal
1364,午餐,3,62,想吃好点,一般,阴,朋友,不关心,中辣,,283,泡菜鱼,川菜,0,considered,0.6319,0.6655,train,normal
1364,午餐,3,62,想吃好点,一般,阴,朋友,不关心,中辣,,300,酸菜肥牛,川菜,0,considered,0.6319,0.6553,train,normal
1365,晚餐,5,95,不差钱,低落,雨,家人,想健康,不吃辣,麸质,471,梭子蟹炒年糕,本帮江浙菜,1,chosen,0.7029,0.65,train,normal
1365,晚餐,5,95,不差钱,低落,雨,家人,想健康,不吃辣,麸质,471,梭子蟹炒年糕,本帮江浙菜,1,chosen,0.7029,0.721,train,normal
1365,晚餐,5,95,不差钱,低落,雨,家人,想健康,不吃辣,麸质,471,梭子蟹炒年糕,本帮江浙菜,1,chosen,0.7029,0.7104,train,normal
1366,下午加餐,5,43,想吃好点,兴奋,冷,家人,不关心,中辣,"海鲜,乳制品",702,桂花糖芋艿,糖水甜品,1,chosen,0.5717,0.5564,train,normal
1366,下午加餐,5,43,想吃好点,兴奋,冷,家人,不关心,中辣,"海鲜,乳制品",702,桂花糖芋艿,糖水甜品,1,chosen,0.5717,0.6271,train,normal
1366,下午加餐,5,43,想吃好点,兴奋,冷,家人,不关心,中辣,"海鲜,乳制品",702,桂花糖芋艿,糖水甜品,1,chosen,0.5717,0.5541,train,normal
1367,晚餐,4,45,正常,压力大,热,同事,不关心,不吃辣,乳制品,9,炸酱面,长三角粉面,1,chosen,0.6504,0.644,val,normal
1367,晚餐,4,45,正常,压力大,热,同事,不关心,不吃辣,乳制品,9,炸酱面,长三角粉面,1,chosen,0.6504,0.6612,val,normal
1367,晚餐,4,45,正常,压力大,热,同事,不关心,不吃辣,乳制品,9,炸酱面,长三角粉面,1,chosen,0.6504,0.6114,val,normal
1368,晚餐,3,44,正常,开心,雪,朋友,想健康,中辣,,15,宫保鸡丁,家常炒菜,1,chosen,0.7935,0.7439,test,snow
1368,晚餐,3,44,正常,开心,雪,朋友,想健康,中辣,,15,宫保鸡丁,家常炒菜,1,chosen,0.7935,0.7849,test,snow
1368,晚餐,3,44,正常,开心,雪,朋友,想健康,中辣,,15,宫保鸡丁,家常炒菜,1,chosen,0.7935,0.8113,test,snow
1369,午餐,4,55,省着点,一般,阴,一个人,严格控制,不吃辣,,173,毛豆炒肉丝,家常炒菜,1,chosen,0.5477,0.5343,train,normal
1369,午餐,4,55,省着点,一般,阴,一个人,严格控制,不吃辣,,173,毛豆炒肉丝,家常炒菜,1,chosen,0.5477,0.5257,train,normal
1369,午餐,4,55,省着点,一般,阴,一个人,严格控制,不吃辣,,173,毛豆炒肉丝,家常炒菜,1,chosen,0.5477,0.579,train,normal
1370,下午加餐,5,36,想吃好点,一般,阴,一个人,想健康,中辣,,770,波奇饭,轻食健康,1,chosen,0.5649,0.5628,train,normal
1370,下午加餐,5,36,想吃好点,一般,阴,一个人,想健康,中辣,,32,藜麦牛油果碗,轻食健康,1,chosen,0.5514,0.551,train,normal
1370,下午加餐,5,36,想吃好点,一般,阴,一个人,想健康,中辣,,770,波奇饭,轻食健康,1,chosen,0.5649,0.5474,train,normal
1371,晚餐,4,50,想吃好点,疲惫,晴,一个人,随便,不吃辣,"海鲜,乳制品",681,滑鸡煲仔饭,煲仔饭碟头饭,1,chosen,0.563,0.5337,train,normal
1371,晚餐,4,50,想吃好点,疲惫,晴,一个人,随便,不吃辣,"海鲜,乳制品",680,海南鸡饭,煲仔饭碟头饭,1,chosen,0.563,0.5438,train,normal
1371,晚餐,4,50,想吃好点,疲惫,晴,一个人,随便,不吃辣,"海鲜,乳制品",681,滑鸡煲仔饭,煲仔饭碟头饭,1,chosen,0.563,0.5235,train,normal
1372,晚餐,3,42,正常,疲惫,晴,家人,想健康,不吃辣,,64,土豆炖茄子,东北菜,1,chosen,0.6887,0.6925,train,normal
1372,晚餐,3,42,正常,疲惫,晴,家人,想健康,不吃辣,,64,土豆炖茄子,东北菜,1,chosen,0.6887,0.6647,train,normal
1372,晚餐,3,42,正常,疲惫,晴,家人,想健康,不吃辣,,64,土豆炖茄子,东北菜,1,chosen,0.6887,0.7048,train,normal
1372,晚餐,3,42,正常,疲惫,晴,家人,想健康,不吃辣,,116,大丰收,东北菜,0,considered,0.6887,0.7027,train,normal
1372,晚餐,3,42,正常,疲惫,晴,家人,想健康,不吃辣,,143,茄子炖土豆,东北菜,0,considered,0.6887,0.6317,train,normal
1373,午餐,3,81,正常,疲惫,雨,同事,不关心,中辣,,786,南京皮肚面,长三角粉面,1,chosen,0.6588,0.6846,train,normal
1373,午餐,3,81,正常,疲惫,雨,同事,不关心,中辣,,786,南京皮肚面,长三角粉面,1,chosen,0.6588,0.7202,train,normal
1373,午餐,3,81,正常,疲惫,雨,同事,不关心,中辣,,786,南京皮肚面,长三角粉面,1,chosen,0.6588,0.7079,train,normal
1374,晚餐,3,21,正常,一般,晴,同事,严格控制,不吃辣,乳制品,347,菜心炒牛肉,广府家常菜,1,chosen,0.5993,0.5963,test,normal
1374,晚餐,3,21,正常,一般,晴,同事,严格控制,不吃辣,乳制品,347,菜心炒牛肉,广府家常菜,1,chosen,0.5993,0.6349,test,normal
1374,晚餐,3,21,正常,一般,晴,同事,严格控制,不吃辣,乳制品,347,菜心炒牛肉,广府家常菜,1,chosen,0.5993,0.6883,test,normal
1375,晚餐,4,15,正常,压力大,阴,约会,想健康,微辣,,6,兰州牛肉面,长三角粉面,1,chosen,0.7027,0.6819,train,normal
1375,晚餐,4,15,正常,压力大,阴,约会,想健康,微辣,,6,兰州牛肉面,长三角粉面,1,chosen,0.7027,0.6858,train,normal
1375,晚餐,4,15,正常,压力大,阴,约会,想健康,微辣,,6,兰州牛肉面,长三角粉面,1,chosen,0.7027,0.709,train,normal
1375,晚餐,4,15,正常,压力大,阴,约会,想健康,微辣,,774,上海辣肉面,长三角粉面,0,considered,0.6881,0.6531,train,normal
1375,晚餐,4,15,正常,压力大,阴,约会,想健康,微辣,,776,杭州片儿川,长三角粉面,0,considered,0.6802,0.6984,train,normal
1376,早餐,4,29,正常,开心,热,一个人,不关心,重辣,,44,小笼包+豆浆,早餐粥点,1,chosen,0.5527,0.5837,train,normal
1376,早餐,4,29,正常,开心,热,一个人,不关心,重辣,,44,小笼包+豆浆,早餐粥点,1,chosen,0.5527,0.546,train,normal
1376,早餐,4,29,正常,开心,热,一个人,不关心,重辣,,44,小笼包+豆浆,早餐粥点,1,chosen,0.5527,0.5061,train,normal
1377,晚餐,4,25,想吃好点,一般,热,约会,随便,不吃辣,素食,658,卤水豆腐,烧腊卤味,1,chosen,0.6327,0.5729,train,normal
1377,晚餐,4,25,想吃好点,一般,热,约会,随便,不吃辣,素食,658,卤水豆腐,烧腊卤味,1,chosen,0.6327,0.6305,train,normal
1377,晚餐,4,25,想吃好点,一般,热,约会,随便,不吃辣,素食,289,糖油果子,川菜,1,chosen,0.6204,0.5898,train,normal
1378,晚餐,3,23,想吃好点,开心,晴,约会,不关心,中辣,麸质,543,干豆角炒肉,湘菜,1,chosen,0.6493,0.6773,val,normal
1378,晚餐,3,23,想吃好点,开心,晴,约会,不关心,中辣,麸质,543,干豆角炒肉,湘菜,1,chosen,0.6493,0.6456,val,normal
1378,晚餐,3,23,想吃好点,开心,晴,约会,不关心,中辣,麸质,543,干豆角炒肉,湘菜,1,chosen,0.6493,0.5985,val,normal
1379,午餐,3,52,想吃好点,一般,热,同事,想健康,微辣,,126,松仁小肚,东北菜,1,chosen,0.6256,0.6173,train,normal
1379,午餐,3,52,想吃好点,一般,热,同事,想健康,微辣,,126,松仁小肚,东北菜,1,chosen,0.6256,0.6303,train,normal
1379,午餐,3,52,想吃好点,一般,热,同事,想健康,微辣,,126,松仁小肚,东北菜,1,chosen,0.6256,0.6502,train,normal
1379,午餐,3,52,想吃好点,一般,热,同事,想健康,微辣,,134,熏酱拼盘,东北菜,0,considered,0.6166,0.6627,train,normal
1379,午餐,3,52,想吃好点,一般,热,同事,想健康,微辣,,60,东北饭包,东北菜,0,considered,0.6085,0.6719,train,normal
1380,夜宵,2,57,不差钱,开心,阴,同事,想健康,微辣,素食,642,烤韭菜,烧烤小吃,1,chosen,0.6348,0.5939,train,normal
1380,夜宵,2,57,不差钱,开心,阴,同事,想健康,微辣,素食,642,烤韭菜,烧烤小吃,1,chosen,0.6348,0.6754,train,normal
1380,夜宵,2,57,不差钱,开心,阴,同事,想健康,微辣,素食,642,烤韭菜,烧烤小吃,1,chosen,0.6348,0.6242,train,normal
1380,夜宵,2,57,不差钱,开心,阴,同事,想健康,微辣,素食,640,烤玉米,烧烤小吃,0,considered,0.6205,0.5845,train,normal
1380,夜宵,2,57,不差钱,开心,阴,同事,想健康,微辣,素食,647,韭菜盒子,烧烤小吃,0,considered,0.5923,0.5518,train,normal
1381,晚餐,2,60,省着点,疲惫,雨,家人,不关心,不吃辣,,668,咸肉菜饭,煲仔饭碟头饭,1,chosen,0.6601,0.6495,train,normal
1381,晚餐,2,60,省着点,疲惫,雨,家人,不关心,不吃辣,,66,大酱炒鸡蛋,东北菜,1,chosen,0.6653,0.6609,train,normal
1381,晚餐,2,60,省着点,疲惫,雨,家人,不关心,不吃辣,,658,卤水豆腐,烧腊卤味,1,chosen,0.6799,0.6835,train,normal
1381,晚餐,2,60,省着点,疲惫,雨,家人,不关心,不吃辣,,648,卤水鸡翅,烧腊卤味,0,considered,0.657,0.6655,train,normal
1381,晚餐,2,60,省着点,疲惫,雨,家人,不关心,不吃辣,,665,金钱肚,烧腊卤味,0,considered,0.6445,0.5663,train,normal
1382,晚餐,3,15,正常,低落,晴,一个人,想健康,微辣,海鲜,69,尖椒干豆腐,东北菜,1,chosen,0.584,0.599,train,normal
1382,晚餐,3,15,正常,低落,晴,一个人,想健康,微辣,海鲜,69,尖椒干豆腐,东北菜,1,chosen,0.584,0.5512,train,normal
1382,晚餐,3,15,正常,低落,晴,一个人,想健康,微辣,海鲜,69,尖椒干豆腐,东北菜,1,chosen,0.584,0.5398,train,normal
1382,晚餐,3,15,正常,低落,晴,一个人,想健康,微辣,海鲜,71,干豆腐炒尖椒,东北菜,0,considered,0.584,0.5929,train,normal
1382,晚餐,3,15,正常,低落,晴,一个人,想健康,微辣,海鲜,48,东北土豆丝,东北菜,0,considered,0.5743,0.6286,train,normal
1383,早餐,4,39,省着点,兴奋,热,约会,严格控制,微辣,素食,808,金华佛堂千张面,长三角粉面,1,chosen,0.647,0.6198,train,normal
1383,早餐,4,39,省着点,兴奋,热,约会,严格控制,微辣,素食,808,金华佛堂千张面,长三角粉面,1,chosen,0.647,0.6298,train,normal
1383,早餐,4,39,省着点,兴奋,热,约会,严格控制,微辣,素食,808,金华佛堂千张面,长三角粉面,1,chosen,0.647,0.6201,train,normal
1383,早餐,4,39,省着点,兴奋,热,约会,严格控制,微辣,素食,804,素鸡面,长三角粉面,0,considered,0.647,0.7132,train,normal
1383,早餐,4,39,省着点,兴奋,热,约会,严格控制,微辣,素食,797,无锡素面,长三角粉面,0,considered,0.6441,0.6659,train,normal
1384,下午加餐,4,61,省着点,压力大,雨,家人,严格控制,中辣,,34,全麦鸡肉三明治,轻食健康,1,chosen,0.7101,0.7834,train,normal
1384,下午加餐,4,61,省着点,压力大,雨,家人,严格控制,中辣,,34,全麦鸡肉三明治,轻食健康,1,chosen,0.7101,0.6895,train,normal
1384,下午加餐,4,61,省着点,压力大,雨,家人,严格控制,中辣,,702,桂花糖芋艿,糖水甜品,1,chosen,0.6796,0.7022,train,normal
1385,晚餐,4,49,正常,疲惫,雨,一个人,不关心,不吃辣,,669,扬州炒饭,煲仔饭碟头饭,1,chosen,0.6104,0.5854,train,normal
1385,晚餐,4,49,正常,疲惫,雨,一个人,不关心,不吃辣,,669,扬州炒饭,煲仔饭碟头饭,1,chosen,0.6104,0.6389,train,normal
1385,晚餐,4,49,正常,疲惫,雨,一个人,不关心,不吃辣,,669,扬州炒饭,煲仔饭碟头饭,1,chosen,0.6104,0.6049,train,normal
1386,午餐,3,91,正常,压力大,热,一个人,不关心,中辣,麸质,579,腊味萝卜干,湘菜,1,chosen,0.6195,0.6517,val,normal
1386,午餐,3,91,正常,压力大,热,一个人,不关心,中辣,麸质,171,雪衣豆沙,东北菜,1,chosen,0.6037,0.61,val,normal
1386,午餐,3,91,正常,压力大,热,一个人,不关心,中辣,麸质,171,雪衣豆沙,东北菜,1,chosen,0.6037,0.5645,val,normal
1387,午餐,5,93,不差钱,低落,热,家人,不关心,不吃辣,,335,甜皮鸭,川菜,1,chosen,0.6719,0.6895,train,normal
1387,午餐,5,93,不差钱,低落,热,家人,不关心,不吃辣,,335,甜皮鸭,川菜,1,chosen,0.6719,0.6975,train,normal
1387,午餐,5,93,不差钱,低落,热,家人,不关心,不吃辣,,335,甜皮鸭,川菜,1,chosen,0.6719,0.6923,train,normal
1388,午餐,3,85,正常,压力大,晴,朋友,严格控制,重辣,海鲜,13,麻婆豆腐,家常炒菜,1,chosen,0.7307,0.7174,train,normal
1388,午餐,3,85,正常,压力大,晴,朋友,严格控制,重辣,海鲜,252,麻婆豆腐(川),川菜,1,chosen,0.7212,0.7395,train,normal
1388,午餐,3,85,正常,压力大,晴,朋友,严格控制,重辣,海鲜,13,麻婆豆腐,家常炒菜,1,chosen,0.7307,0.714,train,normal
1389,晚餐,4,27,想吃好点,疲惫,冷,一个人,想健康,中辣,,15,宫保鸡丁,家常炒菜,1,chosen,0.6586,0.6548,train,normal
1389,晚餐,4,27,想吃好点,疲惫,冷,一个人,想健康,中辣,,15,宫保鸡丁,家常炒菜,1,chosen,0.6586,0.6259,train,normal
1389,晚餐,4,27,想吃好点,疲惫,冷,一个人,想健康,中辣,,15,宫保鸡丁,家常炒菜,1,chosen,0.6586,0.6535,train,normal
1390,早餐,4,33,正常,低落,热,家人,想健康,微辣,,424,黑椒牛仔骨,早茶点心,1,chosen,0.6713,0.6566,val,normal
1390,早餐,4,33,正常,低落,热,家人,想健康,微辣,,438,艇仔粥,早餐粥点,1,chosen,0.6511,0.6785,val,normal
1390,早餐,4,33,正常,低落,热,家人,想健康,微辣,,45,杂粮煎饼果子,早餐粥点,1,chosen,0.6553,0.6286,val,normal
1391,午餐,3,89,想吃好点,开心,晴,朋友,随便,不吃辣,海鲜,663,烧乳鸽,烧腊卤味,1,chosen,0.6166,0.6142,train,normal
1391,午餐,3,89,想吃好点,开心,晴,朋友,随便,不吃辣,海鲜,663,烧乳鸽,烧腊卤味,1,chosen,0.6166,0.6582,train,normal
1391,午餐,3,89,想吃好点,开心,晴,朋友,随便,不吃辣,海鲜,663,烧乳鸽,烧腊卤味,1,chosen,0.6166,0.5853,train,normal
1392,午餐,4,34,正常,压力大,雨,朋友,想健康,重辣,海鲜,13,麻婆豆腐,家常炒菜,1,chosen,0.7721,0.7019,test,normal
1392,午餐,4,34,正常,压力大,雨,朋友,想健康,重辣,海鲜,13,麻婆豆腐,家常炒菜,1,chosen,0.7721,0.7322,test,normal
1392,午餐,4,34,正常,压力大,雨,朋友,想健康,重辣,海鲜,13,麻婆豆腐,家常炒菜,1,chosen,0.7721,0.7694,test,normal
1393,午餐,3,79,正常,一般,热,家人,随便,中辣,素食,658,卤水豆腐,烧腊卤味,1,chosen,0.6533,0.6516,train,normal
1393,午餐,3,79,正常,一般,热,家人,随便,中辣,素食,658,卤水豆腐,烧腊卤味,1,chosen,0.6533,0.6835,train,normal
1393,午餐,3,79,正常,一般,热,家人,随便,中辣,素食,658,卤水豆腐,烧腊卤味,1,chosen,0.6533,0.6443,train,normal
1394,午餐,5,15,想吃好点,疲惫,阴,同事,随便,微辣,,667,叉烧饭,煲仔饭碟头饭,1,chosen,0.6074,0.6582,train,normal
1394,午餐,5,15,想吃好点,疲惫,阴,同事,随便,微辣,,671,烧腊双拼饭,煲仔饭碟头饭,1,chosen,0.6096,0.5892,train,normal
1394,午餐,5,15,想吃好点,疲惫,阴,同事,随便,微辣,,671,烧腊双拼饭,煲仔饭碟头饭,1,chosen,0.6096,0.612,train,normal
1395,晚餐,3,29,省着点,兴奋,热,同事,不关心,微辣,素食,658,卤水豆腐,烧腊卤味,1,chosen,0.6052,0.626,train,normal
1395,晚餐,3,29,省着点,兴奋,热,同事,不关心,微辣,素食,658,卤水豆腐,烧腊卤味,1,chosen,0.6052,0.6057,train,normal
1395,晚餐,3,29,省着点,兴奋,热,同事,不关心,微辣,素食,658,卤水豆腐,烧腊卤味,1,chosen,0.6052,0.6025,train,normal
1396,午餐,3,87,正常,压力大,晴,约会,严格控制,不吃辣,,64,土豆炖茄子,东北菜,1,chosen,0.7185,0.7179,train,normal
1396,午餐,3,87,正常,压力大,晴,约会,严格控制,不吃辣,,64,土豆炖茄子,东北菜,1,chosen,0.7185,0.7477,train,normal
1396,午餐,3,87,正常,压力大,晴,约会,严格控制,不吃辣,,64,土豆炖茄子,东北菜,1,chosen,0.7185,0.7263,train,normal
1397,下午加餐,4,67,想吃好点,一般,雪,同事,想健康,微辣,乳制品,34,全麦鸡肉三明治,轻食健康,1,chosen,0.687,0.6429,test,snow
1397,下午加餐,4,67,想吃好点,一般,雪,同事,想健康,微辣,乳制品,34,全麦鸡肉三明治,轻食健康,1,chosen,0.687,0.6448,test,snow
1397,下午加餐,4,67,想吃好点,一般,雪,同事,想健康,微辣,乳制品,34,全麦鸡肉三明治,轻食健康,1,chosen,0.687,0.6739,test,snow
1398,晚餐,3,32,不差钱,兴奋,晴,家人,随便,中辣,,300,酸菜肥牛,川菜,1,chosen,0.6358,0.6074,val,normal
1398,晚餐,3,32,不差钱,兴奋,晴,家人,随便,中辣,,300,酸菜肥牛,川菜,1,chosen,0.6358,0.6024,val,normal
1398,晚餐,3,32,不差钱,兴奋,晴,家人,随便,中辣,,301,酸菜鱼片,川菜,1,chosen,0.6259,0.6591,val,normal
1399,午餐,1,41,不差钱,疲惫,晴,同事,不关心,不吃辣,,378,姜葱炒蟹,广府家常菜,1,chosen,0.5642,0.5206,train,normal
1399,午餐,1,41,不差钱,疲惫,晴,同事,不关心,不吃辣,,378,姜葱炒蟹,广府家常菜,1,chosen,0.5642,0.6402,train,normal
1399,午餐,1,41,不差钱,疲惫,晴,同事,不关心,不吃辣,,378,姜葱炒蟹,广府家常菜,1,chosen,0.5642,0.6109,train,normal
1400,晚餐,2,58,正常,一般,雨,朋友,不关心,微辣,,162,干煸茧蛹,东北菜,1,chosen,0.6554,0.6257,train,normal
1400,晚餐,2,58,正常,一般,雨,朋友,不关心,微辣,,162,干煸茧蛹,东北菜,1,chosen,0.6554,0.681,train,normal
1400,晚餐,2,58,正常,一般,雨,朋友,不关心,微辣,,166,炒蚕蛹,东北菜,1,chosen,0.6554,0.6865,train,normal
1401,晚餐,4,34,正常,一般,热,朋友,不关心,微辣,乳制品,237,蒜泥白肉,川菜,1,chosen,0.6647,0.6519,train,normal
1401,晚餐,4,34,正常,一般,热,朋友,不关心,微辣,乳制品,237,蒜泥白肉,川菜,1,chosen,0.6647,0.6074,train,normal
1401,晚餐,4,34,正常,一般,热,朋友,不关心,微辣,乳制品,237,蒜泥白肉,川菜,1,chosen,0.6647,0.6586,train,normal
1401,晚餐,4,34,正常,一般,热,朋友,不关心,微辣,乳制品,292,荤豆花,川菜,0,considered,0.6265,0.6036,train,normal
1401,晚餐,4,34,正常,一般,热,朋友,不关心,微辣,乳制品,289,糖油果子,川菜,0,considered,0.6222,0.6056,train,normal
1402,午餐,3,72,省着点,开心,热,一个人,想健康,微辣,素食,658,卤水豆腐,烧腊卤味,1,chosen,0.6,0.5965,train,normal
1402,午餐,3,72,省着点,开心,热,一个人,想健康,微辣,素食,658,卤水豆腐,烧腊卤味,1,chosen,0.6,0.6066,train,normal
1402,午餐,3,72,省着点,开心,热,一个人,想健康,微辣,素食,658,卤水豆腐,烧腊卤味,1,chosen,0.6,0.6411,train,normal
1403,午餐,3,84,正常,疲惫,热,同事,随便,中辣,,579,腊味萝卜干,湘菜,1,chosen,0.6558,0.6041,train,normal
1403,午餐,3,84,正常,疲惫,热,同事,随便,中辣,,579,腊味萝卜干,湘菜,1,chosen,0.6558,0.698,train,normal
1403,午餐,3,84,正常,疲惫,热,同事,随便,中辣,,126,松仁小肚,东北菜,1,chosen,0.643,0.6846,train,normal
1404,夜宵,3,53,正常,低落,热,一个人,想健康,中辣,"海鲜,乳制品",26,烤鸡翅,烧烤小吃,1,chosen,0.6606,0.6606,train,normal
1404,夜宵,3,53,正常,低落,热,一个人,想健康,中辣,"海鲜,乳制品",26,烤鸡翅,烧烤小吃,1,chosen,0.6606,0.6536,train,normal
1404,夜宵,3,53,正常,低落,热,一个人,想健康,中辣,"海鲜,乳制品",26,烤鸡翅,烧烤小吃,1,chosen,0.6606,0.6661,train,normal
1404,夜宵,3,53,正常,低落,热,一个人,想健康,中辣,"海鲜,乳制品",641,烤金针菇,烧烤小吃,0,considered,0.6513,0.6274,train,normal
1404,夜宵,3,53,正常,低落,热,一个人,想健康,中辣,"海鲜,乳制品",27,烤茄子,烧烤小吃,0,considered,0.6513,0.668,train,normal
1405,午餐,3,15,正常,一般,晴,同事,不关心,重辣,海鲜,233,红油抄手,川菜,1,chosen,0.5644,0.5807,test,normal
1405,午餐,3,15,正常,一般,晴,同事,不关心,重辣,海鲜,233,红油抄手,川菜,1,chosen,0.5644,0.5756,test,normal
1405,午餐,3,15,正常,一般,晴,同事,不关心,重辣,海鲜,233,红油抄手,川菜,1,chosen,0.5644,0.5435,test,normal
1405,午餐,3,15,正常,一般,晴,同事,不关心,重辣,海鲜,234,红油水饺,川菜,0,considered,0.5644,0.5892,test,normal
1405,午餐,3,15,正常,一般,晴,同事,不关心,重辣,海鲜,252,麻婆豆腐(川),川菜,0,considered,0.5644,0.5186,test,normal
1406,晚餐,4,49,想吃好点,一般,阴,一个人,随便,不吃辣,,354,姜葱焗鱼,广府家常菜,1,chosen,0.5111,0.4974,train,normal
1406,晚餐,4,49,想吃好点,一般,阴,一个人,随便,不吃辣,,357,烧肉炒芥兰,广府家常菜,1,chosen,0.5111,0.4918,train,normal
1406,晚餐,4,49,想吃好点,一般,阴,一个人,随便,不吃辣,,369,豉汁蒸鱼头,广府家常菜,1,chosen,0.5111,0.4359,train,normal
1406,晚餐,4,49,想吃好点,一般,阴,一个人,随便,不吃辣,,354,姜葱焗鱼,广府家常菜,0,considered,0.5111,0.5054,train,normal
1406,晚餐,4,49,想吃好点,一般,阴,一个人,随便,不吃辣,,369,豉汁蒸鱼头,广府家常菜,0,considered,0.5111,0.5792,train,normal
1407,下午加餐,4,64,想吃好点,疲惫,雪,朋友,不关心,中辣,,702,桂花糖芋艿,糖水甜品,1,chosen,0.6873,0.7053,test,snow
1407,下午加餐,4,64,想吃好点,疲惫,雪,朋友,不关心,中辣,,702,桂花糖芋艿,糖水甜品,1,chosen,0.6873,0.6619,test,snow
1407,下午加餐,4,64,想吃好点,疲惫,雪,朋友,不关心,中辣,,702,桂花糖芋艿,糖水甜品,1,chosen,0.6873,0.6351,test,snow
1408,午餐,3,15,正常,一般,雪,家人,不关心,重辣,,541,小炒香干,湘菜,1,chosen,0.726,0.7443,test,snow
1408,午餐,3,15,正常,一般,雪,家人,不关心,重辣,,541,小炒香干,湘菜,1,chosen,0.726,0.7797,test,snow
1408,午餐,3,15,正常,一般,雪,家人,不关心,重辣,,244,重庆小面(川),川菜,1,chosen,0.726,0.7129,test,snow
1409,晚餐,4,89,想吃好点,开心,阴,一个人,不关心,不吃辣,,348,豉汁蒸排骨,广府家常菜,1,chosen,0.5225,0.5182,train,normal
1409,晚餐,4,89,想吃好点,开心,阴,一个人,不关心,不吃辣,,348,豉汁蒸排骨,广府家常菜,1,chosen,0.5225,0.5908,train,normal
1409,晚餐,4,89,想吃好点,开心,阴,一个人,不关心,不吃辣,,348,豉汁蒸排骨,广府家常菜,1,chosen,0.5225,0.4718,train,normal
1410,午餐,5,57,省着点,一般,阴,一个人,随便,不吃辣,,3,台式卤肉饭,煲仔饭碟头饭,1,chosen,0.5148,0.4879,train,normal
1410,午餐,5,57,省着点,一般,阴,一个人,随便,不吃辣,,3,台式卤肉饭,煲仔饭碟头饭,1,chosen,0.5148,0.5231,train,normal
1410,午餐,5,57,省着点,一般,阴,一个人,随便,不吃辣,,3,台式卤肉饭,煲仔饭碟头饭,1,chosen,0.5148,0.472,train,normal
1410,午餐,5,57,省着点,一般,阴,一个人,随便,不吃辣,,668,咸肉菜饭,煲仔饭碟头饭,0,considered,0.5148,0.4848,train,normal
1410,午餐,5,57,省着点,一般,阴,一个人,随便,不吃辣,,682,猪油拌饭,煲仔饭碟头饭,0,considered,0.5148,0.4906,train,normal
1411,早餐,4,58,正常,疲惫,热,同事,不关心,微辣,素食,413,白糖糕,早茶点心,1,chosen,0.6146,0.6941,test,normal
1411,早餐,4,58,正常,疲惫,热,同事,不关心,微辣,素食,793,常熟蕈油面,长三角粉面,1,chosen,0.5806,0.5866,test,normal
1411,早餐,4,58,正常,疲惫,热,同事,不关心,微辣,素食,793,常熟蕈油面,长三角粉面,1,chosen,0.5806,0.5318,test,normal
1412,早餐,4,43,想吃好点,一般,阴,一个人,想健康,中辣,素食,807,衢州常山索面,长三角粉面,1,chosen,0.5227,0.5036,train,normal
1412,早餐,4,43,想吃好点,一般,阴,一个人,想健康,中辣,素食,440,豆腐花,早餐粥点,1,chosen,0.5103,0.5578,train,normal
1412,早餐,4,43,想吃好点,一般,阴,一个人,想健康,中辣,素食,807,衢州常山索面,长三角粉面,1,chosen,0.5227,0.543,train,normal
1413,午餐,3,30,正常,开心,雪,同事,随便,微辣,,787,南京老卤面,长三角粉面,1,chosen,0.6882,0.6085,test,snow
1413,午餐,3,30,正常,开心,雪,同事,随便,微辣,,787,南京老卤面,长三角粉面,1,chosen,0.6882,0.6787,test,snow
1413,午餐,3,30,正常,开心,雪,同事,随便,微辣,,787,南京老卤面,长三角粉面,1,chosen,0.6882,0.7215,test,snow
1414,夜宵,1,116,想吃好点,开心,冷,家人,严格控制,不吃辣,海鲜,609,椰子鸡火锅,火锅麻辣烫,1,chosen,0.6983,0.6507,train,normal
1414,夜宵,1,116,想吃好点,开心,冷,家人,严格控制,不吃辣,海鲜,609,椰子鸡火锅,火锅麻辣烫,1,chosen,0.6983,0.6987,train,normal
1414,夜宵,1,116,想吃好点,开心,冷,家人,严格控制,不吃辣,海鲜,609,椰子鸡火锅,火锅麻辣烫,1,chosen,0.6983,0.6679,train,normal
1414,夜宵,1,116,想吃好点,开心,冷,家人,严格控制,不吃辣,海鲜,24,菌汤火锅,火锅麻辣烫,0,considered,0.6867,0.6457,train,normal
1414,夜宵,1,116,想吃好点,开心,冷,家人,严格控制,不吃辣,海鲜,20,清汤火锅,火锅麻辣烫,0,considered,0.6735,0.6764,train,normal
1415,午餐,2,47,省着点,压力大,冷,同事,随便,重辣,,523,长沙臭豆腐,湘菜,1,chosen,0.6454,0.5941,train,normal
1415,午餐,2,47,省着点,压力大,冷,同事,随便,重辣,,580,臭豆腐炒辣椒,湘菜,1,chosen,0.6467,0.6147,train,normal
1415,午餐,2,47,省着点,压力大,冷,同事,随便,重辣,,580,臭豆腐炒辣椒,湘菜,1,chosen,0.6467,0.6558,train,normal
1415,午餐,2,47,省着点,压力大,冷,同事,随便,重辣,,523,长沙臭豆腐,湘菜,0,considered,0.6454,0.5959,train,normal
1415,午餐,2,47,省着点,压力大,冷,同事,随便,重辣,,575,紫苏煎黄瓜,湘菜,0,considered,0.6422,0.6893,train,normal
1416,夜宵,3,82,想吃好点,一般,冷,一个人,想健康,中辣,,26,烤鸡翅,烧烤小吃,1,chosen,0.66,0.6899,train,normal
1416,夜宵,3,82,想吃好点,一般,冷,一个人,想健康,中辣,,26,烤鸡翅,烧烤小吃,1,chosen,0.66,0.6866,train,normal
1416,夜宵,3,82,想吃好点,一般,冷,一个人,想健康,中辣,,26,烤鸡翅,烧烤小吃,1,chosen,0.66,0.6669,train,normal
1417,晚餐,4,15,正常,开心,热,同事,不关心,微辣,,9,炸酱面,长三角粉面,1,chosen,0.6099,0.6198,val,normal
1417,晚餐,4,15,正常,开心,热,同事,不关心,微辣,,60,东北饭包,东北菜,1,chosen,0.6178,0.6213,val,normal
1417,晚餐,4,15,正常,开心,热,同事,不关心,微辣,,60,东北饭包,东北菜,1,chosen,0.6178,0.643,val,normal
1418,午餐,3,33,正常,一般,雨,一个人,不关心,中辣,,786,南京皮肚面,长三角粉面,1,chosen,0.5743,0.5816,train,normal
1418,午餐,3,33,正常,一般,雨,一个人,不关心,中辣,,786,南京皮肚面,长三角粉面,1,chosen,0.5743,0.607,train,normal
1418,午餐,3,33,正常,一般,雨,一个人,不关心,中辣,,786,南京皮肚面,长三角粉面,1,chosen,0.5743,0.6079,train,normal
1419,午餐,3,15,正常,开心,雨,朋友,随便,中辣,,11,云南小锅米线,长三角粉面,1,chosen,0.6714,0.6181,train,normal
1419,午餐,3,15,正常,开心,雨,朋友,随便,中辣,,554,榨菜肉丝(湘),湘菜,1,chosen,0.673,0.7189,train,normal
1419,午餐,3,15,正常,开心,雨,朋友,随便,中辣,,11,云南小锅米线,长三角粉面,1,chosen,0.6714,0.6959,train,normal
1419,午餐,3,15,正常,开心,雨,朋友,随便,中辣,,575,紫苏煎黄瓜,湘菜,0,considered,0.673,0.7141,train,normal
1419,午餐,3,15,正常,开心,雨,朋友,随便,中辣,,552,攸县香干,湘菜,0,considered,0.6682,0.6072,train,normal
1420,早餐,4,53,正常,一般,雨,约会,随便,重辣,,428,及第粥,早餐粥点,1,chosen,0.6758,0.6285,train,normal
1420,早餐,4,53,正常,一般,雨,约会,随便,重辣,,428,及第粥,早餐粥点,1,chosen,0.6758,0.6376,train,normal
1420,早餐,4,53,正常,一般,雨,约会,随便,重辣,,428,及第粥,早餐粥点,1,chosen,0.6758,0.7287,train,normal
1420,早餐,4,53,正常,一般,雨,约会,随便,重辣,,438,艇仔粥,早餐粥点,0,considered,0.672,0.6857,train,normal
1420,早餐,4,53,正常,一般,雨,约会,随便,重辣,,434,皮蛋瘦肉粥(珠三角),早餐粥点,0,considered,0.669,0.6758,train,normal
1421,午餐,4,16,想吃好点,压力大,晴,同事,不关心,重辣,,272,川味肥肠粉,川菜,1,chosen,0.6117,0.6205,train,normal
1421,午餐,4,16,想吃好点,压力大,晴,同事,不关心,重辣,,272,川味肥肠粉,川菜,1,chosen,0.6117,0.6335,train,normal
1421,午餐,4,16,想吃好点,压力大,晴,同事,不关心,重辣,,272,川味肥肠粉,川菜,1,chosen,0.6117,0.6834,train,normal
1421,午餐,4,16,想吃好点,压力大,晴,同事,不关心,重辣,,327,川味腊肠炒饭,川菜,0,considered,0.6105,0.6469,train,normal
1421,午餐,4,16,想吃好点,压力大,晴,同事,不关心,重辣,,328,川味香肠炒饭,川菜,0,considered,0.6105,0.5786,train,normal
1422,晚餐,5,125,省着点,压力大,阴,朋友,不关心,不吃辣,乳制品,668,咸肉菜饭,煲仔饭碟头饭,1,chosen,0.657,0.6118,train,normal
1422,晚餐,5,125,省着点,压力大,阴,朋友,不关心,不吃辣,乳制品,668,咸肉菜饭,煲仔饭碟头饭,1,chosen,0.657,0.7071,train,normal
1422,晚餐,5,125,省着点,压力大,阴,朋友,不关心,不吃辣,乳制品,668,咸肉菜饭,煲仔饭碟头饭,1,chosen,0.657,0.683,train,normal
1423,早餐,4,32,正常,开心,热,朋友,不关心,中辣,,425,黑椒猪肚,早茶点心,1,chosen,0.6292,0.6625,train,normal
1423,早餐,4,32,正常,开心,热,朋友,不关心,中辣,,425,黑椒猪肚,早茶点心,1,chosen,0.6292,0.737,train,normal
1423,早餐,4,32,正常,开心,热,朋友,不关心,中辣,,425,黑椒猪肚,早茶点心,1,chosen,0.6292,0.7179,train,normal
1423,早餐,4,32,正常,开心,热,朋友,不关心,中辣,,424,黑椒牛仔骨,早茶点心,0,considered,0.6292,0.6205,train,normal
1423,早餐,4,32,正常,开心,热,朋友,不关心,中辣,,421,蒸牛百叶,早茶点心,0,considered,0.6158,0.6728,train,normal
1424,晚餐,4,50,省着点,兴奋,热,家人,想健康,微辣,,658,卤水豆腐,烧腊卤味,1,chosen,0.6916,0.6618,train,normal
1424,晚餐,4,50,省着点,兴奋,热,家人,想健康,微辣,,658,卤水豆腐,烧腊卤味,1,chosen,0.6916,0.7063,train,normal
1424,晚餐,4,50,省着点,兴奋,热,家人,想健康,微辣,,658,卤水豆腐,烧腊卤味,1,chosen,0.6916,0.6873,train,normal
1424,晚餐,4,50,省着点,兴奋,热,家人,想健康,微辣,,648,卤水鸡翅,烧腊卤味,0,considered,0.6744,0.6807,train,normal
1424,晚餐,4,50,省着点,兴奋,热,家人,想健康,微辣,,651,牛杂,烧腊卤味,0,considered,0.6126,0.5849,train,normal
1425,下午加餐,5,20,正常,一般,雪,同事,不关心,不吃辣,"海鲜,乳制品",699,定胜糕,糖水甜品,1,chosen,0.6267,0.628,test,snow
1425,下午加餐,5,20,正常,一般,雪,同事,不关心,不吃辣,"海鲜,乳制品",699,定胜糕,糖水甜品,1,chosen,0.6267,0.6102,test,snow
1425,下午加餐,5,20,正常,一般,雪,同事,不关心,不吃辣,"海鲜,乳制品",710,赤豆糕,糖水甜品,1,chosen,0.6267,0.6479,test,snow
1425,下午加餐,5,20,正常,一般,雪,同事,不关心,不吃辣,"海鲜,乳制品",710,赤豆糕,糖水甜品,0,considered,0.6267,0.6144,test,snow
1425,下午加餐,5,20,正常,一般,雪,同事,不关心,不吃辣,"海鲜,乳制品",711,酒酿圆子,糖水甜品,0,considered,0.624,0.6591,test,snow
1426,午餐,4,46,正常,兴奋,晴,朋友,想健康,中辣,,292,荤豆花,川菜,1,chosen,0.6695,0.6689,train,normal
1426,午餐,4,46,正常,兴奋,晴,朋友,想健康,中辣,,15,宫保鸡丁,家常炒菜,1,chosen,0.6791,0.6291,train,normal
1426,午餐,4,46,正常,兴奋,晴,朋友,想健康,中辣,,15,宫保鸡丁,家常炒菜,1,chosen,0.6791,0.6276,train,normal
1427,早餐,1,58,想吃好点,疲惫,晴,一个人,随便,微辣,,417,虾饺,早茶点心,1,chosen,0.5941,0.6395,train,normal
1427,早餐,1,58,想吃好点,疲惫,晴,一个人,随便,微辣,,417,虾饺,早茶点心,1,chosen,0.5941,0.5729,train,normal
1427,早餐,1,58,想吃好点,疲惫,晴,一个人,随便,微辣,,417,虾饺,早茶点心,1,chosen,0.5941,0.6513,train,normal
1428,下午加餐,3,42,不差钱,一般,晴,约会,随便,重辣,"海鲜,乳制品",32,藜麦牛油果碗,轻食健康,1,chosen,0.6078,0.5857,train,normal
1428,下午加餐,3,42,不差钱,一般,晴,约会,随便,重辣,"海鲜,乳制品",32,藜麦牛油果碗,轻食健康,1,chosen,0.6078,0.5642,train,normal
1428,下午加餐,3,42,不差钱,一般,晴,约会,随便,重辣,"海鲜,乳制品",32,藜麦牛油果碗,轻食健康,1,chosen,0.6078,0.5609,train,normal
1429,午餐,3,38,正常,一般,雨,朋友,想健康,中辣,乳制品,15,宫保鸡丁,家常炒菜,1,chosen,0.7111,0.7252,train,normal
1429,午餐,3,38,正常,一般,雨,朋友,想健康,中辣,乳制品,15,宫保鸡丁,家常炒菜,1,chosen,0.7111,0.6489,train,normal
1429,午餐,3,38,正常,一般,雨,朋友,想健康,中辣,乳制品,15,宫保鸡丁,家常炒菜,1,chosen,0.7111,0.7201,train,normal
1430,晚餐,3,60,省着点,疲惫,热,一个人,随便,重辣,素食,658,卤水豆腐,烧腊卤味,1,chosen,0.6037,0.6093,train,normal
1430,晚餐,3,60,省着点,疲惫,热,一个人,随便,重辣,素食,658,卤水豆腐,烧腊卤味,1,chosen,0.6037,0.6018,train,normal
1430,晚餐,3,60,省着点,疲惫,热,一个人,随便,重辣,素食,658,卤水豆腐,烧腊卤味,1,chosen,0.6037,0.5635,train,normal
1430,晚餐,3,60,省着点,疲惫,热,一个人,随便,重辣,素食,657,卤水掌翼,烧腊卤味,0,considered,0.0,0.0,train,normal
1430,晚餐,3,60,省着点,疲惫,热,一个人,随便,重辣,素食,656,卤水拼盘,烧腊卤味,0,considered,0.0,0.0083,train,normal
1431,晚餐,3,15,正常,疲惫,晴,家人,想健康,不吃辣,,173,毛豆炒肉丝,家常炒菜,1,chosen,0.6674,0.6949,train,normal
1431,晚餐,3,15,正常,疲惫,晴,家人,想健康,不吃辣,,173,毛豆炒肉丝,家常炒菜,1,chosen,0.6674,0.6307,train,normal
1431,晚餐,3,15,正常,疲惫,晴,家人,想健康,不吃辣,,173,毛豆炒肉丝,家常炒菜,1,chosen,0.6674,0.6677,train,normal
1432,下午加餐,5,88,省着点,一般,晴,朋友,想健康,微辣,麸质,688,双皮奶,糖水甜品,1,chosen,0.5745,0.5617,test,normal
1432,下午加餐,5,88,省着点,一般,晴,朋友,想健康,微辣,麸质,688,双皮奶,糖水甜品,1,chosen,0.5745,0.591,test,normal
1432,下午加餐,5,88,省着点,一般,晴,朋友,想健康,微辣,麸质,688,双皮奶,糖水甜品,1,chosen,0.5745,0.5546,test,normal
1433,午餐,3,43,不差钱,疲惫,阴,家人,想健康,重辣,,524,香辣鱼块,湘菜,1,chosen,0.706,0.7148,test,normal
1433,午餐,3,43,不差钱,疲惫,阴,家人,想健康,重辣,,524,香辣鱼块,湘菜,1,chosen,0.706,0.7091,test,normal
1433,午餐,3,43,不差钱,疲惫,阴,家人,想健康,重辣,,524,香辣鱼块,湘菜,1,chosen,0.706,0.6949,test,normal
1434,午餐,4,15,想吃好点,疲惫,晴,同事,随便,微辣,麸质,397,星洲炒米粉,广式粥粉面,1,chosen,0.6078,0.6148,train,normal
1434,午餐,4,15,想吃好点,疲惫,晴,同事,随便,微辣,麸质,397,星洲炒米粉,广式粥粉面,1,chosen,0.6078,0.6599,train,normal
1434,午餐,4,15,想吃好点,疲惫,晴,同事,随便,微辣,麸质,397,星洲炒米粉,广式粥粉面,1,chosen,0.6078,0.6535,train,normal
1435,下午加餐,3,51,省着点,疲惫,晴,家人,严格控制,微辣,海鲜,688,双皮奶,糖水甜品,1,chosen,0.7005,0.7388,train,normal
1435,下午加餐,3,51,省着点,疲惫,晴,家人,严格控制,微辣,海鲜,688,双皮奶,糖水甜品,1,chosen,0.7005,0.7478,train,normal
1435,下午加餐,3,51,省着点,疲惫,晴,家人,严格控制,微辣,海鲜,688,双皮奶,糖水甜品,1,chosen,0.7005,0.6512,train,normal
1436,晚餐,1,33,正常,疲惫,阴,家人,想健康,不吃辣,,369,豉汁蒸鱼头,广府家常菜,1,chosen,0.6444,0.6965,train,normal
1436,晚餐,1,33,正常,疲惫,阴,家人,想健康,不吃辣,,349,酿豆腐,广府家常菜,1,chosen,0.6412,0.5382,train,normal
1436,晚餐,1,33,正常,疲惫,阴,家人,想健康,不吃辣,,369,豉汁蒸鱼头,广府家常菜,1,chosen,0.6444,0.7209,train,normal
1437,早餐,4,69,想吃好点,开心,晴,一个人,不关心,中辣,"海鲜,乳制品",427,南翔小笼包,早餐粥点,1,chosen,0.539,0.4927,test,normal
1437,早餐,4,69,想吃好点,开心,晴,一个人,不关心,中辣,"海鲜,乳制品",427,南翔小笼包,早餐粥点,1,chosen,0.539,0.5091,test,normal
1437,早餐,4,69,想吃好点,开心,晴,一个人,不关心,中辣,"海鲜,乳制品",427,南翔小笼包,早餐粥点,1,chosen,0.539,0.5697,test,normal
1438,午餐,4,51,省着点,疲惫,晴,一个人,想健康,微辣,,2,青椒肉丝,煲仔饭碟头饭,1,chosen,0.6087,0.6364,train,normal
1438,午餐,4,51,省着点,疲惫,晴,一个人,想健康,微辣,,2,青椒肉丝,煲仔饭碟头饭,1,chosen,0.6087,0.5165,train,normal
1438,午餐,4,51,省着点,疲惫,晴,一个人,想健康,微辣,,2,青椒肉丝,煲仔饭碟头饭,1,chosen,0.6087,0.5838,train,normal
1438,午餐,4,51,省着点,疲惫,晴,一个人,想健康,微辣,,668,咸肉菜饭,煲仔饭碟头饭,0,considered,0.596,0.6307,train,normal
1438,午餐,4,51,省着点,疲惫,晴,一个人,想健康,微辣,,685,菜饭骨头汤,煲仔饭碟头饭,0,considered,0.5911,0.6426,train,normal
1439,晚餐,2,77,正常,开心,热,一个人,随便,微辣,麸质,657,卤水掌翼,烧腊卤味,1,chosen,0.5707,0.5652,train,normal
1439,晚餐,2,77,正常,开心,热,一个人,随便,微辣,麸质,657,卤水掌翼,烧腊卤味,1,chosen,0.5707,0.567,train,normal
1439,晚餐,2,77,正常,开心,热,一个人,随便,微辣,麸质,648,卤水鸡翅,烧腊卤味,1,chosen,0.5707,0.5851,train,normal
1440,午餐,2,18,正常,压力大,晴,家人,不关心,微辣,,366,豉椒炒花甲,广府家常菜,1,chosen,0.6336,0.6172,train,normal
1440,午餐,2,18,正常,压力大,晴,家人,不关心,微辣,,366,豉椒炒花甲,广府家常菜,1,chosen,0.6336,0.6646,train,normal
1440,午餐,2,18,正常,压力大,晴,家人,不关心,微辣,,366,豉椒炒花甲,广府家常菜,1,chosen,0.6336,0.6551,train,normal
1441,晚餐,4,52,省着点,一般,热,朋友,想健康,微辣,乳制品,658,卤水豆腐,烧腊卤味,1,chosen,0.6827,0.6779,train,normal
1441,晚餐,4,52,省着点,一般,热,朋友,想健康,微辣,乳制品,658,卤水豆腐,烧腊卤味,1,chosen,0.6827,0.6068,train,normal
1441,晚餐,4,52,省着点,一般,热,朋友,想健康,微辣,乳制品,658,卤水豆腐,烧腊卤味,1,chosen,0.6827,0.637,train,normal
1442,午餐,2,75,想吃好点,一般,阴,朋友,不关心,微辣,麸质,511,黄山臭鳜鱼,本帮江浙菜,1,chosen,0.6148,0.6271,val,normal
1442,午餐,2,75,想吃好点,一般,阴,朋友,不关心,微辣,麸质,511,黄山臭鳜鱼,本帮江浙菜,1,chosen,0.6148,0.6064,val,normal
1442,午餐,2,75,想吃好点,一般,阴,朋友,不关心,微辣,麸质,511,黄山臭鳜鱼,本帮江浙菜,1,chosen,0.6148,0.6015,val,normal
1443,早餐,5,64,正常,压力大,冷,约会,严格控制,微辣,素食,804,素鸡面,长三角粉面,1,chosen,0.7128,0.7016,train,normal
1443,早餐,5,64,正常,压力大,冷,约会,严格控制,微辣,素食,793,常熟蕈油面,长三角粉面,1,chosen,0.7128,0.717,train,normal
1443,早餐,5,64,正常,压力大,冷,约会,严格控制,微辣,素食,793,常熟蕈油面,长三角粉面,1,chosen,0.7128,0.6601,train,normal
1444,夜宵,3,33,想吃好点,开心,晴,朋友,想健康,微辣,乳制品,618,烤生蚝,火锅麻辣烫,1,chosen,0.6814,0.7001,train,normal
1444,夜宵,3,33,想吃好点,开心,晴,朋友,想健康,微辣,乳制品,618,烤生蚝,火锅麻辣烫,1,chosen,0.6814,0.6977,train,normal
1444,夜宵,3,33,想吃好点,开心,晴,朋友,想健康,微辣,乳制品,618,烤生蚝,火锅麻辣烫,1,chosen,0.6814,0.5636,train,normal
1445,早餐,2,62,省着点,一般,阴,家人,不关心,微辣,乳制品,434,皮蛋瘦肉粥(珠三角),早餐粥点,1,chosen,0.6415,0.6266,train,normal
1445,早餐,2,62,省着点,一般,阴,家人,不关心,微辣,乳制品,434,皮蛋瘦肉粥(珠三角),早餐粥点,1,chosen,0.6415,0.6433,train,normal
1445,早餐,2,62,省着点,一般,阴,家人,不关心,微辣,乳制品,434,皮蛋瘦肉粥(珠三角),早餐粥点,1,chosen,0.6415,0.6021,train,normal
1446,午餐,4,95,正常,一般,冷,朋友,不关心,微辣,"海鲜,乳制品",559,湖南蛋饺,湘菜,1,chosen,0.6667,0.7014,train,normal
1446,午餐,4,95,正常,一般,冷,朋友,不关心,微辣,"海鲜,乳制品",292,荤豆花,川菜,1,chosen,0.6667,0.6127,train,normal
1446,午餐,4,95,正常,一般,冷,朋友,不关心,微辣,"海鲜,乳制品",292,荤豆花,川菜,1,chosen,0.6667,0.754,train,normal
1447,午餐,3,68,不差钱,疲惫,热,同事,想健康,重辣,,126,松仁小肚,东北菜,1,chosen,0.6514,0.6269,val,normal
1447,午餐,3,68,不差钱,疲惫,热,同事,想健康,重辣,,126,松仁小肚,东北菜,1,chosen,0.6514,0.6754,val,normal
1447,午餐,3,68,不差钱,疲惫,热,同事,想健康,重辣,,126,松仁小肚,东北菜,1,chosen,0.6514,0.6732,val,normal
1448,夜宵,2,19,想吃好点,开心,晴,家人,严格控制,中辣,,26,烤鸡翅,烧烤小吃,1,chosen,0.6992,0.7342,val,normal
1448,夜宵,2,19,想吃好点,开心,晴,家人,严格控制,中辣,,618,烤生蚝,火锅麻辣烫,1,chosen,0.682,0.7109,val,normal
1448,夜宵,2,19,想吃好点,开心,晴,家人,严格控制,中辣,,26,烤鸡翅,烧烤小吃,1,chosen,0.6992,0.6814,val,normal
1449,午餐,3,82,想吃好点,疲惫,雪,一个人,严格控制,中辣,,300,酸菜肥牛,川菜,1,chosen,0.7314,0.6797,test,snow
1449,午餐,3,82,想吃好点,疲惫,雪,一个人,严格控制,中辣,,300,酸菜肥牛,川菜,1,chosen,0.7314,0.728,test,snow
1449,午餐,3,82,想吃好点,疲惫,雪,一个人,严格控制,中辣,,300,酸菜肥牛,川菜,1,chosen,0.7314,0.6853,test,snow
1449,午餐,3,82,想吃好点,疲惫,雪,一个人,严格控制,中辣,,309,鱼香虾仁,川菜,0,considered,0.7314,0.7457,test,snow
1449,午餐,3,82,想吃好点,疲惫,雪,一个人,严格控制,中辣,,241,酸汤肥牛,川菜,0,considered,0.7314,0.6717,test,snow
1450,夜宵,3,71,不差钱,压力大,热,朋友,想健康,不吃辣,,24,菌汤火锅,火锅麻辣烫,1,chosen,0.7325,0.7138,train,normal
1450,夜宵,3,71,不差钱,压力大,热,朋友,想健康,不吃辣,,24,菌汤火锅,火锅麻辣烫,1,chosen,0.7325,0.7705,train,normal
1450,夜宵,3,71,不差钱,压力大,热,朋友,想健康,不吃辣,,24,菌汤火锅,火锅麻辣烫,1,chosen,0.7325,0.7735,train,normal
1451,午餐,3,40,正常,疲惫,雪,同事,随便,中辣,,11,云南小锅米线,长三角粉面,1,chosen,0.7262,0.7321,test,snow
1451,午餐,3,40,正常,疲惫,雪,同事,随便,中辣,,11,云南小锅米线,长三角粉面,1,chosen,0.7262,0.7017,test,snow
1451,午餐,3,40,正常,疲惫,雪,同事,随便,中辣,,591,酸菜炒粉皮,湘菜,1,chosen,0.7262,0.6682,test,snow
1452,晚餐,3,91,正常,开心,晴,朋友,想健康,中辣,乳制品,15,宫保鸡丁,家常炒菜,1,chosen,0.6787,0.6731,train,normal
1452,晚餐,3,91,正常,开心,晴,朋友,想健康,中辣,乳制品,15,宫保鸡丁,家常炒菜,1,chosen,0.6787,0.6388,train,normal
1452,晚餐,3,91,正常,开心,晴,朋友,想健康,中辣,乳制品,15,宫保鸡丁,家常炒菜,1,chosen,0.6787,0.6653,train,normal
1452,晚餐,3,91,正常,开心,晴,朋友,想健康,中辣,乳制品,184,鱼香肉丝,家常炒菜,0,considered,0.6553,0.6592,train,normal
1452,晚餐,3,91,正常,开心,晴,朋友,想健康,中辣,乳制品,191,干煸四季豆,家常炒菜,0,considered,0.642,0.624,train,normal
1453,夜宵,4,42,正常,兴奋,热,约会,随便,重辣,,635,锅贴,烧烤小吃,1,chosen,0.6808,0.7015,train,normal
1453,夜宵,4,42,正常,兴奋,热,约会,随便,重辣,,19,麻辣烫,火锅麻辣烫,1,chosen,0.6886,0.7143,train,normal
1453,夜宵,4,42,正常,兴奋,热,约会,随便,重辣,,26,烤鸡翅,烧烤小吃,1,chosen,0.7106,0.679,train,normal
1453,夜宵,4,42,正常,兴奋,热,约会,随便,重辣,,627,炒年糕,烧烤小吃,0,considered,0.6886,0.6646,train,normal
1453,夜宵,4,42,正常,兴奋,热,约会,随便,重辣,,645,臭豆腐,烧烤小吃,0,considered,0.6867,0.7084,train,normal
1454,晚餐,3,55,想吃好点,一般,雪,一个人,不关心,不吃辣,麸质,665,金钱肚,烧腊卤味,1,chosen,0.6259,0.6328,test,snow
1454,晚餐,3,55,想吃好点,一般,雪,一个人,不关心,不吃辣,麸质,665,金钱肚,烧腊卤味,1,chosen,0.6259,0.6059,test,snow
1454,晚餐,3,55,想吃好点,一般,雪,一个人,不关心,不吃辣,麸质,365,豆豉蒸鲮鱼,广府家常菜,1,chosen,0.6259,0.5767,test,snow
1454,晚餐,3,55,想吃好点,一般,雪,一个人,不关心,不吃辣,麸质,663,烧乳鸽,烧腊卤味,0,considered,0.6183,0.5664,test,snow
1454,晚餐,3,55,想吃好点,一般,雪,一个人,不关心,不吃辣,麸质,664,盐焗鸡,烧腊卤味,0,considered,0.5954,0.5976,test,snow
1455,早餐,2,19,正常,压力大,晴,朋友,想健康,微辣,素食,793,常熟蕈油面,长三角粉面,1,chosen,0.6596,0.6143,train,normal
1455,早餐,2,19,正常,压力大,晴,朋友,想健康,微辣,素食,793,常熟蕈油面,长三角粉面,1,chosen,0.6596,0.6376,train,normal
1455,早餐,2,19,正常,压力大,晴,朋友,想健康,微辣,素食,808,金华佛堂千张面,长三角粉面,1,chosen,0.6596,0.6113,train,normal
1456,午餐,4,46,省着点,疲惫,冷,朋友,随便,中辣,,595,长沙肉丝米粉,湘菜,1,chosen,0.7142,0.7299,train,normal
1456,午餐,4,46,省着点,疲惫,冷,朋友,随便,中辣,,595,长沙肉丝米粉,湘菜,1,chosen,0.7142,0.7088,train,normal
1456,午餐,4,46,省着点,疲惫,冷,朋友,随便,中辣,,303,铺盖面,川菜,1,chosen,0.7133,0.7224,train,normal
1456,午餐,4,46,省着点,疲惫,冷,朋友,随便,中辣,,591,酸菜炒粉皮,湘菜,0,considered,0.7096,0.6961,train,normal
1456,午餐,4,46,省着点,疲惫,冷,朋友,随便,中辣,,604,湖南炒饭,湘菜,0,considered,0.7093,0.7071,train,normal
1457,晚餐,4,44,想吃好点,一般,冷,朋友,严格控制,微辣,,292,荤豆花,川菜,1,chosen,0.7119,0.6971,train,normal
1457,晚餐,4,44,想吃好点,一般,冷,朋友,严格控制,微辣,,292,荤豆花,川菜,1,chosen,0.7119,0.6907,train,normal
1457,晚餐,4,44,想吃好点,一般,冷,朋友,严格控制,微辣,,297,连锅汤,川菜,1,chosen,0.704,0.6997,train,normal
1458,午餐,5,56,正常,疲惫,晴,家人,想健康,不吃辣,素食,64,土豆炖茄子,东北菜,1,chosen,0.6887,0.7059,val,normal
1458,午餐,5,56,正常,疲惫,晴,家人,想健康,不吃辣,素食,64,土豆炖茄子,东北菜,1,chosen,0.6887,0.6553,val,normal
1458,午餐,5,56,正常,疲惫,晴,家人,想健康,不吃辣,素食,64,土豆炖茄子,东北菜,1,chosen,0.6887,0.6509,val,normal
1458,午餐,5,56,正常,疲惫,晴,家人,想健康,不吃辣,素食,143,茄子炖土豆,东北菜,0,considered,0.6887,0.6738,val,normal
1458,午餐,5,56,正常,疲惫,晴,家人,想健康,不吃辣,素食,159,东北乱炖(素),东北菜,0,considered,0.6887,0.6828,val,normal
1459,午餐,4,55,正常,低落,晴,一个人,随便,不吃辣,,680,海南鸡饭,煲仔饭碟头饭,1,chosen,0.5333,0.4942,train,normal
1459,午餐,4,55,正常,低落,晴,一个人,随便,不吃辣,,680,海南鸡饭,煲仔饭碟头饭,1,chosen,0.5333,0.5,train,normal
1459,午餐,4,55,正常,低落,晴,一个人,随便,不吃辣,,680,海南鸡饭,煲仔饭碟头饭,1,chosen,0.5333,0.5838,train,normal
1460,午餐,2,83,想吃好点,开心,晴,朋友,不关心,微辣,素食,458,油焖笋,本帮江浙菜,1,chosen,0.5993,0.5829,train,normal
1460,午餐,2,83,想吃好点,开心,晴,朋友,不关心,微辣,素食,658,卤水豆腐,烧腊卤味,1,chosen,0.5894,0.5938,train,normal
1460,午餐,2,83,想吃好点,开心,晴,朋友,不关心,微辣,素食,458,油焖笋,本帮江浙菜,1,chosen,0.5993,0.5296,train,normal
1460,午餐,2,83,想吃好点,开心,晴,朋友,不关心,微辣,素食,482,素蟹粉,本帮江浙菜,0,considered,0.5195,0.5361,train,normal
1460,午餐,2,83,想吃好点,开心,晴,朋友,不关心,微辣,素食,457,宁波烤菜,本帮江浙菜,0,considered,0.5194,0.5095,train,normal
1461,午餐,3,51,想吃好点,压力大,热,家人,想健康,不吃辣,,655,豉油鸡,烧腊卤味,1,chosen,0.7241,0.6837,train,normal
1461,午餐,3,51,想吃好点,压力大,热,家人,想健康,不吃辣,,655,豉油鸡,烧腊卤味,1,chosen,0.7241,0.665,train,normal
1461,午餐,3,51,想吃好点,压力大,热,家人,想健康,不吃辣,,655,豉油鸡,烧腊卤味,1,chosen,0.7241,0.6754,train,normal
1462,午餐,5,37,省着点,兴奋,冷,朋友,随便,微辣,素食,48,东北土豆丝,东北菜,1,chosen,0.6483,0.6446,val,normal
1462,午餐,5,37,省着点,兴奋,冷,朋友,随便,微辣,素食,48,东北土豆丝,东北菜,1,chosen,0.6483,0.6333,val,normal
1462,午餐,5,37,省着点,兴奋,冷,朋友,随便,微辣,素食,48,东北土豆丝,东北菜,1,chosen,0.6483,0.6881,val,normal
1462,午餐,5,37,省着点,兴奋,冷,朋友,随便,微辣,素食,72,手撕包菜(东北),东北菜,0,considered,0.6483,0.7367,val,normal
1462,午餐,5,37,省着点,兴奋,冷,朋友,随便,微辣,素食,124,拔丝苹果,东北菜,0,considered,0.6477,0.5557,val,normal
1463,午餐,5,50,正常,一般,晴,朋友,随便,微辣,素食,64,土豆炖茄子,东北菜,1,chosen,0.6015,0.6375,train,normal
1463,午餐,5,50,正常,一般,晴,朋友,随便,微辣,素食,371,鱼香茄子煲,广府家常菜,1,chosen,0.6117,0.5814,train,normal
1463,午餐,5,50,正常,一般,晴,朋友,随便,微辣,素食,371,鱼香茄子煲,广府家常菜,1,chosen,0.6117,0.605,train,normal
1464,午餐,2,41,正常,疲惫,晴,家人,不关心,中辣,,557,浏阳蒸菜,湘菜,1,chosen,0.6519,0.6506,train,normal
1464,午餐,2,41,正常,疲惫,晴,家人,不关心,中辣,,557,浏阳蒸菜,湘菜,1,chosen,0.6519,0.663,train,normal
1464,午餐,2,41,正常,疲惫,晴,家人,不关心,中辣,,557,浏阳蒸菜,湘菜,1,chosen,0.6519,0.6057,train,normal
1465,晚餐,3,55,正常,开心,晴,同事,随便,中辣,,552,攸县香干,湘菜,1,chosen,0.5746,0.5765,test,normal
1465,晚餐,3,55,正常,开心,晴,同事,随便,中辣,,552,攸县香干,湘菜,1,chosen,0.5746,0.5737,test,normal
1465,晚餐,3,55,正常,开心,晴,同事,随便,中辣,,552,攸县香干,湘菜,1,chosen,0.5746,0.5834,test,normal
1466,下午加餐,5,46,想吃好点,疲惫,晴,一个人,随便,重辣,"海鲜,乳制品",699,定胜糕,糖水甜品,1,chosen,0.5476,0.5343,test,normal
1466,下午加餐,5,46,想吃好点,疲惫,晴,一个人,随便,重辣,"海鲜,乳制品",699,定胜糕,糖水甜品,1,chosen,0.5476,0.5274,test,normal
1466,下午加餐,5,46,想吃好点,疲惫,晴,一个人,随便,重辣,"海鲜,乳制品",699,定胜糕,糖水甜品,1,chosen,0.5476,0.603,test,normal
1467,晚餐,5,68,省着点,兴奋,阴,朋友,严格控制,微辣,海鲜,2,青椒肉丝,煲仔饭碟头饭,1,chosen,0.6584,0.7008,train,normal
1467,晚餐,5,68,省着点,兴奋,阴,朋友,严格控制,微辣,海鲜,2,青椒肉丝,煲仔饭碟头饭,1,chosen,0.6584,0.655,train,normal
1467,晚餐,5,68,省着点,兴奋,阴,朋友,严格控制,微辣,海鲜,2,青椒肉丝,煲仔饭碟头饭,1,chosen,0.6584,0.6395,train,normal
1468,午餐,3,18,想吃好点,开心,雪,朋友,不关心,微辣,,366,豉椒炒花甲,广府家常菜,1,chosen,0.7312,0.7667,test,snow
1468,午餐,3,18,想吃好点,开心,雪,朋友,不关心,微辣,,366,豉椒炒花甲,广府家常菜,1,chosen,0.7312,0.7395,test,snow
1468,午餐,3,18,想吃好点,开心,雪,朋友,不关心,微辣,,366,豉椒炒花甲,广府家常菜,1,chosen,0.7312,0.6832,test,snow
1469,夜宵,1,82,省着点,开心,晴,一个人,不关心,微辣,,642,烤韭菜,烧烤小吃,1,chosen,0.5822,0.5775,train,normal
1469,夜宵,1,82,省着点,开心,晴,一个人,不关心,微辣,,642,烤韭菜,烧烤小吃,1,chosen,0.5822,0.5361,train,normal
1469,夜宵,1,82,省着点,开心,晴,一个人,不关心,微辣,,642,烤韭菜,烧烤小吃,1,chosen,0.5822,0.5183,train,normal
1470,午餐,5,15,正常,兴奋,热,一个人,随便,微辣,,62,哈尔滨红肠,东北菜,1,chosen,0.5674,0.5486,train,normal
1470,午餐,5,15,正常,兴奋,热,一个人,随便,微辣,,60,东北饭包,东北菜,1,chosen,0.5694,0.6605,train,normal
1470,午餐,5,15,正常,兴奋,热,一个人,随便,微辣,,60,东北饭包,东北菜,1,chosen,0.5694,0.6241,train,normal
1471,晚餐,3,30,省着点,低落,晴,约会,想健康,微辣,,71,干豆腐炒尖椒,东北菜,1,chosen,0.6792,0.6597,train,normal
1471,晚餐,3,30,省着点,低落,晴,约会,想健康,微辣,,71,干豆腐炒尖椒,东北菜,1,chosen,0.6792,0.7246,train,normal
1471,晚餐,3,30,省着点,低落,晴,约会,想健康,微辣,,71,干豆腐炒尖椒,东北菜,1,chosen,0.6792,0.6804,train,normal
1472,午餐,1,48,不差钱,一般,热,一个人,不关心,重辣,,542,小龙虾(湘味),湘菜,1,chosen,0.5293,0.5301,test,normal
1472,午餐,1,48,不差钱,一般,热,一个人,不关心,重辣,,542,小龙虾(湘味),湘菜,1,chosen,0.5293,0.5054,test,normal
1472,午餐,1,48,不差钱,一般,热,一个人,不关心,重辣,,542,小龙虾(湘味),湘菜,1,chosen,0.5293,0.5085,test,normal
1473,早餐,3,52,正常,疲惫,热,同事,想健康,不吃辣,,43,皮蛋瘦肉粥,早餐粥点,1,chosen,0.7014,0.7263,train,normal
1473,早餐,3,52,正常,疲惫,热,同事,想健康,不吃辣,,439,菜肉大馄饨,早餐粥点,1,chosen,0.7123,0.7137,train,normal
1473,早餐,3,52,正常,疲惫,热,同事,想健康,不吃辣,,439,菜肉大馄饨,早餐粥点,1,chosen,0.7123,0.768,train,normal
1473,早餐,3,52,正常,疲惫,热,同事,想健康,不吃辣,,44,小笼包+豆浆,早餐粥点,0,considered,0.7062,0.7389,train,normal
1473,早餐,3,52,正常,疲惫,热,同事,想健康,不吃辣,,427,南翔小笼包,早餐粥点,0,considered,0.7025,0.6967,train,normal
1474,午餐,1,44,正常,疲惫,雪,一个人,不关心,不吃辣,"海鲜,乳制品",347,菜心炒牛肉,广府家常菜,1,chosen,0.6328,0.5922,test,snow
1474,午餐,1,44,正常,疲惫,雪,一个人,不关心,不吃辣,"海鲜,乳制品",665,金钱肚,烧腊卤味,1,chosen,0.6328,0.6683,test,snow
1474,午餐,1,44,正常,疲惫,雪,一个人,不关心,不吃辣,"海鲜,乳制品",665,金钱肚,烧腊卤味,1,chosen,0.6328,0.5831,test,snow
1475,晚餐,5,71,正常,开心,雪,同事,不关心,微辣,"海鲜,乳制品",371,鱼香茄子煲,广府家常菜,1,chosen,0.6882,0.6522,test,snow
1475,晚餐,5,71,正常,开心,雪,同事,不关心,微辣,"海鲜,乳制品",371,鱼香茄子煲,广府家常菜,1,chosen,0.6882,0.7212,test,snow
1475,晚餐,5,71,正常,开心,雪,同事,不关心,微辣,"海鲜,乳制品",371,鱼香茄子煲,广府家常菜,1,chosen,0.6882,0.6961,test,snow
1476,下午加餐,2,73,想吃好点,一般,晴,家人,不关心,中辣,,32,藜麦牛油果碗,轻食健康,1,chosen,0.6164,0.6605,train,normal
1476,下午加餐,2,73,想吃好点,一般,晴,家人,不关心,中辣,,765,拿铁,轻食健康,1,chosen,0.6033,0.5645,train,normal
1476,下午加餐,2,73,想吃好点,一般,晴,家人,不关心,中辣,,32,藜麦牛油果碗,轻食健康,1,chosen,0.6164,0.6952,train,normal
1477,晚餐,4,39,想吃好点,开心,热,同事,想健康,重辣,素食,658,卤水豆腐,烧腊卤味,1,chosen,0.6234,0.6448,train,normal
1477,晚餐,4,39,想吃好点,开心,热,同事,想健康,重辣,素食,658,卤水豆腐,烧腊卤味,1,chosen,0.6234,0.6461,train,normal
1477,晚餐,4,39,想吃好点,开心,热,同事,想健康,重辣,素食,658,卤水豆腐,烧腊卤味,1,chosen,0.6234,0.6433,train,normal
1477,晚餐,4,39,想吃好点,开心,热,同事,想健康,重辣,素食,657,卤水掌翼,烧腊卤味,0,considered,0.0,0.0,train,normal
1477,晚餐,4,39,想吃好点,开心,热,同事,想健康,重辣,素食,656,卤水拼盘,烧腊卤味,0,considered,0.0,0.0,train,normal
1478,晚餐,5,45,想吃好点,低落,阴,家人,不关心,重辣,,518,水煮鱼片(湘),湘菜,1,chosen,0.6807,0.7323,train,normal
1478,晚餐,5,45,想吃好点,低落,阴,家人,不关心,重辣,,518,水煮鱼片(湘),湘菜,1,chosen,0.6807,0.7168,train,normal
1478,晚餐,5,45,想吃好点,低落,阴,家人,不关心,重辣,,518,水煮鱼片(湘),湘菜,1,chosen,0.6807,0.6408,train,normal
1478,晚餐,5,45,想吃好点,低落,阴,家人,不关心,重辣,,524,香辣鱼块,湘菜,0,considered,0.6807,0.741,train,normal
1478,晚餐,5,45,想吃好点,低落,阴,家人,不关心,重辣,,529,剁椒蒸排骨,湘菜,0,considered,0.6807,0.723,train,normal
1479,午餐,3,43,正常,疲惫,热,同事,不关心,微辣,素食,658,卤水豆腐,烧腊卤味,1,chosen,0.6407,0.6938,train,normal
1479,午餐,3,43,正常,疲惫,热,同事,不关心,微辣,素食,658,卤水豆腐,烧腊卤味,1,chosen,0.6407,0.5534,train,normal
1479,午餐,3,43,正常,疲惫,热,同事,不关心,微辣,素食,658,卤水豆腐,烧腊卤味,1,chosen,0.6407,0.6588,train,normal
1480,下午加餐,2,29,省着点,疲惫,冷,约会,随便,不吃辣,乳制品,701,核桃糊,糖水甜品,1,chosen,0.6868,0.6883,test,normal
1480,下午加餐,2,29,省着点,疲惫,冷,约会,随便,不吃辣,乳制品,693,芝麻糊,糖水甜品,1,chosen,0.6868,0.655,test,normal
1480,下午加餐,2,29,省着点,疲惫,冷,约会,随便,不吃辣,乳制品,701,核桃糊,糖水甜品,1,chosen,0.6868,0.6803,test,normal
1480,下午加餐,2,29,省着点,疲惫,冷,约会,随便,不吃辣,乳制品,708,花生糊,糖水甜品,0,considered,0.6868,0.7013,test,normal
1480,下午加餐,2,29,省着点,疲惫,冷,约会,随便,不吃辣,乳制品,693,芝麻糊,糖水甜品,0,considered,0.6868,0.7028,test,normal
1481,午餐,3,65,想吃好点,兴奋,冷,朋友,严格控制,重辣,,293,藤椒鸡,川菜,1,chosen,0.7533,0.7553,val,normal
1481,午餐,3,65,想吃好点,兴奋,冷,朋友,严格控制,重辣,,293,藤椒鸡,川菜,1,chosen,0.7533,0.7917,val,normal
1481,午餐,3,65,想吃好点,兴奋,冷,朋友,严格控制,重辣,,293,藤椒鸡,川菜,1,chosen,0.7533,0.7979,val,normal
1481,午餐,3,65,想吃好点,兴奋,冷,朋友,严格控制,重辣,,280,泡椒牛蛙,川菜,0,considered,0.7533,0.7638,val,normal
1481,午餐,3,65,想吃好点,兴奋,冷,朋友,严格控制,重辣,,304,青花椒鱼,川菜,0,considered,0.7431,0.7254,val,normal
1482,午餐,3,58,省着点,压力大,雨,同事,想健康,重辣,,575,紫苏煎黄瓜,湘菜,1,chosen,0.6942,0.6916,train,normal
1482,午餐,3,58,省着点,压力大,雨,同事,想健康,重辣,,575,紫苏煎黄瓜,湘菜,1,chosen,0.6942,0.6569,train,normal
1482,午餐,3,58,省着点,压力大,雨,同事,想健康,重辣,,575,紫苏煎黄瓜,湘菜,1,chosen,0.6942,0.6878,train,normal
1483,晚餐,5,23,想吃好点,开心,阴,家人,不关心,重辣,,281,泡椒猪肝,川菜,1,chosen,0.6335,0.6454,val,normal
1483,晚餐,5,23,想吃好点,开心,阴,家人,不关心,重辣,,593,酸辣鸡杂,湘菜,1,chosen,0.6335,0.6814,val,normal
1483,晚餐,5,23,想吃好点,开心,阴,家人,不关心,重辣,,282,泡椒鸡杂,川菜,1,chosen,0.6335,0.6819,val,normal
1484,晚餐,4,44,正常,疲惫,热,同事,想健康,不吃辣,乳制品,9,炸酱面,长三角粉面,1,chosen,0.6797,0.7007,train,normal
1484,晚餐,4,44,正常,疲惫,热,同事,想健康,不吃辣,乳制品,9,炸酱面,长三角粉面,1,chosen,0.6797,0.6353,train,normal
1484,晚餐,4,44,正常,疲惫,热,同事,想健康,不吃辣,乳制品,126,松仁小肚,东北菜,1,chosen,0.6723,0.6897,train,normal
1485,晚餐,3,76,想吃好点,开心,冷,一个人,不关心,不吃辣,,347,菜心炒牛肉,广府家常菜,1,chosen,0.5707,0.5687,train,normal
1485,晚餐,3,76,想吃好点,开心,冷,一个人,不关心,不吃辣,,347,菜心炒牛肉,广府家常菜,1,chosen,0.5707,0.5609,train,normal
1485,晚餐,3,76,想吃好点,开心,冷,一个人,不关心,不吃辣,,347,菜心炒牛肉,广府家常菜,1,chosen,0.5707,0.5818,train,normal
1486,午餐,3,67,正常,一般,晴,一个人,想健康,微辣,,297,连锅汤,川菜,1,chosen,0.5547,0.4699,train,normal
1486,午餐,3,67,正常,一般,晴,一个人,想健康,微辣,,6,兰州牛肉面,长三角粉面,1,chosen,0.5581,0.4746,train,normal
1486,午餐,3,67,正常,一般,晴,一个人,想健康,微辣,,6,兰州牛肉面,长三角粉面,1,chosen,0.5581,0.5772,train,normal
1487,午餐,4,43,想吃好点,疲惫,热,家人,想健康,微辣,"海鲜,乳制品",237,蒜泥白肉,川菜,1,chosen,0.7201,0.7329,train,normal
1487,午餐,4,43,想吃好点,疲惫,热,家人,想健康,微辣,"海鲜,乳制品",658,卤水豆腐,烧腊卤味,1,chosen,0.7134,0.6915,train,normal
1487,午餐,4,43,想吃好点,疲惫,热,家人,想健康,微辣,"海鲜,乳制品",237,蒜泥白肉,川菜,1,chosen,0.7201,0.7184,train,normal
1487,午餐,4,43,想吃好点,疲惫,热,家人,想健康,微辣,"海鲜,乳制品",292,荤豆花,川菜,0,considered,0.7047,0.6487,train,normal
1487,午餐,4,43,想吃好点,疲惫,热,家人,想健康,微辣,"海鲜,乳制品",297,连锅汤,川菜,0,considered,0.6928,0.6889,train,normal
1488,午餐,4,51,省着点,兴奋,冷,朋友,想健康,微辣,,2,青椒肉丝,煲仔饭碟头饭,1,chosen,0.7042,0.7834,train,normal
1488,午餐,4,51,省着点,兴奋,冷,朋友,想健康,微辣,,2,青椒肉丝,煲仔饭碟头饭,1,chosen,0.7042,0.7155,train,normal
1488,午餐,4,51,省着点,兴奋,冷,朋友,想健康,微辣,,2,青椒肉丝,煲仔饭碟头饭,1,chosen,0.7042,0.6997,train,normal
1489,晚餐,4,15,想吃好点,兴奋,阴,约会,想健康,不吃辣,,351,凉瓜炒牛肉,广府家常菜,1,chosen,0.6622,0.6095,train,normal
1489,晚餐,4,15,想吃好点,兴奋,阴,约会,想健康,不吃辣,,351,凉瓜炒牛肉,广府家常菜,1,chosen,0.6622,0.6159,train,normal
1489,晚餐,4,15,想吃好点,兴奋,阴,约会,想健康,不吃辣,,351,凉瓜炒牛肉,广府家常菜,1,chosen,0.6622,0.7333,train,normal
1489,晚餐,4,15,想吃好点,兴奋,阴,约会,想健康,不吃辣,,350,丝瓜炒牛肉,广府家常菜,0,considered,0.6622,0.6995,train,normal
1489,晚餐,4,15,想吃好点,兴奋,阴,约会,想健康,不吃辣,,347,菜心炒牛肉,广府家常菜,0,considered,0.6622,0.7126,train,normal
1490,午餐,5,101,省着点,开心,阴,一个人,随便,中辣,麸质,223,手撕包菜(川),川菜,1,chosen,0.5383,0.4988,train,normal
1490,午餐,5,101,省着点,开心,阴,一个人,随便,中辣,麸质,520,湘式炒粉,湘菜,1,chosen,0.5383,0.5411,train,normal
1490,午餐,5,101,省着点,开心,阴,一个人,随便,中辣,麸质,575,紫苏煎黄瓜,湘菜,1,chosen,0.5383,0.5537,train,normal
1491,晚餐,2,32,省着点,疲惫,热,同事,随便,微辣,,658,卤水豆腐,烧腊卤味,1,chosen,0.6272,0.6152,train,normal
1491,晚餐,2,32,省着点,疲惫,热,同事,随便,微辣,,658,卤水豆腐,烧腊卤味,1,chosen,0.6272,0.6224,train,normal
1491,晚餐,2,32,省着点,疲惫,热,同事,随便,微辣,,9,炸酱面,长三角粉面,1,chosen,0.6096,0.5962,train,normal
1492,午餐,4,17,省着点,一般,冷,同事,随便,重辣,,7,重庆小面,长三角粉面,1,chosen,0.6126,0.6566,train,normal
1492,午餐,4,17,省着点,一般,冷,同事,随便,重辣,,245,重庆酸辣粉,川菜,1,chosen,0.6126,0.6819,train,normal
1492,午餐,4,17,省着点,一般,冷,同事,随便,重辣,,7,重庆小面,长三角粉面,1,chosen,0.6126,0.5936,train,normal
1493,早餐,4,72,正常,一般,阴,家人,不关心,微辣,,428,及第粥,早餐粥点,1,chosen,0.6143,0.6322,train,normal
1493,早餐,4,72,正常,一般,阴,家人,不关心,微辣,,428,及第粥,早餐粥点,1,chosen,0.6143,0.5887,train,normal
1493,早餐,4,72,正常,一般,阴,家人,不关心,微辣,,428,及第粥,早餐粥点,1,chosen,0.6143,0.5793,train,normal
1494,晚餐,3,56,正常,一般,热,同事,随便,中辣,"海鲜,乳制品",658,卤水豆腐,烧腊卤味,1,chosen,0.5963,0.533,train,normal
1494,晚餐,3,56,正常,一般,热,同事,随便,中辣,"海鲜,乳制品",579,腊味萝卜干,湘菜,1,chosen,0.6114,0.636,train,normal
1494,晚餐,3,56,正常,一般,热,同事,随便,中辣,"海鲜,乳制品",579,腊味萝卜干,湘菜,1,chosen,0.6114,0.5746,train,normal
1495,早餐,4,88,省着点,疲惫,雨,约会,想健康,微辣,,45,杂粮煎饼果子,早餐粥点,1,chosen,0.7514,0.7921,train,normal
1495,早餐,4,88,省着点,疲惫,雨,约会,想健康,微辣,,45,杂粮煎饼果子,早餐粥点,1,chosen,0.7514,0.7473,train,normal
1495,早餐,4,88,省着点,疲惫,雨,约会,想健康,微辣,,45,杂粮煎饼果子,早餐粥点,1,chosen,0.7514,0.7691,train,normal
1496,下午加餐,3,75,省着点,低落,晴,约会,想健康,不吃辣,素食,702,桂花糖芋艿,糖水甜品,1,chosen,0.6359,0.6937,train,normal
1496,下午加餐,3,75,省着点,低落,晴,约会,想健康,不吃辣,素食,702,桂花糖芋艿,糖水甜品,1,chosen,0.6359,0.6256,train,normal
1496,下午加餐,3,75,省着点,低落,晴,约会,想健康,不吃辣,素食,702,桂花糖芋艿,糖水甜品,1,chosen,0.6359,0.6642,train,normal
1497,午餐,4,60,正常,开心,晴,同事,随便,重辣,,2,青椒肉丝,煲仔饭碟头饭,1,chosen,0.5771,0.6162,train,normal
1497,午餐,4,60,正常,开心,晴,同事,随便,重辣,,2,青椒肉丝,煲仔饭碟头饭,1,chosen,0.5771,0.593,train,normal
1497,午餐,4,60,正常,开心,晴,同事,随便,重辣,,513,农家小炒肉,湘菜,1,chosen,0.5759,0.628,train,normal
1498,早餐,4,15,想吃好点,一般,冷,朋友,不关心,不吃辣,素食,793,常熟蕈油面,长三角粉面,1,chosen,0.57,0.5138,train,normal
1498,早餐,4,15,想吃好点,一般,冷,朋友,不关心,不吃辣,素食,793,常熟蕈油面,长三角粉面,1,chosen,0.57,0.5327,train,normal
1498,早餐,4,15,想吃好点,一般,冷,朋友,不关心,不吃辣,素食,793,常熟蕈油面,长三角粉面,1,chosen,0.57,0.6001,train,normal
1498,早餐,4,15,想吃好点,一般,冷,朋友,不关心,不吃辣,素食,808,金华佛堂千张面,长三角粉面,0,considered,0.5632,0.563,train,normal
1498,早餐,4,15,想吃好点,一般,冷,朋友,不关心,不吃辣,素食,804,素鸡面,长三角粉面,0,considered,0.5609,0.5629,train,normal
1499,下午加餐,3,65,正常,压力大,冷,家人,随便,重辣,,702,桂花糖芋艿,糖水甜品,1,chosen,0.6706,0.69,val,normal
1499,下午加餐,3,65,正常,压力大,冷,家人,随便,重辣,,702,桂花糖芋艿,糖水甜品,1,chosen,0.6706,0.6897,val,normal
1499,下午加餐,3,65,正常,压力大,冷,家人,随便,重辣,,702,桂花糖芋艿,糖水甜品,1,chosen,0.6706,0.6619,val,normal
1500,夜宵,3,63,想吃好点,开心,晴,家人,想健康,微辣,,618,烤生蚝,火锅麻辣烫,1,chosen,0.676,0.5907,train,normal
1500,夜宵,3,63,想吃好点,开心,晴,家人,想健康,微辣,,618,烤生蚝,火锅麻辣烫,1,chosen,0.676,0.6126,train,normal
1500,夜宵,3,63,想吃好点,开心,晴,家人,想健康,微辣,,618,烤生蚝,火锅麻辣烫,1,chosen,0.676,0.6777,train,normal
1501,下午加餐,5,79,正常,低落,热,朋友,不关心,中辣,,706,芒果班戟,糖水甜品,1,chosen,0.6488,0.6038,train,normal
1501,下午加餐,5,79,正常,低落,热,朋友,不关心,中辣,,706,芒果班戟,糖水甜品,1,chosen,0.6488,0.657,train,normal
1501,下午加餐,5,79,正常,低落,热,朋友,不关心,中辣,,706,芒果班戟,糖水甜品,1,chosen,0.6488,0.5748,train,normal
1502,夜宵,3,86,不差钱,一般,冷,一个人,想健康,不吃辣,乳制品,24,菌汤火锅,火锅麻辣烫,1,chosen,0.6341,0.5982,train,normal
1502,夜宵,3,86,不差钱,一般,冷,一个人,想健康,不吃辣,乳制品,24,菌汤火锅,火锅麻辣烫,1,chosen,0.6341,0.657,train,normal
1502,夜宵,3,86,不差钱,一般,冷,一个人,想健康,不吃辣,乳制品,24,菌汤火锅,火锅麻辣烫,1,chosen,0.6341,0.646,train,normal
1503,晚餐,4,66,省着点,一般,雨,同事,想健康,中辣,麸质,575,紫苏煎黄瓜,湘菜,1,chosen,0.6497,0.6559,val,normal
1503,晚餐,4,66,省着点,一般,雨,同事,想健康,中辣,麸质,575,紫苏煎黄瓜,湘菜,1,chosen,0.6497,0.6587,val,normal
1503,晚餐,4,66,省着点,一般,雨,同事,想健康,中辣,麸质,575,紫苏煎黄瓜,湘菜,1,chosen,0.6497,0.6626,val,normal
1504,晚餐,2,50,想吃好点,一般,晴,朋友,不关心,微辣,,511,黄山臭鳜鱼,本帮江浙菜,1,chosen,0.6148,0.6787,val,normal
1504,晚餐,2,50,想吃好点,一般,晴,朋友,不关心,微辣,,162,干煸茧蛹,东北菜,1,chosen,0.608,0.6004,val,normal
1504,晚餐,2,50,想吃好点,一般,晴,朋友,不关心,微辣,,511,黄山臭鳜鱼,本帮江浙菜,1,chosen,0.6148,0.6364,val,normal
1505,下午加餐,4,15,不差钱,开心,晴,同事,不关心,微辣,素食,32,藜麦牛油果碗,轻食健康,1,chosen,0.5716,0.597,train,normal
1505,下午加餐,4,15,不差钱,开心,晴,同事,不关心,微辣,素食,32,藜麦牛油果碗,轻食健康,1,chosen,0.5716,0.6103,train,normal
1505,下午加餐,4,15,不差钱,开心,晴,同事,不关心,微辣,素食,32,藜麦牛油果碗,轻食健康,1,chosen,0.5716,0.5872,train,normal
1506,晚餐,5,59,正常,疲惫,热,一个人,想健康,重辣,,60,东北饭包,东北菜,1,chosen,0.6446,0.6143,test,normal
1506,晚餐,5,59,正常,疲惫,热,一个人,想健康,重辣,,60,东北饭包,东北菜,1,chosen,0.6446,0.6558,test,normal
1506,晚餐,5,59,正常,疲惫,热,一个人,想健康,重辣,,60,东北饭包,东北菜,1,chosen,0.6446,0.6625,test,normal
1507,晚餐,5,27,省着点,疲惫,晴,家人,想健康,微辣,,2,青椒肉丝,煲仔饭碟头饭,1,chosen,0.6869,0.7292,train,normal
1507,晚餐,5,27,省着点,疲惫,晴,家人,想健康,微辣,,2,青椒肉丝,煲仔饭碟头饭,1,chosen,0.6869,0.6852,train,normal
1507,晚餐,5,27,省着点,疲惫,晴,家人,想健康,微辣,,2,青椒肉丝,煲仔饭碟头饭,1,chosen,0.6869,0.6142,train,normal
1507,晚餐,5,27,省着点,疲惫,晴,家人,想健康,微辣,,668,咸肉菜饭,煲仔饭碟头饭,0,considered,0.6795,0.7014,train,normal
1507,晚餐,5,27,省着点,疲惫,晴,家人,想健康,微辣,,685,菜饭骨头汤,煲仔饭碟头饭,0,considered,0.6746,0.6103,train,normal
1508,晚餐,3,15,正常,一般,晴,家人,不关心,微辣,乳制品,48,东北土豆丝,东北菜,1,chosen,0.5917,0.5895,train,normal
1508,晚餐,3,15,正常,一般,晴,家人,不关心,微辣,乳制品,48,东北土豆丝,东北菜,1,chosen,0.5917,0.5257,train,normal
1508,晚餐,3,15,正常,一般,晴,家人,不关心,微辣,乳制品,48,东北土豆丝,东北菜,1,chosen,0.5917,0.6035,train,normal
1509,午餐,4,69,省着点,疲惫,晴,朋友,严格控制,中辣,,11,云南小锅米线,长三角粉面,1,chosen,0.7053,0.6319,val,normal
1509,午餐,4,69,省着点,疲惫,晴,朋友,严格控制,中辣,,11,云南小锅米线,长三角粉面,1,chosen,0.7053,0.7482,val,normal
1509,午餐,4,69,省着点,疲惫,晴,朋友,严格控制,中辣,,11,云南小锅米线,长三角粉面,1,chosen,0.7053,0.7234,val,normal
1510,午餐,2,34,想吃好点,压力大,阴,同事,随便,重辣,,366,豉椒炒花甲,广府家常菜,1,chosen,0.596,0.6184,train,normal
1510,午餐,2,34,想吃好点,压力大,阴,同事,随便,重辣,,366,豉椒炒花甲,广府家常菜,1,chosen,0.596,0.6331,train,normal
1510,午餐,2,34,想吃好点,压力大,阴,同事,随便,重辣,,366,豉椒炒花甲,广府家常菜,1,chosen,0.596,0.5745,train,normal
1511,早餐,4,67,正常,低落,阴,家人,随便,微辣,,425,黑椒猪肚,早茶点心,1,chosen,0.6339,0.6301,train,normal
1511,早餐,4,67,正常,低落,阴,家人,随便,微辣,,425,黑椒猪肚,早茶点心,1,chosen,0.6339,0.6157,train,normal
1511,早餐,4,67,正常,低落,阴,家人,随便,微辣,,425,黑椒猪肚,早茶点心,1,chosen,0.6339,0.6122,train,normal
1512,晚餐,4,15,不差钱,疲惫,晴,一个人,想健康,不吃辣,麸质,684,窝蛋牛肉饭,煲仔饭碟头饭,1,chosen,0.5714,0.5523,test,normal
1512,晚餐,4,15,不差钱,疲惫,晴,一个人,想健康,不吃辣,麸质,684,窝蛋牛肉饭,煲仔饭碟头饭,1,chosen,0.5714,0.5719,test,normal
1512,晚餐,4,15,不差钱,疲惫,晴,一个人,想健康,不吃辣,麸质,684,窝蛋牛肉饭,煲仔饭碟头饭,1,chosen,0.5714,0.5982,test,normal
1513,晚餐,3,15,正常,一般,阴,一个人,想健康,不吃辣,,350,丝瓜炒牛肉,广府家常菜,1,chosen,0.5502,0.5814,train,normal
1513,晚餐,3,15,正常,一般,阴,一个人,想健康,不吃辣,,350,丝瓜炒牛肉,广府家常菜,1,chosen,0.5502,0.4586,train,normal
1513,晚餐,3,15,正常,一般,阴,一个人,想健康,不吃辣,,350,丝瓜炒牛肉,广府家常菜,1,chosen,0.5502,0.5329,train,normal
1514,下午加餐,4,88,想吃好点,疲惫,雨,家人,随便,重辣,海鲜,706,芒果班戟,糖水甜品,1,chosen,0.6578,0.6293,train,normal
1514,下午加餐,4,88,想吃好点,疲惫,雨,家人,随便,重辣,海鲜,706,芒果班戟,糖水甜品,1,chosen,0.6578,0.7003,train,normal
1514,下午加餐,4,88,想吃好点,疲惫,雨,家人,随便,重辣,海鲜,706,芒果班戟,糖水甜品,1,chosen,0.6578,0.6418,train,normal
1515,晚餐,1,66,不差钱,压力大,晴,约会,严格控制,不吃辣,乳制品,24,菌汤火锅,火锅麻辣烫,1,chosen,0.6881,0.709,train,normal
1515,晚餐,1,66,不差钱,压力大,晴,约会,严格控制,不吃辣,乳制品,24,菌汤火锅,火锅麻辣烫,1,chosen,0.6881,0.6558,train,normal
1515,晚餐,1,66,不差钱,压力大,晴,约会,严格控制,不吃辣,乳制品,24,菌汤火锅,火锅麻辣烫,1,chosen,0.6881,0.6835,train,normal
1515,晚餐,1,66,不差钱,压力大,晴,约会,严格控制,不吃辣,乳制品,611,潮汕牛肉火锅,火锅麻辣烫,0,considered,0.6617,0.6722,train,normal
1515,晚餐,1,66,不差钱,压力大,晴,约会,严格控制,不吃辣,乳制品,621,番茄火锅,火锅麻辣烫,0,considered,0.6605,0.6507,train,normal
1516,晚餐,3,101,不差钱,低落,雨,朋友,想健康,中辣,素食,552,攸县香干,湘菜,1,chosen,0.7218,0.7963,val,normal
1516,晚餐,3,101,不差钱,低落,雨,朋友,想健康,中辣,素食,552,攸县香干,湘菜,1,chosen,0.7218,0.7819,val,normal
1516,晚餐,3,101,不差钱,低落,雨,朋友,想健康,中辣,素食,552,攸县香干,湘菜,1,chosen,0.7218,0.7447,val,normal
1517,早餐,5,65,正常,开心,雪,朋友,不关心,微辣,素食,702,桂花糖芋艿,糖水甜品,1,chosen,0.6536,0.6946,test,snow
1517,早餐,5,65,正常,开心,雪,朋友,不关心,微辣,素食,804,素鸡面,长三角粉面,1,chosen,0.6442,0.6116,test,snow
1517,早餐,5,65,正常,开心,雪,朋友,不关心,微辣,素食,702,桂花糖芋艿,糖水甜品,1,chosen,0.6536,0.6141,test,snow
1518,夜宵,1,56,不差钱,一般,阴,家人,不关心,重辣,乳制品,617,小龙虾,火锅麻辣烫,1,chosen,0.6412,0.6785,train,normal
1518,夜宵,1,56,不差钱,一般,阴,家人,不关心,重辣,乳制品,617,小龙虾,火锅麻辣烫,1,chosen,0.6412,0.639,train,normal
1518,夜宵,1,56,不差钱,一般,阴,家人,不关心,重辣,乳制品,613,酸菜鱼,火锅麻辣烫,1,chosen,0.6198,0.6467,train,normal
1519,午餐,3,59,省着点,兴奋,冷,朋友,不关心,中辣,,523,长沙臭豆腐,湘菜,1,chosen,0.6753,0.6415,train,normal
1519,午餐,3,59,省着点,兴奋,冷,朋友,不关心,中辣,,523,长沙臭豆腐,湘菜,1,chosen,0.6753,0.6475,train,normal
1519,午餐,3,59,省着点,兴奋,冷,朋友,不关心,中辣,,523,长沙臭豆腐,湘菜,1,chosen,0.6753,0.7193,train,normal
1520,下午加餐,5,54,正常,一般,晴,家人,不关心,重辣,,767,珍珠奶茶,轻食健康,1,chosen,0.5699,0.65,train,normal
1520,下午加餐,5,54,正常,一般,晴,家人,不关心,重辣,,706,芒果班戟,糖水甜品,1,chosen,0.5822,0.5882,train,normal
1520,下午加餐,5,54,正常,一般,晴,家人,不关心,重辣,,706,芒果班戟,糖水甜品,1,chosen,0.5822,0.6087,train,normal
1521,晚餐,3,15,正常,一般,冷,朋友,不关心,微辣,,48,东北土豆丝,东北菜,1,chosen,0.6453,0.6764,train,normal
1521,晚餐,3,15,正常,一般,冷,朋友,不关心,微辣,,48,东北土豆丝,东北菜,1,chosen,0.6453,0.6479,train,normal
1521,晚餐,3,15,正常,一般,冷,朋友,不关心,微辣,,48,东北土豆丝,东北菜,1,chosen,0.6453,0.7041,train,normal
1522,晚餐,5,15,正常,兴奋,晴,同事,不关心,不吃辣,麸质,364,蚝仔烙,广府家常菜,1,chosen,0.5659,0.5663,train,normal
1522,晚餐,5,15,正常,兴奋,晴,同事,不关心,不吃辣,麸质,364,蚝仔烙,广府家常菜,1,chosen,0.5659,0.5792,train,normal
1522,晚餐,5,15,正常,兴奋,晴,同事,不关心,不吃辣,麸质,364,蚝仔烙,广府家常菜,1,chosen,0.5659,0.6089,train,normal
1522,晚餐,5,15,正常,兴奋,晴,同事,不关心,不吃辣,麸质,350,丝瓜炒牛肉,广府家常菜,0,considered,0.5523,0.515,train,normal
1522,晚餐,5,15,正常,兴奋,晴,同事,不关心,不吃辣,麸质,357,烧肉炒芥兰,广府家常菜,0,considered,0.5523,0.5934,train,normal
1523,午餐,1,86,想吃好点,疲惫,晴,同事,想健康,重辣,"海鲜,乳制品",162,干煸茧蛹,东北菜,1,chosen,0.6075,0.6368,train,normal
1523,午餐,1,86,想吃好点,疲惫,晴,同事,想健康,重辣,"海鲜,乳制品",162,干煸茧蛹,东北菜,1,chosen,0.6075,0.6368,train,normal
1523,午餐,1,86,想吃好点,疲惫,晴,同事,想健康,重辣,"海鲜,乳制品",162,干煸茧蛹,东北菜,1,chosen,0.6075,0.6213,train,normal
1524,晚餐,2,18,正常,开心,雨,一个人,不关心,不吃辣,,350,丝瓜炒牛肉,广府家常菜,1,chosen,0.5699,0.5759,train,normal
1524,晚餐,2,18,正常,开心,雨,一个人,不关心,不吃辣,,350,丝瓜炒牛肉,广府家常菜,1,chosen,0.5699,0.602,train,normal
1524,晚餐,2,18,正常,开心,雨,一个人,不关心,不吃辣,,350,丝瓜炒牛肉,广府家常菜,1,chosen,0.5699,0.5571,train,normal
1524,晚餐,2,18,正常,开心,雨,一个人,不关心,不吃辣,,351,凉瓜炒牛肉,广府家常菜,0,considered,0.5699,0.5836,train,normal
1524,晚餐,2,18,正常,开心,雨,一个人,不关心,不吃辣,,357,烧肉炒芥兰,广府家常菜,0,considered,0.5699,0.5692,train,normal
1525,午餐,4,53,想吃好点,压力大,晴,一个人,想健康,中辣,,15,宫保鸡丁,家常炒菜,1,chosen,0.6105,0.6095,train,normal
1525,午餐,4,53,想吃好点,压力大,晴,一个人,想健康,中辣,,15,宫保鸡丁,家常炒菜,1,chosen,0.6105,0.6022,train,normal
1525,午餐,4,53,想吃好点,压力大,晴,一个人,想健康,中辣,,15,宫保鸡丁,家常炒菜,1,chosen,0.6105,0.5774,train,normal
1525,午餐,4,53,想吃好点,压力大,晴,一个人,想健康,中辣,,184,鱼香肉丝,家常炒菜,0,considered,0.5961,0.5565,train,normal
1525,午餐,4,53,想吃好点,压力大,晴,一个人,想健康,中辣,,175,番茄炒牛肉,家常炒菜,0,considered,0.5887,0.5397,train,normal
1526,下午加餐,4,36,想吃好点,一般,雨,一个人,不关心,微辣,乳制品,34,全麦鸡肉三明治,轻食健康,1,chosen,0.5725,0.6027,val,normal
1526,下午加餐,4,36,想吃好点,一般,雨,一个人,不关心,微辣,乳制品,34,全麦鸡肉三明治,轻食健康,1,chosen,0.5725,0.6,val,normal
1526,下午加餐,4,36,想吃好点,一般,雨,一个人,不关心,微辣,乳制品,34,全麦鸡肉三明治,轻食健康,1,chosen,0.5725,0.6035,val,normal
1526,下午加餐,4,36,想吃好点,一般,雨,一个人,不关心,微辣,乳制品,770,波奇饭,轻食健康,0,considered,0.5662,0.5362,val,normal
1526,下午加餐,4,36,想吃好点,一般,雨,一个人,不关心,微辣,乳制品,32,藜麦牛油果碗,轻食健康,0,considered,0.5662,0.5856,val,normal
1527,早餐,4,55,省着点,一般,雨,约会,随便,不吃辣,,434,皮蛋瘦肉粥(珠三角),早餐粥点,1,chosen,0.672,0.6668,train,normal
1527,早餐,4,55,省着点,一般,雨,约会,随便,不吃辣,,434,皮蛋瘦肉粥(珠三角),早餐粥点,1,chosen,0.672,0.6739,train,normal
1527,早餐,4,55,省着点,一般,雨,约会,随便,不吃辣,,434,皮蛋瘦肉粥(珠三角),早餐粥点,1,chosen,0.672,0.6188,train,normal
1528,晚餐,1,15,省着点,一般,晴,约会,随便,微辣,"海鲜,乳制品",109,东北臭豆腐,东北菜,1,chosen,0.5883,0.5656,train,normal
1528,晚餐,1,15,省着点,一般,晴,约会,随便,微辣,"海鲜,乳制品",109,东北臭豆腐,东北菜,1,chosen,0.5883,0.5855,train,normal
1528,晚餐,1,15,省着点,一般,晴,约会,随便,微辣,"海鲜,乳制品",109,东北臭豆腐,东北菜,1,chosen,0.5883,0.6349,train,normal
1529,晚餐,3,61,省着点,一般,阴,朋友,严格控制,微辣,,6,兰州牛肉面,长三角粉面,1,chosen,0.6374,0.6593,train,normal
1529,晚餐,3,61,省着点,一般,阴,朋友,严格控制,微辣,,6,兰州牛肉面,长三角粉面,1,chosen,0.6374,0.6518,train,normal
1529,晚餐,3,61,省着点,一般,阴,朋友,严格控制,微辣,,6,兰州牛肉面,长三角粉面,1,chosen,0.6374,0.666,train,normal
1530,夜宵,1,90,想吃好点,一般,热,约会,严格控制,不吃辣,,398,海鲜砂锅粥,广式粥粉面,1,chosen,0.6826,0.6927,val,normal
1530,夜宵,1,90,想吃好点,一般,热,约会,严格控制,不吃辣,,398,海鲜砂锅粥,广式粥粉面,1,chosen,0.6826,0.6711,val,normal
1530,夜宵,1,90,想吃好点,一般,热,约会,严格控制,不吃辣,,398,海鲜砂锅粥,广式粥粉面,1,chosen,0.6826,0.7669,val,normal
1531,午餐,1,50,正常,疲惫,晴,一个人,不关心,微辣,"海鲜,乳制品",162,干煸茧蛹,东北菜,1,chosen,0.5254,0.5036,val,normal
1531,午餐,1,50,正常,疲惫,晴,一个人,不关心,微辣,"海鲜,乳制品",162,干煸茧蛹,东北菜,1,chosen,0.5254,0.5251,val,normal
1531,午餐,1,50,正常,疲惫,晴,一个人,不关心,微辣,"海鲜,乳制品",162,干煸茧蛹,东北菜,1,chosen,0.5254,0.4472,val,normal
1532,下午加餐,2,72,省着点,低落,热,朋友,想健康,中辣,,688,双皮奶,糖水甜品,1,chosen,0.6961,0.7124,val,normal
1532,下午加餐,2,72,省着点,低落,热,朋友,想健康,中辣,,688,双皮奶,糖水甜品,1,chosen,0.6961,0.646,val,normal
1532,下午加餐,2,72,省着点,低落,热,朋友,想健康,中辣,,688,双皮奶,糖水甜品,1,chosen,0.6961,0.6778,val,normal
1533,晚餐,4,44,正常,压力大,冷,同事,不关心,不吃辣,,685,菜饭骨头汤,煲仔饭碟头饭,1,chosen,0.6541,0.6047,train,normal
1533,晚餐,4,44,正常,压力大,冷,同事,不关心,不吃辣,,685,菜饭骨头汤,煲仔饭碟头饭,1,chosen,0.6541,0.5856,train,normal
1533,晚餐,4,44,正常,压力大,冷,同事,不关心,不吃辣,,685,菜饭骨头汤,煲仔饭碟头饭,1,chosen,0.6541,0.7476,train,normal
1533,晚餐,4,44,正常,压力大,冷,同事,不关心,不吃辣,,684,窝蛋牛肉饭,煲仔饭碟头饭,0,considered,0.6541,0.6369,train,normal
1533,晚餐,4,44,正常,压力大,冷,同事,不关心,不吃辣,,678,北菇滑鸡饭,煲仔饭碟头饭,0,considered,0.6541,0.5757,train,normal
1534,午餐,1,83,正常,低落,晴,同事,不关心,重辣,,580,臭豆腐炒辣椒,湘菜,1,chosen,0.5891,0.623,train,normal
1534,午餐,1,83,正常,低落,晴,同事,不关心,重辣,,593,酸辣鸡杂,湘菜,1,chosen,0.5756,0.5857,train,normal
1534,午餐,1,83,正常,低落,晴,同事,不关心,重辣,,580,臭豆腐炒辣椒,湘菜,1,chosen,0.5891,0.573,train,normal
1534,午餐,1,83,正常,低落,晴,同事,不关心,重辣,,593,酸辣鸡杂,湘菜,0,considered,0.5756,0.5613,train,normal
1534,午餐,1,83,正常,低落,晴,同事,不关心,重辣,,563,湘西外婆菜,湘菜,0,considered,0.5756,0.6062,train,normal
1535,午餐,5,72,正常,一般,冷,一个人,随便,中辣,麸质,11,云南小锅米线,长三角粉面,1,chosen,0.5751,0.5687,val,normal
1535,午餐,5,72,正常,一般,冷,一个人,随便,中辣,麸质,275,川味香肠(蒸),川菜,1,chosen,0.5751,0.6469,val,normal
1535,午餐,5,72,正常,一般,冷,一个人,随便,中辣,麸质,11,云南小锅米线,长三角粉面,1,chosen,0.5751,0.5408,val,normal
1535,午餐,5,72,正常,一般,冷,一个人,随便,中辣,麸质,6,兰州牛肉面,长三角粉面,0,considered,0.5672,0.6042,val,normal
1535,午餐,5,72,正常,一般,冷,一个人,随便,中辣,麸质,9,炸酱面,长三角粉面,0,considered,0.5191,0.5226,val,normal
1536,午餐,3,65,正常,一般,冷,同事,想健康,不吃辣,海鲜,347,菜心炒牛肉,广府家常菜,1,chosen,0.6413,0.6364,train,normal
1536,午餐,3,65,正常,一般,冷,同事,想健康,不吃辣,海鲜,347,菜心炒牛肉,广府家常菜,1,chosen,0.6413,0.7002,train,normal
1536,午餐,3,65,正常,一般,冷,同事,想健康,不吃辣,海鲜,347,菜心炒牛肉,广府家常菜,1,chosen,0.6413,0.6765,train,normal
1537,晚餐,2,42,正常,开心,冷,朋友,不关心,不吃辣,"海鲜,乳制品",368,豉汁蒸凤爪,广府家常菜,1,chosen,0.6648,0.6655,train,normal
1537,晚餐,2,42,正常,开心,冷,朋友,不关心,不吃辣,"海鲜,乳制品",368,豉汁蒸凤爪,广府家常菜,1,chosen,0.6648,0.7189,train,normal
1537,晚餐,2,42,正常,开心,冷,朋友,不关心,不吃辣,"海鲜,乳制品",368,豉汁蒸凤爪,广府家常菜,1,chosen,0.6648,0.7053,train,normal
1537,晚餐,2,42,正常,开心,冷,朋友,不关心,不吃辣,"海鲜,乳制品",344,梅菜蒸肉饼,广府家常菜,0,considered,0.658,0.6601,train,normal
1537,晚餐,2,42,正常,开心,冷,朋友,不关心,不吃辣,"海鲜,乳制品",370,陈皮蒸牛肉饼,广府家常菜,0,considered,0.658,0.7121,train,normal
1538,下午加餐,3,47,正常,疲惫,雪,约会,严格控制,中辣,,702,桂花糖芋艿,糖水甜品,1,chosen,0.8144,0.8508,test,snow
1538,下午加餐,3,47,正常,疲惫,雪,约会,严格控制,中辣,,702,桂花糖芋艿,糖水甜品,1,chosen,0.8144,0.8135,test,snow
1538,下午加餐,3,47,正常,疲惫,雪,约会,严格控制,中辣,,702,桂花糖芋艿,糖水甜品,1,chosen,0.8144,0.7935,test,snow
1539,午餐,2,81,正常,一般,热,同事,不关心,中辣,,579,腊味萝卜干,湘菜,1,chosen,0.5978,0.6196,train,normal
1539,午餐,2,81,正常,一般,热,同事,不关心,中辣,,579,腊味萝卜干,湘菜,1,chosen,0.5978,0.5996,train,normal
1539,午餐,2,81,正常,一般,热,同事,不关心,中辣,,579,腊味萝卜干,湘菜,1,chosen,0.5978,0.6224,train,normal
1539,午餐,2,81,正常,一般,热,同事,不关心,中辣,,523,长沙臭豆腐,湘菜,0,considered,0.5664,0.618,train,normal
1539,午餐,2,81,正常,一般,热,同事,不关心,中辣,,552,攸县香干,湘菜,0,considered,0.5577,0.5744,train,normal
1540,夜宵,4,62,正常,低落,雪,朋友,想健康,中辣,,26,烤鸡翅,烧烤小吃,1,chosen,0.8628,0.8268,test,snow
1540,夜宵,4,62,正常,低落,雪,朋友,想健康,中辣,,26,烤鸡翅,烧烤小吃,1,chosen,0.8628,0.8335,test,snow
1540,夜宵,4,62,正常,低落,雪,朋友,想健康,中辣,,26,烤鸡翅,烧烤小吃,1,chosen,0.8628,0.8316,test,snow
1541,午餐,4,29,正常,疲惫,晴,一个人,想健康,重辣,,13,麻婆豆腐,家常炒菜,1,chosen,0.6184,0.6769,train,normal
1541,午餐,4,29,正常,疲惫,晴,一个人,想健康,重辣,,13,麻婆豆腐,家常炒菜,1,chosen,0.6184,0.6484,train,normal
1541,午餐,4,29,正常,疲惫,晴,一个人,想健康,重辣,,13,麻婆豆腐,家常炒菜,1,chosen,0.6184,0.6528,train,normal
1542,晚餐,3,118,想吃好点,压力大,冷,一个人,不关心,微辣,海鲜,811,鳝丝面,长三角粉面,1,chosen,0.6116,0.6137,train,normal
1542,晚餐,3,118,想吃好点,压力大,冷,一个人,不关心,微辣,海鲜,811,鳝丝面,长三角粉面,1,chosen,0.6116,0.6947,train,normal
1542,晚餐,3,118,想吃好点,压力大,冷,一个人,不关心,微辣,海鲜,811,鳝丝面,长三角粉面,1,chosen,0.6116,0.6712,train,normal
1543,午餐,4,41,正常,压力大,晴,一个人,严格控制,中辣,,11,云南小锅米线,长三角粉面,1,chosen,0.6202,0.6636,val,normal
1543,午餐,4,41,正常,压力大,晴,一个人,严格控制,中辣,,11,云南小锅米线,长三角粉面,1,chosen,0.6202,0.5799,val,normal
1543,午餐,4,41,正常,压力大,晴,一个人,严格控制,中辣,,11,云南小锅米线,长三角粉面,1,chosen,0.6202,0.6747,val,normal
1544,夜宵,2,59,想吃好点,一般,晴,一个人,不关心,微辣,乳制品,642,烤韭菜,烧烤小吃,1,chosen,0.5586,0.528,train,normal
1544,夜宵,2,59,想吃好点,一般,晴,一个人,不关心,微辣,乳制品,642,烤韭菜,烧烤小吃,1,chosen,0.5586,0.5421,train,normal
1544,夜宵,2,59,想吃好点,一般,晴,一个人,不关心,微辣,乳制品,642,烤韭菜,烧烤小吃,1,chosen,0.5586,0.5172,train,normal
1544,夜宵,2,59,想吃好点,一般,晴,一个人,不关心,微辣,乳制品,645,臭豆腐,烧烤小吃,0,considered,0.5575,0.5354,train,normal
1544,夜宵,2,59,想吃好点,一般,晴,一个人,不关心,微辣,乳制品,625,沙县扁肉,烧烤小吃,0,considered,0.5507,0.5544,train,normal
1545,晚餐,1,25,想吃好点,低落,雨,家人,严格控制,中辣,,162,干煸茧蛹,东北菜,1,chosen,0.7112,0.7328,test,normal
1545,晚餐,1,25,想吃好点,低落,雨,家人,严格控制,中辣,,248,青椒肉丝(川),川菜,1,chosen,0.709,0.6833,test,normal
1545,晚餐,1,25,想吃好点,低落,雨,家人,严格控制,中辣,,162,干煸茧蛹,东北菜,1,chosen,0.7112,0.6893,test,normal
1546,下午加餐,5,56,想吃好点,低落,晴,约会,不关心,中辣,,694,菠萝包,糖水甜品,1,chosen,0.5813,0.53,train,normal
1546,下午加餐,5,56,想吃好点,低落,晴,约会,不关心,中辣,,706,芒果班戟,糖水甜品,1,chosen,0.5916,0.6549,train,normal
1546,下午加餐,5,56,想吃好点,低落,晴,约会,不关心,中辣,,706,芒果班戟,糖水甜品,1,chosen,0.5916,0.5863,train,normal
1547,夜宵,1,50,想吃好点,开心,雪,朋友,想健康,不吃辣,,395,生滚鱼片粥,广式粥粉面,1,chosen,0.7345,0.761,test,snow
1547,夜宵,1,50,想吃好点,开心,雪,朋友,想健康,不吃辣,,395,生滚鱼片粥,广式粥粉面,1,chosen,0.7345,0.7439,test,snow
1547,夜宵,1,50,想吃好点,开心,雪,朋友,想健康,不吃辣,,395,生滚鱼片粥,广式粥粉面,1,chosen,0.7345,0.7422,test,snow
1548,午餐,3,33,正常,一般,雨,家人,想健康,微辣,,292,荤豆花,川菜,1,chosen,0.696,0.6837,train,normal
1548,午餐,3,33,正常,一般,雨,家人,想健康,微辣,,292,荤豆花,川菜,1,chosen,0.696,0.6657,train,normal
1548,午餐,3,33,正常,一般,雨,家人,想健康,微辣,,292,荤豆花,川菜,1,chosen,0.696,0.7163,train,normal
1549,午餐,1,28,正常,低落,热,朋友,随便,不吃辣,,658,卤水豆腐,烧腊卤味,1,chosen,0.6281,0.5915,train,normal
1549,午餐,1,28,正常,低落,热,朋友,随便,不吃辣,,658,卤水豆腐,烧腊卤味,1,chosen,0.6281,0.638,train,normal
1549,午餐,1,28,正常,低落,热,朋友,随便,不吃辣,,658,卤水豆腐,烧腊卤味,1,chosen,0.6281,0.6683,train,normal
1550,晚餐,4,91,正常,疲惫,晴,朋友,想健康,中辣,,15,宫保鸡丁,家常炒菜,1,chosen,0.7154,0.7228,train,normal
1550,晚餐,4,91,正常,疲惫,晴,朋友,想健康,中辣,,15,宫保鸡丁,家常炒菜,1,chosen,0.7154,0.7,train,normal
1550,晚餐,4,91,正常,疲惫,晴,朋友,想健康,中辣,,15,宫保鸡丁,家常炒菜,1,chosen,0.7154,0.7167,train,normal
1551,晚餐,2,28,省着点,开心,雨,同事,严格控制,不吃辣,,195,清炒草头,家常炒菜,1,chosen,0.6495,0.7407,test,normal
1551,晚餐,2,28,省着点,开心,雨,同事,严格控制,不吃辣,,195,清炒草头,家常炒菜,1,chosen,0.6495,0.6731,test,normal
1551,晚餐,2,28,省着点,开心,雨,同事,严格控制,不吃辣,,195,清炒草头,家常炒菜,1,chosen,0.6495,0.6737,test,normal
1552,午餐,4,58,正常,兴奋,热,同事,不关心,微辣,,60,东北饭包,东北菜,1,chosen,0.6123,0.6044,test,normal
1552,午餐,4,58,正常,兴奋,热,同事,不关心,微辣,,60,东北饭包,东北菜,1,chosen,0.6123,0.6295,test,normal
1552,午餐,4,58,正常,兴奋,热,同事,不关心,微辣,,60,东北饭包,东北菜,1,chosen,0.6123,0.613,test,normal
1552,午餐,4,58,正常,兴奋,热,同事,不关心,微辣,,126,松仁小肚,东北菜,0,considered,0.6104,0.5934,test,normal
1552,午餐,4,58,正常,兴奋,热,同事,不关心,微辣,,62,哈尔滨红肠,东北菜,0,considered,0.6104,0.6273,test,normal
1553,午餐,5,15,省着点,开心,热,家人,想健康,不吃辣,海鲜,9,炸酱面,长三角粉面,1,chosen,0.6748,0.7042,train,normal
1553,午餐,5,15,省着点,开心,热,家人,想健康,不吃辣,海鲜,9,炸酱面,长三角粉面,1,chosen,0.6748,0.7257,train,normal
1553,午餐,5,15,省着点,开心,热,家人,想健康,不吃辣,海鲜,9,炸酱面,长三角粉面,1,chosen,0.6748,0.5865,train,normal
1554,夜宵,3,76,不差钱,一般,热,家人,严格控制,微辣,乳制品,24,菌汤火锅,火锅麻辣烫,1,chosen,0.7021,0.6753,train,normal
1554,夜宵,3,76,不差钱,一般,热,家人,严格控制,微辣,乳制品,24,菌汤火锅,火锅麻辣烫,1,chosen,0.7021,0.6958,train,normal
1554,夜宵,3,76,不差钱,一般,热,家人,严格控制,微辣,乳制品,24,菌汤火锅,火锅麻辣烫,1,chosen,0.7021,0.6523,train,normal
1555,晚餐,2,69,正常,一般,雨,一个人,随便,重辣,素食,580,臭豆腐炒辣椒,湘菜,1,chosen,0.5822,0.5897,train,normal
1555,晚餐,2,69,正常,一般,雨,一个人,随便,重辣,素食,580,臭豆腐炒辣椒,湘菜,1,chosen,0.5822,0.5385,train,normal
1555,晚餐,2,69,正常,一般,雨,一个人,随便,重辣,素食,580,臭豆腐炒辣椒,湘菜,1,chosen,0.5822,0.5768,train,normal
1556,晚餐,2,26,正常,一般,热,家人,想健康,中辣,素食,658,卤水豆腐,烧腊卤味,1,chosen,0.6582,0.7062,train,normal
1556,晚餐,2,26,正常,一般,热,家人,想健康,中辣,素食,658,卤水豆腐,烧腊卤味,1,chosen,0.6582,0.6746,train,normal
1556,晚餐,2,26,正常,一般,热,家人,想健康,中辣,素食,658,卤水豆腐,烧腊卤味,1,chosen,0.6582,0.6866,train,normal
1557,下午加餐,5,55,省着点,一般,阴,朋友,不关心,中辣,素食,443,千层油糕,早餐粥点,1,chosen,0.5384,0.4793,train,normal
1557,下午加餐,5,55,省着点,一般,阴,朋友,不关心,中辣,素食,699,定胜糕,糖水甜品,1,chosen,0.5628,0.5655,train,normal
1557,下午加餐,5,55,省着点,一般,阴,朋友,不关心,中辣,素食,699,定胜糕,糖水甜品,1,chosen,0.5628,0.556,train,normal
1558,晚餐,3,15,正常,开心,晴,一个人,不关心,重辣,,244,重庆小面(川),川菜,1,chosen,0.5462,0.5789,train,normal
1558,晚餐,3,15,正常,开心,晴,一个人,不关心,重辣,,244,重庆小面(川),川菜,1,chosen,0.5462,0.5531,train,normal
1558,晚餐,3,15,正常,开心,晴,一个人,不关心,重辣,,244,重庆小面(川),川菜,1,chosen,0.5462,0.5498,train,normal
1559,早餐,4,45,正常,压力大,冷,家人,不关心,微辣,乳制品,428,及第粥,早餐粥点,1,chosen,0.7069,0.7334,test,normal
1559,早餐,4,45,正常,压力大,冷,家人,不关心,微辣,乳制品,428,及第粥,早餐粥点,1,chosen,0.7069,0.7466,test,normal
1559,早餐,4,45,正常,压力大,冷,家人,不关心,微辣,乳制品,428,及第粥,早餐粥点,1,chosen,0.7069,0.6631,test,normal
1559,早餐,4,45,正常,压力大,冷,家人,不关心,微辣,乳制品,452,萝卜糕,早餐粥点,0,considered,0.6941,0.6766,test,normal
1559,早餐,4,45,正常,压力大,冷,家人,不关心,微辣,乳制品,451,芋头糕,早餐粥点,0,considered,0.6941,0.6971,test,normal
1560,早餐,5,46,正常,一般,雨,家人,不关心,微辣,,428,及第粥,早餐粥点,1,chosen,0.6521,0.6786,test,normal
1560,早餐,5,46,正常,一般,雨,家人,不关心,微辣,,428,及第粥,早餐粥点,1,chosen,0.6521,0.7001,test,normal
1560,早餐,5,46,正常,一般,雨,家人,不关心,微辣,,428,及第粥,早餐粥点,1,chosen,0.6521,0.6703,test,normal
1561,下午加餐,2,69,正常,一般,阴,同事,随便,中辣,,772,鲜榨橙汁,轻食健康,1,chosen,0.6096,0.5901,train,normal
1561,下午加餐,2,69,正常,一般,阴,同事,随便,中辣,,772,鲜榨橙汁,轻食健康,1,chosen,0.6096,0.6375,train,normal
1561,下午加餐,2,69,正常,一般,阴,同事,随便,中辣,,772,鲜榨橙汁,轻食健康,1,chosen,0.6096,0.5957,train,normal
1562,夜宵,5,76,不差钱,兴奋,晴,朋友,想健康,不吃辣,,24,菌汤火锅,火锅麻辣烫,1,chosen,0.6919,0.6103,train,normal
1562,夜宵,5,76,不差钱,兴奋,晴,朋友,想健康,不吃辣,,24,菌汤火锅,火锅麻辣烫,1,chosen,0.6919,0.7154,train,normal
1562,夜宵,5,76,不差钱,兴奋,晴,朋友,想健康,不吃辣,,24,菌汤火锅,火锅麻辣烫,1,chosen,0.6919,0.6795,train,normal
1563,午餐,5,15,省着点,开心,晴,一个人,不关心,重辣,乳制品,519,湖南米粉,湘菜,1,chosen,0.5462,0.5155,val,normal
1563,午餐,5,15,省着点,开心,晴,一个人,不关心,重辣,乳制品,519,湖南米粉,湘菜,1,chosen,0.5462,0.5495,val,normal
1563,午餐,5,15,省着点,开心,晴,一个人,不关心,重辣,乳制品,519,湖南米粉,湘菜,1,chosen,0.5462,0.5296,val,normal
1564,午餐,3,42,想吃好点,开心,晴,朋友,随便,中辣,麸质,557,浏阳蒸菜,湘菜,1,chosen,0.6433,0.6308,train,normal
1564,午餐,3,42,想吃好点,开心,晴,朋友,随便,中辣,麸质,557,浏阳蒸菜,湘菜,1,chosen,0.6433,0.573,train,normal
1564,午餐,3,42,想吃好点,开心,晴,朋友,随便,中辣,麸质,557,浏阳蒸菜,湘菜,1,chosen,0.6433,0.5949,train,normal
1565,晚餐,4,65,省着点,疲惫,雪,一个人,想健康,重辣,,310,麻婆豆腐(素),川菜,1,chosen,0.7282,0.7608,test,snow
1565,晚餐,4,65,省着点,疲惫,雪,一个人,想健康,重辣,,590,邵阳米粉,湘菜,1,chosen,0.7308,0.7408,test,snow
1565,晚餐,4,65,省着点,疲惫,雪,一个人,想健康,重辣,,590,邵阳米粉,湘菜,1,chosen,0.7308,0.712,test,snow
1566,晚餐,3,72,省着点,一般,雨,朋友,想健康,微辣,,71,干豆腐炒尖椒,东北菜,1,chosen,0.6787,0.6977,test,normal
1566,晚餐,3,72,省着点,一般,雨,朋友,想健康,微辣,,71,干豆腐炒尖椒,东北菜,1,chosen,0.6787,0.7047,test,normal
1566,晚餐,3,72,省着点,一般,雨,朋友,想健康,微辣,,71,干豆腐炒尖椒,东北菜,1,chosen,0.6787,0.6541,test,normal
1566,晚餐,3,72,省着点,一般,雨,朋友,想健康,微辣,,69,尖椒干豆腐,东北菜,0,considered,0.6752,0.7061,test,normal
1566,晚餐,3,72,省着点,一般,雨,朋友,想健康,微辣,,48,东北土豆丝,东北菜,0,considered,0.6739,0.6157,test,normal
1567,晚餐,5,15,正常,一般,晴,一个人,随便,重辣,"海鲜,乳制品",310,麻婆豆腐(素),川菜,1,chosen,0.5348,0.5004,test,normal
1567,晚餐,5,15,正常,一般,晴,一个人,随便,重辣,"海鲜,乳制品",310,麻婆豆腐(素),川菜,1,chosen,0.5348,0.5495,test,normal
1567,晚餐,5,15,正常,一般,晴,一个人,随便,重辣,"海鲜,乳制品",310,麻婆豆腐(素),川菜,1,chosen,0.5348,0.5218,test,normal
1567,晚餐,5,15,正常,一般,晴,一个人,随便,重辣,"海鲜,乳制品",324,宜宾燃面(干),川菜,0,considered,0.5348,0.6187,test,normal
1567,晚餐,5,15,正常,一般,晴,一个人,随便,重辣,"海鲜,乳制品",265,宜宾燃面,川菜,0,considered,0.5348,0.4977,test,normal
1568,早餐,2,57,省着点,疲惫,冷,同事,随便,不吃辣,,453,虾籽馄饨面,早餐粥点,1,chosen,0.7133,0.6867,train,normal
1568,早餐,2,57,省着点,疲惫,冷,同事,随便,不吃辣,,453,虾籽馄饨面,早餐粥点,1,chosen,0.7133,0.7484,train,normal
1568,早餐,2,57,省着点,疲惫,冷,同事,随便,不吃辣,,453,虾籽馄饨面,早餐粥点,1,chosen,0.7133,0.6736,train,normal
1569,晚餐,4,105,正常,一般,阴,一个人,想健康,微辣,乳制品,2,青椒肉丝,煲仔饭碟头饭,1,chosen,0.5581,0.5977,train,normal
1569,晚餐,4,105,正常,一般,阴,一个人,想健康,微辣,乳制品,2,青椒肉丝,煲仔饭碟头饭,1,chosen,0.5581,0.5552,train,normal
1569,晚餐,4,105,正常,一般,阴,一个人,想健康,微辣,乳制品,2,青椒肉丝,煲仔饭碟头饭,1,chosen,0.5581,0.5443,train,normal
1570,晚餐,4,49,不差钱,一般,热,同事,想健康,重辣,麸质,656,卤水拼盘,烧腊卤味,1,chosen,0.6204,0.6773,train,normal
1570,晚餐,4,49,不差钱,一般,热,同事,想健康,重辣,麸质,656,卤水拼盘,烧腊卤味,1,chosen,0.6204,0.5422,train,normal
1570,晚餐,4,49,不差钱,一般,热,同事,想健康,重辣,麸质,656,卤水拼盘,烧腊卤味,1,chosen,0.6204,0.6662,train,normal
1571,晚餐,3,55,正常,开心,冷,同事,随便,不吃辣,乳制品,352,咸鱼茄煲,广府家常菜,1,chosen,0.6137,0.592,test,normal
1571,晚餐,3,55,正常,开心,冷,同事,随便,不吃辣,乳制品,352,咸鱼茄煲,广府家常菜,1,chosen,0.6137,0.6665,test,normal
1571,晚餐,3,55,正常,开心,冷,同事,随便,不吃辣,乳制品,352,咸鱼茄煲,广府家常菜,1,chosen,0.6137,0.5889,test,normal
1572,夜宵,3,60,不差钱,疲惫,冷,家人,不关心,不吃辣,,24,菌汤火锅,火锅麻辣烫,1,chosen,0.7237,0.7086,val,normal
1572,夜宵,3,60,不差钱,疲惫,冷,家人,不关心,不吃辣,,24,菌汤火锅,火锅麻辣烫,1,chosen,0.7237,0.7341,val,normal
1572,夜宵,3,60,不差钱,疲惫,冷,家人,不关心,不吃辣,,24,菌汤火锅,火锅麻辣烫,1,chosen,0.7237,0.7079,val,normal
1572,夜宵,3,60,不差钱,疲惫,冷,家人,不关心,不吃辣,,621,番茄火锅,火锅麻辣烫,0,considered,0.7146,0.7485,val,normal
1572,夜宵,3,60,不差钱,疲惫,冷,家人,不关心,不吃辣,,20,清汤火锅,火锅麻辣烫,0,considered,0.6881,0.6869,val,normal
1573,早餐,5,85,省着点,疲惫,热,朋友,严格控制,中辣,素食,804,素鸡面,长三角粉面,1,chosen,0.649,0.6508,train,normal
1573,早餐,5,85,省着点,疲惫,热,朋友,严格控制,中辣,素食,807,衢州常山索面,长三角粉面,1,chosen,0.6757,0.7305,train,normal
1573,早餐,5,85,省着点,疲惫,热,朋友,严格控制,中辣,素食,807,衢州常山索面,长三角粉面,1,chosen,0.6757,0.6624,train,normal
1573,早餐,5,85,省着点,疲惫,热,朋友,严格控制,中辣,素食,797,无锡素面,长三角粉面,0,considered,0.649,0.5691,train,normal
1573,早餐,5,85,省着点,疲惫,热,朋友,严格控制,中辣,素食,804,素鸡面,长三角粉面,0,considered,0.649,0.5635,train,normal
1574,午餐,3,100,省着点,开心,晴,一个人,随便,中辣,乳制品,223,手撕包菜(川),川菜,1,chosen,0.5383,0.5639,train,normal
1574,午餐,3,100,省着点,开心,晴,一个人,随便,中辣,乳制品,223,手撕包菜(川),川菜,1,chosen,0.5383,0.5851,train,normal
1574,午餐,3,100,省着点,开心,晴,一个人,随便,中辣,乳制品,223,手撕包菜(川),川菜,1,chosen,0.5383,0.5445,train,normal
1575,午餐,3,15,正常,一般,晴,同事,不关心,重辣,,252,麻婆豆腐(川),川菜,1,chosen,0.5644,0.5366,train,normal
1575,午餐,3,15,正常,一般,晴,同事,不关心,重辣,,244,重庆小面(川),川菜,1,chosen,0.5644,0.5818,train,normal
1575,午餐,3,15,正常,一般,晴,同事,不关心,重辣,,252,麻婆豆腐(川),川菜,1,chosen,0.5644,0.5197,train,normal
1576,夜宵,4,26,正常,开心,热,一个人,想健康,中辣,海鲜,26,烤鸡翅,烧烤小吃,1,chosen,0.6313,0.619,train,normal
1576,夜宵,4,26,正常,开心,热,一个人,想健康,中辣,海鲜,26,烤鸡翅,烧烤小吃,1,chosen,0.6313,0.6205,train,normal
1576,夜宵,4,26,正常,开心,热,一个人,想健康,中辣,海鲜,26,烤鸡翅,烧烤小吃,1,chosen,0.6313,0.6227,train,normal
1577,晚餐,5,37,正常,低落,晴,家人,严格控制,中辣,,15,宫保鸡丁,家常炒菜,1,chosen,0.7032,0.693,train,normal
1577,晚餐,5,37,正常,低落,晴,家人,严格控制,中辣,,15,宫保鸡丁,家常炒菜,1,chosen,0.7032,0.7256,train,normal
1577,晚餐,5,37,正常,低落,晴,家人,严格控制,中辣,,15,宫保鸡丁,家常炒菜,1,chosen,0.7032,0.7597,train,normal
1577,晚餐,5,37,正常,低落,晴,家人,严格控制,中辣,,184,鱼香肉丝,家常炒菜,0,considered,0.6719,0.6318,train,normal
1577,晚餐,5,37,正常,低落,晴,家人,严格控制,中辣,,191,干煸四季豆,家常炒菜,0,considered,0.6528,0.5958,train,normal
1578,午餐,3,27,省着点,开心,冷,一个人,想健康,不吃辣,,195,清炒草头,家常炒菜,1,chosen,0.6012,0.6674,train,normal
1578,午餐,3,27,省着点,开心,冷,一个人,想健康,不吃辣,,195,清炒草头,家常炒菜,1,chosen,0.6012,0.5849,train,normal
1578,午餐,3,27,省着点,开心,冷,一个人,想健康,不吃辣,,195,清炒草头,家常炒菜,1,chosen,0.6012,0.6198,train,normal
1579,午餐,4,71,正常,低落,阴,朋友,想健康,中辣,,15,宫保鸡丁,家常炒菜,1,chosen,0.708,0.7238,train,normal
1579,午餐,4,71,正常,低落,阴,朋友,想健康,中辣,,11,云南小锅米线,长三角粉面,1,chosen,0.6968,0.6672,train,normal
1579,午餐,4,71,正常,低落,阴,朋友,想健康,中辣,,15,宫保鸡丁,家常炒菜,1,chosen,0.708,0.6896,train,normal
1580,晚餐,3,42,正常,压力大,热,朋友,严格控制,不吃辣,,658,卤水豆腐,烧腊卤味,1,chosen,0.7252,0.6783,train,normal
1580,晚餐,3,42,正常,压力大,热,朋友,严格控制,不吃辣,,658,卤水豆腐,烧腊卤味,1,chosen,0.7252,0.6985,train,normal
1580,晚餐,3,42,正常,压力大,热,朋友,严格控制,不吃辣,,658,卤水豆腐,烧腊卤味,1,chosen,0.7252,0.689,train,normal
1581,午餐,4,111,想吃好点,一般,晴,同事,不关心,微辣,海鲜,651,牛杂,烧腊卤味,1,chosen,0.562,0.5428,val,normal
1581,午餐,4,111,想吃好点,一般,晴,同事,不关心,微辣,海鲜,651,牛杂,烧腊卤味,1,chosen,0.562,0.5645,val,normal
1581,午餐,4,111,想吃好点,一般,晴,同事,不关心,微辣,海鲜,651,牛杂,烧腊卤味,1,chosen,0.562,0.5423,val,normal
1581,午餐,4,111,想吃好点,一般,晴,同事,不关心,微辣,海鲜,665,金钱肚,烧腊卤味,0,considered,0.5541,0.5475,val,normal
1581,午餐,4,111,想吃好点,一般,晴,同事,不关心,微辣,海鲜,656,卤水拼盘,烧腊卤味,0,considered,0.5541,0.524,val,normal
1582,晚餐,5,25,正常,开心,晴,一个人,随便,微辣,,4,咖喱鸡排饭,煲仔饭碟头饭,1,chosen,0.5304,0.4651,train,normal
1582,晚餐,5,25,正常,开心,晴,一个人,随便,微辣,,2,青椒肉丝,煲仔饭碟头饭,1,chosen,0.5304,0.5527,train,normal
1582,晚餐,5,25,正常,开心,晴,一个人,随便,微辣,,1,黄焖鸡米饭,煲仔饭碟头饭,1,chosen,0.5304,0.4845,train,normal
1582,晚餐,5,25,正常,开心,晴,一个人,随便,微辣,,573,糖油粑粑,湘菜,0,considered,0.5079,0.4444,train,normal
1582,晚餐,5,25,正常,开心,晴,一个人,随便,微辣,,579,腊味萝卜干,湘菜,0,considered,0.4453,0.4211,train,normal
1583,午餐,2,33,想吃好点,一般,晴,朋友,随便,微辣,海鲜,162,干煸茧蛹,东北菜,1,chosen,0.608,0.5864,train,normal
1583,午餐,2,33,想吃好点,一般,晴,朋友,随便,微辣,海鲜,162,干煸茧蛹,东北菜,1,chosen,0.608,0.5699,train,normal
1583,午餐,2,33,想吃好点,一般,晴,朋友,随便,微辣,海鲜,162,干煸茧蛹,东北菜,1,chosen,0.608,0.6665,train,normal
1583,午餐,2,33,想吃好点,一般,晴,朋友,随便,微辣,海鲜,166,炒蚕蛹,东北菜,0,considered,0.608,0.5912,train,normal
1583,午餐,2,33,想吃好点,一般,晴,朋友,随便,微辣,海鲜,57,东北烤串,东北菜,0,considered,0.5809,0.5294,train,normal
1584,晚餐,3,69,想吃好点,疲惫,晴,朋友,想健康,不吃辣,"海鲜,乳制品",47,东北乱炖,东北菜,1,chosen,0.6887,0.6624,train,normal
1584,晚餐,3,69,想吃好点,疲惫,晴,朋友,想健康,不吃辣,"海鲜,乳制品",47,东北乱炖,东北菜,1,chosen,0.6887,0.7242,train,normal
1584,晚餐,3,69,想吃好点,疲惫,晴,朋友,想健康,不吃辣,"海鲜,乳制品",47,东北乱炖,东北菜,1,chosen,0.6887,0.6912,train,normal
1585,午餐,3,62,正常,疲惫,晴,同事,随便,微辣,,6,兰州牛肉面,长三角粉面,1,chosen,0.6101,0.6684,train,normal
1585,午餐,3,62,正常,疲惫,晴,同事,随便,微辣,,811,鳝丝面,长三角粉面,1,chosen,0.6101,0.582,train,normal
1585,午餐,3,62,正常,疲惫,晴,同事,随便,微辣,,6,兰州牛肉面,长三角粉面,1,chosen,0.6101,0.5964,train,normal
1585,午餐,3,62,正常,疲惫,晴,同事,随便,微辣,,774,上海辣肉面,长三角粉面,0,considered,0.6101,0.6059,train,normal
1585,午餐,3,62,正常,疲惫,晴,同事,随便,微辣,,811,鳝丝面,长三角粉面,0,considered,0.6101,0.6835,train,normal
1586,晚餐,4,27,想吃好点,一般,晴,朋友,随便,微辣,,371,鱼香茄子煲,广府家常菜,1,chosen,0.6117,0.6525,val,normal
1586,晚餐,4,27,想吃好点,一般,晴,朋友,随便,微辣,,371,鱼香茄子煲,广府家常菜,1,chosen,0.6117,0.5837,val,normal
1586,晚餐,4,27,想吃好点,一般,晴,朋友,随便,微辣,,371,鱼香茄子煲,广府家常菜,1,chosen,0.6117,0.666,val,normal
1586,晚餐,4,27,想吃好点,一般,晴,朋友,随便,微辣,,366,豉椒炒花甲,广府家常菜,0,considered,0.6049,0.6189,val,normal
1586,晚餐,4,27,想吃好点,一般,晴,朋友,随便,微辣,,348,豉汁蒸排骨,广府家常菜,0,considered,0.5984,0.575,val,normal
1587,早餐,3,54,省着点,疲惫,阴,朋友,随便,中辣,素食,807,衢州常山索面,长三角粉面,1,chosen,0.6472,0.6473,train,normal
1587,早餐,3,54,省着点,疲惫,阴,朋友,随便,中辣,素食,807,衢州常山索面,长三角粉面,1,chosen,0.6472,0.6736,train,normal
1587,早餐,3,54,省着点,疲惫,阴,朋友,随便,中辣,素食,807,衢州常山索面,长三角粉面,1,chosen,0.6472,0.7375,train,normal
1588,午餐,4,63,省着点,开心,冷,家人,随便,中辣,,668,咸肉菜饭,煲仔饭碟头饭,1,chosen,0.6685,0.6893,val,normal
1588,午餐,4,63,省着点,开心,冷,家人,随便,中辣,,786,南京皮肚面,长三角粉面,1,chosen,0.6661,0.6666,val,normal
1588,午餐,4,63,省着点,开心,冷,家人,随便,中辣,,668,咸肉菜饭,煲仔饭碟头饭,1,chosen,0.6685,0.7146,val,normal
1589,晚餐,3,57,想吃好点,一般,冷,家人,不关心,中辣,麸质,300,酸菜肥牛,川菜,1,chosen,0.6691,0.6951,train,normal
1589,晚餐,3,57,想吃好点,一般,冷,家人,不关心,中辣,麸质,300,酸菜肥牛,川菜,1,chosen,0.6691,0.681,train,normal
1589,晚餐,3,57,想吃好点,一般,冷,家人,不关心,中辣,麸质,300,酸菜肥牛,川菜,1,chosen,0.6691,0.6582,train,normal
1590,下午加餐,1,51,正常,一般,晴,朋友,不关心,中辣,,765,拿铁,轻食健康,1,chosen,0.6056,0.6127,train,normal
1590,下午加餐,1,51,正常,一般,晴,朋友,不关心,中辣,,34,全麦鸡肉三明治,轻食健康,1,chosen,0.5974,0.6279,train,normal
1590,下午加餐,1,51,正常,一般,晴,朋友,不关心,中辣,,765,拿铁,轻食健康,1,chosen,0.6056,0.5843,train,normal
1591,晚餐,5,85,想吃好点,压力大,晴,家人,想健康,中辣,,15,宫保鸡丁,家常炒菜,1,chosen,0.7045,0.702,train,normal
1591,晚餐,5,85,想吃好点,压力大,晴,家人,想健康,中辣,,307,魔芋烧鸭,川菜,1,chosen,0.7045,0.7117,train,normal
1591,晚餐,5,85,想吃好点,压力大,晴,家人,想健康,中辣,,15,宫保鸡丁,家常炒菜,1,chosen,0.7045,0.7029,train,normal
1591,晚餐,5,85,想吃好点,压力大,晴,家人,想健康,中辣,,184,鱼香肉丝,家常炒菜,0,considered,0.6766,0.6695,train,normal
1591,晚餐,5,85,想吃好点,压力大,晴,家人,想健康,中辣,,18,地三鲜,家常炒菜,0,considered,0.6678,0.674,train,normal
1592,早餐,2,15,正常,疲惫,阴,约会,严格控制,中辣,,439,菜肉大馄饨,早餐粥点,1,chosen,0.7668,0.7901,train,normal
1592,早餐,2,15,正常,疲惫,阴,约会,严格控制,中辣,,439,菜肉大馄饨,早餐粥点,1,chosen,0.7668,0.7969,train,normal
1592,早餐,2,15,正常,疲惫,阴,约会,严格控制,中辣,,439,菜肉大馄饨,早餐粥点,1,chosen,0.7668,0.7188,train,normal
1593,午餐,5,35,正常,疲惫,阴,朋友,不关心,不吃辣,,674,腊味煲仔饭,煲仔饭碟头饭,1,chosen,0.6607,0.6071,test,normal
1593,午餐,5,35,正常,疲惫,阴,朋友,不关心,不吃辣,,674,腊味煲仔饭,煲仔饭碟头饭,1,chosen,0.6607,0.6821,test,normal
1593,午餐,5,35,正常,疲惫,阴,朋友,不关心,不吃辣,,674,腊味煲仔饭,煲仔饭碟头饭,1,chosen,0.6607,0.6326,test,normal
1593,午餐,5,35,正常,疲惫,阴,朋友,不关心,不吃辣,,680,海南鸡饭,煲仔饭碟头饭,0,considered,0.6607,0.7014,test,normal
1593,午餐,5,35,正常,疲惫,阴,朋友,不关心,不吃辣,,668,咸肉菜饭,煲仔饭碟头饭,0,considered,0.6607,0.603,test,normal
1594,早餐,4,120,正常,压力大,冷,家人,不关心,不吃辣,海鲜,428,及第粥,早餐粥点,1,chosen,0.7069,0.701,train,normal
1594,早餐,4,120,正常,压力大,冷,家人,不关心,不吃辣,海鲜,428,及第粥,早餐粥点,1,chosen,0.7069,0.6993,train,normal
1594,早餐,4,120,正常,压力大,冷,家人,不关心,不吃辣,海鲜,428,及第粥,早餐粥点,1,chosen,0.7069,0.6939,train,normal
1595,晚餐,3,40,正常,压力大,晴,家人,不关心,不吃辣,"海鲜,乳制品",64,土豆炖茄子,东北菜,1,chosen,0.6496,0.6923,train,normal
1595,晚餐,3,40,正常,压力大,晴,家人,不关心,不吃辣,"海鲜,乳制品",64,土豆炖茄子,东北菜,1,chosen,0.6496,0.6307,train,normal
1595,晚餐,3,40,正常,压力大,晴,家人,不关心,不吃辣,"海鲜,乳制品",64,土豆炖茄子,东北菜,1,chosen,0.6496,0.6405,train,normal
1596,早餐,3,36,省着点,一般,雨,一个人,不关心,中辣,,44,小笼包+豆浆,早餐粥点,1,chosen,0.6215,0.6588,test,normal
1596,早餐,3,36,省着点,一般,雨,一个人,不关心,中辣,,44,小笼包+豆浆,早餐粥点,1,chosen,0.6215,0.577,test,normal
1596,早餐,3,36,省着点,一般,雨,一个人,不关心,中辣,,44,小笼包+豆浆,早餐粥点,1,chosen,0.6215,0.6592,test,normal
1596,早餐,3,36,省着点,一般,雨,一个人,不关心,中辣,,46,燕麦牛奶粥,早餐粥点,0,considered,0.6215,0.6489,test,normal
1596,早餐,3,36,省着点,一般,雨,一个人,不关心,中辣,,43,皮蛋瘦肉粥,早餐粥点,0,considered,0.6215,0.6481,test,normal
1597,午餐,3,100,正常,一般,阴,同事,随便,微辣,,811,鳝丝面,长三角粉面,1,chosen,0.562,0.5937,val,normal
1597,午餐,3,100,正常,一般,阴,同事,随便,微辣,,811,鳝丝面,长三角粉面,1,chosen,0.562,0.6025,val,normal
1597,午餐,3,100,正常,一般,阴,同事,随便,微辣,,811,鳝丝面,长三角粉面,1,chosen,0.562,0.5384,val,normal
1598,晚餐,3,16,正常,开心,阴,朋友,随便,微辣,素食,48,东北土豆丝,东北菜,1,chosen,0.6086,0.6232,train,normal
1598,晚餐,3,16,正常,开心,阴,朋友,随便,微辣,素食,48,东北土豆丝,东北菜,1,chosen,0.6086,0.6561,train,normal
1598,晚餐,3,16,正常,开心,阴,朋友,随便,微辣,素食,109,东北臭豆腐,东北菜,1,chosen,0.6018,0.537,train,normal
1599,晚餐,1,29,正常,低落,阴,一个人,随便,微辣,素食,172,手撕包菜,家常炒菜,1,chosen,0.5013,0.4614,test,normal
1599,晚餐,1,29,正常,低落,阴,一个人,随便,微辣,素食,109,东北臭豆腐,东北菜,1,chosen,0.5109,0.5612,test,normal
1599,晚餐,1,29,正常,低落,阴,一个人,随便,微辣,素食,109,东北臭豆腐,东北菜,1,chosen,0.5109,0.4627,test,normal
1600,下午加餐,3,101,正常,疲惫,冷,一个人,不关心,微辣,,764,奶茶,轻食健康,1,chosen,0.6236,0.6284,val,normal
1600,下午加餐,3,101,正常,疲惫,冷,一个人,不关心,微辣,,764,奶茶,轻食健康,1,chosen,0.6236,0.631,val,normal
1600,下午加餐,3,101,正常,疲惫,冷,一个人,不关心,微辣,,764,奶茶,轻食健康,1,chosen,0.6236,0.6145,val,normal
1601,下午加餐,3,82,正常,疲惫,雪,约会,想健康,不吃辣,,693,芝麻糊,糖水甜品,1,chosen,0.776,0.8106,test,snow
1601,下午加餐,3,82,正常,疲惫,雪,约会,想健康,不吃辣,,708,花生糊,糖水甜品,1,chosen,0.776,0.8295,test,snow
1601,下午加餐,3,82,正常,疲惫,雪,约会,想健康,不吃辣,,702,桂花糖芋艿,糖水甜品,1,chosen,0.7904,0.7284,test,snow
1602,午餐,2,19,正常,一般,热,朋友,想健康,不吃辣,,126,松仁小肚,东北菜,1,chosen,0.6518,0.6961,train,normal
1602,午餐,2,19,正常,一般,热,朋友,想健康,不吃辣,,353,姜葱炒牛肉,广府家常菜,1,chosen,0.6347,0.6493,train,normal
1602,午餐,2,19,正常,一般,热,朋友,想健康,不吃辣,,126,松仁小肚,东北菜,1,chosen,0.6518,0.6819,train,normal
1603,夜宵,3,54,不差钱,开心,冷,同事,不关心,重辣,海鲜,27,烤茄子,烧烤小吃,1,chosen,0.6493,0.6631,val,normal
1603,夜宵,3,54,不差钱,开心,冷,同事,不关心,重辣,海鲜,26,烤鸡翅,烧烤小吃,1,chosen,0.6625,0.6519,val,normal
1603,夜宵,3,54,不差钱,开心,冷,同事,不关心,重辣,海鲜,27,烤茄子,烧烤小吃,1,chosen,0.6493,0.6806,val,normal
1603,夜宵,3,54,不差钱,开心,冷,同事,不关心,重辣,海鲜,27,烤茄子,烧烤小吃,0,considered,0.6493,0.6114,val,normal
1603,夜宵,3,54,不差钱,开心,冷,同事,不关心,重辣,海鲜,645,臭豆腐,烧烤小吃,0,considered,0.6469,0.6936,val,normal
1604,夜宵,3,65,想吃好点,疲惫,阴,家人,不关心,不吃辣,麸质,621,番茄火锅,火锅麻辣烫,1,chosen,0.6576,0.6779,train,normal
1604,夜宵,3,65,想吃好点,疲惫,阴,家人,不关心,不吃辣,麸质,621,番茄火锅,火锅麻辣烫,1,chosen,0.6576,0.6454,train,normal
1604,夜宵,3,65,想吃好点,疲惫,阴,家人,不关心,不吃辣,麸质,621,番茄火锅,火锅麻辣烫,1,chosen,0.6576,0.6582,train,normal
1605,午餐,3,93,省着点,压力大,冷,同事,随便,微辣,,48,东北土豆丝,东北菜,1,chosen,0.6546,0.71,train,normal
1605,午餐,3,93,省着点,压力大,冷,同事,随便,微辣,,48,东北土豆丝,东北菜,1,chosen,0.6546,0.6712,train,normal
1605,午餐,3,93,省着点,压力大,冷,同事,随便,微辣,,48,东北土豆丝,东北菜,1,chosen,0.6546,0.6305,train,normal
1606,早餐,3,50,想吃好点,兴奋,阴,朋友,随便,微辣,,438,艇仔粥,早餐粥点,1,chosen,0.639,0.6636,train,normal
1606,早餐,3,50,想吃好点,兴奋,阴,朋友,随便,微辣,,438,艇仔粥,早餐粥点,1,chosen,0.639,0.6362,train,normal
1606,早餐,3,50,想吃好点,兴奋,阴,朋友,随便,微辣,,438,艇仔粥,早餐粥点,1,chosen,0.639,0.6548,train,normal
1606,早餐,3,50,想吃好点,兴奋,阴,朋友,随便,微辣,,434,皮蛋瘦肉粥(珠三角),早餐粥点,0,considered,0.6315,0.6586,train,normal
1606,早餐,3,50,想吃好点,兴奋,阴,朋友,随便,微辣,,427,南翔小笼包,早餐粥点,0,considered,0.6311,0.6267,train,normal
1607,下午加餐,3,29,省着点,一般,热,家人,想健康,不吃辣,,688,双皮奶,糖水甜品,1,chosen,0.6869,0.7041,train,normal
1607,下午加餐,3,29,省着点,一般,热,家人,想健康,不吃辣,,36,希腊酸奶坚果碗,轻食健康,1,chosen,0.6778,0.7048,train,normal
1607,下午加餐,3,29,省着点,一般,热,家人,想健康,不吃辣,,772,鲜榨橙汁,轻食健康,1,chosen,0.6675,0.6867,train,normal
1608,下午加餐,5,63,正常,开心,热,同事,随便,微辣,乳制品,770,波奇饭,轻食健康,1,chosen,0.5918,0.6188,train,normal
1608,下午加餐,5,63,正常,开心,热,同事,随便,微辣,乳制品,710,赤豆糕,糖水甜品,1,chosen,0.6026,0.5489,train,normal
1608,下午加餐,5,63,正常,开心,热,同事,随便,微辣,乳制品,710,赤豆糕,糖水甜品,1,chosen,0.6026,0.5791,train,normal
1609,晚餐,2,77,正常,疲惫,晴,同事,想健康,微辣,乳制品,366,豉椒炒花甲,广府家常菜,1,chosen,0.6352,0.5967,test,normal
1609,晚餐,2,77,正常,疲惫,晴,同事,想健康,微辣,乳制品,366,豉椒炒花甲,广府家常菜,1,chosen,0.6352,0.6057,test,normal
1609,晚餐,2,77,正常,疲惫,晴,同事,想健康,微辣,乳制品,366,豉椒炒花甲,广府家常菜,1,chosen,0.6352,0.6235,test,normal
1609,晚餐,2,77,正常,疲惫,晴,同事,想健康,微辣,乳制品,365,豆豉蒸鲮鱼,广府家常菜,0,considered,0.6273,0.6334,test,normal
1609,晚餐,2,77,正常,疲惫,晴,同事,想健康,微辣,乳制品,369,豉汁蒸鱼头,广府家常菜,0,considered,0.6273,0.6098,test,normal
1610,午餐,4,15,想吃好点,兴奋,冷,一个人,随便,中辣,素食,552,攸县香干,湘菜,1,chosen,0.5771,0.51,train,normal
1610,午餐,4,15,想吃好点,兴奋,冷,一个人,随便,中辣,素食,552,攸县香干,湘菜,1,chosen,0.5771,0.6341,train,normal
1610,午餐,4,15,想吃好点,兴奋,冷,一个人,随便,中辣,素食,552,攸县香干,湘菜,1,chosen,0.5771,0.5542,train,normal
1611,晚餐,1,44,想吃好点,一般,雪,同事,随便,中辣,麸质,166,炒蚕蛹,东北菜,1,chosen,0.6595,0.6412,test,snow
1611,晚餐,1,44,想吃好点,一般,雪,同事,随便,中辣,麸质,166,炒蚕蛹,东北菜,1,chosen,0.6595,0.6103,test,snow
1611,晚餐,1,44,想吃好点,一般,雪,同事,随便,中辣,麸质,166,炒蚕蛹,东北菜,1,chosen,0.6595,0.7194,test,snow
1612,午餐,4,32,正常,开心,冷,一个人,想健康,中辣,,575,紫苏煎黄瓜,湘菜,1,chosen,0.6256,0.6121,train,normal
1612,午餐,4,32,正常,开心,冷,一个人,想健康,中辣,,575,紫苏煎黄瓜,湘菜,1,chosen,0.6256,0.6455,train,normal
1612,午餐,4,32,正常,开心,冷,一个人,想健康,中辣,,575,紫苏煎黄瓜,湘菜,1,chosen,0.6256,0.6666,train,normal
1612,午餐,4,32,正常,开心,冷,一个人,想健康,中辣,,552,攸县香干,湘菜,0,considered,0.6256,0.6974,train,normal
1612,午餐,4,32,正常,开心,冷,一个人,想健康,中辣,,595,长沙肉丝米粉,湘菜,0,considered,0.6158,0.5862,train,normal
1613,午餐,3,52,省着点,一般,热,一个人,不关心,不吃辣,,289,糖油果子,川菜,1,chosen,0.5457,0.5091,train,normal
1613,午餐,3,52,省着点,一般,热,一个人,不关心,不吃辣,,658,卤水豆腐,烧腊卤味,1,chosen,0.5593,0.577,train,normal
1613,午餐,3,52,省着点,一般,热,一个人,不关心,不吃辣,,658,卤水豆腐,烧腊卤味,1,chosen,0.5593,0.5425,train,normal
1613,午餐,3,52,省着点,一般,热,一个人,不关心,不吃辣,,648,卤水鸡翅,烧腊卤味,0,considered,0.5391,0.4799,train,normal
1613,午餐,3,52,省着点,一般,热,一个人,不关心,不吃辣,,659,卤水鸭掌,烧腊卤味,0,considered,0.5315,0.5407,train,normal
1614,下午加餐,3,71,正常,兴奋,热,朋友,不关心,重辣,麸质,32,藜麦牛油果碗,轻食健康,1,chosen,0.6642,0.6619,train,normal
1614,下午加餐,3,71,正常,兴奋,热,朋友,不关心,重辣,麸质,32,藜麦牛油果碗,轻食健康,1,chosen,0.6642,0.6185,train,normal
1614,下午加餐,3,71,正常,兴奋,热,朋友,不关心,重辣,麸质,32,藜麦牛油果碗,轻食健康,1,chosen,0.6642,0.719,train,normal
1614,下午加餐,3,71,正常,兴奋,热,朋友,不关心,重辣,麸质,36,希腊酸奶坚果碗,轻食健康,0,considered,0.664,0.6169,train,normal
1614,下午加餐,3,71,正常,兴奋,热,朋友,不关心,重辣,麸质,762,丝袜奶茶,轻食健康,0,considered,0.661,0.6651,train,normal
1615,晚餐,2,53,省着点,一般,阴,家人,不关心,中辣,,523,长沙臭豆腐,湘菜,1,chosen,0.6074,0.6404,train,normal
1615,晚餐,2,53,省着点,一般,阴,家人,不关心,中辣,,523,长沙臭豆腐,湘菜,1,chosen,0.6074,0.6683,train,normal
1615,晚餐,2,53,省着点,一般,阴,家人,不关心,中辣,,523,长沙臭豆腐,湘菜,1,chosen,0.6074,0.5456,train,normal
1616,晚餐,2,47,正常,开心,冷,一个人,想健康,不吃辣,海鲜,348,豉汁蒸排骨,广府家常菜,1,chosen,0.6098,0.6193,train,normal
1616,晚餐,2,47,正常,开心,冷,一个人,想健康,不吃辣,海鲜,347,菜心炒牛肉,广府家常菜,1,chosen,0.6098,0.5661,train,normal
1616,晚餐,2,47,正常,开心,冷,一个人,想健康,不吃辣,海鲜,348,豉汁蒸排骨,广府家常菜,1,chosen,0.6098,0.6169,train,normal
1617,午餐,4,42,想吃好点,兴奋,热,朋友,不关心,重辣,"海鲜,乳制品",237,蒜泥白肉,川菜,1,chosen,0.6785,0.6923,train,normal
1617,午餐,4,42,想吃好点,兴奋,热,朋友,不关心,重辣,"海鲜,乳制品",237,蒜泥白肉,川菜,1,chosen,0.6785,0.6914,train,normal
1617,午餐,4,42,想吃好点,兴奋,热,朋友,不关心,重辣,"海鲜,乳制品",237,蒜泥白肉,川菜,1,chosen,0.6785,0.7238,train,normal
1617,午餐,4,42,想吃好点,兴奋,热,朋友,不关心,重辣,"海鲜,乳制品",339,自贡小煎鸡,川菜,0,considered,0.668,0.6072,train,normal
1617,午餐,4,42,想吃好点,兴奋,热,朋友,不关心,重辣,"海鲜,乳制品",341,鲜锅兔,川菜,0,considered,0.668,0.6621,train,normal
1618,晚餐,4,20,想吃好点,一般,冷,一个人,不关心,微辣,素食,371,鱼香茄子煲,广府家常菜,1,chosen,0.5672,0.5182,train,normal
1618,晚餐,4,20,想吃好点,一般,冷,一个人,不关心,微辣,素食,371,鱼香茄子煲,广府家常菜,1,chosen,0.5672,0.6399,train,normal
1618,晚餐,4,20,想吃好点,一般,冷,一个人,不关心,微辣,素食,371,鱼香茄子煲,广府家常菜,1,chosen,0.5672,0.587,train,normal
1619,午餐,4,53,正常,低落,阴,家人,想健康,中辣,,15,宫保鸡丁,家常炒菜,1,chosen,0.6971,0.6519,val,normal
1619,午餐,4,53,正常,低落,阴,家人,想健康,中辣,,15,宫保鸡丁,家常炒菜,1,chosen,0.6971,0.6909,val,normal
1619,午餐,4,53,正常,低落,阴,家人,想健康,中辣,,15,宫保鸡丁,家常炒菜,1,chosen,0.6971,0.6367,val,normal
1620,午餐,4,29,省着点,一般,冷,家人,不关心,中辣,"海鲜,乳制品",668,咸肉菜饭,煲仔饭碟头饭,1,chosen,0.657,0.6951,train,normal
1620,午餐,4,29,省着点,一般,冷,家人,不关心,中辣,"海鲜,乳制品",668,咸肉菜饭,煲仔饭碟头饭,1,chosen,0.657,0.6703,train,normal
1620,午餐,4,29,省着点,一般,冷,家人,不关心,中辣,"海鲜,乳制品",668,咸肉菜饭,煲仔饭碟头饭,1,chosen,0.657,0.647,train,normal
1621,午餐,4,15,想吃好点,疲惫,雪,约会,严格控制,中辣,素食,575,紫苏煎黄瓜,湘菜,1,chosen,0.8201,0.7938,test,snow
1621,午餐,4,15,想吃好点,疲惫,雪,约会,严格控制,中辣,素食,575,紫苏煎黄瓜,湘菜,1,chosen,0.8201,0.8571,test,snow
1621,午餐,4,15,想吃好点,疲惫,雪,约会,严格控制,中辣,素食,575,紫苏煎黄瓜,湘菜,1,chosen,0.8201,0.8136,test,snow
1622,午餐,4,44,省着点,疲惫,雨,同事,不关心,中辣,,595,长沙肉丝米粉,湘菜,1,chosen,0.6625,0.7036,val,normal
1622,午餐,4,44,省着点,疲惫,雨,同事,不关心,中辣,,595,长沙肉丝米粉,湘菜,1,chosen,0.6625,0.6756,val,normal
1622,午餐,4,44,省着点,疲惫,雨,同事,不关心,中辣,,595,长沙肉丝米粉,湘菜,1,chosen,0.6625,0.7027,val,normal
1622,午餐,4,44,省着点,疲惫,雨,同事,不关心,中辣,,604,湖南炒饭,湘菜,0,considered,0.6575,0.6867,val,normal
1622,午餐,4,44,省着点,疲惫,雨,同事,不关心,中辣,,575,紫苏煎黄瓜,湘菜,0,considered,0.6551,0.6668,val,normal
1623,晚餐,4,75,想吃好点,疲惫,阴,家人,想健康,重辣,,524,香辣鱼块,湘菜,1,chosen,0.7124,0.6785,train,normal
1623,晚餐,4,75,想吃好点,疲惫,阴,家人,想健康,重辣,,524,香辣鱼块,湘菜,1,chosen,0.7124,0.7142,train,normal
1623,晚餐,4,75,想吃好点,疲惫,阴,家人,想健康,重辣,,524,香辣鱼块,湘菜,1,chosen,0.7124,0.6983,train,normal
1624,晚餐,2,42,不差钱,兴奋,晴,同事,想健康,不吃辣,素食,458,油焖笋,本帮江浙菜,1,chosen,0.5481,0.5451,test,normal
1624,晚餐,2,42,不差钱,兴奋,晴,同事,想健康,不吃辣,素食,195,清炒草头,家常炒菜,1,chosen,0.5702,0.5838,test,normal
1624,晚餐,2,42,不差钱,兴奋,晴,同事,想健康,不吃辣,素食,458,油焖笋,本帮江浙菜,1,chosen,0.5481,0.5844,test,normal
1625,午餐,3,59,不差钱,疲惫,晴,一个人,想健康,不吃辣,海鲜,68,小鸡炖蘑菇,东北菜,1,chosen,0.587,0.4958,train,normal
1625,午餐,3,59,不差钱,疲惫,晴,一个人,想健康,不吃辣,海鲜,24,菌汤火锅,火锅麻辣烫,1,chosen,0.597,0.6033,train,normal
1625,午餐,3,59,不差钱,疲惫,晴,一个人,想健康,不吃辣,海鲜,68,小鸡炖蘑菇,东北菜,1,chosen,0.587,0.58,train,normal
1626,午餐,3,56,正常,兴奋,雨,一个人,随便,微辣,麸质,651,牛杂,烧腊卤味,1,chosen,0.5783,0.5319,val,normal
1626,午餐,3,56,正常,兴奋,雨,一个人,随便,微辣,麸质,651,牛杂,烧腊卤味,1,chosen,0.5783,0.5812,val,normal
1626,午餐,3,56,正常,兴奋,雨,一个人,随便,微辣,麸质,651,牛杂,烧腊卤味,1,chosen,0.5783,0.5973,val,normal
1627,晚餐,5,30,不差钱,疲惫,雪,朋友,不关心,不吃辣,,471,梭子蟹炒年糕,本帮江浙菜,1,chosen,0.7644,0.757,test,snow
1627,晚餐,5,30,不差钱,疲惫,雪,朋友,不关心,不吃辣,,471,梭子蟹炒年糕,本帮江浙菜,1,chosen,0.7644,0.7504,test,snow
1627,晚餐,5,30,不差钱,疲惫,雪,朋友,不关心,不吃辣,,471,梭子蟹炒年糕,本帮江浙菜,1,chosen,0.7644,0.7681,test,snow
1628,晚餐,5,78,正常,疲惫,晴,同事,想健康,不吃辣,乳制品,680,海南鸡饭,煲仔饭碟头饭,1,chosen,0.6391,0.6611,train,normal
1628,晚餐,5,78,正常,疲惫,晴,同事,想健康,不吃辣,乳制品,680,海南鸡饭,煲仔饭碟头饭,1,chosen,0.6391,0.5984,train,normal
1628,晚餐,5,78,正常,疲惫,晴,同事,想健康,不吃辣,乳制品,680,海南鸡饭,煲仔饭碟头饭,1,chosen,0.6391,0.6848,train,normal
1629,午餐,5,45,想吃好点,压力大,雪,家人,不关心,中辣,,527,冬笋炒腊肉,湘菜,1,chosen,0.7802,0.7605,test,snow
1629,午餐,5,45,想吃好点,压力大,雪,家人,不关心,中辣,,527,冬笋炒腊肉,湘菜,1,chosen,0.7802,0.7539,test,snow
1629,午餐,5,45,想吃好点,压力大,雪,家人,不关心,中辣,,527,冬笋炒腊肉,湘菜,1,chosen,0.7802,0.8174,test,snow
1630,夜宵,2,63,想吃好点,一般,雨,家人,想健康,微辣,,618,烤生蚝,火锅麻辣烫,1,chosen,0.712,0.6717,test,normal
1630,夜宵,2,63,想吃好点,一般,雨,家人,想健康,微辣,,618,烤生蚝,火锅麻辣烫,1,chosen,0.712,0.7027,test,normal
1630,夜宵,2,63,想吃好点,一般,雨,家人,想健康,微辣,,618,烤生蚝,火锅麻辣烫,1,chosen,0.712,0.6332,test,normal
1631,晚餐,5,56,不差钱,一般,阴,一个人,想健康,中辣,麸质,298,酸汤鱼,川菜,1,chosen,0.566,0.5685,train,normal
1631,晚餐,5,56,不差钱,一般,阴,一个人,想健康,中辣,麸质,298,酸汤鱼,川菜,1,chosen,0.566,0.5506,train,normal
1631,晚餐,5,56,不差钱,一般,阴,一个人,想健康,中辣,麸质,298,酸汤鱼,川菜,1,chosen,0.566,0.6221,train,normal
1632,下午加餐,5,45,想吃好点,兴奋,晴,同事,不关心,微辣,乳制品,770,波奇饭,轻食健康,1,chosen,0.5709,0.532,train,normal
1632,下午加餐,5,45,想吃好点,兴奋,晴,同事,不关心,微辣,乳制品,770,波奇饭,轻食健康,1,chosen,0.5709,0.559,train,normal
1632,下午加餐,5,45,想吃好点,兴奋,晴,同事,不关心,微辣,乳制品,770,波奇饭,轻食健康,1,chosen,0.5709,0.5466,train,normal
1633,夜宵,3,52,想吃好点,一般,阴,家人,想健康,微辣,,618,烤生蚝,火锅麻辣烫,1,chosen,0.6645,0.669,train,normal
1633,夜宵,3,52,想吃好点,一般,阴,家人,想健康,微辣,,618,烤生蚝,火锅麻辣烫,1,chosen,0.6645,0.6365,train,normal
1633,夜宵,3,52,想吃好点,一般,阴,家人,想健康,微辣,,618,烤生蚝,火锅麻辣烫,1,chosen,0.6645,0.7067,train,normal
1634,晚餐,2,40,正常,开心,冷,家人,随便,不吃辣,素食,458,油焖笋,本帮江浙菜,1,chosen,0.6475,0.6823,val,normal
1634,晚餐,2,40,正常,开心,冷,家人,随便,不吃辣,素食,458,油焖笋,本帮江浙菜,1,chosen,0.6475,0.5945,val,normal
1634,晚餐,2,40,正常,开心,冷,家人,随便,不吃辣,素食,143,茄子炖土豆,东北菜,1,chosen,0.6339,0.7,val,normal
1634,晚餐,2,40,正常,开心,冷,家人,随便,不吃辣,素食,482,素蟹粉,本帮江浙菜,0,considered,0.5699,0.5836,val,normal
1634,晚餐,2,40,正常,开心,冷,家人,随便,不吃辣,素食,457,宁波烤菜,本帮江浙菜,0,considered,0.5366,0.5261,val,normal
1635,夜宵,3,50,正常,兴奋,雨,朋友,不关心,中辣,海鲜,26,烤鸡翅,烧烤小吃,1,chosen,0.7372,0.7416,test,normal
1635,夜宵,3,50,正常,兴奋,雨,朋友,不关心,中辣,海鲜,26,烤鸡翅,烧烤小吃,1,chosen,0.7372,0.6874,test,normal
1635,夜宵,3,50,正常,兴奋,雨,朋友,不关心,中辣,海鲜,26,烤鸡翅,烧烤小吃,1,chosen,0.7372,0.7636,test,normal
1635,夜宵,3,50,正常,兴奋,雨,朋友,不关心,中辣,海鲜,645,臭豆腐,烧烤小吃,0,considered,0.7078,0.7276,test,normal
1635,夜宵,3,50,正常,兴奋,雨,朋友,不关心,中辣,海鲜,30,铁板豆腐,烧烤小吃,0,considered,0.6994,0.6796,test,normal
1636,午餐,2,107,正常,开心,晴,约会,严格控制,重辣,,248,青椒肉丝(川),川菜,1,chosen,0.6877,0.64,train,normal
1636,午餐,2,107,正常,开心,晴,约会,严格控制,重辣,,293,藤椒鸡,川菜,1,chosen,0.6941,0.7343,train,normal
1636,午餐,2,107,正常,开心,晴,约会,严格控制,重辣,,162,干煸茧蛹,东北菜,1,chosen,0.6829,0.7072,train,normal
1636,午餐,2,107,正常,开心,晴,约会,严格控制,重辣,,248,青椒肉丝(川),川菜,0,considered,0.6877,0.7629,train,normal
1636,午餐,2,107,正常,开心,晴,约会,严格控制,重辣,,252,麻婆豆腐(川),川菜,0,considered,0.682,0.6893,train,normal
1637,午餐,3,15,正常,一般,阴,一个人,想健康,微辣,,71,干豆腐炒尖椒,东北菜,1,chosen,0.5544,0.51,train,normal
1637,午餐,3,15,正常,一般,阴,一个人,想健康,微辣,,6,兰州牛肉面,长三角粉面,1,chosen,0.5581,0.6154,train,normal
1637,午餐,3,15,正常,一般,阴,一个人,想健康,微辣,,6,兰州牛肉面,长三角粉面,1,chosen,0.5581,0.5302,train,normal
1638,午餐,5,53,想吃好点,兴奋,雨,朋友,严格控制,中辣,,241,酸汤肥牛,川菜,1,chosen,0.7357,0.8153,train,normal
1638,午餐,5,53,想吃好点,兴奋,雨,朋友,严格控制,中辣,,241,酸汤肥牛,川菜,1,chosen,0.7357,0.7048,train,normal
1638,午餐,5,53,想吃好点,兴奋,雨,朋友,严格控制,中辣,,241,酸汤肥牛,川菜,1,chosen,0.7357,0.7446,train,normal
1638,午餐,5,53,想吃好点,兴奋,雨,朋友,严格控制,中辣,,300,酸菜肥牛,川菜,0,considered,0.7357,0.7454,train,normal
1638,午餐,5,53,想吃好点,兴奋,雨,朋友,严格控制,中辣,,309,鱼香虾仁,川菜,0,considered,0.7298,0.7606,train,normal
1639,早餐,4,70,想吃好点,兴奋,雨,朋友,想健康,微辣,麸质,424,黑椒牛仔骨,早茶点心,1,chosen,0.6983,0.6284,train,normal
1639,早餐,4,70,想吃好点,兴奋,雨,朋友,想健康,微辣,麸质,424,黑椒牛仔骨,早茶点心,1,chosen,0.6983,0.6929,train,normal
1639,早餐,4,70,想吃好点,兴奋,雨,朋友,想健康,微辣,麸质,424,黑椒牛仔骨,早茶点心,1,chosen,0.6983,0.713,train,normal
1640,早餐,4,43,省着点,疲惫,阴,一个人,想健康,微辣,,439,菜肉大馄饨,早餐粥点,1,chosen,0.6243,0.5771,train,normal
1640,早餐,4,43,省着点,疲惫,阴,一个人,想健康,微辣,,439,菜肉大馄饨,早餐粥点,1,chosen,0.6243,0.6075,train,normal
1640,早餐,4,43,省着点,疲惫,阴,一个人,想健康,微辣,,43,皮蛋瘦肉粥,早餐粥点,1,chosen,0.6182,0.5974,train,normal
1641,午餐,3,70,正常,一般,阴,同事,想健康,中辣,,575,紫苏煎黄瓜,湘菜,1,chosen,0.6023,0.6873,test,normal
1641,午餐,3,70,正常,一般,阴,同事,想健康,中辣,,552,攸县香干,湘菜,1,chosen,0.6023,0.5892,test,normal
1641,午餐,3,70,正常,一般,阴,同事,想健康,中辣,,552,攸县香干,湘菜,1,chosen,0.6023,0.608,test,normal
1641,午餐,3,70,正常,一般,阴,同事,想健康,中辣,,575,紫苏煎黄瓜,湘菜,0,considered,0.6023,0.6014,test,normal
1641,午餐,3,70,正常,一般,阴,同事,想健康,中辣,,543,干豆角炒肉,湘菜,0,considered,0.5925,0.6128,test,normal
1642,夜宵,2,71,正常,一般,雨,一个人,不关心,中辣,,26,烤鸡翅,烧烤小吃,1,chosen,0.6299,0.6242,train,normal
1642,夜宵,2,71,正常,一般,雨,一个人,不关心,中辣,,26,烤鸡翅,烧烤小吃,1,chosen,0.6299,0.6595,train,normal
1642,夜宵,2,71,正常,一般,雨,一个人,不关心,中辣,,26,烤鸡翅,烧烤小吃,1,chosen,0.6299,0.5732,train,normal
1643,下午加餐,4,56,省着点,疲惫,晴,家人,想健康,微辣,,688,双皮奶,糖水甜品,1,chosen,0.6395,0.6526,train,normal
1643,下午加餐,4,56,省着点,疲惫,晴,家人,想健康,微辣,,688,双皮奶,糖水甜品,1,chosen,0.6395,0.6851,train,normal
1643,下午加餐,4,56,省着点,疲惫,晴,家人,想健康,微辣,,688,双皮奶,糖水甜品,1,chosen,0.6395,0.641,train,normal
1643,下午加餐,4,56,省着点,疲惫,晴,家人,想健康,微辣,,707,芒果西米露,糖水甜品,0,considered,0.6179,0.5946,train,normal
1643,下午加餐,4,56,省着点,疲惫,晴,家人,想健康,微辣,,702,桂花糖芋艿,糖水甜品,0,considered,0.6177,0.6294,train,normal
1644,晚餐,4,46,想吃好点,一般,热,一个人,想健康,微辣,素食,658,卤水豆腐,烧腊卤味,1,chosen,0.5749,0.6112,train,normal
1644,晚餐,4,46,想吃好点,一般,热,一个人,想健康,微辣,素食,658,卤水豆腐,烧腊卤味,1,chosen,0.5749,0.6217,train,normal
1644,晚餐,4,46,想吃好点,一般,热,一个人,想健康,微辣,素食,658,卤水豆腐,烧腊卤味,1,chosen,0.5749,0.5547,train,normal
1644,晚餐,4,46,想吃好点,一般,热,一个人,想健康,微辣,素食,657,卤水掌翼,烧腊卤味,0,considered,0.0,0.0,train,normal
1644,晚餐,4,46,想吃好点,一般,热,一个人,想健康,微辣,素食,656,卤水拼盘,烧腊卤味,0,considered,0.0,0.0023,train,normal
1645,晚餐,3,44,不差钱,压力大,阴,一个人,不关心,不吃辣,,471,梭子蟹炒年糕,本帮江浙菜,1,chosen,0.5556,0.5602,train,normal
1645,晚餐,3,44,不差钱,压力大,阴,一个人,不关心,不吃辣,,471,梭子蟹炒年糕,本帮江浙菜,1,chosen,0.5556,0.5892,train,normal
1645,晚餐,3,44,不差钱,压力大,阴,一个人,不关心,不吃辣,,471,梭子蟹炒年糕,本帮江浙菜,1,chosen,0.5556,0.5605,train,normal
1646,下午加餐,3,53,正常,一般,阴,一个人,不关心,不吃辣,,767,珍珠奶茶,轻食健康,1,chosen,0.5667,0.5654,train,normal
1646,下午加餐,3,53,正常,一般,阴,一个人,不关心,不吃辣,,762,丝袜奶茶,轻食健康,1,chosen,0.5667,0.5512,train,normal
1646,下午加餐,3,53,正常,一般,阴,一个人,不关心,不吃辣,,762,丝袜奶茶,轻食健康,1,chosen,0.5667,0.4993,train,normal
1646,下午加餐,3,53,正常,一般,阴,一个人,不关心,不吃辣,,772,鲜榨橙汁,轻食健康,0,considered,0.5667,0.6116,train,normal
1646,下午加餐,3,53,正常,一般,阴,一个人,不关心,不吃辣,,767,珍珠奶茶,轻食健康,0,considered,0.5667,0.5846,train,normal
1647,晚餐,5,46,省着点,兴奋,热,约会,不关心,微辣,"海鲜,乳制品",658,卤水豆腐,烧腊卤味,1,chosen,0.6701,0.6839,train,normal
1647,晚餐,5,46,省着点,兴奋,热,约会,不关心,微辣,"海鲜,乳制品",9,炸酱面,长三角粉面,1,chosen,0.6515,0.5941,train,normal
1647,晚餐,5,46,省着点,兴奋,热,约会,不关心,微辣,"海鲜,乳制品",658,卤水豆腐,烧腊卤味,1,chosen,0.6701,0.6729,train,normal
1648,下午加餐,3,69,省着点,压力大,阴,家人,想健康,中辣,,707,芒果西米露,糖水甜品,1,chosen,0.6549,0.6409,train,normal
1648,下午加餐,3,69,省着点,压力大,阴,家人,想健康,中辣,,688,双皮奶,糖水甜品,1,chosen,0.6765,0.6851,train,normal
1648,下午加餐,3,69,省着点,压力大,阴,家人,想健康,中辣,,707,芒果西米露,糖水甜品,1,chosen,0.6549,0.6577,train,normal
1649,午餐,3,50,正常,压力大,冷,同事,想健康,微辣,麸质,69,尖椒干豆腐,东北菜,1,chosen,0.69,0.6352,train,normal
1649,午餐,3,50,正常,压力大,冷,同事,想健康,微辣,麸质,6,兰州牛肉面,长三角粉面,1,chosen,0.6974,0.7213,train,normal
1649,午餐,3,50,正常,压力大,冷,同事,想健康,微辣,麸质,6,兰州牛肉面,长三角粉面,1,chosen,0.6974,0.7166,train,normal
1650,午餐,2,90,省着点,疲惫,阴,朋友,想健康,不吃辣,,658,卤水豆腐,烧腊卤味,1,chosen,0.6654,0.6817,train,normal
1650,午餐,2,90,省着点,疲惫,阴,朋友,想健康,不吃辣,,658,卤水豆腐,烧腊卤味,1,chosen,0.6654,0.6425,train,normal
1650,午餐,2,90,省着点,疲惫,阴,朋友,想健康,不吃辣,,658,卤水豆腐,烧腊卤味,1,chosen,0.6654,0.6209,train,normal
1650,午餐,2,90,省着点,疲惫,阴,朋友,想健康,不吃辣,,648,卤水鸡翅,烧腊卤味,0,considered,0.6485,0.5596,train,normal
1650,午餐,2,90,省着点,疲惫,阴,朋友,想健康,不吃辣,,659,卤水鸭掌,烧腊卤味,0,considered,0.5829,0.5884,train,normal
1651,午餐,4,45,正常,疲惫,阴,约会,不关心,中辣,,15,宫保鸡丁,家常炒菜,1,chosen,0.6891,0.6856,train,normal
1651,午餐,4,45,正常,疲惫,阴,约会,不关心,中辣,,15,宫保鸡丁,家常炒菜,1,chosen,0.6891,0.6449,train,normal
1651,午餐,4,45,正常,疲惫,阴,约会,不关心,中辣,,15,宫保鸡丁,家常炒菜,1,chosen,0.6891,0.6613,train,normal
1652,晚餐,4,57,正常,压力大,冷,朋友,想健康,微辣,素食,64,土豆炖茄子,东北菜,1,chosen,0.7369,0.7383,train,normal
1652,晚餐,4,57,正常,压力大,冷,朋友,想健康,微辣,素食,64,土豆炖茄子,东北菜,1,chosen,0.7369,0.7396,train,normal
1652,晚餐,4,57,正常,压力大,冷,朋友,想健康,微辣,素食,64,土豆炖茄子,东北菜,1,chosen,0.7369,0.7222,train,normal
1652,晚餐,4,57,正常,压力大,冷,朋友,想健康,微辣,素食,143,茄子炖土豆,东北菜,0,considered,0.7369,0.8266,train,normal
1652,晚餐,4,57,正常,压力大,冷,朋友,想健康,微辣,素食,159,东北乱炖(素),东北菜,0,considered,0.7369,0.7966,train,normal
1653,晚餐,5,57,省着点,低落,阴,同事,想健康,中辣,,575,紫苏煎黄瓜,湘菜,1,chosen,0.6431,0.6526,train,normal
1653,晚餐,5,57,省着点,低落,阴,同事,想健康,中辣,,575,紫苏煎黄瓜,湘菜,1,chosen,0.6431,0.6904,train,normal
1653,晚餐,5,57,省着点,低落,阴,同事,想健康,中辣,,575,紫苏煎黄瓜,湘菜,1,chosen,0.6431,0.5915,train,normal
1654,午餐,3,81,正常,开心,晴,一个人,不关心,中辣,"海鲜,乳制品",591,酸菜炒粉皮,湘菜,1,chosen,0.5383,0.5564,train,normal
1654,午餐,3,81,正常,开心,晴,一个人,不关心,中辣,"海鲜,乳制品",591,酸菜炒粉皮,湘菜,1,chosen,0.5383,0.584,train,normal
1654,午餐,3,81,正常,开心,晴,一个人,不关心,中辣,"海鲜,乳制品",591,酸菜炒粉皮,湘菜,1,chosen,0.5383,0.5079,train,normal
1654,午餐,3,81,正常,开心,晴,一个人,不关心,中辣,"海鲜,乳制品",579,腊味萝卜干,湘菜,0,considered,0.5383,0.5352,train,normal
1654,午餐,3,81,正常,开心,晴,一个人,不关心,中辣,"海鲜,乳制品",575,紫苏煎黄瓜,湘菜,0,considered,0.5383,0.5083,train,normal
1655,晚餐,2,15,正常,一般,阴,一个人,想健康,中辣,,248,青椒肉丝(川),川菜,1,chosen,0.566,0.5826,train,normal
1655,晚餐,2,15,正常,一般,阴,一个人,想健康,中辣,,248,青椒肉丝(川),川菜,1,chosen,0.566,0.5432,train,normal
1655,晚餐,2,15,正常,一般,阴,一个人,想健康,中辣,,248,青椒肉丝(川),川菜,1,chosen,0.566,0.5677,train,normal
1656,午餐,4,96,想吃好点,低落,阴,同事,随便,微辣,,371,鱼香茄子煲,广府家常菜,1,chosen,0.5916,0.6162,train,normal
1656,午餐,4,96,想吃好点,低落,阴,同事,随便,微辣,,781,上海大肠面,长三角粉面,1,chosen,0.5916,0.5454,train,normal
1656,午餐,4,96,想吃好点,低落,阴,同事,随便,微辣,,781,上海大肠面,长三角粉面,1,chosen,0.5916,0.6249,train,normal
1657,晚餐,3,62,不差钱,疲惫,阴,朋友,想健康,不吃辣,"海鲜,乳制品",24,菌汤火锅,火锅麻辣烫,1,chosen,0.6911,0.7077,train,normal
1657,晚餐,3,62,不差钱,疲惫,阴,朋友,想健康,不吃辣,"海鲜,乳制品",24,菌汤火锅,火锅麻辣烫,1,chosen,0.6911,0.6523,train,normal
1657,晚餐,3,62,不差钱,疲惫,阴,朋友,想健康,不吃辣,"海鲜,乳制品",24,菌汤火锅,火锅麻辣烫,1,chosen,0.6911,0.6318,train,normal
1658,晚餐,3,37,正常,开心,阴,同事,严格控制,微辣,"海鲜,乳制品",6,兰州牛肉面,长三角粉面,1,chosen,0.6149,0.6318,test,normal
1658,晚餐,3,37,正常,开心,阴,同事,严格控制,微辣,"海鲜,乳制品",71,干豆腐炒尖椒,东北菜,1,chosen,0.6149,0.6363,test,normal
1658,晚餐,3,37,正常,开心,阴,同事,严格控制,微辣,"海鲜,乳制品",6,兰州牛肉面,长三角粉面,1,chosen,0.6149,0.592,test,normal
1659,晚餐,4,49,正常,一般,热,家人,不关心,不吃辣,素食,658,卤水豆腐,烧腊卤味,1,chosen,0.6533,0.6496,train,normal
1659,晚餐,4,49,正常,一般,热,家人,不关心,不吃辣,素食,658,卤水豆腐,烧腊卤味,1,chosen,0.6533,0.6331,train,normal
1659,晚餐,4,49,正常,一般,热,家人,不关心,不吃辣,素食,658,卤水豆腐,烧腊卤味,1,chosen,0.6533,0.6865,train,normal
1660,午餐,4,51,正常,疲惫,晴,同事,想健康,中辣,麸质,2,青椒肉丝,煲仔饭碟头饭,1,chosen,0.6566,0.6457,train,normal
1660,午餐,4,51,正常,疲惫,晴,同事,想健康,中辣,麸质,2,青椒肉丝,煲仔饭碟头饭,1,chosen,0.6566,0.6741,train,normal
1660,午餐,4,51,正常,疲惫,晴,同事,想健康,中辣,麸质,2,青椒肉丝,煲仔饭碟头饭,1,chosen,0.6566,0.6693,train,normal
1660,午餐,4,51,正常,疲惫,晴,同事,想健康,中辣,麸质,680,海南鸡饭,煲仔饭碟头饭,0,considered,0.6428,0.5954,train,normal
1660,午餐,4,51,正常,疲惫,晴,同事,想健康,中辣,麸质,669,扬州炒饭,煲仔饭碟头饭,0,considered,0.639,0.6499,train,normal
1661,午餐,5,24,正常,开心,晴,一个人,想健康,中辣,"海鲜,乳制品",552,攸县香干,湘菜,1,chosen,0.5775,0.6239,train,normal
1661,午餐,5,24,正常,开心,晴,一个人,想健康,中辣,"海鲜,乳制品",552,攸县香干,湘菜,1,chosen,0.5775,0.522,train,normal
1661,午餐,5,24,正常,开心,晴,一个人,想健康,中辣,"海鲜,乳制品",552,攸县香干,湘菜,1,chosen,0.5775,0.5602,train,normal
1661,午餐,5,24,正常,开心,晴,一个人,想健康,中辣,"海鲜,乳制品",575,紫苏煎黄瓜,湘菜,0,considered,0.5775,0.5261,train,normal
1661,午餐,5,24,正常,开心,晴,一个人,想健康,中辣,"海鲜,乳制品",595,长沙肉丝米粉,湘菜,0,considered,0.5677,0.5299,train,normal
1662,早餐,4,30,正常,疲惫,晴,朋友,想健康,微辣,,45,杂粮煎饼果子,早餐粥点,1,chosen,0.675,0.6732,val,normal
1662,早餐,4,30,正常,疲惫,晴,朋友,想健康,微辣,,45,杂粮煎饼果子,早餐粥点,1,chosen,0.675,0.674,val,normal
1662,早餐,4,30,正常,疲惫,晴,朋友,想健康,微辣,,45,杂粮煎饼果子,早餐粥点,1,chosen,0.675,0.7185,val,normal
1663,晚餐,2,47,想吃好点,开心,冷,朋友,想健康,不吃辣,素食,458,油焖笋,本帮江浙菜,1,chosen,0.6768,0.68,train,normal
1663,晚餐,2,47,想吃好点,开心,冷,朋友,想健康,不吃辣,素食,458,油焖笋,本帮江浙菜,1,chosen,0.6768,0.6997,train,normal
1663,晚餐,2,47,想吃好点,开心,冷,朋友,想健康,不吃辣,素食,143,茄子炖土豆,东北菜,1,chosen,0.6685,0.6715,train,normal
1664,下午加餐,2,20,省着点,压力大,晴,朋友,想健康,中辣,,688,双皮奶,糖水甜品,1,chosen,0.6765,0.6922,train,normal
1664,下午加餐,2,20,省着点,压力大,晴,朋友,想健康,中辣,,688,双皮奶,糖水甜品,1,chosen,0.6765,0.5967,train,normal
1664,下午加餐,2,20,省着点,压力大,晴,朋友,想健康,中辣,,688,双皮奶,糖水甜品,1,chosen,0.6765,0.7126,train,normal
1664,下午加餐,2,20,省着点,压力大,晴,朋友,想健康,中辣,,707,芒果西米露,糖水甜品,0,considered,0.6549,0.6828,train,normal
1664,下午加餐,2,20,省着点,压力大,晴,朋友,想健康,中辣,,689,杨枝甘露,糖水甜品,0,considered,0.6432,0.6332,train,normal
1665,晚餐,4,34,正常,压力大,冷,朋友,想健康,中辣,,15,宫保鸡丁,家常炒菜,1,chosen,0.7636,0.754,train,normal
1665,晚餐,4,34,正常,压力大,冷,朋友,想健康,中辣,,552,攸县香干,湘菜,1,chosen,0.75,0.755,train,normal
1665,晚餐,4,34,正常,压力大,冷,朋友,想健康,中辣,,15,宫保鸡丁,家常炒菜,1,chosen,0.7636,0.809,train,normal
1666,午餐,4,76,省着点,低落,热,一个人,随便,微辣,,60,东北饭包,东北菜,1,chosen,0.5931,0.6252,train,normal
1666,午餐,4,76,省着点,低落,热,一个人,随便,微辣,,60,东北饭包,东北菜,1,chosen,0.5931,0.6181,train,normal
1666,午餐,4,76,省着点,低落,热,一个人,随便,微辣,,60,东北饭包,东北菜,1,chosen,0.5931,0.6301,train,normal
1667,晚餐,2,32,想吃好点,开心,晴,一个人,想健康,不吃辣,素食,195,清炒草头,家常炒菜,1,chosen,0.5488,0.5264,train,normal
1667,晚餐,2,32,想吃好点,开心,晴,一个人,想健康,不吃辣,素食,195,清炒草头,家常炒菜,1,chosen,0.5488,0.5885,train,normal
1667,晚餐,2,32,想吃好点,开心,晴,一个人,想健康,不吃辣,素食,195,清炒草头,家常炒菜,1,chosen,0.5488,0.5331,train,normal
1667,晚餐,2,32,想吃好点,开心,晴,一个人,想健康,不吃辣,素食,194,油焖春笋,家常炒菜,0,considered,0.5346,0.5317,train,normal
1667,晚餐,2,32,想吃好点,开心,晴,一个人,想健康,不吃辣,素食,17,蒜蓉西兰花,家常炒菜,0,considered,0.5055,0.4454,train,normal
1668,晚餐,4,44,正常,一般,阴,约会,随便,不吃辣,,668,咸肉菜饭,煲仔饭碟头饭,1,chosen,0.6289,0.6702,train,normal
1668,晚餐,4,44,正常,一般,阴,约会,随便,不吃辣,,668,咸肉菜饭,煲仔饭碟头饭,1,chosen,0.6289,0.6337,train,normal
1668,晚餐,4,44,正常,一般,阴,约会,随便,不吃辣,,358,煎酿三宝,广府家常菜,1,chosen,0.6289,0.6756,train,normal
1669,午餐,4,15,想吃好点,低落,晴,家人,严格控制,中辣,,248,青椒肉丝(川),川菜,1,chosen,0.6799,0.7012,train,normal
1669,午餐,4,15,想吃好点,低落,晴,家人,严格控制,中辣,,248,青椒肉丝(川),川菜,1,chosen,0.6799,0.6248,train,normal
1669,午餐,4,15,想吃好点,低落,晴,家人,严格控制,中辣,,248,青椒肉丝(川),川菜,1,chosen,0.6799,0.6354,train,normal
1670,午餐,3,60,正常,一般,晴,一个人,不关心,不吃辣,,353,姜葱炒牛肉,广府家常菜,1,chosen,0.5111,0.5057,train,normal
1670,午餐,3,60,正常,一般,晴,一个人,不关心,不吃辣,,353,姜葱炒牛肉,广府家常菜,1,chosen,0.5111,0.5299,train,normal
1670,午餐,3,60,正常,一般,晴,一个人,不关心,不吃辣,,353,姜葱炒牛肉,广府家常菜,1,chosen,0.5111,0.5282,train,normal
1670,午餐,3,60,正常,一般,晴,一个人,不关心,不吃辣,,357,烧肉炒芥兰,广府家常菜,0,considered,0.5111,0.4905,train,normal
1670,午餐,3,60,正常,一般,晴,一个人,不关心,不吃辣,,365,豆豉蒸鲮鱼,广府家常菜,0,considered,0.5111,0.5336,train,normal
1671,晚餐,5,62,正常,一般,冷,一个人,想健康,中辣,,552,攸县香干,湘菜,1,chosen,0.6142,0.6844,val,normal
1671,晚餐,5,62,正常,一般,冷,一个人,想健康,中辣,,552,攸县香干,湘菜,1,chosen,0.6142,0.6537,val,normal
1671,晚餐,5,62,正常,一般,冷,一个人,想健康,中辣,,552,攸县香干,湘菜,1,chosen,0.6142,0.5713,val,normal
1671,晚餐,5,62,正常,一般,冷,一个人,想健康,中辣,,575,紫苏煎黄瓜,湘菜,0,considered,0.6142,0.6057,val,normal
1671,晚餐,5,62,正常,一般,冷,一个人,想健康,中辣,,554,榨菜肉丝(湘),湘菜,0,considered,0.6044,0.5747,val,normal
1672,午餐,3,59,正常,压力大,雨,同事,想健康,中辣,,11,云南小锅米线,长三角粉面,1,chosen,0.6979,0.7408,train,normal
1672,午餐,3,59,正常,压力大,雨,同事,想健康,中辣,,11,云南小锅米线,长三角粉面,1,chosen,0.6979,0.7749,train,normal
1672,午餐,3,59,正常,压力大,雨,同事,想健康,中辣,,11,云南小锅米线,长三角粉面,1,chosen,0.6979,0.6455,train,normal
1673,午餐,3,26,省着点,开心,热,同事,想健康,不吃辣,麸质,658,卤水豆腐,烧腊卤味,1,chosen,0.6371,0.5745,test,normal
1673,午餐,3,26,省着点,开心,热,同事,想健康,不吃辣,麸质,658,卤水豆腐,烧腊卤味,1,chosen,0.6371,0.6316,test,normal
1673,午餐,3,26,省着点,开心,热,同事,想健康,不吃辣,麸质,658,卤水豆腐,烧腊卤味,1,chosen,0.6371,0.6207,test,normal
1673,午餐,3,26,省着点,开心,热,同事,想健康,不吃辣,麸质,648,卤水鸡翅,烧腊卤味,0,considered,0.5952,0.6179,test,normal
1673,午餐,3,26,省着点,开心,热,同事,想健康,不吃辣,麸质,656,卤水拼盘,烧腊卤味,0,considered,0.5293,0.5216,test,normal
1674,晚餐,4,41,想吃好点,疲惫,冷,同事,不关心,中辣,乳制品,327,川味腊肠炒饭,川菜,1,chosen,0.6587,0.7004,val,normal
1674,晚餐,4,41,想吃好点,疲惫,冷,同事,不关心,中辣,乳制品,212,宫保鸡丁(川),川菜,1,chosen,0.6595,0.6651,val,normal
1674,晚餐,4,41,想吃好点,疲惫,冷,同事,不关心,中辣,乳制品,212,宫保鸡丁(川),川菜,1,chosen,0.6595,0.5892,val,normal
1674,晚餐,4,41,想吃好点,疲惫,冷,同事,不关心,中辣,乳制品,308,鱼香肉片,川菜,0,considered,0.6595,0.7317,val,normal
1674,晚餐,4,41,想吃好点,疲惫,冷,同事,不关心,中辣,乳制品,328,川味香肠炒饭,川菜,0,considered,0.6587,0.6554,val,normal
1675,午餐,1,70,不差钱,一般,阴,同事,随便,重辣,,378,姜葱炒蟹,广府家常菜,1,chosen,0.5405,0.5087,val,normal
1675,午餐,1,70,不差钱,一般,阴,同事,随便,重辣,,378,姜葱炒蟹,广府家常菜,1,chosen,0.5405,0.5041,val,normal
1675,午餐,1,70,不差钱,一般,阴,同事,随便,重辣,,378,姜葱炒蟹,广府家常菜,1,chosen,0.5405,0.5301,val,normal
1676,晚餐,4,45,正常,低落,热,约会,随便,微辣,素食,658,卤水豆腐,烧腊卤味,1,chosen,0.6798,0.7496,train,normal
1676,晚餐,4,45,正常,低落,热,约会,随便,微辣,素食,658,卤水豆腐,烧腊卤味,1,chosen,0.6798,0.6596,train,normal
1676,晚餐,4,45,正常,低落,热,约会,随便,微辣,素食,658,卤水豆腐,烧腊卤味,1,chosen,0.6798,0.6696,train,normal
1676,晚餐,4,45,正常,低落,热,约会,随便,微辣,素食,657,卤水掌翼,烧腊卤味,0,considered,0.0,0.0111,train,normal
1676,晚餐,4,45,正常,低落,热,约会,随便,微辣,素食,656,卤水拼盘,烧腊卤味,0,considered,0.0,0.0,train,normal
1677,午餐,2,15,省着点,开心,阴,家人,想健康,中辣,,575,紫苏煎黄瓜,湘菜,1,chosen,0.6403,0.6815,train,normal
1677,午餐,2,15,省着点,开心,阴,家人,想健康,中辣,,575,紫苏煎黄瓜,湘菜,1,chosen,0.6403,0.6329,train,normal
1677,午餐,2,15,省着点,开心,阴,家人,想健康,中辣,,575,紫苏煎黄瓜,湘菜,1,chosen,0.6403,0.662,train,normal
1678,午餐,2,53,不差钱,疲惫,晴,朋友,随便,微辣,,504,红烧鮰鱼,本帮江浙菜,1,chosen,0.6356,0.6281,train,normal
1678,午餐,2,53,不差钱,疲惫,晴,朋友,随便,微辣,,511,黄山臭鳜鱼,本帮江浙菜,1,chosen,0.6489,0.665,train,normal
1678,午餐,2,53,不差钱,疲惫,晴,朋友,随便,微辣,,511,黄山臭鳜鱼,本帮江浙菜,1,chosen,0.6489,0.6782,train,normal
1679,午餐,3,56,正常,一般,阴,一个人,不关心,不吃辣,海鲜,360,白灼猪手,广府家常菜,1,chosen,0.5111,0.5393,val,normal
1679,午餐,3,56,正常,一般,阴,一个人,不关心,不吃辣,海鲜,360,白灼猪手,广府家常菜,1,chosen,0.5111,0.5172,val,normal
1679,午餐,3,56,正常,一般,阴,一个人,不关心,不吃辣,海鲜,360,白灼猪手,广府家常菜,1,chosen,0.5111,0.4914,val,normal
1679,午餐,3,56,正常,一般,阴,一个人,不关心,不吃辣,海鲜,368,豉汁蒸凤爪,广府家常菜,0,considered,0.5111,0.4014,val,normal
1679,午餐,3,56,正常,一般,阴,一个人,不关心,不吃辣,海鲜,370,陈皮蒸牛肉饼,广府家常菜,0,considered,0.5111,0.4886,val,normal
1680,早餐,3,54,不差钱,压力大,冷,一个人,随便,不吃辣,,427,南翔小笼包,早餐粥点,1,chosen,0.6473,0.6726,train,normal
1680,早餐,3,54,不差钱,压力大,冷,一个人,随便,不吃辣,,427,南翔小笼包,早餐粥点,1,chosen,0.6473,0.6209,train,normal
1680,早餐,3,54,不差钱,压力大,冷,一个人,随便,不吃辣,,427,南翔小笼包,早餐粥点,1,chosen,0.6473,0.6362,train,normal
1681,晚餐,4,43,正常,压力大,雨,朋友,想健康,不吃辣,海鲜,680,海南鸡饭,煲仔饭碟头饭,1,chosen,0.74,0.7132,val,normal
1681,晚餐,4,43,正常,压力大,雨,朋友,想健康,不吃辣,海鲜,680,海南鸡饭,煲仔饭碟头饭,1,chosen,0.74,0.7524,val,normal
1681,晚餐,4,43,正常,压力大,雨,朋友,想健康,不吃辣,海鲜,680,海南鸡饭,煲仔饭碟头饭,1,chosen,0.74,0.7281,val,normal
1681,晚餐,4,43,正常,压力大,雨,朋友,想健康,不吃辣,海鲜,668,咸肉菜饭,煲仔饭碟头饭,0,considered,0.7302,0.7417,val,normal
1681,晚餐,4,43,正常,压力大,雨,朋友,想健康,不吃辣,海鲜,681,滑鸡煲仔饭,煲仔饭碟头饭,0,considered,0.7302,0.7878,val,normal
1682,夜宵,4,79,省着点,兴奋,雨,同事,想健康,中辣,麸质,642,烤韭菜,烧烤小吃,1,chosen,0.6594,0.6466,train,normal
1682,夜宵,4,79,省着点,兴奋,雨,同事,想健康,中辣,麸质,625,沙县扁肉,烧烤小吃,1,chosen,0.6582,0.6281,train,normal
1682,夜宵,4,79,省着点,兴奋,雨,同事,想健康,中辣,麸质,627,炒年糕,烧烤小吃,1,chosen,0.6953,0.6723,train,normal
1682,夜宵,4,79,省着点,兴奋,雨,同事,想健康,中辣,麸质,640,烤玉米,烧烤小吃,0,considered,0.67,0.615,train,normal
1682,夜宵,4,79,省着点,兴奋,雨,同事,想健康,中辣,麸质,641,烤金针菇,烧烤小吃,0,considered,0.6644,0.6828,train,normal
1683,早餐,4,55,正常,疲惫,热,约会,想健康,不吃辣,素食,793,常熟蕈油面,长三角粉面,1,chosen,0.6543,0.5431,train,normal
1683,早餐,4,55,正常,疲惫,热,约会,想健康,不吃辣,素食,793,常熟蕈油面,长三角粉面,1,chosen,0.6543,0.6097,train,normal
1683,早餐,4,55,正常,疲惫,热,约会,想健康,不吃辣,素食,793,常熟蕈油面,长三角粉面,1,chosen,0.6543,0.6542,train,normal
1684,午餐,5,52,想吃好点,一般,热,家人,严格控制,不吃辣,,655,豉油鸡,烧腊卤味,1,chosen,0.6807,0.6636,train,normal
1684,午餐,5,52,想吃好点,一般,热,家人,严格控制,不吃辣,,648,卤水鸡翅,烧腊卤味,1,chosen,0.6626,0.6368,train,normal
1684,午餐,5,52,想吃好点,一般,热,家人,严格控制,不吃辣,,655,豉油鸡,烧腊卤味,1,chosen,0.6807,0.685,train,normal
1685,早餐,4,47,想吃好点,压力大,冷,一个人,想健康,重辣,素食,807,衢州常山索面,长三角粉面,1,chosen,0.619,0.5879,train,normal
1685,早餐,4,47,想吃好点,压力大,冷,一个人,想健康,重辣,素食,807,衢州常山索面,长三角粉面,1,chosen,0.619,0.6216,train,normal
1685,早餐,4,47,想吃好点,压力大,冷,一个人,想健康,重辣,素食,807,衢州常山索面,长三角粉面,1,chosen,0.619,0.5639,train,normal
1685,早餐,4,47,想吃好点,压力大,冷,一个人,想健康,重辣,素食,793,常熟蕈油面,长三角粉面,0,considered,0.6123,0.5933,train,normal
1685,早餐,4,47,想吃好点,压力大,冷,一个人,想健康,重辣,素食,808,金华佛堂千张面,长三角粉面,0,considered,0.6055,0.6047,train,normal
1686,午餐,1,114,省着点,开心,雨,一个人,想健康,中辣,,195,清炒草头,家常炒菜,1,chosen,0.5733,0.5824,train,normal
1686,午餐,1,114,省着点,开心,雨,一个人,想健康,中辣,,575,紫苏煎黄瓜,湘菜,1,chosen,0.5841,0.5823,train,normal
1686,午餐,1,114,省着点,开心,雨,一个人,想健康,中辣,,575,紫苏煎黄瓜,湘菜,1,chosen,0.5841,0.6502,train,normal
1686,午餐,1,114,省着点,开心,雨,一个人,想健康,中辣,,552,攸县香干,湘菜,0,considered,0.5716,0.5467,train,normal
1686,午餐,1,114,省着点,开心,雨,一个人,想健康,中辣,,554,榨菜肉丝(湘),湘菜,0,considered,0.5618,0.6104,train,normal
1687,晚餐,3,55,省着点,低落,晴,朋友,想健康,不吃辣,"海鲜,乳制品",658,卤水豆腐,烧腊卤味,1,chosen,0.653,0.5599,train,normal
1687,晚餐,3,55,省着点,低落,晴,朋友,想健康,不吃辣,"海鲜,乳制品",658,卤水豆腐,烧腊卤味,1,chosen,0.653,0.5742,train,normal
1687,晚餐,3,55,省着点,低落,晴,朋友,想健康,不吃辣,"海鲜,乳制品",658,卤水豆腐,烧腊卤味,1,chosen,0.653,0.7003,train,normal
1687,晚餐,3,55,省着点,低落,晴,朋友,想健康,不吃辣,"海鲜,乳制品",648,卤水鸡翅,烧腊卤味,0,considered,0.6329,0.6251,train,normal
1687,晚餐,3,55,省着点,低落,晴,朋友,想健康,不吃辣,"海鲜,乳制品",659,卤水鸭掌,烧腊卤味,0,considered,0.5674,0.5792,train,normal
1688,晚餐,4,29,正常,压力大,雨,朋友,想健康,中辣,,15,宫保鸡丁,家常炒菜,1,chosen,0.7592,0.7439,train,normal
1688,晚餐,4,29,正常,压力大,雨,朋友,想健康,中辣,,15,宫保鸡丁,家常炒菜,1,chosen,0.7592,0.7387,train,normal
1688,晚餐,4,29,正常,压力大,雨,朋友,想健康,中辣,,15,宫保鸡丁,家常炒菜,1,chosen,0.7592,0.7991,train,normal
1689,午餐,1,15,不差钱,一般,晴,一个人,随便,微辣,,366,豉椒炒花甲,广府家常菜,1,chosen,0.4782,0.4834,train,normal
1689,午餐,1,15,不差钱,一般,晴,一个人,随便,微辣,,366,豉椒炒花甲,广府家常菜,1,chosen,0.4782,0.4416,train,normal
1689,午餐,1,15,不差钱,一般,晴,一个人,随便,微辣,,366,豉椒炒花甲,广府家常菜,1,chosen,0.4782,0.5059,train,normal
1690,午餐,4,52,省着点,一般,雨,家人,随便,重辣,,10,螺蛳粉,长三角粉面,1,chosen,0.6627,0.6099,val,normal
1690,午餐,4,52,省着点,一般,雨,家人,随便,重辣,,10,螺蛳粉,长三角粉面,1,chosen,0.6627,0.6356,val,normal
1690,午餐,4,52,省着点,一般,雨,家人,随便,重辣,,10,螺蛳粉,长三角粉面,1,chosen,0.6627,0.6626,val,normal
1691,午餐,1,39,正常,一般,阴,约会,随便,微辣,,162,干煸茧蛹,东北菜,1,chosen,0.6127,0.6256,train,normal
1691,午餐,1,39,正常,一般,阴,约会,随便,微辣,,166,炒蚕蛹,东北菜,1,chosen,0.6127,0.6654,train,normal
1691,午餐,1,39,正常,一般,阴,约会,随便,微辣,,162,干煸茧蛹,东北菜,1,chosen,0.6127,0.6431,train,normal
1692,晚餐,4,33,正常,一般,阴,家人,不关心,中辣,,567,烟笋炒腊肉,湘菜,1,chosen,0.6176,0.592,test,normal
1692,晚餐,4,33,正常,一般,阴,家人,不关心,中辣,,567,烟笋炒腊肉,湘菜,1,chosen,0.6176,0.5748,test,normal
1692,晚餐,4,33,正常,一般,阴,家人,不关心,中辣,,567,烟笋炒腊肉,湘菜,1,chosen,0.6176,0.6498,test,normal
1692,晚餐,4,33,正常,一般,阴,家人,不关心,中辣,,584,蒸腊肠,湘菜,0,considered,0.6151,0.6116,test,normal
1692,晚餐,4,33,正常,一般,阴,家人,不关心,中辣,,557,浏阳蒸菜,湘菜,0,considered,0.6151,0.5956,test,normal
1693,午餐,2,70,正常,兴奋,热,家人,想健康,不吃辣,麸质,648,卤水鸡翅,烧腊卤味,1,chosen,0.6945,0.7466,train,normal
1693,午餐,2,70,正常,兴奋,热,家人,想健康,不吃辣,麸质,648,卤水鸡翅,烧腊卤味,1,chosen,0.6945,0.6942,train,normal
1693,午餐,2,70,正常,兴奋,热,家人,想健康,不吃辣,麸质,648,卤水鸡翅,烧腊卤味,1,chosen,0.6945,0.7366,train,normal
1693,午餐,2,70,正常,兴奋,热,家人,想健康,不吃辣,麸质,658,卤水豆腐,烧腊卤味,0,considered,0.678,0.7092,train,normal
1693,午餐,2,70,正常,兴奋,热,家人,想健康,不吃辣,麸质,655,豉油鸡,烧腊卤味,0,considered,0.6746,0.668,train,normal
1694,下午加餐,3,40,不差钱,疲惫,热,同事,不关心,微辣,,770,波奇饭,轻食健康,1,chosen,0.7023,0.7169,train,normal
1694,下午加餐,3,40,不差钱,疲惫,热,同事,不关心,微辣,,770,波奇饭,轻食健康,1,chosen,0.7023,0.6872,train,normal
1694,下午加餐,3,40,不差钱,疲惫,热,同事,不关心,微辣,,770,波奇饭,轻食健康,1,chosen,0.7023,0.6353,train,normal
1694,下午加餐,3,40,不差钱,疲惫,热,同事,不关心,微辣,,32,藜麦牛油果碗,轻食健康,0,considered,0.6869,0.6678,train,normal
1694,下午加餐,3,40,不差钱,疲惫,热,同事,不关心,微辣,,33,三文鱼沙拉,轻食健康,0,considered,0.6852,0.7095,train,normal
1695,夜宵,4,34,正常,一般,雨,同事,想健康,微辣,,627,炒年糕,烧烤小吃,1,chosen,0.6943,0.7087,train,normal
1695,夜宵,4,34,正常,一般,雨,同事,想健康,微辣,,627,炒年糕,烧烤小吃,1,chosen,0.6943,0.7402,train,normal
1695,夜宵,4,34,正常,一般,雨,同事,想健康,微辣,,627,炒年糕,烧烤小吃,1,chosen,0.6943,0.7053,train,normal
1696,晚餐,2,54,省着点,疲惫,雨,同事,不关心,重辣,,580,臭豆腐炒辣椒,湘菜,1,chosen,0.6459,0.6596,train,normal
1696,晚餐,2,54,省着点,疲惫,雨,同事,不关心,重辣,,580,臭豆腐炒辣椒,湘菜,1,chosen,0.6459,0.6784,train,normal
1696,晚餐,2,54,省着点,疲惫,雨,同事,不关心,重辣,,223,手撕包菜(川),川菜,1,chosen,0.6415,0.6081,train,normal
1697,晚餐,4,26,正常,一般,晴,同事,想健康,微辣,麸质,2,青椒肉丝,煲仔饭碟头饭,1,chosen,0.6011,0.6273,test,normal
1697,晚餐,4,26,正常,一般,晴,同事,想健康,微辣,麸质,88,石锅拌饭,东北菜,1,chosen,0.5974,0.5209,test,normal
1697,晚餐,4,26,正常,一般,晴,同事,想健康,微辣,麸质,2,青椒肉丝,煲仔饭碟头饭,1,chosen,0.6011,0.6417,test,normal
1698,午餐,3,40,正常,疲惫,热,朋友,不关心,重辣,素食,658,卤水豆腐,烧腊卤味,1,chosen,0.6978,0.7961,test,normal
1698,午餐,3,40,正常,疲惫,热,朋友,不关心,重辣,素食,658,卤水豆腐,烧腊卤味,1,chosen,0.6978,0.7039,test,normal
1698,午餐,3,40,正常,疲惫,热,朋友,不关心,重辣,素食,658,卤水豆腐,烧腊卤味,1,chosen,0.6978,0.7408,test,normal
1699,午餐,3,51,正常,疲惫,晴,一个人,随便,重辣,素食,552,攸县香干,湘菜,1,chosen,0.5714,0.5292,train,normal
1699,午餐,3,51,正常,疲惫,晴,一个人,随便,重辣,素食,563,湘西外婆菜,湘菜,1,chosen,0.5793,0.6021,train,normal
1699,午餐,3,51,正常,疲惫,晴,一个人,随便,重辣,素食,563,湘西外婆菜,湘菜,1,chosen,0.5793,0.5455,train,normal
1700,午餐,4,41,想吃好点,压力大,晴,一个人,想健康,微辣,,88,石锅拌饭,东北菜,1,chosen,0.6063,0.5794,val,normal
1700,午餐,4,41,想吃好点,压力大,晴,一个人,想健康,微辣,,88,石锅拌饭,东北菜,1,chosen,0.6063,0.6575,val,normal
1700,午餐,4,41,想吃好点,压力大,晴,一个人,想健康,微辣,,88,石锅拌饭,东北菜,1,chosen,0.6063,0.607,val,normal
1701,晚餐,4,94,想吃好点,一般,晴,家人,想健康,微辣,,297,连锅汤,川菜,1,chosen,0.6522,0.5577,train,normal
1701,晚餐,4,94,想吃好点,一般,晴,家人,想健康,微辣,,297,连锅汤,川菜,1,chosen,0.6522,0.758,train,normal
1701,晚餐,4,94,想吃好点,一般,晴,家人,想健康,微辣,,297,连锅汤,川菜,1,chosen,0.6522,0.6379,train,normal
1701,晚餐,4,94,想吃好点,一般,晴,家人,想健康,微辣,,292,荤豆花,川菜,0,considered,0.6522,0.6052,train,normal
1701,晚餐,4,94,想吃好点,一般,晴,家人,想健康,微辣,,329,川味香酥鸭,川菜,0,considered,0.6312,0.6472,train,normal
1702,晚餐,4,40,省着点,一般,雨,朋友,随便,不吃辣,,658,卤水豆腐,烧腊卤味,1,chosen,0.649,0.6485,val,normal
1702,晚餐,4,40,省着点,一般,雨,朋友,随便,不吃辣,,658,卤水豆腐,烧腊卤味,1,chosen,0.649,0.6693,val,normal
1702,晚餐,4,40,省着点,一般,雨,朋友,随便,不吃辣,,658,卤水豆腐,烧腊卤味,1,chosen,0.649,0.6194,val,normal
1702,晚餐,4,40,省着点,一般,雨,朋友,随便,不吃辣,,648,卤水鸡翅,烧腊卤味,0,considered,0.6229,0.6771,val,normal
1702,晚餐,4,40,省着点,一般,雨,朋友,随便,不吃辣,,665,金钱肚,烧腊卤味,0,considered,0.6105,0.6377,val,normal
1703,下午加餐,3,45,正常,疲惫,雨,约会,不关心,微辣,乳制品,34,全麦鸡肉三明治,轻食健康,1,chosen,0.7041,0.6949,train,normal
1703,下午加餐,3,45,正常,疲惫,雨,约会,不关心,微辣,乳制品,710,赤豆糕,糖水甜品,1,chosen,0.6924,0.6233,train,normal
1703,下午加餐,3,45,正常,疲惫,雨,约会,不关心,微辣,乳制品,34,全麦鸡肉三明治,轻食健康,1,chosen,0.7041,0.7595,train,normal
1704,下午加餐,4,50,省着点,兴奋,热,家人,随便,中辣,,696,蛋挞,糖水甜品,1,chosen,0.6322,0.6402,train,normal
1704,下午加餐,4,50,省着点,兴奋,热,家人,随便,中辣,,696,蛋挞,糖水甜品,1,chosen,0.6322,0.6161,train,normal
1704,下午加餐,4,50,省着点,兴奋,热,家人,随便,中辣,,696,蛋挞,糖水甜品,1,chosen,0.6322,0.6104,train,normal
1704,下午加餐,4,50,省着点,兴奋,热,家人,随便,中辣,,706,芒果班戟,糖水甜品,0,considered,0.6313,0.6534,train,normal
1704,下午加餐,4,50,省着点,兴奋,热,家人,随便,中辣,,694,菠萝包,糖水甜品,0,considered,0.6295,0.581,train,normal
1705,晚餐,3,106,想吃好点,疲惫,冷,家人,想健康,不吃辣,"海鲜,乳制品",96,西红柿炖牛腩,东北菜,1,chosen,0.7369,0.7641,train,normal
1705,晚餐,3,106,想吃好点,疲惫,冷,家人,想健康,不吃辣,"海鲜,乳制品",96,西红柿炖牛腩,东北菜,1,chosen,0.7369,0.7528,train,normal
1705,晚餐,3,106,想吃好点,疲惫,冷,家人,想健康,不吃辣,"海鲜,乳制品",116,大丰收,东北菜,1,chosen,0.7369,0.6938,train,normal
1706,午餐,2,20,想吃好点,疲惫,晴,朋友,随便,微辣,,366,豉椒炒花甲,广府家常菜,1,chosen,0.639,0.6625,train,normal
1706,午餐,2,20,想吃好点,疲惫,晴,朋友,随便,微辣,,366,豉椒炒花甲,广府家常菜,1,chosen,0.639,0.694,train,normal
1706,午餐,2,20,想吃好点,疲惫,晴,朋友,随便,微辣,,618,烤生蚝,火锅麻辣烫,1,chosen,0.6316,0.6496,train,normal
1707,下午加餐,2,84,正常,疲惫,雨,一个人,随便,重辣,乳制品,34,全麦鸡肉三明治,轻食健康,1,chosen,0.6519,0.6058,val,normal
1707,下午加餐,2,84,正常,疲惫,雨,一个人,随便,重辣,乳制品,34,全麦鸡肉三明治,轻食健康,1,chosen,0.6519,0.7111,val,normal
1707,下午加餐,2,84,正常,疲惫,雨,一个人,随便,重辣,乳制品,34,全麦鸡肉三明治,轻食健康,1,chosen,0.6519,0.6965,val,normal
1707,下午加餐,2,84,正常,疲惫,雨,一个人,随便,重辣,乳制品,772,鲜榨橙汁,轻食健康,0,considered,0.6447,0.6369,val,normal
1707,下午加餐,2,84,正常,疲惫,雨,一个人,随便,重辣,乳制品,763,冻柠茶,轻食健康,0,considered,0.6398,0.6055,val,normal
1708,早餐,3,50,正常,开心,雨,一个人,严格控制,不吃辣,,445,咖喱牛肉汤,早餐粥点,1,chosen,0.7002,0.6724,train,normal
1708,早餐,3,50,正常,开心,雨,一个人,严格控制,不吃辣,,445,咖喱牛肉汤,早餐粥点,1,chosen,0.7002,0.7834,train,normal
1708,早餐,3,50,正常,开心,雨,一个人,严格控制,不吃辣,,445,咖喱牛肉汤,早餐粥点,1,chosen,0.7002,0.6609,train,normal
1709,午餐,3,73,不差钱,开心,冷,一个人,严格控制,不吃辣,,24,菌汤火锅,火锅麻辣烫,1,chosen,0.6262,0.6281,test,normal
1709,午餐,3,73,不差钱,开心,冷,一个人,严格控制,不吃辣,,24,菌汤火锅,火锅麻辣烫,1,chosen,0.6262,0.6158,test,normal
1709,午餐,3,73,不差钱,开心,冷,一个人,严格控制,不吃辣,,24,菌汤火锅,火锅麻辣烫,1,chosen,0.6262,0.6081,test,normal
1709,午餐,3,73,不差钱,开心,冷,一个人,严格控制,不吃辣,,621,番茄火锅,火锅麻辣烫,0,considered,0.6085,0.61,test,normal
1709,午餐,3,73,不差钱,开心,冷,一个人,严格控制,不吃辣,,611,潮汕牛肉火锅,火锅麻辣烫,0,considered,0.6085,0.6177,test,normal
1710,晚餐,5,38,正常,压力大,阴,同事,随便,不吃辣,麸质,0,番茄牛腩饭,煲仔饭碟头饭,1,chosen,0.6059,0.6122,train,normal
1710,晚餐,5,38,正常,压力大,阴,同事,随便,不吃辣,麸质,0,番茄牛腩饭,煲仔饭碟头饭,1,chosen,0.6059,0.6401,train,normal
1710,晚餐,5,38,正常,压力大,阴,同事,随便,不吃辣,麸质,0,番茄牛腩饭,煲仔饭碟头饭,1,chosen,0.6059,0.526,train,normal
1711,午餐,3,15,不差钱,疲惫,雨,一个人,不关心,不吃辣,,399,潮汕牛肉丸粉,广式粥粉面,1,chosen,0.5807,0.6377,train,normal
1711,午餐,3,15,不差钱,疲惫,雨,一个人,不关心,不吃辣,,134,熏酱拼盘,东北菜,1,chosen,0.5891,0.5016,train,normal
1711,午餐,3,15,不差钱,疲惫,雨,一个人,不关心,不吃辣,,399,潮汕牛肉丸粉,广式粥粉面,1,chosen,0.5807,0.6075,train,normal
1712,晚餐,3,39,不差钱,疲惫,晴,一个人,想健康,不吃辣,,813,台州跳鱼捞面,长三角粉面,1,chosen,0.586,0.6255,train,normal
1712,晚餐,3,39,不差钱,疲惫,晴,一个人,想健康,不吃辣,,381,煎酿鲮鱼,广府家常菜,1,chosen,0.5842,0.6018,train,normal
1712,晚餐,3,39,不差钱,疲惫,晴,一个人,想健康,不吃辣,,471,梭子蟹炒年糕,本帮江浙菜,1,chosen,0.5947,0.5611,train,normal
1713,晚餐,4,43,想吃好点,疲惫,阴,约会,不关心,中辣,麸质,15,宫保鸡丁,家常炒菜,1,chosen,0.6891,0.706,test,normal
1713,晚餐,4,43,想吃好点,疲惫,阴,约会,不关心,中辣,麸质,527,冬笋炒腊肉,湘菜,1,chosen,0.6891,0.6347,test,normal
1713,晚餐,4,43,想吃好点,疲惫,阴,约会,不关心,中辣,麸质,15,宫保鸡丁,家常炒菜,1,chosen,0.6891,0.7377,test,normal
1713,晚餐,4,43,想吃好点,疲惫,阴,约会,不关心,中辣,麸质,186,八宝辣酱,家常炒菜,0,considered,0.6775,0.67,test,normal
1713,晚餐,4,43,想吃好点,疲惫,阴,约会,不关心,中辣,麸质,18,地三鲜,家常炒菜,0,considered,0.6733,0.6419,test,normal
1714,午餐,3,64,想吃好点,开心,雨,约会,严格控制,微辣,,166,炒蚕蛹,东北菜,1,chosen,0.7303,0.694,train,normal
1714,午餐,3,64,想吃好点,开心,雨,约会,严格控制,微辣,,292,荤豆花,川菜,1,chosen,0.7372,0.7796,train,normal
1714,午餐,3,64,想吃好点,开心,雨,约会,严格控制,微辣,,292,荤豆花,川菜,1,chosen,0.7372,0.8017,train,normal
1715,晚餐,3,52,想吃好点,一般,雨,一个人,想健康,不吃辣,,365,豆豉蒸鲮鱼,广府家常菜,1,chosen,0.5976,0.5578,test,normal
1715,晚餐,3,52,想吃好点,一般,雨,一个人,想健康,不吃辣,,365,豆豉蒸鲮鱼,广府家常菜,1,chosen,0.5976,0.5961,test,normal
1715,晚餐,3,52,想吃好点,一般,雨,一个人,想健康,不吃辣,,365,豆豉蒸鲮鱼,广府家常菜,1,chosen,0.5976,0.5973,test,normal
1716,晚餐,4,28,不差钱,疲惫,冷,朋友,不关心,不吃辣,,471,梭子蟹炒年糕,本帮江浙菜,1,chosen,0.6948,0.6988,train,normal
1716,晚餐,4,28,不差钱,疲惫,冷,朋友,不关心,不吃辣,,471,梭子蟹炒年糕,本帮江浙菜,1,chosen,0.6948,0.6939,train,normal
1716,晚餐,4,28,不差钱,疲惫,冷,朋友,不关心,不吃辣,,471,梭子蟹炒年糕,本帮江浙菜,1,chosen,0.6948,0.6661,train,normal
1717,晚餐,4,74,正常,疲惫,热,同事,想健康,不吃辣,海鲜,9,炸酱面,长三角粉面,1,chosen,0.6797,0.6788,train,normal
1717,晚餐,4,74,正常,疲惫,热,同事,想健康,不吃辣,海鲜,9,炸酱面,长三角粉面,1,chosen,0.6797,0.7223,train,normal
1717,晚餐,4,74,正常,疲惫,热,同事,想健康,不吃辣,海鲜,9,炸酱面,长三角粉面,1,chosen,0.6797,0.6918,train,normal
1717,晚餐,4,74,正常,疲惫,热,同事,想健康,不吃辣,海鲜,805,绍兴次坞打面,长三角粉面,0,considered,0.6359,0.6621,train,normal
1717,晚餐,4,74,正常,疲惫,热,同事,想健康,不吃辣,海鲜,777,苏州奥灶面,长三角粉面,0,considered,0.6359,0.6646,train,normal
1718,夜宵,4,82,想吃好点,开心,晴,家人,严格控制,微辣,,618,烤生蚝,火锅麻辣烫,1,chosen,0.682,0.6487,train,normal
1718,夜宵,4,82,想吃好点,开心,晴,家人,严格控制,微辣,,618,烤生蚝,火锅麻辣烫,1,chosen,0.682,0.6993,train,normal
1718,夜宵,4,82,想吃好点,开心,晴,家人,严格控制,微辣,,618,烤生蚝,火锅麻辣烫,1,chosen,0.682,0.6515,train,normal
1718,夜宵,4,82,想吃好点,开心,晴,家人,严格控制,微辣,,24,菌汤火锅,火锅麻辣烫,0,considered,0.6793,0.6552,train,normal
1718,夜宵,4,82,想吃好点,开心,晴,家人,严格控制,微辣,,620,猪肚鸡,火锅麻辣烫,0,considered,0.674,0.6383,train,normal
1719,晚餐,4,63,正常,一般,冷,家人,严格控制,不吃辣,素食,64,土豆炖茄子,东北菜,1,chosen,0.6948,0.6398,train,normal
1719,晚餐,4,63,正常,一般,冷,家人,严格控制,不吃辣,素食,159,东北乱炖(素),东北菜,1,chosen,0.6948,0.7189,train,normal
1719,晚餐,4,63,正常,一般,冷,家人,严格控制,不吃辣,素食,64,土豆炖茄子,东北菜,1,chosen,0.6948,0.6677,train,normal
1720,午餐,2,54,不差钱,兴奋,晴,家人,随便,不吃辣,,373,上汤焗龙虾,广府家常菜,1,chosen,0.62,0.6664,test,normal
1720,午餐,2,54,不差钱,兴奋,晴,家人,随便,不吃辣,,504,红烧鮰鱼,本帮江浙菜,1,chosen,0.6133,0.6757,test,normal
1720,午餐,2,54,不差钱,兴奋,晴,家人,随便,不吃辣,,373,上汤焗龙虾,广府家常菜,1,chosen,0.62,0.6001,test,normal
1721,晚餐,3,84,不差钱,开心,热,约会,严格控制,微辣,,24,菌汤火锅,火锅麻辣烫,1,chosen,0.7039,0.6678,test,normal
1721,晚餐,3,84,不差钱,开心,热,约会,严格控制,微辣,,24,菌汤火锅,火锅麻辣烫,1,chosen,0.7039,0.6923,test,normal
1721,晚餐,3,84,不差钱,开心,热,约会,严格控制,微辣,,24,菌汤火锅,火锅麻辣烫,1,chosen,0.7039,0.6941,test,normal
1722,晚餐,4,15,不差钱,一般,晴,一个人,想健康,微辣,,366,豉椒炒花甲,广府家常菜,1,chosen,0.5444,0.5142,train,normal
1722,晚餐,4,15,不差钱,一般,晴,一个人,想健康,微辣,,366,豉椒炒花甲,广府家常菜,1,chosen,0.5444,0.5498,train,normal
1722,晚餐,4,15,不差钱,一般,晴,一个人,想健康,微辣,,366,豉椒炒花甲,广府家常菜,1,chosen,0.5444,0.5159,train,normal
1722,晚餐,4,15,不差钱,一般,晴,一个人,想健康,微辣,,353,姜葱炒牛肉,广府家常菜,0,considered,0.5351,0.5146,train,normal
1722,晚餐,4,15,不差钱,一般,晴,一个人,想健康,微辣,,347,菜心炒牛肉,广府家常菜,0,considered,0.5337,0.5084,train,normal
1723,午餐,2,57,正常,低落,冷,约会,随便,微辣,海鲜,162,干煸茧蛹,东北菜,1,chosen,0.7041,0.7211,train,normal
1723,午餐,2,57,正常,低落,冷,约会,随便,微辣,海鲜,162,干煸茧蛹,东北菜,1,chosen,0.7041,0.7559,train,normal
1723,午餐,2,57,正常,低落,冷,约会,随便,微辣,海鲜,162,干煸茧蛹,东北菜,1,chosen,0.7041,0.7604,train,normal
1723,午餐,2,57,正常,低落,冷,约会,随便,微辣,海鲜,166,炒蚕蛹,东北菜,0,considered,0.7041,0.6931,train,normal
1723,午餐,2,57,正常,低落,冷,约会,随便,微辣,海鲜,109,东北臭豆腐,东北菜,0,considered,0.6864,0.674,train,normal
1724,晚餐,5,72,正常,兴奋,热,家人,不关心,中辣,"海鲜,乳制品",237,蒜泥白肉,川菜,1,chosen,0.6731,0.6864,train,normal
1724,晚餐,5,72,正常,兴奋,热,家人,不关心,中辣,"海鲜,乳制品",237,蒜泥白肉,川菜,1,chosen,0.6731,0.6668,train,normal
1724,晚餐,5,72,正常,兴奋,热,家人,不关心,中辣,"海鲜,乳制品",237,蒜泥白肉,川菜,1,chosen,0.6731,0.6981,train,normal
1725,午餐,4,17,正常,一般,晴,一个人,不关心,不吃辣,,676,豉油鸡饭,煲仔饭碟头饭,1,chosen,0.5148,0.5064,val,normal
1725,午餐,4,17,正常,一般,晴,一个人,不关心,不吃辣,,676,豉油鸡饭,煲仔饭碟头饭,1,chosen,0.5148,0.4986,val,normal
1725,午餐,4,17,正常,一般,晴,一个人,不关心,不吃辣,,676,豉油鸡饭,煲仔饭碟头饭,1,chosen,0.5148,0.4913,val,normal
1725,午餐,4,17,正常,一般,晴,一个人,不关心,不吃辣,,669,扬州炒饭,煲仔饭碟头饭,0,considered,0.5148,0.5104,val,normal
1725,午餐,4,17,正常,一般,晴,一个人,不关心,不吃辣,,670,油鸡饭,煲仔饭碟头饭,0,considered,0.5148,0.5272,val,normal
1726,午餐,2,48,省着点,一般,冷,约会,不关心,微辣,,191,干煸四季豆,家常炒菜,1,chosen,0.6541,0.6652,test,normal
1726,午餐,2,48,省着点,一般,冷,约会,不关心,微辣,,109,东北臭豆腐,东北菜,1,chosen,0.6636,0.6395,test,normal
1726,午餐,2,48,省着点,一般,冷,约会,不关心,微辣,,344,梅菜蒸肉饼,广府家常菜,1,chosen,0.6501,0.6192,test,normal
1727,早餐,4,15,不差钱,一般,冷,一个人,不关心,中辣,素食,807,衢州常山索面,长三角粉面,1,chosen,0.5174,0.494,train,normal
1727,早餐,4,15,不差钱,一般,冷,一个人,不关心,中辣,素食,807,衢州常山索面,长三角粉面,1,chosen,0.5174,0.5189,train,normal
1727,早餐,4,15,不差钱,一般,冷,一个人,不关心,中辣,素食,807,衢州常山索面,长三角粉面,1,chosen,0.5174,0.4963,train,normal
1728,午餐,3,51,想吃好点,疲惫,晴,朋友,想健康,重辣,,524,香辣鱼块,湘菜,1,chosen,0.7287,0.6811,train,normal
1728,午餐,3,51,想吃好点,疲惫,晴,朋友,想健康,重辣,,524,香辣鱼块,湘菜,1,chosen,0.7287,0.7204,train,normal
1728,午餐,3,51,想吃好点,疲惫,晴,朋友,想健康,重辣,,524,香辣鱼块,湘菜,1,chosen,0.7287,0.7111,train,normal
1729,晚餐,5,64,省着点,一般,雨,朋友,不关心,重辣,,265,宜宾燃面,川菜,1,chosen,0.6749,0.7082,train,normal
1729,晚餐,5,64,省着点,一般,雨,朋友,不关心,重辣,,245,重庆酸辣粉,川菜,1,chosen,0.6749,0.6954,train,normal
1729,晚餐,5,64,省着点,一般,雨,朋友,不关心,重辣,,10,螺蛳粉,长三角粉面,1,chosen,0.6753,0.6309,train,normal
1730,晚餐,3,15,正常,兴奋,热,约会,不关心,重辣,"海鲜,乳制品",579,腊味萝卜干,湘菜,1,chosen,0.6605,0.6668,train,normal
1730,晚餐,3,15,正常,兴奋,热,约会,不关心,重辣,"海鲜,乳制品",579,腊味萝卜干,湘菜,1,chosen,0.6605,0.6701,train,normal
1730,晚餐,3,15,正常,兴奋,热,约会,不关心,重辣,"海鲜,乳制品",579,腊味萝卜干,湘菜,1,chosen,0.6605,0.6913,train,normal
1730,晚餐,3,15,正常,兴奋,热,约会,不关心,重辣,"海鲜,乳制品",541,小炒香干,湘菜,0,considered,0.6519,0.6611,train,normal
1730,晚餐,3,15,正常,兴奋,热,约会,不关心,重辣,"海鲜,乳制品",522,酸豆角肉泥,湘菜,0,considered,0.647,0.678,train,normal
1731,午餐,3,71,省着点,压力大,晴,家人,严格控制,微辣,海鲜,6,兰州牛肉面,长三角粉面,1,chosen,0.6838,0.6166,train,normal
1731,午餐,3,71,省着点,压力大,晴,家人,严格控制,微辣,海鲜,6,兰州牛肉面,长三角粉面,1,chosen,0.6838,0.6753,train,normal
1731,午餐,3,71,省着点,压力大,晴,家人,严格控制,微辣,海鲜,6,兰州牛肉面,长三角粉面,1,chosen,0.6838,0.6664,train,normal
1732,早餐,4,36,不差钱,一般,晴,朋友,不关心,重辣,素食,807,衢州常山索面,长三角粉面,1,chosen,0.5339,0.5062,train,normal
1732,早餐,4,36,不差钱,一般,晴,朋友,不关心,重辣,素食,807,衢州常山索面,长三角粉面,1,chosen,0.5339,0.4915,train,normal
1732,早餐,4,36,不差钱,一般,晴,朋友,不关心,重辣,素食,807,衢州常山索面,长三角粉面,1,chosen,0.5339,0.525,train,normal
1733,晚餐,4,46,省着点,开心,晴,一个人,随便,微辣,,284,牛肉焦饼,川菜,1,chosen,0.5304,0.5103,train,normal
1733,晚餐,4,46,省着点,开心,晴,一个人,随便,微辣,,284,牛肉焦饼,川菜,1,chosen,0.5304,0.5393,train,normal
1733,晚餐,4,46,省着点,开心,晴,一个人,随便,微辣,,284,牛肉焦饼,川菜,1,chosen,0.5304,0.5448,train,normal
1733,晚餐,4,46,省着点,开心,晴,一个人,随便,微辣,,259,军屯锅魁,川菜,0,considered,0.5304,0.527,train,normal
1733,晚餐,4,46,省着点,开心,晴,一个人,随便,微辣,,289,糖油果子,川菜,0,considered,0.5225,0.5946,train,normal
1734,晚餐,5,58,不差钱,疲惫,冷,同事,想健康,不吃辣,,471,梭子蟹炒年糕,本帮江浙菜,1,chosen,0.6799,0.669,test,normal
1734,晚餐,5,58,不差钱,疲惫,冷,同事,想健康,不吃辣,,471,梭子蟹炒年糕,本帮江浙菜,1,chosen,0.6799,0.7512,test,normal
1734,晚餐,5,58,不差钱,疲惫,冷,同事,想健康,不吃辣,,813,台州跳鱼捞面,长三角粉面,1,chosen,0.6712,0.649,test,normal
1735,晚餐,5,15,正常,一般,晴,同事,严格控制,中辣,,552,攸县香干,湘菜,1,chosen,0.6084,0.573,val,normal
1735,晚餐,5,15,正常,一般,晴,同事,严格控制,中辣,,552,攸县香干,湘菜,1,chosen,0.6084,0.6139,val,normal
1735,晚餐,5,15,正常,一般,晴,同事,严格控制,中辣,,575,紫苏煎黄瓜,湘菜,1,chosen,0.6084,0.5725,val,normal
1736,夜宵,3,57,不差钱,兴奋,冷,一个人,严格控制,中辣,乳制品,609,椰子鸡火锅,火锅麻辣烫,1,chosen,0.6711,0.6874,test,normal
1736,夜宵,3,57,不差钱,兴奋,冷,一个人,严格控制,中辣,乳制品,609,椰子鸡火锅,火锅麻辣烫,1,chosen,0.6711,0.6296,test,normal
1736,夜宵,3,57,不差钱,兴奋,冷,一个人,严格控制,中辣,乳制品,609,椰子鸡火锅,火锅麻辣烫,1,chosen,0.6711,0.7148,test,normal
1737,夜宵,3,82,省着点,压力大,雪,一个人,想健康,重辣,,640,烤玉米,烧烤小吃,1,chosen,0.7803,0.7452,test,snow
1737,夜宵,3,82,省着点,压力大,雪,一个人,想健康,重辣,,640,烤玉米,烧烤小吃,1,chosen,0.7803,0.7819,test,snow
1737,夜宵,3,82,省着点,压力大,雪,一个人,想健康,重辣,,640,烤玉米,烧烤小吃,1,chosen,0.7803,0.7605,test,snow
1738,晚餐,3,27,省着点,兴奋,晴,一个人,想健康,微辣,,6,兰州牛肉面,长三角粉面,1,chosen,0.5584,0.5894,test,normal
1738,晚餐,3,27,省着点,兴奋,晴,一个人,想健康,微辣,,6,兰州牛肉面,长三角粉面,1,chosen,0.5584,0.5235,test,normal
1738,晚餐,3,27,省着点,兴奋,晴,一个人,想健康,微辣,,6,兰州牛肉面,长三角粉面,1,chosen,0.5584,0.5424,test,normal
1738,晚餐,3,27,省着点,兴奋,晴,一个人,想健康,微辣,,787,南京老卤面,长三角粉面,0,considered,0.544,0.5628,test,normal
1738,晚餐,3,27,省着点,兴奋,晴,一个人,想健康,微辣,,774,上海辣肉面,长三角粉面,0,considered,0.541,0.5772,test,normal
1739,午餐,1,61,想吃好点,开心,雨,约会,随便,微辣,,166,炒蚕蛹,东北菜,1,chosen,0.6716,0.6124,train,normal
1739,午餐,1,61,想吃好点,开心,雨,约会,随便,微辣,,166,炒蚕蛹,东北菜,1,chosen,0.6716,0.6566,train,normal
1739,午餐,1,61,想吃好点,开心,雨,约会,随便,微辣,,354,姜葱焗鱼,广府家常菜,1,chosen,0.6538,0.6674,train,normal
1739,午餐,1,61,想吃好点,开心,雨,约会,随便,微辣,,162,干煸茧蛹,东北菜,0,considered,0.6716,0.6606,train,normal
1739,午餐,1,61,想吃好点,开心,雨,约会,随便,微辣,,156,鲫鱼炖豆腐,东北菜,0,considered,0.6353,0.6333,train,normal
1740,下午加餐,3,90,不差钱,兴奋,晴,朋友,不关心,微辣,麸质,33,三文鱼沙拉,轻食健康,1,chosen,0.6312,0.6414,train,normal
1740,下午加餐,3,90,不差钱,兴奋,晴,朋友,不关心,微辣,麸质,33,三文鱼沙拉,轻食健康,1,chosen,0.6312,0.6154,train,normal
1740,下午加餐,3,90,不差钱,兴奋,晴,朋友,不关心,微辣,麸质,33,三文鱼沙拉,轻食健康,1,chosen,0.6312,0.6515,train,normal
1741,午餐,2,55,想吃好点,疲惫,晴,朋友,随便,微辣,素食,458,油焖笋,本帮江浙菜,1,chosen,0.6323,0.6515,train,normal
1741,午餐,2,55,想吃好点,疲惫,晴,朋友,随便,微辣,素食,143,茄子炖土豆,东北菜,1,chosen,0.6179,0.6731,train,normal
1741,午餐,2,55,想吃好点,疲惫,晴,朋友,随便,微辣,素食,458,油焖笋,本帮江浙菜,1,chosen,0.6323,0.6624,train,normal
1742,夜宵,3,33,想吃好点,开心,晴,一个人,想健康,中辣,,26,烤鸡翅,烧烤小吃,1,chosen,0.6232,0.6674,val,normal
1742,夜宵,3,33,想吃好点,开心,晴,一个人,想健康,中辣,,26,烤鸡翅,烧烤小吃,1,chosen,0.6232,0.5672,val,normal
1742,夜宵,3,33,想吃好点,开心,晴,一个人,想健康,中辣,,26,烤鸡翅,烧烤小吃,1,chosen,0.6232,0.6097,val,normal
1743,午餐,2,42,想吃好点,一般,热,一个人,严格控制,不吃辣,素食,658,卤水豆腐,烧腊卤味,1,chosen,0.5594,0.5383,train,normal
1743,午餐,2,42,想吃好点,一般,热,一个人,严格控制,不吃辣,素食,818,牛油果吐司,面包甜点,1,chosen,0.5735,0.64,train,normal
1743,午餐,2,42,想吃好点,一般,热,一个人,严格控制,不吃辣,素食,818,牛油果吐司,面包甜点,1,chosen,0.5735,0.6016,train,normal
1743,午餐,2,42,想吃好点,一般,热,一个人,严格控制,不吃辣,素食,823,贝果,面包甜点,0,considered,0.5107,0.479,train,normal
1743,午餐,2,42,想吃好点,一般,热,一个人,严格控制,不吃辣,素食,816,吐司配果酱,面包甜点,0,considered,0.5061,0.5108,train,normal
1744,早餐,4,42,正常,低落,阴,一个人,想健康,不吃辣,素食,793,常熟蕈油面,长三角粉面,1,chosen,0.5299,0.5164,val,normal
1744,早餐,4,42,正常,低落,阴,一个人,想健康,不吃辣,素食,433,白粥配咸菜,早餐粥点,1,chosen,0.5265,0.5331,val,normal
1744,早餐,4,42,正常,低落,阴,一个人,想健康,不吃辣,素食,793,常熟蕈油面,长三角粉面,1,chosen,0.5299,0.5085,val,normal
1745,早餐,4,62,正常,一般,阴,约会,想健康,中辣,,428,及第粥,早餐粥点,1,chosen,0.6673,0.679,train,normal
1745,早餐,4,62,正常,一般,阴,约会,想健康,中辣,,428,及第粥,早餐粥点,1,chosen,0.6673,0.7354,train,normal
1745,早餐,4,62,正常,一般,阴,约会,想健康,中辣,,434,皮蛋瘦肉粥(珠三角),早餐粥点,1,chosen,0.6546,0.6403,train,normal
1746,午餐,3,42,想吃好点,一般,晴,一个人,想健康,不吃辣,麸质,369,豉汁蒸鱼头,广府家常菜,1,chosen,0.5502,0.6028,train,normal
1746,午餐,3,42,想吃好点,一般,晴,一个人,想健康,不吃辣,麸质,369,豉汁蒸鱼头,广府家常菜,1,chosen,0.5502,0.5888,train,normal
1746,午餐,3,42,想吃好点,一般,晴,一个人,想健康,不吃辣,麸质,369,豉汁蒸鱼头,广府家常菜,1,chosen,0.5502,0.5392,train,normal
1747,晚餐,3,32,想吃好点,疲惫,晴,一个人,不关心,不吃辣,乳制品,788,双浇面,长三角粉面,1,chosen,0.5556,0.5589,test,normal
1747,晚餐,3,32,想吃好点,疲惫,晴,一个人,不关心,不吃辣,乳制品,788,双浇面,长三角粉面,1,chosen,0.5556,0.5108,test,normal
1747,晚餐,3,32,想吃好点,疲惫,晴,一个人,不关心,不吃辣,乳制品,788,双浇面,长三角粉面,1,chosen,0.5556,0.5436,test,normal
1748,下午加餐,4,58,省着点,一般,冷,家人,不关心,中辣,乳制品,702,桂花糖芋艿,糖水甜品,1,chosen,0.5847,0.5917,train,normal
1748,下午加餐,4,58,省着点,一般,冷,家人,不关心,中辣,乳制品,702,桂花糖芋艿,糖水甜品,1,chosen,0.5847,0.5679,train,normal
1748,下午加餐,4,58,省着点,一般,冷,家人,不关心,中辣,乳制品,702,桂花糖芋艿,糖水甜品,1,chosen,0.5847,0.5919,train,normal
1748,下午加餐,4,58,省着点,一般,冷,家人,不关心,中辣,乳制品,708,花生糊,糖水甜品,0,considered,0.5779,0.5362,train,normal
1748,下午加餐,4,58,省着点,一般,冷,家人,不关心,中辣,乳制品,693,芝麻糊,糖水甜品,0,considered,0.5779,0.5663,train,normal
1749,夜宵,2,107,想吃好点,疲惫,雪,家人,随便,微辣,,645,臭豆腐,烧烤小吃,1,chosen,0.7828,0.809,test,snow
1749,夜宵,2,107,想吃好点,疲惫,雪,家人,随便,微辣,,645,臭豆腐,烧烤小吃,1,chosen,0.7828,0.8104,test,snow
1749,夜宵,2,107,想吃好点,疲惫,雪,家人,随便,微辣,,645,臭豆腐,烧烤小吃,1,chosen,0.7828,0.8344,test,snow
1750,早餐,4,44,想吃好点,压力大,雨,同事,想健康,中辣,素食,807,衢州常山索面,长三角粉面,1,chosen,0.6546,0.6553,train,normal
1750,早餐,4,44,想吃好点,压力大,雨,同事,想健康,中辣,素食,807,衢州常山索面,长三角粉面,1,chosen,0.6546,0.7368,train,normal
1750,早餐,4,44,想吃好点,压力大,雨,同事,想健康,中辣,素食,807,衢州常山索面,长三角粉面,1,chosen,0.6546,0.6693,train,normal
1750,早餐,4,44,想吃好点,压力大,雨,同事,想健康,中辣,素食,793,常熟蕈油面,长三角粉面,0,considered,0.6546,0.6331,train,normal
1750,早餐,4,44,想吃好点,压力大,雨,同事,想健康,中辣,素食,808,金华佛堂千张面,长三角粉面,0,considered,0.6477,0.6288,train,normal
1751,晚餐,4,30,想吃好点,疲惫,雪,家人,严格控制,中辣,麸质,300,酸菜肥牛,川菜,1,chosen,0.8254,0.8416,test,snow
1751,晚餐,4,30,想吃好点,疲惫,雪,家人,严格控制,中辣,麸质,680,海南鸡饭,煲仔饭碟头饭,1,chosen,0.817,0.8523,test,snow
1751,晚餐,4,30,想吃好点,疲惫,雪,家人,严格控制,中辣,麸质,300,酸菜肥牛,川菜,1,chosen,0.8254,0.8284,test,snow
1751,晚餐,4,30,想吃好点,疲惫,雪,家人,严格控制,中辣,麸质,241,酸汤肥牛,川菜,0,considered,0.8254,0.8055,test,snow
1751,晚餐,4,30,想吃好点,疲惫,雪,家人,严格控制,中辣,麸质,292,荤豆花,川菜,0,considered,0.8175,0.7813,test,snow
1752,午餐,3,77,正常,压力大,晴,朋友,不关心,中辣,,15,宫保鸡丁,家常炒菜,1,chosen,0.6763,0.6594,train,normal
1752,午餐,3,77,正常,压力大,晴,朋友,不关心,中辣,,15,宫保鸡丁,家常炒菜,1,chosen,0.6763,0.6591,train,normal
1752,午餐,3,77,正常,压力大,晴,朋友,不关心,中辣,,15,宫保鸡丁,家常炒菜,1,chosen,0.6763,0.6993,train,normal
1752,午餐,3,77,正常,压力大,晴,朋友,不关心,中辣,,184,鱼香肉丝,家常炒菜,0,considered,0.6627,0.6466,train,normal
1752,午餐,3,77,正常,压力大,晴,朋友,不关心,中辣,,186,八宝辣酱,家常炒菜,0,considered,0.6457,0.6632,train,normal
1753,午餐,4,46,正常,开心,雨,约会,想健康,不吃辣,,680,海南鸡饭,煲仔饭碟头饭,1,chosen,0.7269,0.7179,train,normal
1753,午餐,4,46,正常,开心,雨,约会,想健康,不吃辣,,365,豆豉蒸鲮鱼,广府家常菜,1,chosen,0.72,0.7348,train,normal
1753,午餐,4,46,正常,开心,雨,约会,想健康,不吃辣,,680,海南鸡饭,煲仔饭碟头饭,1,chosen,0.7269,0.7037,train,normal
1753,午餐,4,46,正常,开心,雨,约会,想健康,不吃辣,,687,黄鳝煲仔饭,煲仔饭碟头饭,0,considered,0.7199,0.7604,train,normal
1753,午餐,4,46,正常,开心,雨,约会,想健康,不吃辣,,681,滑鸡煲仔饭,煲仔饭碟头饭,0,considered,0.7172,0.7451,train,normal
1754,晚餐,1,30,正常,开心,雨,朋友,不关心,中辣,素食,523,长沙臭豆腐,湘菜,1,chosen,0.6451,0.6398,test,normal
1754,晚餐,1,30,正常,开心,雨,朋友,不关心,中辣,素食,523,长沙臭豆腐,湘菜,1,chosen,0.6451,0.5795,test,normal
1754,晚餐,1,30,正常,开心,雨,朋友,不关心,中辣,素食,523,长沙臭豆腐,湘菜,1,chosen,0.6451,0.6107,test,normal
1755,午餐,2,36,想吃好点,一般,热,家人,不关心,重辣,,648,卤水鸡翅,烧腊卤味,1,chosen,0.6488,0.6027,train,normal
1755,午餐,2,36,想吃好点,一般,热,家人,不关心,重辣,,648,卤水鸡翅,烧腊卤味,1,chosen,0.6488,0.6325,train,normal
1755,午餐,2,36,想吃好点,一般,热,家人,不关心,重辣,,293,藤椒鸡,川菜,1,chosen,0.6369,0.6512,train,normal
1756,晚餐,3,64,想吃好点,开心,阴,同事,不关心,微辣,,366,豉椒炒花甲,广府家常菜,1,chosen,0.5734,0.5751,train,normal
1756,晚餐,3,64,想吃好点,开心,阴,同事,不关心,微辣,,466,响油鳝糊,本帮江浙菜,1,chosen,0.5697,0.5532,train,normal
1756,晚餐,3,64,想吃好点,开心,阴,同事,不关心,微辣,,366,豉椒炒花甲,广府家常菜,1,chosen,0.5734,0.5939,train,normal
1757,早餐,3,65,省着点,一般,晴,同事,想健康,中辣,海鲜,46,燕麦牛奶粥,早餐粥点,1,chosen,0.6659,0.6848,train,normal
1757,早餐,3,65,省着点,一般,晴,同事,想健康,中辣,海鲜,46,燕麦牛奶粥,早餐粥点,1,chosen,0.6659,0.635,train,normal
1757,早餐,3,65,省着点,一般,晴,同事,想健康,中辣,海鲜,46,燕麦牛奶粥,早餐粥点,1,chosen,0.6659,0.6822,train,normal
1757,早餐,3,65,省着点,一般,晴,同事,想健康,中辣,海鲜,439,菜肉大馄饨,早餐粥点,0,considered,0.6561,0.654,train,normal
1757,早餐,3,65,省着点,一般,晴,同事,想健康,中辣,海鲜,441,鲜肉小馄饨,早餐粥点,0,considered,0.6561,0.7112,train,normal
1758,午餐,5,28,省着点,疲惫,雪,一个人,随便,微辣,,259,军屯锅魁,川菜,1,chosen,0.6857,0.6594,test,snow
1758,午餐,5,28,省着点,疲惫,雪,一个人,随便,微辣,,259,军屯锅魁,川菜,1,chosen,0.6857,0.7098,test,snow
1758,午餐,5,28,省着点,疲惫,雪,一个人,随便,微辣,,259,军屯锅魁,川菜,1,chosen,0.6857,0.686,test,snow
1758,午餐,5,28,省着点,疲惫,雪,一个人,随便,微辣,,284,牛肉焦饼,川菜,0,considered,0.6857,0.6454,test,snow
1758,午餐,5,28,省着点,疲惫,雪,一个人,随便,微辣,,292,荤豆花,川菜,0,considered,0.6429,0.6028,test,snow
1759,午餐,4,87,正常,一般,阴,家人,随便,中辣,,589,邵阳猪血丸子,湘菜,1,chosen,0.621,0.6421,train,normal
1759,午餐,4,87,正常,一般,阴,家人,随便,中辣,,589,邵阳猪血丸子,湘菜,1,chosen,0.621,0.5918,train,normal
1759,午餐,4,87,正常,一般,阴,家人,随便,中辣,,589,邵阳猪血丸子,湘菜,1,chosen,0.621,0.6611,train,normal
1759,午餐,4,87,正常,一般,阴,家人,随便,中辣,,584,蒸腊肠,湘菜,0,considered,0.621,0.6351,train,normal
1759,午餐,4,87,正常,一般,阴,家人,随便,中辣,,557,浏阳蒸菜,湘菜,0,considered,0.621,0.6524,train,normal
1760,午餐,4,30,正常,一般,雨,一个人,不关心,不吃辣,乳制品,684,窝蛋牛肉饭,煲仔饭碟头饭,1,chosen,0.5622,0.5816,test,normal
1760,午餐,4,30,正常,一般,雨,一个人,不关心,不吃辣,乳制品,684,窝蛋牛肉饭,煲仔饭碟头饭,1,chosen,0.5622,0.574,test,normal
1760,午餐,4,30,正常,一般,雨,一个人,不关心,不吃辣,乳制品,678,北菇滑鸡饭,煲仔饭碟头饭,1,chosen,0.5622,0.6226,test,normal
1761,晚餐,3,46,省着点,开心,阴,家人,不关心,不吃辣,,658,卤水豆腐,烧腊卤味,1,chosen,0.6166,0.6359,train,normal
1761,晚餐,3,46,省着点,开心,阴,家人,不关心,不吃辣,,658,卤水豆腐,烧腊卤味,1,chosen,0.6166,0.5704,train,normal
1761,晚餐,3,46,省着点,开心,阴,家人,不关心,不吃辣,,658,卤水豆腐,烧腊卤味,1,chosen,0.6166,0.6243,train,normal
1762,早餐,5,82,想吃好点,压力大,雪,朋友,随便,重辣,素食,807,衢州常山索面,长三角粉面,1,chosen,0.6977,0.6927,test,snow
1762,早餐,5,82,想吃好点,压力大,雪,朋友,随便,重辣,素食,807,衢州常山索面,长三角粉面,1,chosen,0.6977,0.6923,test,snow
1762,早餐,5,82,想吃好点,压力大,雪,朋友,随便,重辣,素食,807,衢州常山索面,长三角粉面,1,chosen,0.6977,0.7938,test,snow
1763,夜宵,5,24,正常,开心,雨,朋友,想健康,微辣,,627,炒年糕,烧烤小吃,1,chosen,0.7446,0.7398,train,normal
1763,夜宵,5,24,正常,开心,雨,朋友,想健康,微辣,,627,炒年糕,烧烤小吃,1,chosen,0.7446,0.7357,train,normal
1763,夜宵,5,24,正常,开心,雨,朋友,想健康,微辣,,627,炒年糕,烧烤小吃,1,chosen,0.7446,0.7147,train,normal
1764,晚餐,4,58,不差钱,开心,阴,一个人,随便,不吃辣,,656,卤水拼盘,烧腊卤味,1,chosen,0.5225,0.571,train,normal
1764,晚餐,4,58,不差钱,开心,阴,一个人,随便,不吃辣,,656,卤水拼盘,烧腊卤味,1,chosen,0.5225,0.4959,train,normal
1764,晚餐,4,58,不差钱,开心,阴,一个人,随便,不吃辣,,656,卤水拼盘,烧腊卤味,1,chosen,0.5225,0.53,train,normal
1764,晚餐,4,58,不差钱,开心,阴,一个人,随便,不吃辣,,663,烧乳鸽,烧腊卤味,0,considered,0.5161,0.4958,train,normal
1764,晚餐,4,58,不差钱,开心,阴,一个人,随便,不吃辣,,664,盐焗鸡,烧腊卤味,0,considered,0.5161,0.5122,train,normal
1765,午餐,5,23,想吃好点,压力大,冷,家人,严格控制,微辣,,88,石锅拌饭,东北菜,1,chosen,0.7478,0.7136,train,normal
1765,午餐,5,23,想吃好点,压力大,冷,家人,严格控制,微辣,,88,石锅拌饭,东北菜,1,chosen,0.7478,0.7512,train,normal
1765,午餐,5,23,想吃好点,压力大,冷,家人,严格控制,微辣,,88,石锅拌饭,东北菜,1,chosen,0.7478,0.7413,train,normal
1765,午餐,5,23,想吃好点,压力大,冷,家人,严格控制,微辣,,153,锅塌豆腐,东北菜,0,considered,0.7302,0.701,train,normal
1765,午餐,5,23,想吃好点,压力大,冷,家人,严格控制,微辣,,69,尖椒干豆腐,东北菜,0,considered,0.7267,0.7221,train,normal
1766,早餐,3,15,想吃好点,兴奋,晴,同事,不关心,微辣,麸质,445,咖喱牛肉汤,早餐粥点,1,chosen,0.6152,0.5893,train,normal
1766,早餐,3,15,想吃好点,兴奋,晴,同事,不关心,微辣,麸质,423,蟹籽烧卖,早茶点心,1,chosen,0.6178,0.6426,train,normal
1766,早餐,3,15,想吃好点,兴奋,晴,同事,不关心,微辣,麸质,44,小笼包+豆浆,早餐粥点,1,chosen,0.6123,0.6461,train,normal
1766,早餐,3,15,想吃好点,兴奋,晴,同事,不关心,微辣,麸质,417,虾饺,早茶点心,0,considered,0.6178,0.586,train,normal
1766,早餐,3,15,想吃好点,兴奋,晴,同事,不关心,微辣,麸质,410,干蒸烧卖,早茶点心,0,considered,0.6132,0.6466,train,normal
1767,午餐,2,55,正常,一般,阴,朋友,严格控制,微辣,,162,干煸茧蛹,东北菜,1,chosen,0.6532,0.6631,train,normal
1767,午餐,2,55,正常,一般,阴,朋友,严格控制,微辣,,297,连锅汤,川菜,1,chosen,0.6467,0.6782,train,normal
1767,午餐,2,55,正常,一般,阴,朋友,严格控制,微辣,,162,干煸茧蛹,东北菜,1,chosen,0.6532,0.6712,train,normal
1767,午餐,2,55,正常,一般,阴,朋友,严格控制,微辣,,166,炒蚕蛹,东北菜,0,considered,0.6532,0.6428,train,normal
1767,午餐,2,55,正常,一般,阴,朋友,严格控制,微辣,,156,鲫鱼炖豆腐,东北菜,0,considered,0.6354,0.6851,train,normal
1768,早餐,4,86,正常,低落,晴,朋友,不关心,中辣,,424,黑椒牛仔骨,早茶点心,1,chosen,0.6393,0.677,train,normal
1768,早餐,4,86,正常,低落,晴,朋友,不关心,中辣,,424,黑椒牛仔骨,早茶点心,1,chosen,0.6393,0.6109,train,normal
1768,早餐,4,86,正常,低落,晴,朋友,不关心,中辣,,424,黑椒牛仔骨,早茶点心,1,chosen,0.6393,0.6594,train,normal
1768,早餐,4,86,正常,低落,晴,朋友,不关心,中辣,,425,黑椒猪肚,早茶点心,0,considered,0.6393,0.6591,train,normal
1768,早餐,4,86,正常,低落,晴,朋友,不关心,中辣,,408,凤爪,早茶点心,0,considered,0.6217,0.6375,train,normal
1769,午餐,3,24,正常,开心,晴,朋友,随便,不吃辣,,803,爆鱼面,长三角粉面,1,chosen,0.6098,0.6251,train,normal
1769,午餐,3,24,正常,开心,晴,朋友,随便,不吃辣,,803,爆鱼面,长三角粉面,1,chosen,0.6098,0.6048,train,normal
1769,午餐,3,24,正常,开心,晴,朋友,随便,不吃辣,,803,爆鱼面,长三角粉面,1,chosen,0.6098,0.6486,train,normal
1769,午餐,3,24,正常,开心,晴,朋友,随便,不吃辣,,773,上海大排面,长三角粉面,0,considered,0.6098,0.596,train,normal
1769,午餐,3,24,正常,开心,晴,朋友,随便,不吃辣,,788,双浇面,长三角粉面,0,considered,0.6098,0.6933,train,normal
1770,午餐,3,74,想吃好点,疲惫,晴,朋友,不关心,不吃辣,素食,159,东北乱炖(素),东北菜,1,chosen,0.6474,0.684,train,normal
1770,午餐,3,74,想吃好点,疲惫,晴,朋友,不关心,不吃辣,素食,159,东北乱炖(素),东北菜,1,chosen,0.6474,0.6966,train,normal
1770,午餐,3,74,想吃好点,疲惫,晴,朋友,不关心,不吃辣,素食,159,东北乱炖(素),东北菜,1,chosen,0.6474,0.6864,train,normal
1770,午餐,3,74,想吃好点,疲惫,晴,朋友,不关心,不吃辣,素食,143,茄子炖土豆,东北菜,0,considered,0.6451,0.6226,train,normal
1770,午餐,3,74,想吃好点,疲惫,晴,朋友,不关心,不吃辣,素食,64,土豆炖茄子,东北菜,0,considered,0.6451,0.6923,train,normal
1771,午餐,2,51,省着点,一般,热,约会,想健康,中辣,,658,卤水豆腐,烧腊卤味,1,chosen,0.677,0.6157,train,normal
1771,午餐,2,51,省着点,一般,热,约会,想健康,中辣,,658,卤水豆腐,烧腊卤味,1,chosen,0.677,0.6755,train,normal
1771,午餐,2,51,省着点,一般,热,约会,想健康,中辣,,658,卤水豆腐,烧腊卤味,1,chosen,0.677,0.6849,train,normal
1772,午餐,4,18,想吃好点,疲惫,雨,同事,随便,微辣,乳制品,2,青椒肉丝,煲仔饭碟头饭,1,chosen,0.6558,0.6856,train,normal
1772,午餐,4,18,想吃好点,疲惫,雨,同事,随便,微辣,乳制品,2,青椒肉丝,煲仔饭碟头饭,1,chosen,0.6558,0.6707,train,normal
1772,午餐,4,18,想吃好点,疲惫,雨,同事,随便,微辣,乳制品,397,星洲炒米粉,广式粥粉面,1,chosen,0.6553,0.6409,train,normal
1773,午餐,3,93,正常,疲惫,雨,朋友,想健康,重辣,,13,麻婆豆腐,家常炒菜,1,chosen,0.7721,0.8083,train,normal
1773,午餐,3,93,正常,疲惫,雨,朋友,想健康,重辣,,13,麻婆豆腐,家常炒菜,1,chosen,0.7721,0.7529,train,normal
1773,午餐,3,93,正常,疲惫,雨,朋友,想健康,重辣,,13,麻婆豆腐,家常炒菜,1,chosen,0.7721,0.7326,train,normal
1773,午餐,3,93,正常,疲惫,雨,朋友,想健康,重辣,,15,宫保鸡丁,家常炒菜,0,considered,0.7592,0.7693,train,normal
1773,午餐,3,93,正常,疲惫,雨,朋友,想健康,重辣,,184,鱼香肉丝,家常炒菜,0,considered,0.7395,0.7923,train,normal
1774,午餐,2,58,不差钱,低落,雪,一个人,随便,重辣,素食,580,臭豆腐炒辣椒,湘菜,1,chosen,0.6749,0.605,test,snow
1774,午餐,2,58,不差钱,低落,雪,一个人,随便,重辣,素食,580,臭豆腐炒辣椒,湘菜,1,chosen,0.6749,0.652,test,snow
1774,午餐,2,58,不差钱,低落,雪,一个人,随便,重辣,素食,580,臭豆腐炒辣椒,湘菜,1,chosen,0.6749,0.6364,test,snow
1774,午餐,2,58,不差钱,低落,雪,一个人,随便,重辣,素食,563,湘西外婆菜,湘菜,0,considered,0.6656,0.6454,test,snow
1774,午餐,2,58,不差钱,低落,雪,一个人,随便,重辣,素食,541,小炒香干,湘菜,0,considered,0.6641,0.7048,test,snow
1775,晚餐,3,55,省着点,压力大,晴,朋友,想健康,不吃辣,,658,卤水豆腐,烧腊卤味,1,chosen,0.679,0.6134,val,normal
1775,晚餐,3,55,省着点,压力大,晴,朋友,想健康,不吃辣,,658,卤水豆腐,烧腊卤味,1,chosen,0.679,0.64,val,normal
1775,晚餐,3,55,省着点,压力大,晴,朋友,想健康,不吃辣,,658,卤水豆腐,烧腊卤味,1,chosen,0.679,0.6867,val,normal
1776,午餐,2,55,想吃好点,疲惫,晴,约会,不关心,中辣,,594,醋蒸鸡,湘菜,1,chosen,0.6788,0.6957,train,normal
1776,午餐,2,55,想吃好点,疲惫,晴,约会,不关心,中辣,,594,醋蒸鸡,湘菜,1,chosen,0.6788,0.6328,train,normal
1776,午餐,2,55,想吃好点,疲惫,晴,约会,不关心,中辣,,242,酸菜鱼(川),川菜,1,chosen,0.6788,0.7093,train,normal
1777,午餐,3,68,省着点,一般,晴,一个人,想健康,不吃辣,"海鲜,乳制品",195,清炒草头,家常炒菜,1,chosen,0.5416,0.551,train,normal
1777,午餐,3,68,省着点,一般,晴,一个人,想健康,不吃辣,"海鲜,乳制品",195,清炒草头,家常炒菜,1,chosen,0.5416,0.5642,train,normal
1777,午餐,3,68,省着点,一般,晴,一个人,想健康,不吃辣,"海鲜,乳制品",155,韭菜盒子(东北),东北菜,1,chosen,0.5367,0.5954,train,normal
1778,下午加餐,4,60,想吃好点,一般,晴,一个人,随便,不吃辣,,32,藜麦牛油果碗,轻食健康,1,chosen,0.5296,0.5858,train,normal
1778,下午加餐,4,60,想吃好点,一般,晴,一个人,随便,不吃辣,,36,希腊酸奶坚果碗,轻食健康,1,chosen,0.5239,0.5244,train,normal
1778,下午加餐,4,60,想吃好点,一般,晴,一个人,随便,不吃辣,,32,藜麦牛油果碗,轻食健康,1,chosen,0.5296,0.5198,train,normal
1778,下午加餐,4,60,想吃好点,一般,晴,一个人,随便,不吃辣,,770,波奇饭,轻食健康,0,considered,0.5296,0.4734,train,normal
1778,下午加餐,4,60,想吃好点,一般,晴,一个人,随便,不吃辣,,34,全麦鸡肉三明治,轻食健康,0,considered,0.5251,0.5516,train,normal
1779,午餐,3,15,想吃好点,低落,冷,朋友,想健康,不吃辣,,350,丝瓜炒牛肉,广府家常菜,1,chosen,0.6933,0.7253,train,normal
1779,午餐,3,15,想吃好点,低落,冷,朋友,想健康,不吃辣,,350,丝瓜炒牛肉,广府家常菜,1,chosen,0.6933,0.7473,train,normal
1779,午餐,3,15,想吃好点,低落,冷,朋友,想健康,不吃辣,,175,番茄炒牛肉,家常炒菜,1,chosen,0.6873,0.6421,train,normal
1779,午餐,3,15,想吃好点,低落,冷,朋友,想健康,不吃辣,,351,凉瓜炒牛肉,广府家常菜,0,considered,0.6933,0.7104,train,normal
1779,午餐,3,15,想吃好点,低落,冷,朋友,想健康,不吃辣,,353,姜葱炒牛肉,广府家常菜,0,considered,0.6933,0.7404,train,normal
1780,午餐,2,72,省着点,一般,雨,一个人,随便,重辣,海鲜,109,东北臭豆腐,东北菜,1,chosen,0.5627,0.5334,train,normal
1780,午餐,2,72,省着点,一般,雨,一个人,随便,重辣,海鲜,223,手撕包菜(川),川菜,1,chosen,0.5607,0.4987,train,normal
1780,午餐,2,72,省着点,一般,雨,一个人,随便,重辣,海鲜,580,臭豆腐炒辣椒,湘菜,1,chosen,0.5822,0.5757,train,normal
1780,午餐,2,72,省着点,一般,雨,一个人,随便,重辣,海鲜,523,长沙臭豆腐,湘菜,0,considered,0.5743,0.5258,train,normal
1780,午餐,2,72,省着点,一般,雨,一个人,随便,重辣,海鲜,575,紫苏煎黄瓜,湘菜,0,considered,0.5607,0.5708,train,normal
1781,晚餐,4,15,省着点,一般,雨,约会,想健康,微辣,乳制品,6,兰州牛肉面,长三角粉面,1,chosen,0.697,0.7139,train,normal
1781,晚餐,4,15,省着点,一般,雨,约会,想健康,微辣,乳制品,6,兰州牛肉面,长三角粉面,1,chosen,0.697,0.619,train,normal
1781,晚餐,4,15,省着点,一般,雨,约会,想健康,微辣,乳制品,6,兰州牛肉面,长三角粉面,1,chosen,0.697,0.708,train,normal
1782,晚餐,3,36,不差钱,开心,雨,朋友,想健康,微辣,素食,658,卤水豆腐,烧腊卤味,1,chosen,0.6617,0.7014,train,normal
1782,晚餐,3,36,不差钱,开心,雨,朋友,想健康,微辣,素食,458,油焖笋,本帮江浙菜,1,chosen,0.6681,0.6406,train,normal
1782,晚餐,3,36,不差钱,开心,雨,朋友,想健康,微辣,素食,194,油焖春笋,家常炒菜,1,chosen,0.6607,0.6236,train,normal
1783,下午加餐,5,77,正常,疲惫,晴,朋友,随便,中辣,"海鲜,乳制品",413,白糖糕,早茶点心,1,chosen,0.5823,0.5651,train,normal
1783,下午加餐,5,77,正常,疲惫,晴,朋友,随便,中辣,"海鲜,乳制品",699,定胜糕,糖水甜品,1,chosen,0.6,0.6061,train,normal
1783,下午加餐,5,77,正常,疲惫,晴,朋友,随便,中辣,"海鲜,乳制品",699,定胜糕,糖水甜品,1,chosen,0.6,0.669,train,normal
1784,晚餐,3,43,正常,低落,冷,一个人,随便,微辣,,559,湖南蛋饺,湘菜,1,chosen,0.5968,0.5952,train,normal
1784,晚餐,3,43,正常,低落,冷,一个人,随便,微辣,,292,荤豆花,川菜,1,chosen,0.5968,0.617,train,normal
1784,晚餐,3,43,正常,低落,冷,一个人,随便,微辣,,559,湖南蛋饺,湘菜,1,chosen,0.5968,0.6207,train,normal
1785,晚餐,2,15,省着点,开心,热,朋友,随便,中辣,麸质,579,腊味萝卜干,湘菜,1,chosen,0.6504,0.7093,train,normal
1785,晚餐,2,15,省着点,开心,热,朋友,随便,中辣,麸质,575,紫苏煎黄瓜,湘菜,1,chosen,0.6201,0.6583,train,normal
1785,晚餐,2,15,省着点,开心,热,朋友,随便,中辣,麸质,579,腊味萝卜干,湘菜,1,chosen,0.6504,0.7241,train,normal
1786,晚餐,3,31,想吃好点,低落,冷,同事,随便,中辣,,309,鱼香虾仁,川菜,1,chosen,0.6521,0.6981,train,normal
1786,晚餐,3,31,想吃好点,低落,冷,同事,随便,中辣,,533,卜豆角炒肉,湘菜,1,chosen,0.6521,0.6499,train,normal
1786,晚餐,3,31,想吃好点,低落,冷,同事,随便,中辣,,309,鱼香虾仁,川菜,1,chosen,0.6521,0.7115,train,normal
1787,早餐,4,43,正常,一般,阴,朋友,随便,重辣,素食,807,衢州常山索面,长三角粉面,1,chosen,0.562,0.5952,train,normal
1787,早餐,4,43,正常,一般,阴,朋友,随便,重辣,素食,807,衢州常山索面,长三角粉面,1,chosen,0.562,0.5736,train,normal
1787,早餐,4,43,正常,一般,阴,朋友,随便,重辣,素食,807,衢州常山索面,长三角粉面,1,chosen,0.562,0.5114,train,normal
1788,晚餐,3,51,想吃好点,疲惫,晴,一个人,随便,微辣,,811,鳝丝面,长三角粉面,1,chosen,0.5635,0.5077,train,normal
1788,晚餐,3,51,想吃好点,疲惫,晴,一个人,随便,微辣,,811,鳝丝面,长三角粉面,1,chosen,0.5635,0.5385,train,normal
1788,晚餐,3,51,想吃好点,疲惫,晴,一个人,随便,微辣,,811,鳝丝面,长三角粉面,1,chosen,0.5635,0.5358,train,normal
1789,早餐,4,75,正常,疲惫,阴,约会,不关心,微辣,素食,702,桂花糖芋艿,糖水甜品,1,chosen,0.6067,0.5884,train,normal
1789,早餐,4,75,正常,疲惫,阴,约会,不关心,微辣,素食,793,常熟蕈油面,长三角粉面,1,chosen,0.6072,0.5248,train,normal
1789,早餐,4,75,正常,疲惫,阴,约会,不关心,微辣,素食,793,常熟蕈油面,长三角粉面,1,chosen,0.6072,0.6933,train,normal
1789,早餐,4,75,正常,疲惫,阴,约会,不关心,微辣,素食,804,素鸡面,长三角粉面,0,considered,0.6072,0.6032,train,normal
1789,早餐,4,75,正常,疲惫,阴,约会,不关心,微辣,素食,808,金华佛堂千张面,长三角粉面,0,considered,0.6072,0.5429,train,normal
1790,夜宵,4,59,省着点,疲惫,冷,朋友,随便,中辣,,627,炒年糕,烧烤小吃,1,chosen,0.7515,0.8104,test,normal
1790,夜宵,4,59,省着点,疲惫,冷,朋友,随便,中辣,,627,炒年糕,烧烤小吃,1,chosen,0.7515,0.7245,test,normal
1790,夜宵,4,59,省着点,疲惫,冷,朋友,随便,中辣,,627,炒年糕,烧烤小吃,1,chosen,0.7515,0.7447,test,normal
1790,夜宵,4,59,省着点,疲惫,冷,朋友,随便,中辣,,633,煎饼果子,烧烤小吃,0,considered,0.751,0.752,test,normal
1790,夜宵,4,59,省着点,疲惫,冷,朋友,随便,中辣,,636,鸡蛋灌饼,烧烤小吃,0,considered,0.751,0.7735,test,normal
1791,午餐,3,69,正常,开心,雪,一个人,想健康,中辣,,11,云南小锅米线,长三角粉面,1,chosen,0.6923,0.713,test,snow
1791,午餐,3,69,正常,开心,雪,一个人,想健康,中辣,,575,紫苏煎黄瓜,湘菜,1,chosen,0.6923,0.7465,test,snow
1791,午餐,3,69,正常,开心,雪,一个人,想健康,中辣,,11,云南小锅米线,长三角粉面,1,chosen,0.6923,0.7415,test,snow
1792,夜宵,5,43,正常,疲惫,阴,一个人,想健康,不吃辣,素食,647,韭菜盒子,烧烤小吃,1,chosen,0.6373,0.6424,train,normal
1792,夜宵,5,43,正常,疲惫,阴,一个人,想健康,不吃辣,素食,647,韭菜盒子,烧烤小吃,1,chosen,0.6373,0.5981,train,normal
1792,夜宵,5,43,正常,疲惫,阴,一个人,想健康,不吃辣,素食,647,韭菜盒子,烧烤小吃,1,chosen,0.6373,0.6347,train,normal
1793,晚餐,4,40,正常,一般,晴,同事,想健康,微辣,麸质,366,豉椒炒花甲,广府家常菜,1,chosen,0.6011,0.5372,train,normal
1793,晚餐,4,40,正常,一般,晴,同事,想健康,微辣,麸质,366,豉椒炒花甲,广府家常菜,1,chosen,0.6011,0.6434,train,normal
1793,晚餐,4,40,正常,一般,晴,同事,想健康,微辣,麸质,366,豉椒炒花甲,广府家常菜,1,chosen,0.6011,0.5708,train,normal
1794,晚餐,2,47,正常,压力大,冷,家人,不关心,不吃辣,素食,458,油焖笋,本帮江浙菜,1,chosen,0.6805,0.6424,train,normal
1794,晚餐,2,47,正常,压力大,冷,家人,不关心,不吃辣,素食,458,油焖笋,本帮江浙菜,1,chosen,0.6805,0.6954,train,normal
1794,晚餐,2,47,正常,压力大,冷,家人,不关心,不吃辣,素食,458,油焖笋,本帮江浙菜,1,chosen,0.6805,0.7072,train,normal
1794,晚餐,2,47,正常,压力大,冷,家人,不关心,不吃辣,素食,482,素蟹粉,本帮江浙菜,0,considered,0.6001,0.5783,train,normal
1794,晚餐,2,47,正常,压力大,冷,家人,不关心,不吃辣,素食,457,宁波烤菜,本帮江浙菜,0,considered,0.5564,0.5051,train,normal
1795,早餐,4,31,想吃好点,开心,晴,一个人,严格控制,微辣,海鲜,439,菜肉大馄饨,早餐粥点,1,chosen,0.6021,0.6191,train,normal
1795,早餐,4,31,想吃好点,开心,晴,一个人,严格控制,微辣,海鲜,439,菜肉大馄饨,早餐粥点,1,chosen,0.6021,0.565,train,normal
1795,早餐,4,31,想吃好点,开心,晴,一个人,严格控制,微辣,海鲜,439,菜肉大馄饨,早餐粥点,1,chosen,0.6021,0.7016,train,normal
1796,下午加餐,5,58,正常,开心,冷,朋友,随便,不吃辣,麸质,702,桂花糖芋艿,糖水甜品,1,chosen,0.5894,0.5225,train,normal
1796,下午加餐,5,58,正常,开心,冷,朋友,随便,不吃辣,麸质,702,桂花糖芋艿,糖水甜品,1,chosen,0.5894,0.5877,train,normal
1796,下午加餐,5,58,正常,开心,冷,朋友,随便,不吃辣,麸质,702,桂花糖芋艿,糖水甜品,1,chosen,0.5894,0.5735,train,normal
1797,晚餐,2,61,正常,开心,热,家人,不关心,微辣,海鲜,657,卤水掌翼,烧腊卤味,1,chosen,0.6648,0.6491,train,normal
1797,晚餐,2,61,正常,开心,热,家人,不关心,微辣,海鲜,657,卤水掌翼,烧腊卤味,1,chosen,0.6648,0.6525,train,normal
1797,晚餐,2,61,正常,开心,热,家人,不关心,微辣,海鲜,657,卤水掌翼,烧腊卤味,1,chosen,0.6648,0.6555,train,normal
1798,午餐,1,54,省着点,疲惫,冷,家人,不关心,重辣,,580,臭豆腐炒辣椒,湘菜,1,chosen,0.6704,0.6881,train,normal
1798,午餐,1,54,省着点,疲惫,冷,家人,不关心,重辣,,580,臭豆腐炒辣椒,湘菜,1,chosen,0.6704,0.6499,train,normal
1798,午餐,1,54,省着点,疲惫,冷,家人,不关心,重辣,,580,臭豆腐炒辣椒,湘菜,1,chosen,0.6704,0.6705,train,normal
1798,午餐,1,54,省着点,疲惫,冷,家人,不关心,重辣,,523,长沙臭豆腐,湘菜,0,considered,0.6625,0.6389,train,normal
1798,午餐,1,54,省着点,疲惫,冷,家人,不关心,重辣,,575,紫苏煎黄瓜,湘菜,0,considered,0.6552,0.5668,train,normal
1799,夜宵,3,15,省着点,一般,热,一个人,不关心,不吃辣,,632,煎饺,烧烤小吃,1,chosen,0.5747,0.5767,train,normal
1799,夜宵,3,15,省着点,一般,热,一个人,不关心,不吃辣,,632,煎饺,烧烤小吃,1,chosen,0.5747,0.5267,train,normal
1799,夜宵,3,15,省着点,一般,热,一个人,不关心,不吃辣,,632,煎饺,烧烤小吃,1,chosen,0.5747,0.5607,train,normal
1800,午餐,5,78,想吃好点,兴奋,冷,一个人,随便,中辣,,307,魔芋烧鸭,川菜,1,chosen,0.5899,0.5649,train,normal
1800,午餐,5,78,想吃好点,兴奋,冷,一个人,随便,中辣,,307,魔芋烧鸭,川菜,1,chosen,0.5899,0.5391,train,normal
1800,午餐,5,78,想吃好点,兴奋,冷,一个人,随便,中辣,,307,魔芋烧鸭,川菜,1,chosen,0.5899,0.6117,train,normal
1800,午餐,5,78,想吃好点,兴奋,冷,一个人,随便,中辣,,241,酸汤肥牛,川菜,0,considered,0.5899,0.4941,train,normal
1800,午餐,5,78,想吃好点,兴奋,冷,一个人,随便,中辣,,317,冒鸭子,川菜,0,considered,0.5899,0.4716,train,normal
1801,下午加餐,5,49,省着点,兴奋,冷,同事,严格控制,不吃辣,,711,酒酿圆子,糖水甜品,1,chosen,0.6165,0.5547,train,normal
1801,下午加餐,5,49,省着点,兴奋,冷,同事,严格控制,不吃辣,,711,酒酿圆子,糖水甜品,1,chosen,0.6165,0.5714,train,normal
1801,下午加餐,5,49,省着点,兴奋,冷,同事,严格控制,不吃辣,,711,酒酿圆子,糖水甜品,1,chosen,0.6165,0.5983,train,normal
1801,下午加餐,5,49,省着点,兴奋,冷,同事,严格控制,不吃辣,,701,核桃糊,糖水甜品,0,considered,0.6089,0.6198,train,normal
1801,下午加餐,5,49,省着点,兴奋,冷,同事,严格控制,不吃辣,,708,花生糊,糖水甜品,0,considered,0.6089,0.5648,train,normal
1802,午餐,3,79,正常,一般,冷,同事,不关心,微辣,乳制品,774,上海辣肉面,长三角粉面,1,chosen,0.6101,0.5455,train,normal
1802,午餐,3,79,正常,一般,冷,同事,不关心,微辣,乳制品,366,豉椒炒花甲,广府家常菜,1,chosen,0.6101,0.5517,train,normal
1802,午餐,3,79,正常,一般,冷,同事,不关心,微辣,乳制品,774,上海辣肉面,长三角粉面,1,chosen,0.6101,0.5907,train,normal
1802,午餐,3,79,正常,一般,冷,同事,不关心,微辣,乳制品,6,兰州牛肉面,长三角粉面,0,considered,0.6101,0.6174,train,normal
1802,午餐,3,79,正常,一般,冷,同事,不关心,微辣,乳制品,787,南京老卤面,长三角粉面,0,considered,0.6101,0.6629,train,normal
1803,午餐,3,57,想吃好点,一般,晴,家人,想健康,中辣,海鲜,594,醋蒸鸡,湘菜,1,chosen,0.6601,0.6833,train,normal
1803,午餐,3,57,想吃好点,一般,晴,家人,想健康,中辣,海鲜,307,魔芋烧鸭,川菜,1,chosen,0.6581,0.5915,train,normal
1803,午餐,3,57,想吃好点,一般,晴,家人,想健康,中辣,海鲜,241,酸汤肥牛,川菜,1,chosen,0.6601,0.6448,train,normal
1804,下午加餐,5,46,想吃好点,兴奋,热,一个人,随便,微辣,,764,奶茶,轻食健康,1,chosen,0.5648,0.5799,train,normal
1804,下午加餐,5,46,想吃好点,兴奋,热,一个人,随便,微辣,,770,波奇饭,轻食健康,1,chosen,0.576,0.5614,train,normal
1804,下午加餐,5,46,想吃好点,兴奋,热,一个人,随便,微辣,,764,奶茶,轻食健康,1,chosen,0.5648,0.6188,train,normal
1805,晚餐,1,21,正常,压力大,热,同事,想健康,不吃辣,海鲜,637,卤味拼盘,烧烤小吃,1,chosen,0.6162,0.5702,train,normal
1805,晚餐,1,21,正常,压力大,热,同事,想健康,不吃辣,海鲜,126,松仁小肚,东北菜,1,chosen,0.6316,0.6667,train,normal
1805,晚餐,1,21,正常,压力大,热,同事,想健康,不吃辣,海鲜,126,松仁小肚,东北菜,1,chosen,0.6316,0.6071,train,normal
1806,早餐,1,26,省着点,一般,晴,同事,严格控制,不吃辣,,46,燕麦牛奶粥,早餐粥点,1,chosen,0.7059,0.7045,train,normal
1806,早餐,1,26,省着点,一般,晴,同事,严格控制,不吃辣,,46,燕麦牛奶粥,早餐粥点,1,chosen,0.7059,0.7405,train,normal
1806,早餐,1,26,省着点,一般,晴,同事,严格控制,不吃辣,,46,燕麦牛奶粥,早餐粥点,1,chosen,0.7059,0.6998,train,normal
1807,早餐,4,57,正常,开心,晴,一个人,随便,中辣,素食,807,衢州常山索面,长三角粉面,1,chosen,0.5049,0.5317,train,normal
1807,早餐,4,57,正常,开心,晴,一个人,随便,中辣,素食,804,素鸡面,长三角粉面,1,chosen,0.4891,0.463,train,normal
1807,早餐,4,57,正常,开心,晴,一个人,随便,中辣,素食,807,衢州常山索面,长三角粉面,1,chosen,0.5049,0.5227,train,normal
1808,早餐,3,15,正常,压力大,晴,一个人,严格控制,重辣,素食,807,衢州常山索面,长三角粉面,1,chosen,0.6536,0.6717,test,normal
1808,早餐,3,15,正常,压力大,晴,一个人,严格控制,重辣,素食,807,衢州常山索面,长三角粉面,1,chosen,0.6536,0.6791,test,normal
1808,早餐,3,15,正常,压力大,晴,一个人,严格控制,重辣,素食,797,无锡素面,长三角粉面,1,chosen,0.6348,0.6616,test,normal
1809,晚餐,4,15,省着点,疲惫,热,约会,不关心,微辣,,60,东北饭包,东北菜,1,chosen,0.6996,0.6751,train,normal
1809,晚餐,4,15,省着点,疲惫,热,约会,不关心,微辣,,60,东北饭包,东北菜,1,chosen,0.6996,0.6503,train,normal
1809,晚餐,4,15,省着点,疲惫,热,约会,不关心,微辣,,9,炸酱面,长三角粉面,1,chosen,0.6901,0.5925,train,normal
1810,夜宵,4,36,省着点,疲惫,阴,约会,不关心,重辣,麸质,519,湖南米粉,湘菜,1,chosen,0.6794,0.7328,test,normal
1810,夜宵,4,36,省着点,疲惫,阴,约会,不关心,重辣,麸质,627,炒年糕,烧烤小吃,1,chosen,0.7216,0.6942,test,normal
1810,夜宵,4,36,省着点,疲惫,阴,约会,不关心,重辣,麸质,396,酸辣粉,广式粥粉面,1,chosen,0.7016,0.6894,test,normal
1810,夜宵,4,36,省着点,疲惫,阴,约会,不关心,重辣,麸质,645,臭豆腐,烧烤小吃,0,considered,0.7088,0.6999,test,normal
1810,夜宵,4,36,省着点,疲惫,阴,约会,不关心,重辣,麸质,26,烤鸡翅,烧烤小吃,0,considered,0.6705,0.7291,test,normal
1811,午餐,3,15,正常,兴奋,晴,同事,想健康,不吃辣,素食,195,清炒草头,家常炒菜,1,chosen,0.5954,0.6104,train,normal
1811,午餐,3,15,正常,兴奋,晴,同事,想健康,不吃辣,素食,195,清炒草头,家常炒菜,1,chosen,0.5954,0.6342,train,normal
1811,午餐,3,15,正常,兴奋,晴,同事,想健康,不吃辣,素食,195,清炒草头,家常炒菜,1,chosen,0.5954,0.5565,train,normal
1811,午餐,3,15,正常,兴奋,晴,同事,想健康,不吃辣,素食,194,油焖春笋,家常炒菜,0,considered,0.5738,0.567,train,normal
1811,午餐,3,15,正常,兴奋,晴,同事,想健康,不吃辣,素食,183,香干炒芹菜,家常炒菜,0,considered,0.5543,0.5065,train,normal
1812,午餐,3,54,不差钱,压力大,晴,朋友,随便,中辣,,607,翠竹粉蒸鱼,湘菜,1,chosen,0.6763,0.6929,test,normal
1812,午餐,3,54,不差钱,压力大,晴,朋友,随便,中辣,,607,翠竹粉蒸鱼,湘菜,1,chosen,0.6763,0.6516,test,normal
1812,午餐,3,54,不差钱,压力大,晴,朋友,随便,中辣,,607,翠竹粉蒸鱼,湘菜,1,chosen,0.6763,0.6889,test,normal
1813,午餐,3,35,省着点,一般,雨,朋友,不关心,微辣,乳制品,658,卤水豆腐,烧腊卤味,1,chosen,0.649,0.6441,val,normal
1813,午餐,3,35,省着点,一般,雨,朋友,不关心,微辣,乳制品,658,卤水豆腐,烧腊卤味,1,chosen,0.649,0.6751,val,normal
1813,午餐,3,35,省着点,一般,雨,朋友,不关心,微辣,乳制品,658,卤水豆腐,烧腊卤味,1,chosen,0.649,0.6327,val,normal
1813,午餐,3,35,省着点,一般,雨,朋友,不关心,微辣,乳制品,648,卤水鸡翅,烧腊卤味,0,considered,0.6229,0.5974,val,normal
1813,午餐,3,35,省着点,一般,雨,朋友,不关心,微辣,乳制品,651,牛杂,烧腊卤味,0,considered,0.6162,0.6608,val,normal
1814,早餐,4,38,想吃好点,疲惫,雪,朋友,严格控制,中辣,素食,797,无锡素面,长三角粉面,1,chosen,0.7534,0.8129,test,snow
1814,早餐,4,38,想吃好点,疲惫,雪,朋友,严格控制,中辣,素食,807,衢州常山索面,长三角粉面,1,chosen,0.7824,0.796,test,snow
1814,早餐,4,38,想吃好点,疲惫,雪,朋友,严格控制,中辣,素食,797,无锡素面,长三角粉面,1,chosen,0.7534,0.7181,test,snow
1814,早餐,4,38,想吃好点,疲惫,雪,朋友,严格控制,中辣,素食,793,常熟蕈油面,长三角粉面,0,considered,0.7648,0.7469,test,snow
1814,早餐,4,38,想吃好点,疲惫,雪,朋友,严格控制,中辣,素食,808,金华佛堂千张面,长三角粉面,0,considered,0.758,0.7289,test,snow
1815,午餐,3,26,想吃好点,压力大,晴,约会,严格控制,不吃辣,麸质,471,梭子蟹炒年糕,本帮江浙菜,1,chosen,0.7077,0.6668,train,normal
1815,午餐,3,26,想吃好点,压力大,晴,约会,严格控制,不吃辣,麸质,471,梭子蟹炒年糕,本帮江浙菜,1,chosen,0.7077,0.6808,train,normal
1815,午餐,3,26,想吃好点,压力大,晴,约会,严格控制,不吃辣,麸质,471,梭子蟹炒年糕,本帮江浙菜,1,chosen,0.7077,0.7452,train,normal
1816,晚餐,4,54,正常,一般,雨,一个人,不关心,微辣,麸质,2,青椒肉丝,煲仔饭碟头饭,1,chosen,0.5664,0.5873,train,normal
1816,晚餐,4,54,正常,一般,雨,一个人,不关心,微辣,麸质,2,青椒肉丝,煲仔饭碟头饭,1,chosen,0.5664,0.5407,train,normal
1816,晚餐,4,54,正常,一般,雨,一个人,不关心,微辣,麸质,2,青椒肉丝,煲仔饭碟头饭,1,chosen,0.5664,0.5823,train,normal
1816,晚餐,4,54,正常,一般,雨,一个人,不关心,微辣,麸质,676,豉油鸡饭,煲仔饭碟头饭,0,considered,0.5585,0.5688,train,normal
1816,晚餐,4,54,正常,一般,雨,一个人,不关心,微辣,麸质,678,北菇滑鸡饭,煲仔饭碟头饭,0,considered,0.5585,0.5852,train,normal
1817,晚餐,3,34,正常,压力大,雨,朋友,想健康,重辣,乳制品,13,麻婆豆腐,家常炒菜,1,chosen,0.7721,0.78,train,normal
1817,晚餐,3,34,正常,压力大,雨,朋友,想健康,重辣,乳制品,13,麻婆豆腐,家常炒菜,1,chosen,0.7721,0.7665,train,normal
1817,晚餐,3,34,正常,压力大,雨,朋友,想健康,重辣,乳制品,13,麻婆豆腐,家常炒菜,1,chosen,0.7721,0.7584,train,normal
1818,午餐,3,15,正常,一般,晴,一个人,想健康,中辣,麸质,6,兰州牛肉面,长三角粉面,1,chosen,0.5581,0.5407,test,normal
1818,午餐,3,15,正常,一般,晴,一个人,想健康,中辣,麸质,575,紫苏煎黄瓜,湘菜,1,chosen,0.566,0.555,test,normal
1818,午餐,3,15,正常,一般,晴,一个人,想健康,中辣,麸质,552,攸县香干,湘菜,1,chosen,0.566,0.6125,test,normal
1818,午餐,3,15,正常,一般,晴,一个人,想健康,中辣,麸质,575,紫苏煎黄瓜,湘菜,0,considered,0.566,0.5799,test,normal
1818,午餐,3,15,正常,一般,晴,一个人,想健康,中辣,麸质,554,榨菜肉丝(湘),湘菜,0,considered,0.5562,0.5782,test,normal
1819,午餐,5,53,不差钱,疲惫,晴,同事,不关心,不吃辣,素食,65,地三鲜(东北),东北菜,1,chosen,0.5762,0.5973,test,normal
1819,午餐,5,53,不差钱,疲惫,晴,同事,不关心,不吃辣,素食,65,地三鲜(东北),东北菜,1,chosen,0.5762,0.569,test,normal
1819,午餐,5,53,不差钱,疲惫,晴,同事,不关心,不吃辣,素食,65,地三鲜(东北),东北菜,1,chosen,0.5762,0.6017,test,normal
1820,下午加餐,3,15,不差钱,疲惫,阴,一个人,随便,重辣,,770,波奇饭,轻食健康,1,chosen,0.6112,0.5992,train,normal
1820,下午加餐,3,15,不差钱,疲惫,阴,一个人,随便,重辣,,770,波奇饭,轻食健康,1,chosen,0.6112,0.6342,train,normal
1820,下午加餐,3,15,不差钱,疲惫,阴,一个人,随便,重辣,,770,波奇饭,轻食健康,1,chosen,0.6112,0.5799,train,normal
1820,下午加餐,3,15,不差钱,疲惫,阴,一个人,随便,重辣,,32,藜麦牛油果碗,轻食健康,0,considered,0.5958,0.57,train,normal
1820,下午加餐,3,15,不差钱,疲惫,阴,一个人,随便,重辣,,33,三文鱼沙拉,轻食健康,0,considered,0.5941,0.5833,train,normal
1821,早餐,4,68,不差钱,开心,雨,约会,想健康,中辣,"海鲜,乳制品",424,黑椒牛仔骨,早茶点心,1,chosen,0.7025,0.6721,train,normal
1821,早餐,4,68,不差钱,开心,雨,约会,想健康,中辣,"海鲜,乳制品",424,黑椒牛仔骨,早茶点心,1,chosen,0.7025,0.7017,train,normal
1821,早餐,4,68,不差钱,开心,雨,约会,想健康,中辣,"海鲜,乳制品",424,黑椒牛仔骨,早茶点心,1,chosen,0.7025,0.7492,train,normal
1821,早餐,4,68,不差钱,开心,雨,约会,想健康,中辣,"海鲜,乳制品",415,腐皮卷,早茶点心,0,considered,0.6777,0.712,train,normal
1821,早餐,4,68,不差钱,开心,雨,约会,想健康,中辣,"海鲜,乳制品",406,叉烧包,早茶点心,0,considered,0.6612,0.6706,train,normal
1822,晚餐,3,15,正常,压力大,晴,约会,不关心,微辣,,48,东北土豆丝,东北菜,1,chosen,0.6636,0.6501,train,normal
1822,晚餐,3,15,正常,压力大,晴,约会,不关心,微辣,,6,兰州牛肉面,长三角粉面,1,chosen,0.6636,0.6719,train,normal
1822,晚餐,3,15,正常,压力大,晴,约会,不关心,微辣,,48,东北土豆丝,东北菜,1,chosen,0.6636,0.6197,train,normal
1822,晚餐,3,15,正常,压力大,晴,约会,不关心,微辣,,72,手撕包菜(东北),东北菜,0,considered,0.6599,0.5792,train,normal
1822,晚餐,3,15,正常,压力大,晴,约会,不关心,微辣,,71,干豆腐炒尖椒,东北菜,0,considered,0.6599,0.6883,train,normal
1823,下午加餐,4,27,正常,疲惫,雨,家人,随便,中辣,,706,芒果班戟,糖水甜品,1,chosen,0.6669,0.6405,train,normal
1823,下午加餐,4,27,正常,疲惫,雨,家人,随便,中辣,,706,芒果班戟,糖水甜品,1,chosen,0.6669,0.6365,train,normal
1823,下午加餐,4,27,正常,疲惫,雨,家人,随便,中辣,,706,芒果班戟,糖水甜品,1,chosen,0.6669,0.6207,train,normal
1823,下午加餐,4,27,正常,疲惫,雨,家人,随便,中辣,,694,菠萝包,糖水甜品,0,considered,0.6639,0.6875,train,normal
1823,下午加餐,4,27,正常,疲惫,雨,家人,随便,中辣,,696,蛋挞,糖水甜品,0,considered,0.6629,0.7305,train,normal
1824,晚餐,5,84,想吃好点,兴奋,热,家人,严格控制,中辣,,655,豉油鸡,烧腊卤味,1,chosen,0.6956,0.6903,test,normal
1824,晚餐,5,84,想吃好点,兴奋,热,家人,严格控制,中辣,,655,豉油鸡,烧腊卤味,1,chosen,0.6956,0.7345,test,normal
1824,晚餐,5,84,想吃好点,兴奋,热,家人,严格控制,中辣,,300,酸菜肥牛,川菜,1,chosen,0.689,0.7396,test,normal
1825,午餐,4,88,省着点,低落,冷,约会,不关心,不吃辣,海鲜,668,咸肉菜饭,煲仔饭碟头饭,1,chosen,0.6993,0.6665,val,normal
1825,午餐,4,88,省着点,低落,冷,约会,不关心,不吃辣,海鲜,668,咸肉菜饭,煲仔饭碟头饭,1,chosen,0.6993,0.7172,val,normal
1825,午餐,4,88,省着点,低落,冷,约会,不关心,不吃辣,海鲜,668,咸肉菜饭,煲仔饭碟头饭,1,chosen,0.6993,0.7207,val,normal
1825,午餐,4,88,省着点,低落,冷,约会,不关心,不吃辣,海鲜,685,菜饭骨头汤,煲仔饭碟头饭,0,considered,0.6875,0.7056,val,normal
1825,午餐,4,88,省着点,低落,冷,约会,不关心,不吃辣,海鲜,3,台式卤肉饭,煲仔饭碟头饭,0,considered,0.668,0.6672,val,normal
1826,早餐,4,68,想吃好点,低落,雨,朋友,严格控制,微辣,,424,黑椒牛仔骨,早茶点心,1,chosen,0.7142,0.6354,train,normal
1826,早餐,4,68,想吃好点,低落,雨,朋友,严格控制,微辣,,424,黑椒牛仔骨,早茶点心,1,chosen,0.7142,0.7275,train,normal
1826,早餐,4,68,想吃好点,低落,雨,朋友,严格控制,微辣,,424,黑椒牛仔骨,早茶点心,1,chosen,0.7142,0.7427,train,normal
1827,晚餐,2,39,想吃好点,兴奋,热,朋友,不关心,不吃辣,,648,卤水鸡翅,烧腊卤味,1,chosen,0.6606,0.6764,train,normal
1827,晚餐,2,39,想吃好点,兴奋,热,朋友,不关心,不吃辣,,659,卤水鸭掌,烧腊卤味,1,chosen,0.6323,0.5876,train,normal
1827,晚餐,2,39,想吃好点,兴奋,热,朋友,不关心,不吃辣,,648,卤水鸡翅,烧腊卤味,1,chosen,0.6606,0.7099,train,normal
1827,晚餐,2,39,想吃好点,兴奋,热,朋友,不关心,不吃辣,,658,卤水豆腐,烧腊卤味,0,considered,0.635,0.6255,train,normal
1827,晚餐,2,39,想吃好点,兴奋,热,朋友,不关心,不吃辣,,657,卤水掌翼,烧腊卤味,0,considered,0.6346,0.6136,train,normal
1828,晚餐,4,106,想吃好点,一般,阴,一个人,想健康,中辣,,307,魔芋烧鸭,川菜,1,chosen,0.566,0.5284,train,normal
1828,晚餐,4,106,想吃好点,一般,阴,一个人,想健康,中辣,,307,魔芋烧鸭,川菜,1,chosen,0.566,0.5695,train,normal
1828,晚餐,4,106,想吃好点,一般,阴,一个人,想健康,中辣,,307,魔芋烧鸭,川菜,1,chosen,0.566,0.5907,train,normal
1829,午餐,2,42,正常,一般,阴,一个人,不关心,不吃辣,,353,姜葱炒牛肉,广府家常菜,1,chosen,0.5111,0.5538,train,normal
1829,午餐,2,42,正常,一般,阴,一个人,不关心,不吃辣,,353,姜葱炒牛肉,广府家常菜,1,chosen,0.5111,0.5238,train,normal
1829,午餐,2,42,正常,一般,阴,一个人,不关心,不吃辣,,353,姜葱炒牛肉,广府家常菜,1,chosen,0.5111,0.5336,train,normal
1830,早餐,5,27,想吃好点,疲惫,晴,朋友,不关心,不吃辣,,454,蟹粉小笼包,早餐粥点,1,chosen,0.6529,0.6481,train,normal
1830,早餐,5,27,想吃好点,疲惫,晴,朋友,不关心,不吃辣,,454,蟹粉小笼包,早餐粥点,1,chosen,0.6529,0.6566,train,normal
1830,早餐,5,27,想吃好点,疲惫,晴,朋友,不关心,不吃辣,,454,蟹粉小笼包,早餐粥点,1,chosen,0.6529,0.6843,train,normal
1831,午餐,3,30,正常,兴奋,热,家人,不关心,中辣,,658,卤水豆腐,烧腊卤味,1,chosen,0.6622,0.6869,train,normal
1831,午餐,3,30,正常,兴奋,热,家人,不关心,中辣,,658,卤水豆腐,烧腊卤味,1,chosen,0.6622,0.6211,train,normal
1831,午餐,3,30,正常,兴奋,热,家人,不关心,中辣,,658,卤水豆腐,烧腊卤味,1,chosen,0.6622,0.6944,train,normal
1831,午餐,3,30,正常,兴奋,热,家人,不关心,中辣,,648,卤水鸡翅,烧腊卤味,0,considered,0.6474,0.6564,train,normal
1831,午餐,3,30,正常,兴奋,热,家人,不关心,中辣,,651,牛杂,烧腊卤味,0,considered,0.6262,0.6473,train,normal
1832,午餐,2,35,不差钱,兴奋,雨,朋友,不关心,中辣,素食,523,长沙臭豆腐,湘菜,1,chosen,0.6443,0.6413,train,normal
1832,午餐,2,35,不差钱,兴奋,雨,朋友,不关心,中辣,素食,523,长沙臭豆腐,湘菜,1,chosen,0.6443,0.5991,train,normal
1832,午餐,2,35,不差钱,兴奋,雨,朋友,不关心,中辣,素食,523,长沙臭豆腐,湘菜,1,chosen,0.6443,0.6759,train,normal
1832,午餐,2,35,不差钱,兴奋,雨,朋友,不关心,中辣,素食,552,攸县香干,湘菜,0,considered,0.6372,0.6781,train,normal
1832,午餐,2,35,不差钱,兴奋,雨,朋友,不关心,中辣,素食,575,紫苏煎黄瓜,湘菜,0,considered,0.6244,0.582,train,normal
1833,晚餐,4,26,想吃好点,压力大,冷,朋友,不关心,不吃辣,素食,18,地三鲜,家常炒菜,1,chosen,0.6869,0.7385,val,normal
1833,晚餐,4,26,想吃好点,压力大,冷,朋友,不关心,不吃辣,素食,458,油焖笋,本帮江浙菜,1,chosen,0.6832,0.697,val,normal
1833,晚餐,4,26,想吃好点,压力大,冷,朋友,不关心,不吃辣,素食,18,地三鲜,家常炒菜,1,chosen,0.6869,0.7132,val,normal
1833,晚餐,4,26,想吃好点,压力大,冷,朋友,不关心,不吃辣,素食,194,油焖春笋,家常炒菜,0,considered,0.6846,0.7102,val,normal
1833,晚餐,4,26,想吃好点,压力大,冷,朋友,不关心,不吃辣,素食,195,清炒草头,家常炒菜,0,considered,0.6542,0.6225,val,normal
1834,下午加餐,4,80,正常,兴奋,雨,约会,随便,微辣,,34,全麦鸡肉三明治,轻食健康,1,chosen,0.6411,0.6147,train,normal
1834,下午加餐,4,80,正常,兴奋,雨,约会,随便,微辣,,34,全麦鸡肉三明治,轻食健康,1,chosen,0.6411,0.6337,train,normal
1834,下午加餐,4,80,正常,兴奋,雨,约会,随便,微辣,,34,全麦鸡肉三明治,轻食健康,1,chosen,0.6411,0.6951,train,normal
1835,晚餐,4,66,正常,开心,晴,一个人,不关心,微辣,,2,青椒肉丝,煲仔饭碟头饭,1,chosen,0.5304,0.5288,train,normal
1835,晚餐,4,66,正常,开心,晴,一个人,不关心,微辣,,2,青椒肉丝,煲仔饭碟头饭,1,chosen,0.5304,0.5129,train,normal
1835,晚餐,4,66,正常,开心,晴,一个人,不关心,微辣,,284,牛肉焦饼,川菜,1,chosen,0.5304,0.5043,train,normal
1836,下午加餐,4,15,省着点,疲惫,冷,同事,随便,微辣,素食,699,定胜糕,糖水甜品,1,chosen,0.6214,0.5851,train,normal
1836,下午加餐,4,15,省着点,疲惫,冷,同事,随便,微辣,素食,699,定胜糕,糖水甜品,1,chosen,0.6214,0.6518,train,normal
1836,下午加餐,4,15,省着点,疲惫,冷,同事,随便,微辣,素食,699,定胜糕,糖水甜品,1,chosen,0.6214,0.6495,train,normal
1836,下午加餐,4,15,省着点,疲惫,冷,同事,随便,微辣,素食,710,赤豆糕,糖水甜品,0,considered,0.6214,0.5729,train,normal
1836,下午加餐,4,15,省着点,疲惫,冷,同事,随便,微辣,素食,711,酒酿圆子,糖水甜品,0,considered,0.6121,0.6478,train,normal
1837,夜宵,2,42,省着点,开心,晴,同事,严格控制,微辣,,642,烤韭菜,烧烤小吃,1,chosen,0.6963,0.6593,train,normal
1837,夜宵,2,42,省着点,开心,晴,同事,严格控制,微辣,,642,烤韭菜,烧烤小吃,1,chosen,0.6963,0.7277,train,normal
1837,夜宵,2,42,省着点,开心,晴,同事,严格控制,微辣,,642,烤韭菜,烧烤小吃,1,chosen,0.6963,0.6897,train,normal
1838,午餐,2,43,想吃好点,一般,雪,朋友,不关心,微辣,"海鲜,乳制品",162,干煸茧蛹,东北菜,1,chosen,0.7228,0.7241,test,snow
1838,午餐,2,43,想吃好点,一般,雪,朋友,不关心,微辣,"海鲜,乳制品",162,干煸茧蛹,东北菜,1,chosen,0.7228,0.7838,test,snow
1838,午餐,2,43,想吃好点,一般,雪,朋友,不关心,微辣,"海鲜,乳制品",162,干煸茧蛹,东北菜,1,chosen,0.7228,0.7202,test,snow
1839,午餐,3,25,正常,开心,晴,约会,随便,不吃辣,麸质,348,豉汁蒸排骨,广府家常菜,1,chosen,0.6335,0.6465,train,normal
1839,午餐,3,25,正常,开心,晴,约会,随便,不吃辣,麸质,348,豉汁蒸排骨,广府家常菜,1,chosen,0.6335,0.643,train,normal
1839,午餐,3,25,正常,开心,晴,约会,随便,不吃辣,麸质,348,豉汁蒸排骨,广府家常菜,1,chosen,0.6335,0.6096,train,normal
1840,夜宵,2,28,想吃好点,一般,冷,家人,不关心,中辣,,26,烤鸡翅,烧烤小吃,1,chosen,0.7152,0.7334,train,normal
1840,夜宵,2,28,想吃好点,一般,冷,家人,不关心,中辣,,26,烤鸡翅,烧烤小吃,1,chosen,0.7152,0.6625,train,normal
1840,夜宵,2,28,想吃好点,一般,冷,家人,不关心,中辣,,26,烤鸡翅,烧烤小吃,1,chosen,0.7152,0.7205,train,normal
1840,夜宵,2,28,想吃好点,一般,冷,家人,不关心,中辣,,645,臭豆腐,烧烤小吃,0,considered,0.682,0.6639,train,normal
1840,夜宵,2,28,想吃好点,一般,冷,家人,不关心,中辣,,27,烤茄子,烧烤小吃,0,considered,0.6753,0.6679,train,normal
1841,早餐,3,71,省着点,压力大,阴,朋友,严格控制,重辣,素食,807,衢州常山索面,长三角粉面,1,chosen,0.7183,0.7188,train,normal
1841,早餐,3,71,省着点,压力大,阴,朋友,严格控制,重辣,素食,807,衢州常山索面,长三角粉面,1,chosen,0.7183,0.6998,train,normal
1841,早餐,3,71,省着点,压力大,阴,朋友,严格控制,重辣,素食,807,衢州常山索面,长三角粉面,1,chosen,0.7183,0.7102,train,normal
1842,晚餐,3,68,想吃好点,一般,热,同事,不关心,微辣,素食,658,卤水豆腐,烧腊卤味,1,chosen,0.5826,0.529,train,normal
1842,晚餐,3,68,想吃好点,一般,热,同事,不关心,微辣,素食,658,卤水豆腐,烧腊卤味,1,chosen,0.5826,0.6281,train,normal
1842,晚餐,3,68,想吃好点,一般,热,同事,不关心,微辣,素食,658,卤水豆腐,烧腊卤味,1,chosen,0.5826,0.5387,train,normal
1842,晚餐,3,68,想吃好点,一般,热,同事,不关心,微辣,素食,657,卤水掌翼,烧腊卤味,0,considered,0.0,0.0583,train,normal
1842,晚餐,3,68,想吃好点,一般,热,同事,不关心,微辣,素食,656,卤水拼盘,烧腊卤味,0,considered,0.0,0.0,train,normal
1843,午餐,3,28,想吃好点,低落,晴,一个人,不关心,中辣,乳制品,308,鱼香肉片,川菜,1,chosen,0.5677,0.5537,train,normal
1843,午餐,3,28,想吃好点,低落,晴,一个人,不关心,中辣,乳制品,308,鱼香肉片,川菜,1,chosen,0.5677,0.5642,train,normal
1843,午餐,3,28,想吃好点,低落,晴,一个人,不关心,中辣,乳制品,308,鱼香肉片,川菜,1,chosen,0.5677,0.5834,train,normal
1843,午餐,3,28,想吃好点,低落,晴,一个人,不关心,中辣,乳制品,309,鱼香虾仁,川菜,0,considered,0.5677,0.5648,train,normal
1843,午餐,3,28,想吃好点,低落,晴,一个人,不关心,中辣,乳制品,241,酸汤肥牛,川菜,0,considered,0.5677,0.5434,train,normal
1844,晚餐,3,62,想吃好点,一般,晴,一个人,不关心,微辣,,651,牛杂,烧腊卤味,1,chosen,0.519,0.5399,train,normal
1844,晚餐,3,62,想吃好点,一般,晴,一个人,不关心,微辣,,651,牛杂,烧腊卤味,1,chosen,0.519,0.5722,train,normal
1844,晚餐,3,62,想吃好点,一般,晴,一个人,不关心,微辣,,651,牛杂,烧腊卤味,1,chosen,0.519,0.5252,train,normal
1845,午餐,5,59,正常,开心,晴,朋友,不关心,不吃辣,,681,滑鸡煲仔饭,煲仔饭碟头饭,1,chosen,0.6203,0.5835,val,normal
1845,午餐,5,59,正常,开心,晴,朋友,不关心,不吃辣,,681,滑鸡煲仔饭,煲仔饭碟头饭,1,chosen,0.6203,0.6777,val,normal
1845,午餐,5,59,正常,开心,晴,朋友,不关心,不吃辣,,680,海南鸡饭,煲仔饭碟头饭,1,chosen,0.6203,0.624,val,normal
1846,晚餐,4,30,正常,低落,热,朋友,随便,微辣,素食,658,卤水豆腐,烧腊卤味,1,chosen,0.6719,0.6806,val,normal
1846,晚餐,4,30,正常,低落,热,朋友,随便,微辣,素食,658,卤水豆腐,烧腊卤味,1,chosen,0.6719,0.6708,val,normal
1846,晚餐,4,30,正常,低落,热,朋友,随便,微辣,素食,658,卤水豆腐,烧腊卤味,1,chosen,0.6719,0.6439,val,normal
1846,晚餐,4,30,正常,低落,热,朋友,随便,微辣,素食,657,卤水掌翼,烧腊卤味,0,considered,0.0,0.0,val,normal
1846,晚餐,4,30,正常,低落,热,朋友,随便,微辣,素食,656,卤水拼盘,烧腊卤味,0,considered,0.0,0.0219,val,normal
1847,下午加餐,4,20,省着点,一般,热,约会,想健康,微辣,海鲜,688,双皮奶,糖水甜品,1,chosen,0.6498,0.6764,train,normal
1847,下午加餐,4,20,省着点,一般,热,约会,想健康,微辣,海鲜,688,双皮奶,糖水甜品,1,chosen,0.6498,0.6372,train,normal
1847,下午加餐,4,20,省着点,一般,热,约会,想健康,微辣,海鲜,772,鲜榨橙汁,轻食健康,1,chosen,0.6169,0.5918,train,normal
1848,午餐,2,50,不差钱,疲惫,晴,一个人,严格控制,微辣,,24,菌汤火锅,火锅麻辣烫,1,chosen,0.5975,0.594,val,normal
1848,午餐,2,50,不差钱,疲惫,晴,一个人,严格控制,微辣,,14,清蒸鲈鱼,家常炒菜,1,chosen,0.5906,0.5882,val,normal
1848,午餐,2,50,不差钱,疲惫,晴,一个人,严格控制,微辣,,24,菌汤火锅,火锅麻辣烫,1,chosen,0.5975,0.6175,val,normal
1848,午餐,2,50,不差钱,疲惫,晴,一个人,严格控制,微辣,,618,烤生蚝,火锅麻辣烫,0,considered,0.5844,0.5561,val,normal
1848,午餐,2,50,不差钱,疲惫,晴,一个人,严格控制,微辣,,621,番茄火锅,火锅麻辣烫,0,considered,0.5501,0.5853,val,normal
1849,下午加餐,3,44,正常,一般,阴,同事,不关心,微辣,,36,希腊酸奶坚果碗,轻食健康,1,chosen,0.6096,0.599,train,normal
1849,下午加餐,3,44,正常,一般,阴,同事,不关心,微辣,,36,希腊酸奶坚果碗,轻食健康,1,chosen,0.6096,0.6472,train,normal
1849,下午加餐,3,44,正常,一般,阴,同事,不关心,微辣,,36,希腊酸奶坚果碗,轻食健康,1,chosen,0.6096,0.6444,train,normal
1850,晚餐,3,41,不差钱,疲惫,冷,约会,不关心,不吃辣,乳制品,471,梭子蟹炒年糕,本帮江浙菜,1,chosen,0.7215,0.693,train,normal
1850,晚餐,3,41,不差钱,疲惫,冷,约会,不关心,不吃辣,乳制品,372,一品煲,广府家常菜,1,chosen,0.7079,0.7267,train,normal
1850,晚餐,3,41,不差钱,疲惫,冷,约会,不关心,不吃辣,乳制品,471,梭子蟹炒年糕,本帮江浙菜,1,chosen,0.7215,0.6818,train,normal
1850,晚餐,3,41,不差钱,疲惫,冷,约会,不关心,不吃辣,乳制品,460,糖醋排骨,本帮江浙菜,0,considered,0.7078,0.716,train,normal
1850,晚餐,3,41,不差钱,疲惫,冷,约会,不关心,不吃辣,乳制品,483,红烧划水,本帮江浙菜,0,considered,0.7009,0.7061,train,normal
1851,午餐,3,32,想吃好点,一般,冷,家人,想健康,重辣,海鲜,300,酸菜肥牛,川菜,1,chosen,0.7082,0.6358,train,normal
1851,午餐,3,32,想吃好点,一般,冷,家人,想健康,重辣,海鲜,300,酸菜肥牛,川菜,1,chosen,0.7082,0.7343,train,normal
1851,午餐,3,32,想吃好点,一般,冷,家人,想健康,重辣,海鲜,300,酸菜肥牛,川菜,1,chosen,0.7082,0.6856,train,normal
1852,早餐,4,43,想吃好点,低落,雨,朋友,想健康,中辣,,424,黑椒牛仔骨,早茶点心,1,chosen,0.7161,0.7606,train,normal
1852,早餐,4,43,想吃好点,低落,雨,朋友,想健康,中辣,,424,黑椒牛仔骨,早茶点心,1,chosen,0.7161,0.6982,train,normal
1852,早餐,4,43,想吃好点,低落,雨,朋友,想健康,中辣,,424,黑椒牛仔骨,早茶点心,1,chosen,0.7161,0.7211,train,normal
1853,午餐,4,102,想吃好点,一般,晴,家人,随便,不吃辣,麸质,316,乐山甜皮鸭,川菜,1,chosen,0.6052,0.6082,train,normal
1853,午餐,4,102,想吃好点,一般,晴,家人,随便,不吃辣,麸质,687,黄鳝煲仔饭,煲仔饭碟头饭,1,chosen,0.6089,0.6603,train,normal
1853,午餐,4,102,想吃好点,一般,晴,家人,随便,不吃辣,麸质,687,黄鳝煲仔饭,煲仔饭碟头饭,1,chosen,0.6089,0.5219,train,normal
1854,早餐,3,51,省着点,压力大,阴,朋友,随便,中辣,素食,807,衢州常山索面,长三角粉面,1,chosen,0.6472,0.6171,train,normal
1854,早餐,3,51,省着点,压力大,阴,朋友,随便,中辣,素食,807,衢州常山索面,长三角粉面,1,chosen,0.6472,0.6343,train,normal
1854,早餐,3,51,省着点,压力大,阴,朋友,随便,中辣,素食,807,衢州常山索面,长三角粉面,1,chosen,0.6472,0.6333,train,normal
1855,晚餐,3,50,省着点,低落,雪,一个人,不关心,不吃辣,,66,大酱炒鸡蛋,东北菜,1,chosen,0.6407,0.6844,test,snow
1855,晚餐,3,50,省着点,低落,雪,一个人,不关心,不吃辣,,155,韭菜盒子(东北),东北菜,1,chosen,0.6407,0.6276,test,snow
1855,晚餐,3,50,省着点,低落,雪,一个人,不关心,不吃辣,,66,大酱炒鸡蛋,东北菜,1,chosen,0.6407,0.6111,test,snow
1856,夜宵,2,69,正常,压力大,冷,家人,想健康,不吃辣,,647,韭菜盒子,烧烤小吃,1,chosen,0.7347,0.7785,train,normal
1856,夜宵,2,69,正常,压力大,冷,家人,想健康,不吃辣,,647,韭菜盒子,烧烤小吃,1,chosen,0.7347,0.7719,train,normal
1856,夜宵,2,69,正常,压力大,冷,家人,想健康,不吃辣,,647,韭菜盒子,烧烤小吃,1,chosen,0.7347,0.7045,train,normal
1857,晚餐,3,60,想吃好点,疲惫,晴,同事,想健康,中辣,"海鲜,乳制品",241,酸汤肥牛,川菜,1,chosen,0.6408,0.6175,train,normal
1857,晚餐,3,60,想吃好点,疲惫,晴,同事,想健康,中辣,"海鲜,乳制品",15,宫保鸡丁,家常炒菜,1,chosen,0.6408,0.5967,train,normal
1857,晚餐,3,60,想吃好点,疲惫,晴,同事,想健康,中辣,"海鲜,乳制品",15,宫保鸡丁,家常炒菜,1,chosen,0.6408,0.6042,train,normal
1858,晚餐,3,17,正常,开心,冷,朋友,想健康,不吃辣,,351,凉瓜炒牛肉,广府家常菜,1,chosen,0.6862,0.645,test,normal
1858,晚餐,3,17,正常,开心,冷,朋友,想健康,不吃辣,,351,凉瓜炒牛肉,广府家常菜,1,chosen,0.6862,0.7081,test,normal
1858,晚餐,3,17,正常,开心,冷,朋友,想健康,不吃辣,,351,凉瓜炒牛肉,广府家常菜,1,chosen,0.6862,0.6913,test,normal
1859,晚餐,4,33,想吃好点,压力大,晴,一个人,随便,中辣,素食,552,攸县香干,湘菜,1,chosen,0.5645,0.5118,train,normal
1859,晚餐,4,33,想吃好点,压力大,晴,一个人,随便,中辣,素食,552,攸县香干,湘菜,1,chosen,0.5645,0.5669,train,normal
1859,晚餐,4,33,想吃好点,压力大,晴,一个人,随便,中辣,素食,552,攸县香干,湘菜,1,chosen,0.5645,0.5767,train,normal
1859,晚餐,4,33,想吃好点,压力大,晴,一个人,随便,中辣,素食,575,紫苏煎黄瓜,湘菜,0,considered,0.56,0.586,train,normal
1859,晚餐,4,33,想吃好点,压力大,晴,一个人,随便,中辣,素食,523,长沙臭豆腐,湘菜,0,considered,0.5439,0.5907,train,normal
1860,晚餐,1,49,正常,开心,冷,约会,不关心,不吃辣,,368,豉汁蒸凤爪,广府家常菜,1,chosen,0.6613,0.6588,train,normal
1860,晚餐,1,49,正常,开心,冷,约会,不关心,不吃辣,,665,金钱肚,烧腊卤味,1,chosen,0.6545,0.7001,train,normal
1860,晚餐,1,49,正常,开心,冷,约会,不关心,不吃辣,,368,豉汁蒸凤爪,广府家常菜,1,chosen,0.6613,0.6348,train,normal
1860,晚餐,1,49,正常,开心,冷,约会,不关心,不吃辣,,370,陈皮蒸牛肉饼,广府家常菜,0,considered,0.6545,0.6931,train,normal
1860,晚餐,1,49,正常,开心,冷,约会,不关心,不吃辣,,365,豆豉蒸鲮鱼,广府家常菜,0,considered,0.6545,0.6405,train,normal
1861,下午加餐,4,66,省着点,低落,晴,朋友,想健康,微辣,,688,双皮奶,糖水甜品,1,chosen,0.6109,0.6193,train,normal
1861,下午加餐,4,66,省着点,低落,晴,朋友,想健康,微辣,,688,双皮奶,糖水甜品,1,chosen,0.6109,0.6194,train,normal
1861,下午加餐,4,66,省着点,低落,晴,朋友,想健康,微辣,,769,凯撒沙拉,轻食健康,1,chosen,0.5784,0.5575,train,normal
1861,下午加餐,4,66,省着点,低落,晴,朋友,想健康,微辣,,702,桂花糖芋艿,糖水甜品,0,considered,0.5751,0.5664,train,normal
1861,下午加餐,4,66,省着点,低落,晴,朋友,想健康,微辣,,708,花生糊,糖水甜品,0,considered,0.5683,0.5564,train,normal
1862,夜宵,4,88,不差钱,开心,阴,朋友,不关心,微辣,乳制品,620,猪肚鸡,火锅麻辣烫,1,chosen,0.6559,0.6791,val,normal
1862,夜宵,4,88,不差钱,开心,阴,朋友,不关心,微辣,乳制品,620,猪肚鸡,火锅麻辣烫,1,chosen,0.6559,0.6537,val,normal
1862,夜宵,4,88,不差钱,开心,阴,朋友,不关心,微辣,乳制品,620,猪肚鸡,火锅麻辣烫,1,chosen,0.6559,0.6724,val,normal
1863,午餐,2,69,想吃好点,兴奋,晴,同事,想健康,重辣,,366,豉椒炒花甲,广府家常菜,1,chosen,0.6129,0.6545,train,normal
1863,午餐,2,69,想吃好点,兴奋,晴,同事,想健康,重辣,,366,豉椒炒花甲,广府家常菜,1,chosen,0.6129,0.6154,train,normal
1863,午餐,2,69,想吃好点,兴奋,晴,同事,想健康,重辣,,366,豉椒炒花甲,广府家常菜,1,chosen,0.6129,0.6432,train,normal
1864,午餐,4,86,想吃好点,疲惫,雨,一个人,不关心,微辣,,781,上海大肠面,长三角粉面,1,chosen,0.6146,0.601,train,normal
1864,午餐,4,86,想吃好点,疲惫,雨,一个人,不关心,微辣,,781,上海大肠面,长三角粉面,1,chosen,0.6146,0.6029,train,normal
1864,午餐,4,86,想吃好点,疲惫,雨,一个人,不关心,微辣,,781,上海大肠面,长三角粉面,1,chosen,0.6146,0.6226,train,normal
1865,午餐,5,16,想吃好点,疲惫,冷,约会,不关心,微辣,,684,窝蛋牛肉饭,煲仔饭碟头饭,1,chosen,0.7127,0.7763,train,normal
1865,午餐,5,16,想吃好点,疲惫,冷,约会,不关心,微辣,,684,窝蛋牛肉饭,煲仔饭碟头饭,1,chosen,0.7127,0.6614,train,normal
1865,午餐,5,16,想吃好点,疲惫,冷,约会,不关心,微辣,,684,窝蛋牛肉饭,煲仔饭碟头饭,1,chosen,0.7127,0.7091,train,normal
1866,夜宵,4,72,正常,一般,雪,家人,严格控制,微辣,,627,炒年糕,烧烤小吃,1,chosen,0.7932,0.7557,test,snow
1866,夜宵,4,72,正常,一般,雪,家人,严格控制,微辣,,627,炒年糕,烧烤小吃,1,chosen,0.7932,0.8768,test,snow
1866,夜宵,4,72,正常,一般,雪,家人,严格控制,微辣,,627,炒年糕,烧烤小吃,1,chosen,0.7932,0.7652,test,snow
1867,下午加餐,4,33,正常,一般,晴,一个人,随便,不吃辣,,762,丝袜奶茶,轻食健康,1,chosen,0.5296,0.5548,train,normal
1867,下午加餐,4,33,正常,一般,晴,一个人,随便,不吃辣,,762,丝袜奶茶,轻食健康,1,chosen,0.5296,0.5522,train,normal
1867,下午加餐,4,33,正常,一般,晴,一个人,随便,不吃辣,,762,丝袜奶茶,轻食健康,1,chosen,0.5296,0.6257,train,normal
1868,晚餐,4,33,想吃好点,疲惫,雨,朋友,随便,中辣,,15,宫保鸡丁,家常炒菜,1,chosen,0.7201,0.7765,test,normal
1868,晚餐,4,33,想吃好点,疲惫,雨,朋友,随便,中辣,,15,宫保鸡丁,家常炒菜,1,chosen,0.7201,0.6154,test,normal
1868,晚餐,4,33,想吃好点,疲惫,雨,朋友,随便,中辣,,15,宫保鸡丁,家常炒菜,1,chosen,0.7201,0.7738,test,normal
1869,晚餐,2,69,想吃好点,疲惫,晴,朋友,随便,微辣,"海鲜,乳制品",292,荤豆花,川菜,1,chosen,0.6494,0.6708,train,normal
1869,晚餐,2,69,想吃好点,疲惫,晴,朋友,随便,微辣,"海鲜,乳制品",292,荤豆花,川菜,1,chosen,0.6494,0.6581,train,normal
1869,晚餐,2,69,想吃好点,疲惫,晴,朋友,随便,微辣,"海鲜,乳制品",292,荤豆花,川菜,1,chosen,0.6494,0.6159,train,normal
1870,晚餐,3,107,不差钱,一般,阴,家人,不关心,不吃辣,,606,组庵鱼翅,湘菜,1,chosen,0.6052,0.6161,train,normal
1870,晚餐,3,107,不差钱,一般,阴,家人,不关心,不吃辣,,606,组庵鱼翅,湘菜,1,chosen,0.6052,0.549,train,normal
1870,晚餐,3,107,不差钱,一般,阴,家人,不关心,不吃辣,,606,组庵鱼翅,湘菜,1,chosen,0.6052,0.6713,train,normal
1871,晚餐,3,71,省着点,开心,阴,朋友,严格控制,不吃辣,乳制品,658,卤水豆腐,烧腊卤味,1,chosen,0.644,0.6746,test,normal
1871,晚餐,3,71,省着点,开心,阴,朋友,严格控制,不吃辣,乳制品,658,卤水豆腐,烧腊卤味,1,chosen,0.644,0.6756,test,normal
1871,晚餐,3,71,省着点,开心,阴,朋友,严格控制,不吃辣,乳制品,143,茄子炖土豆,东北菜,1,chosen,0.638,0.6621,test,normal
1871,晚餐,3,71,省着点,开心,阴,朋友,严格控制,不吃辣,乳制品,648,卤水鸡翅,烧腊卤味,0,considered,0.6239,0.6388,test,normal
1871,晚餐,3,71,省着点,开心,阴,朋友,严格控制,不吃辣,乳制品,655,豉油鸡,烧腊卤味,0,considered,0.5551,0.6206,test,normal
1872,夜宵,3,33,想吃好点,疲惫,晴,朋友,想健康,不吃辣,,647,韭菜盒子,烧烤小吃,1,chosen,0.7023,0.7065,train,normal
1872,夜宵,3,33,想吃好点,疲惫,晴,朋友,想健康,不吃辣,,647,韭菜盒子,烧烤小吃,1,chosen,0.7023,0.6753,train,normal
1872,夜宵,3,33,想吃好点,疲惫,晴,朋友,想健康,不吃辣,,647,韭菜盒子,烧烤小吃,1,chosen,0.7023,0.7277,train,normal
1873,午餐,3,30,省着点,一般,雨,家人,想健康,不吃辣,乳制品,658,卤水豆腐,烧腊卤味,1,chosen,0.6783,0.6888,val,normal
1873,午餐,3,30,省着点,一般,雨,家人,想健康,不吃辣,乳制品,658,卤水豆腐,烧腊卤味,1,chosen,0.6783,0.6785,val,normal
1873,午餐,3,30,省着点,一般,雨,家人,想健康,不吃辣,乳制品,658,卤水豆腐,烧腊卤味,1,chosen,0.6783,0.6249,val,normal
1873,午餐,3,30,省着点,一般,雨,家人,想健康,不吃辣,乳制品,648,卤水鸡翅,烧腊卤味,0,considered,0.6344,0.6078,val,normal
1873,午餐,3,30,省着点,一般,雨,家人,想健康,不吃辣,乳制品,665,金钱肚,烧腊卤味,0,considered,0.5819,0.5709,val,normal
1874,午餐,2,15,不差钱,一般,晴,约会,不关心,不吃辣,素食,195,清炒草头,家常炒菜,1,chosen,0.5796,0.6273,train,normal
1874,午餐,2,15,不差钱,一般,晴,约会,不关心,不吃辣,素食,195,清炒草头,家常炒菜,1,chosen,0.5796,0.5852,train,normal
1874,午餐,2,15,不差钱,一般,晴,约会,不关心,不吃辣,素食,195,清炒草头,家常炒菜,1,chosen,0.5796,0.6209,train,normal
1875,下午加餐,2,52,想吃好点,一般,雨,朋友,严格控制,不吃辣,素食,32,藜麦牛油果碗,轻食健康,1,chosen,0.7419,0.7774,val,normal
1875,下午加餐,2,52,想吃好点,一般,雨,朋友,严格控制,不吃辣,素食,32,藜麦牛油果碗,轻食健康,1,chosen,0.7419,0.7467,val,normal
1875,下午加餐,2,52,想吃好点,一般,雨,朋友,严格控制,不吃辣,素食,32,藜麦牛油果碗,轻食健康,1,chosen,0.7419,0.7311,val,normal
1875,下午加餐,2,52,想吃好点,一般,雨,朋友,严格控制,不吃辣,素食,766,水煮时蔬,轻食健康,0,considered,0.7142,0.6953,val,normal
1875,下午加餐,2,52,想吃好点,一般,雨,朋友,严格控制,不吃辣,素食,772,鲜榨橙汁,轻食健康,0,considered,0.6742,0.6419,val,normal
1876,午餐,4,58,正常,兴奋,晴,朋友,想健康,中辣,"海鲜,乳制品",15,宫保鸡丁,家常炒菜,1,chosen,0.6791,0.6124,train,normal
1876,午餐,4,58,正常,兴奋,晴,朋友,想健康,中辣,"海鲜,乳制品",15,宫保鸡丁,家常炒菜,1,chosen,0.6791,0.7348,train,normal
1876,午餐,4,58,正常,兴奋,晴,朋友,想健康,中辣,"海鲜,乳制品",15,宫保鸡丁,家常炒菜,1,chosen,0.6791,0.7149,train,normal
1877,晚餐,4,41,省着点,开心,晴,一个人,随便,重辣,,519,湖南米粉,湘菜,1,chosen,0.5462,0.5388,train,normal
1877,晚餐,4,41,省着点,开心,晴,一个人,随便,重辣,,519,湖南米粉,湘菜,1,chosen,0.5462,0.5131,train,normal
1877,晚餐,4,41,省着点,开心,晴,一个人,随便,重辣,,519,湖南米粉,湘菜,1,chosen,0.5462,0.5103,train,normal
1878,午餐,5,82,想吃好点,一般,晴,同事,随便,不吃辣,,671,烧腊双拼饭,煲仔饭碟头饭,1,chosen,0.5578,0.5305,train,normal
1878,午餐,5,82,想吃好点,一般,晴,同事,随便,不吃辣,,671,烧腊双拼饭,煲仔饭碟头饭,1,chosen,0.5578,0.6132,train,normal
1878,午餐,5,82,想吃好点,一般,晴,同事,随便,不吃辣,,673,猪脚饭,煲仔饭碟头饭,1,chosen,0.5555,0.5506,train,normal
1879,晚餐,3,27,想吃好点,压力大,阴,家人,想健康,中辣,素食,552,攸县香干,湘菜,1,chosen,0.6841,0.7848,train,normal
1879,晚餐,3,27,想吃好点,压力大,阴,家人,想健康,中辣,素食,552,攸县香干,湘菜,1,chosen,0.6841,0.7054,train,normal
1879,晚餐,3,27,想吃好点,压力大,阴,家人,想健康,中辣,素食,552,攸县香干,湘菜,1,chosen,0.6841,0.6565,train,normal
1880,午餐,4,15,省着点,压力大,雨,同事,随便,中辣,乳制品,595,长沙肉丝米粉,湘菜,1,chosen,0.6625,0.7006,train,normal
1880,午餐,4,15,省着点,压力大,雨,同事,随便,中辣,乳制品,595,长沙肉丝米粉,湘菜,1,chosen,0.6625,0.6352,train,normal
1880,午餐,4,15,省着点,压力大,雨,同事,随便,中辣,乳制品,595,长沙肉丝米粉,湘菜,1,chosen,0.6625,0.6504,train,normal
1880,午餐,4,15,省着点,压力大,雨,同事,随便,中辣,乳制品,604,湖南炒饭,湘菜,0,considered,0.6575,0.6424,train,normal
1880,午餐,4,15,省着点,压力大,雨,同事,随便,中辣,乳制品,575,紫苏煎黄瓜,湘菜,0,considered,0.6551,0.6872,train,normal
1881,午餐,4,41,省着点,一般,冷,家人,不关心,微辣,海鲜,668,咸肉菜饭,煲仔饭碟头饭,1,chosen,0.657,0.6177,train,normal
1881,午餐,4,41,省着点,一般,冷,家人,不关心,微辣,海鲜,668,咸肉菜饭,煲仔饭碟头饭,1,chosen,0.657,0.6504,train,normal
1881,午餐,4,41,省着点,一般,冷,家人,不关心,微辣,海鲜,668,咸肉菜饭,煲仔饭碟头饭,1,chosen,0.657,0.7085,train,normal
1882,晚餐,4,15,正常,压力大,热,朋友,不关心,不吃辣,,9,炸酱面,长三角粉面,1,chosen,0.6822,0.741,train,normal
1882,晚餐,4,15,正常,压力大,热,朋友,不关心,不吃辣,,9,炸酱面,长三角粉面,1,chosen,0.6822,0.71,train,normal
1882,晚餐,4,15,正常,压力大,热,朋友,不关心,不吃辣,,9,炸酱面,长三角粉面,1,chosen,0.6822,0.7235,train,normal
1882,晚餐,4,15,正常,压力大,热,朋友,不关心,不吃辣,,776,杭州片儿川,长三角粉面,0,considered,0.6352,0.6446,train,normal
1882,晚餐,4,15,正常,压力大,热,朋友,不关心,不吃辣,,777,苏州奥灶面,长三角粉面,0,considered,0.6256,0.5792,train,normal
1883,晚餐,4,37,正常,疲惫,阴,朋友,随便,中辣,乳制品,15,宫保鸡丁,家常炒菜,1,chosen,0.6763,0.6935,val,normal
1883,晚餐,4,37,正常,疲惫,阴,朋友,随便,中辣,乳制品,15,宫保鸡丁,家常炒菜,1,chosen,0.6763,0.6676,val,normal
1883,晚餐,4,37,正常,疲惫,阴,朋友,随便,中辣,乳制品,15,宫保鸡丁,家常炒菜,1,chosen,0.6763,0.6458,val,normal
1884,晚餐,4,15,想吃好点,一般,冷,朋友,想健康,不吃辣,,351,凉瓜炒牛肉,广府家常菜,1,chosen,0.6748,0.6685,train,normal
1884,晚餐,4,15,想吃好点,一般,冷,朋友,想健康,不吃辣,,347,菜心炒牛肉,广府家常菜,1,chosen,0.6748,0.7237,train,normal
1884,晚餐,4,15,想吃好点,一般,冷,朋友,想健康,不吃辣,,347,菜心炒牛肉,广府家常菜,1,chosen,0.6748,0.6643,train,normal
1885,午餐,2,52,正常,一般,晴,同事,想健康,不吃辣,,350,丝瓜炒牛肉,广府家常菜,1,chosen,0.5932,0.5966,val,normal
1885,午餐,2,52,正常,一般,晴,同事,想健康,不吃辣,,350,丝瓜炒牛肉,广府家常菜,1,chosen,0.5932,0.5736,val,normal
1885,午餐,2,52,正常,一般,晴,同事,想健康,不吃辣,,350,丝瓜炒牛肉,广府家常菜,1,chosen,0.5932,0.6278,val,normal
1886,午餐,4,44,省着点,疲惫,晴,同事,想健康,中辣,素食,575,紫苏煎黄瓜,湘菜,1,chosen,0.6468,0.6871,train,normal
1886,午餐,4,44,省着点,疲惫,晴,同事,想健康,中辣,素食,48,东北土豆丝,东北菜,1,chosen,0.6358,0.6122,train,normal
1886,午餐,4,44,省着点,疲惫,晴,同事,想健康,中辣,素食,575,紫苏煎黄瓜,湘菜,1,chosen,0.6468,0.7144,train,normal
1886,午餐,4,44,省着点,疲惫,晴,同事,想健康,中辣,素食,552,攸县香干,湘菜,0,considered,0.6342,0.6187,train,normal
1886,午餐,4,44,省着点,疲惫,晴,同事,想健康,中辣,素食,573,糖油粑粑,湘菜,0,considered,0.5773,0.5446,train,normal
1887,夜宵,4,70,想吃好点,一般,阴,朋友,不关心,微辣,乳制品,627,炒年糕,烧烤小吃,1,chosen,0.6473,0.7132,test,normal
1887,夜宵,4,70,想吃好点,一般,阴,朋友,不关心,微辣,乳制品,627,炒年糕,烧烤小吃,1,chosen,0.6473,0.5879,test,normal
1887,夜宵,4,70,想吃好点,一般,阴,朋友,不关心,微辣,乳制品,627,炒年糕,烧烤小吃,1,chosen,0.6473,0.5592,test,normal
1887,夜宵,4,70,想吃好点,一般,阴,朋友,不关心,微辣,乳制品,645,臭豆腐,烧烤小吃,0,considered,0.6393,0.6124,test,normal
1887,夜宵,4,70,想吃好点,一般,阴,朋友,不关心,微辣,乳制品,633,煎饼果子,烧烤小吃,0,considered,0.6305,0.6336,test,normal
1888,午餐,4,54,省着点,一般,阴,约会,随便,微辣,,668,咸肉菜饭,煲仔饭碟头饭,1,chosen,0.6326,0.6289,train,normal
1888,午餐,4,54,省着点,一般,阴,约会,随便,微辣,,668,咸肉菜饭,煲仔饭碟头饭,1,chosen,0.6326,0.6133,train,normal
1888,午餐,4,54,省着点,一般,阴,约会,随便,微辣,,668,咸肉菜饭,煲仔饭碟头饭,1,chosen,0.6326,0.6992,train,normal
1889,午餐,5,63,省着点,低落,热,朋友,不关心,重辣,,590,邵阳米粉,湘菜,1,chosen,0.6874,0.7211,train,normal
1889,午餐,5,63,省着点,低落,热,朋友,不关心,重辣,,579,腊味萝卜干,湘菜,1,chosen,0.7022,0.6991,train,normal
1889,午餐,5,63,省着点,低落,热,朋友,不关心,重辣,,579,腊味萝卜干,湘菜,1,chosen,0.7022,0.7112,train,normal
1890,晚餐,5,56,省着点,一般,阴,一个人,不关心,中辣,乳制品,520,湘式炒粉,湘菜,1,chosen,0.5269,0.5896,train,normal
1890,晚餐,5,56,省着点,一般,阴,一个人,不关心,中辣,乳制品,520,湘式炒粉,湘菜,1,chosen,0.5269,0.4833,train,normal
1890,晚餐,5,56,省着点,一般,阴,一个人,不关心,中辣,乳制品,520,湘式炒粉,湘菜,1,chosen,0.5269,0.5337,train,normal
1891,午餐,4,58,正常,一般,晴,朋友,严格控制,中辣,"海鲜,乳制品",15,宫保鸡丁,家常炒菜,1,chosen,0.6733,0.704,train,normal
1891,午餐,4,58,正常,一般,晴,朋友,严格控制,中辣,"海鲜,乳制品",15,宫保鸡丁,家常炒菜,1,chosen,0.6733,0.6861,train,normal
1891,午餐,4,58,正常,一般,晴,朋友,严格控制,中辣,"海鲜,乳制品",15,宫保鸡丁,家常炒菜,1,chosen,0.6733,0.6619,train,normal
1891,午餐,4,58,正常,一般,晴,朋友,严格控制,中辣,"海鲜,乳制品",184,鱼香肉丝,家常炒菜,0,considered,0.642,0.7165,train,normal
1891,午餐,4,58,正常,一般,晴,朋友,严格控制,中辣,"海鲜,乳制品",177,茭白炒肉丝,家常炒菜,0,considered,0.629,0.5609,train,normal
1892,午餐,3,34,想吃好点,一般,晴,约会,随便,中辣,,300,酸菜肥牛,川菜,1,chosen,0.6447,0.6213,train,normal
1892,午餐,3,34,想吃好点,一般,晴,约会,随便,中辣,,300,酸菜肥牛,川菜,1,chosen,0.6447,0.6626,train,normal
1892,午餐,3,34,想吃好点,一般,晴,约会,随便,中辣,,300,酸菜肥牛,川菜,1,chosen,0.6447,0.5838,train,normal
1892,午餐,3,34,想吃好点,一般,晴,约会,随便,中辣,,241,酸汤肥牛,川菜,0,considered,0.6447,0.6282,train,normal
1892,午餐,3,34,想吃好点,一般,晴,约会,随便,中辣,,283,泡菜鱼,川菜,0,considered,0.6427,0.5993,train,normal
1893,晚餐,2,52,想吃好点,压力大,冷,同事,随便,重辣,乳制品,366,豉椒炒花甲,广府家常菜,1,chosen,0.6442,0.6448,train,normal
1893,晚餐,2,52,想吃好点,压力大,冷,同事,随便,重辣,乳制品,366,豉椒炒花甲,广府家常菜,1,chosen,0.6442,0.5959,train,normal
1893,晚餐,2,52,想吃好点,压力大,冷,同事,随便,重辣,乳制品,366,豉椒炒花甲,广府家常菜,1,chosen,0.6442,0.6262,train,normal
1894,午餐,3,35,省着点,一般,阴,家人,想健康,不吃辣,,658,卤水豆腐,烧腊卤味,1,chosen,0.6345,0.6454,val,normal
1894,午餐,3,35,省着点,一般,阴,家人,想健康,不吃辣,,658,卤水豆腐,烧腊卤味,1,chosen,0.6345,0.6489,val,normal
1894,午餐,3,35,省着点,一般,阴,家人,想健康,不吃辣,,658,卤水豆腐,烧腊卤味,1,chosen,0.6345,0.6364,val,normal
1895,午餐,3,31,正常,压力大,冷,朋友,想健康,重辣,,13,麻婆豆腐,家常炒菜,1,chosen,0.7728,0.7587,train,normal
1895,午餐,3,31,正常,压力大,冷,朋友,想健康,重辣,,13,麻婆豆腐,家常炒菜,1,chosen,0.7728,0.8253,train,normal
1895,午餐,3,31,正常,压力大,冷,朋友,想健康,重辣,,13,麻婆豆腐,家常炒菜,1,chosen,0.7728,0.7343,train,normal
1896,早餐,4,84,正常,压力大,冷,一个人,不关心,不吃辣,素食,793,常熟蕈油面,长三角粉面,1,chosen,0.5778,0.5721,train,normal
1896,早餐,4,84,正常,压力大,冷,一个人,不关心,不吃辣,素食,797,无锡素面,长三角粉面,1,chosen,0.5748,0.6116,train,normal
1896,早餐,4,84,正常,压力大,冷,一个人,不关心,不吃辣,素食,793,常熟蕈油面,长三角粉面,1,chosen,0.5778,0.611,train,normal
1896,早餐,4,84,正常,压力大,冷,一个人,不关心,不吃辣,素食,804,素鸡面,长三角粉面,0,considered,0.5778,0.5948,train,normal
1896,早餐,4,84,正常,压力大,冷,一个人,不关心,不吃辣,素食,808,金华佛堂千张面,长三角粉面,0,considered,0.5778,0.5144,train,normal
1897,午餐,2,56,正常,一般,热,一个人,想健康,不吃辣,,648,卤水鸡翅,烧腊卤味,1,chosen,0.5886,0.6049,train,normal
1897,午餐,2,56,正常,一般,热,一个人,想健康,不吃辣,,648,卤水鸡翅,烧腊卤味,1,chosen,0.5886,0.5999,train,normal
1897,午餐,2,56,正常,一般,热,一个人,想健康,不吃辣,,126,松仁小肚,东北菜,1,chosen,0.5713,0.5633,train,normal
1897,午餐,2,56,正常,一般,热,一个人,想健康,不吃辣,,658,卤水豆腐,烧腊卤味,0,considered,0.575,0.5448,train,normal
1897,午餐,2,56,正常,一般,热,一个人,想健康,不吃辣,,655,豉油鸡,烧腊卤味,0,considered,0.5657,0.5282,train,normal
1898,下午加餐,2,35,正常,疲惫,雨,约会,随便,微辣,麸质,762,丝袜奶茶,轻食健康,1,chosen,0.7104,0.6701,train,normal
1898,下午加餐,2,35,正常,疲惫,雨,约会,随便,微辣,麸质,762,丝袜奶茶,轻食健康,1,chosen,0.7104,0.6896,train,normal
1898,下午加餐,2,35,正常,疲惫,雨,约会,随便,微辣,麸质,762,丝袜奶茶,轻食健康,1,chosen,0.7104,0.7538,train,normal
1899,下午加餐,3,54,正常,压力大,冷,家人,随便,重辣,,702,桂花糖芋艿,糖水甜品,1,chosen,0.6706,0.6939,train,normal
1899,下午加餐,3,54,正常,压力大,冷,家人,随便,重辣,,702,桂花糖芋艿,糖水甜品,1,chosen,0.6706,0.7016,train,normal
1899,下午加餐,3,54,正常,压力大,冷,家人,随便,重辣,,702,桂花糖芋艿,糖水甜品,1,chosen,0.6706,0.6925,train,normal
1900,午餐,4,62,想吃好点,压力大,热,家人,随便,中辣,麸质,237,蒜泥白肉,川菜,1,chosen,0.702,0.6964,train,normal
1900,午餐,4,62,想吃好点,压力大,热,家人,随便,中辣,麸质,237,蒜泥白肉,川菜,1,chosen,0.702,0.69,train,normal
1900,午餐,4,62,想吃好点,压力大,热,家人,随便,中辣,麸质,237,蒜泥白肉,川菜,1,chosen,0.702,0.7144,train,normal
1900,午餐,4,62,想吃好点,压力大,热,家人,随便,中辣,麸质,270,川味红烧排骨,川菜,0,considered,0.6772,0.6653,train,normal
1900,午餐,4,62,想吃好点,压力大,热,家人,随便,中辣,麸质,275,川味香肠(蒸),川菜,0,considered,0.6735,0.6923,train,normal
1901,午餐,4,25,正常,一般,雪,一个人,随便,中辣,,786,南京皮肚面,长三角粉面,1,chosen,0.6417,0.6022,test,snow
1901,午餐,4,25,正常,一般,雪,一个人,随便,中辣,,786,南京皮肚面,长三角粉面,1,chosen,0.6417,0.6052,test,snow
1901,午餐,4,25,正常,一般,雪,一个人,随便,中辣,,308,鱼香肉片,川菜,1,chosen,0.6417,0.679,test,snow
1902,晚餐,4,57,正常,疲惫,热,同事,想健康,微辣,乳制品,60,东北饭包,东北菜,1,chosen,0.6876,0.6959,train,normal
1902,晚餐,4,57,正常,疲惫,热,同事,想健康,微辣,乳制品,60,东北饭包,东北菜,1,chosen,0.6876,0.6881,train,normal
1902,晚餐,4,57,正常,疲惫,热,同事,想健康,微辣,乳制品,60,东北饭包,东北菜,1,chosen,0.6876,0.672,train,normal
1903,下午加餐,3,64,省着点,开心,晴,朋友,想健康,微辣,,688,双皮奶,糖水甜品,1,chosen,0.6463,0.6514,train,normal
1903,下午加餐,3,64,省着点,开心,晴,朋友,想健康,微辣,,688,双皮奶,糖水甜品,1,chosen,0.6463,0.6429,train,normal
1903,下午加餐,3,64,省着点,开心,晴,朋友,想健康,微辣,,688,双皮奶,糖水甜品,1,chosen,0.6463,0.7168,train,normal
1904,午餐,1,17,想吃好点,低落,雪,朋友,不关心,微辣,素食,109,东北臭豆腐,东北菜,1,chosen,0.6962,0.6657,test,snow
1904,午餐,1,17,想吃好点,低落,雪,朋友,不关心,微辣,素食,645,臭豆腐,烧烤小吃,1,chosen,0.6751,0.6808,test,snow
1904,午餐,1,17,想吃好点,低落,雪,朋友,不关心,微辣,素食,109,东北臭豆腐,东北菜,1,chosen,0.6962,0.6642,test,snow
1904,午餐,1,17,想吃好点,低落,雪,朋友,不关心,微辣,素食,72,手撕包菜(东北),东北菜,0,considered,0.6895,0.6832,test,snow
1904,午餐,1,17,想吃好点,低落,雪,朋友,不关心,微辣,素食,48,东北土豆丝,东北菜,0,considered,0.6736,0.6429,test,snow
1905,午餐,3,33,想吃好点,开心,热,家人,不关心,中辣,,237,蒜泥白肉,川菜,1,chosen,0.6667,0.6185,train,normal
1905,午餐,3,33,想吃好点,开心,热,家人,不关心,中辣,,237,蒜泥白肉,川菜,1,chosen,0.6667,0.6197,train,normal
1905,午餐,3,33,想吃好点,开心,热,家人,不关心,中辣,,237,蒜泥白肉,川菜,1,chosen,0.6667,0.6827,train,normal
1906,晚餐,3,61,正常,一般,晴,朋友,想健康,中辣,,15,宫保鸡丁,家常炒菜,1,chosen,0.6673,0.6492,test,normal
1906,晚餐,3,61,正常,一般,晴,朋友,想健康,中辣,,15,宫保鸡丁,家常炒菜,1,chosen,0.6673,0.7234,test,normal
1906,晚餐,3,61,正常,一般,晴,朋友,想健康,中辣,,15,宫保鸡丁,家常炒菜,1,chosen,0.6673,0.6063,test,normal
1906,晚餐,3,61,正常,一般,晴,朋友,想健康,中辣,,184,鱼香肉丝,家常炒菜,0,considered,0.6439,0.6188,test,normal
1906,晚餐,3,61,正常,一般,晴,朋友,想健康,中辣,,191,干煸四季豆,家常炒菜,0,considered,0.6306,0.6712,test,normal
1907,夜宵,2,23,想吃好点,兴奋,雨,一个人,随便,中辣,,26,烤鸡翅,烧烤小吃,1,chosen,0.6417,0.6021,train,normal
1907,夜宵,2,23,想吃好点,兴奋,雨,一个人,随便,中辣,,26,烤鸡翅,烧烤小吃,1,chosen,0.6417,0.6024,train,normal
1907,夜宵,2,23,想吃好点,兴奋,雨,一个人,随便,中辣,,26,烤鸡翅,烧烤小吃,1,chosen,0.6417,0.5554,train,normal
1908,下午加餐,3,91,不差钱,疲惫,阴,一个人,不关心,微辣,"海鲜,乳制品",32,藜麦牛油果碗,轻食健康,1,chosen,0.5958,0.6023,train,normal
1908,下午加餐,3,91,不差钱,疲惫,阴,一个人,不关心,微辣,"海鲜,乳制品",32,藜麦牛油果碗,轻食健康,1,chosen,0.5958,0.5887,train,normal
1908,下午加餐,3,91,不差钱,疲惫,阴,一个人,不关心,微辣,"海鲜,乳制品",772,鲜榨橙汁,轻食健康,1,chosen,0.5801,0.5753,train,normal
1908,下午加餐,3,91,不差钱,疲惫,阴,一个人,不关心,微辣,"海鲜,乳制品",771,藜麦鸡胸沙拉,轻食健康,0,considered,0.587,0.5553,train,normal
1908,下午加餐,3,91,不差钱,疲惫,阴,一个人,不关心,微辣,"海鲜,乳制品",34,全麦鸡肉三明治,轻食健康,0,considered,0.5821,0.5895,train,normal
1909,晚餐,4,42,省着点,一般,热,一个人,严格控制,中辣,素食,658,卤水豆腐,烧腊卤味,1,chosen,0.5867,0.6224,train,normal
1909,晚餐,4,42,省着点,一般,热,一个人,严格控制,中辣,素食,658,卤水豆腐,烧腊卤味,1,chosen,0.5867,0.5606,train,normal
1909,晚餐,4,42,省着点,一般,热,一个人,严格控制,中辣,素食,658,卤水豆腐,烧腊卤味,1,chosen,0.5867,0.593,train,normal
1909,晚餐,4,42,省着点,一般,热,一个人,严格控制,中辣,素食,657,卤水掌翼,烧腊卤味,0,considered,0.0,0.0,train,normal
1909,晚餐,4,42,省着点,一般,热,一个人,严格控制,中辣,素食,656,卤水拼盘,烧腊卤味,0,considered,0.0,0.0,train,normal
1910,下午加餐,4,27,省着点,开心,阴,朋友,严格控制,重辣,麸质,688,双皮奶,糖水甜品,1,chosen,0.6333,0.6312,val,normal
1910,下午加餐,4,27,省着点,开心,阴,朋友,严格控制,重辣,麸质,688,双皮奶,糖水甜品,1,chosen,0.6333,0.5623,val,normal
1910,下午加餐,4,27,省着点,开心,阴,朋友,严格控制,重辣,麸质,688,双皮奶,糖水甜品,1,chosen,0.6333,0.5625,val,normal
1910,下午加餐,4,27,省着点,开心,阴,朋友,严格控制,重辣,麸质,707,芒果西米露,糖水甜品,0,considered,0.5938,0.6758,val,normal
1910,下午加餐,4,27,省着点,开心,阴,朋友,严格控制,重辣,麸质,708,花生糊,糖水甜品,0,considered,0.5907,0.6336,val,normal
1911,午餐,5,87,正常,一般,热,一个人,不关心,中辣,麸质,579,腊味萝卜干,湘菜,1,chosen,0.5751,0.5285,test,normal
1911,午餐,5,87,正常,一般,热,一个人,不关心,中辣,麸质,579,腊味萝卜干,湘菜,1,chosen,0.5751,0.5362,test,normal
1911,午餐,5,87,正常,一般,热,一个人,不关心,中辣,麸质,579,腊味萝卜干,湘菜,1,chosen,0.5751,0.5593,test,normal
1912,午餐,3,55,不差钱,疲惫,晴,同事,随便,微辣,麸质,466,响油鳝糊,本帮江浙菜,1,chosen,0.5925,0.6043,train,normal
1912,午餐,3,55,不差钱,疲惫,晴,同事,随便,微辣,麸质,471,梭子蟹炒年糕,本帮江浙菜,1,chosen,0.5926,0.6016,train,normal
1912,午餐,3,55,不差钱,疲惫,晴,同事,随便,微辣,麸质,471,梭子蟹炒年糕,本帮江浙菜,1,chosen,0.5926,0.5808,train,normal
1912,午餐,3,55,不差钱,疲惫,晴,同事,随便,微辣,麸质,466,响油鳝糊,本帮江浙菜,0,considered,0.5925,0.6391,train,normal
1912,午餐,3,55,不差钱,疲惫,晴,同事,随便,微辣,麸质,477,爆炒梭子蟹,本帮江浙菜,0,considered,0.5844,0.5359,train,normal
1913,午餐,3,15,正常,一般,晴,一个人,不关心,微辣,,6,兰州牛肉面,长三角粉面,1,chosen,0.519,0.5156,train,normal
1913,午餐,3,15,正常,一般,晴,一个人,不关心,微辣,,6,兰州牛肉面,长三角粉面,1,chosen,0.519,0.474,train,normal
1913,午餐,3,15,正常,一般,晴,一个人,不关心,微辣,,6,兰州牛肉面,长三角粉面,1,chosen,0.519,0.4697,train,normal
1914,晚餐,4,64,不差钱,开心,阴,一个人,想健康,中辣,,607,翠竹粉蒸鱼,湘菜,1,chosen,0.5775,0.558,test,normal
1914,晚餐,4,64,不差钱,开心,阴,一个人,想健康,中辣,,607,翠竹粉蒸鱼,湘菜,1,chosen,0.5775,0.5395,test,normal
1914,晚餐,4,64,不差钱,开心,阴,一个人,想健康,中辣,,607,翠竹粉蒸鱼,湘菜,1,chosen,0.5775,0.5626,test,normal
1914,晚餐,4,64,不差钱,开心,阴,一个人,想健康,中辣,,594,醋蒸鸡,湘菜,0,considered,0.571,0.5479,test,normal
1914,晚餐,4,64,不差钱,开心,阴,一个人,想健康,中辣,,525,临武鸭,湘菜,0,considered,0.555,0.5519,test,normal
1915,午餐,4,63,想吃好点,开心,阴,一个人,随便,不吃辣,,681,滑鸡煲仔饭,煲仔饭碟头饭,1,chosen,0.5262,0.4776,val,normal
1915,午餐,4,63,想吃好点,开心,阴,一个人,随便,不吃辣,,681,滑鸡煲仔饭,煲仔饭碟头饭,1,chosen,0.5262,0.5196,val,normal
1915,午餐,4,63,想吃好点,开心,阴,一个人,随便,不吃辣,,681,滑鸡煲仔饭,煲仔饭碟头饭,1,chosen,0.5262,0.4699,val,normal
1916,午餐,2,47,正常,兴奋,晴,家人,随便,中辣,海鲜,594,醋蒸鸡,湘菜,1,chosen,0.6207,0.6307,train,normal
1916,午餐,2,47,正常,兴奋,晴,家人,随便,中辣,海鲜,594,醋蒸鸡,湘菜,1,chosen,0.6207,0.5946,train,normal
1916,午餐,2,47,正常,兴奋,晴,家人,随便,中辣,海鲜,594,醋蒸鸡,湘菜,1,chosen,0.6207,0.6,train,normal
1917,夜宵,5,72,省着点,疲惫,晴,约会,不关心,微辣,海鲜,627,炒年糕,烧烤小吃,1,chosen,0.7216,0.7575,train,normal
1917,夜宵,5,72,省着点,疲惫,晴,约会,不关心,微辣,海鲜,627,炒年糕,烧烤小吃,1,chosen,0.7216,0.7451,train,normal
1917,夜宵,5,72,省着点,疲惫,晴,约会,不关心,微辣,海鲜,627,炒年糕,烧烤小吃,1,chosen,0.7216,0.7286,train,normal
1917,夜宵,5,72,省着点,疲惫,晴,约会,不关心,微辣,海鲜,633,煎饼果子,烧烤小吃,0,considered,0.7211,0.7606,train,normal
1917,夜宵,5,72,省着点,疲惫,晴,约会,不关心,微辣,海鲜,636,鸡蛋灌饼,烧烤小吃,0,considered,0.7211,0.656,train,normal
1918,晚餐,4,21,正常,开心,热,一个人,想健康,微辣,,60,东北饭包,东北菜,1,chosen,0.6042,0.593,train,normal
1918,晚餐,4,21,正常,开心,热,一个人,想健康,微辣,,60,东北饭包,东北菜,1,chosen,0.6042,0.6009,train,normal
1918,晚餐,4,21,正常,开心,热,一个人,想健康,微辣,,60,东北饭包,东北菜,1,chosen,0.6042,0.6298,train,normal
1918,晚餐,4,21,正常,开心,热,一个人,想健康,微辣,,126,松仁小肚,东北菜,0,considered,0.5963,0.6479,train,normal
1918,晚餐,4,21,正常,开心,热,一个人,想健康,微辣,,162,干煸茧蛹,东北菜,0,considered,0.5739,0.5532,train,normal
1919,午餐,4,32,想吃好点,疲惫,晴,同事,不关心,不吃辣,,670,油鸡饭,煲仔饭碟头饭,1,chosen,0.6074,0.6061,val,normal
1919,午餐,4,32,想吃好点,疲惫,晴,同事,不关心,不吃辣,,670,油鸡饭,煲仔饭碟头饭,1,chosen,0.6074,0.5826,val,normal
1919,午餐,4,32,想吃好点,疲惫,晴,同事,不关心,不吃辣,,670,油鸡饭,煲仔饭碟头饭,1,chosen,0.6074,0.6395,val,normal
1919,午餐,4,32,想吃好点,疲惫,晴,同事,不关心,不吃辣,,678,北菇滑鸡饭,煲仔饭碟头饭,0,considered,0.6074,0.6687,val,normal
1919,午餐,4,32,想吃好点,疲惫,晴,同事,不关心,不吃辣,,684,窝蛋牛肉饭,煲仔饭碟头饭,0,considered,0.6074,0.6789,val,normal
1920,午餐,1,78,想吃好点,压力大,晴,同事,严格控制,不吃辣,,12,番茄炒蛋,家常炒菜,1,chosen,0.6064,0.5049,train,normal
1920,午餐,1,78,想吃好点,压力大,晴,同事,严格控制,不吃辣,,12,番茄炒蛋,家常炒菜,1,chosen,0.6064,0.6705,train,normal
1920,午餐,1,78,想吃好点,压力大,晴,同事,严格控制,不吃辣,,12,番茄炒蛋,家常炒菜,1,chosen,0.6064,0.6542,train,normal
1921,晚餐,3,48,省着点,低落,阴,一个人,想健康,微辣,"海鲜,乳制品",6,兰州牛肉面,长三角粉面,1,chosen,0.5791,0.6305,val,normal
1921,晚餐,3,48,省着点,低落,阴,一个人,想健康,微辣,"海鲜,乳制品",6,兰州牛肉面,长三角粉面,1,chosen,0.5791,0.5812,val,normal
1921,晚餐,3,48,省着点,低落,阴,一个人,想健康,微辣,"海鲜,乳制品",6,兰州牛肉面,长三角粉面,1,chosen,0.5791,0.6089,val,normal
1922,夜宵,4,61,不差钱,低落,晴,家人,想健康,微辣,麸质,24,菌汤火锅,火锅麻辣烫,1,chosen,0.6985,0.7304,val,normal
1922,夜宵,4,61,不差钱,低落,晴,家人,想健康,微辣,麸质,24,菌汤火锅,火锅麻辣烫,1,chosen,0.6985,0.6994,val,normal
1922,夜宵,4,61,不差钱,低落,晴,家人,想健康,微辣,麸质,24,菌汤火锅,火锅麻辣烫,1,chosen,0.6985,0.6997,val,normal
1923,晚餐,4,42,省着点,疲惫,晴,一个人,想健康,微辣,麸质,2,青椒肉丝,煲仔饭碟头饭,1,chosen,0.605,0.6229,train,normal
1923,晚餐,4,42,省着点,疲惫,晴,一个人,想健康,微辣,麸质,2,青椒肉丝,煲仔饭碟头饭,1,chosen,0.605,0.6088,train,normal
1923,晚餐,4,42,省着点,疲惫,晴,一个人,想健康,微辣,麸质,2,青椒肉丝,煲仔饭碟头饭,1,chosen,0.605,0.5844,train,normal
1923,晚餐,4,42,省着点,疲惫,晴,一个人,想健康,微辣,麸质,668,咸肉菜饭,煲仔饭碟头饭,0,considered,0.5923,0.5869,train,normal
1923,晚餐,4,42,省着点,疲惫,晴,一个人,想健康,微辣,麸质,685,菜饭骨头汤,煲仔饭碟头饭,0,considered,0.5874,0.5875,train,normal
1924,晚餐,4,41,正常,开心,晴,同事,想健康,中辣,麸质,575,紫苏煎黄瓜,湘菜,1,chosen,0.6137,0.6041,train,normal
1924,晚餐,4,41,正常,开心,晴,同事,想健康,中辣,麸质,366,豉椒炒花甲,广府家常菜,1,chosen,0.6125,0.6511,train,normal
1924,晚餐,4,41,正常,开心,晴,同事,想健康,中辣,麸质,575,紫苏煎黄瓜,湘菜,1,chosen,0.6137,0.6855,train,normal
1925,午餐,2,49,想吃好点,一般,冷,家人,不关心,微辣,,166,炒蚕蛹,东北菜,1,chosen,0.6507,0.7224,val,normal
1925,午餐,2,49,想吃好点,一般,冷,家人,不关心,微辣,,511,黄山臭鳜鱼,本帮江浙菜,1,chosen,0.6575,0.5751,val,normal
1925,午餐,2,49,想吃好点,一般,冷,家人,不关心,微辣,,511,黄山臭鳜鱼,本帮江浙菜,1,chosen,0.6575,0.5761,val,normal
1925,午餐,2,49,想吃好点,一般,冷,家人,不关心,微辣,,504,红烧鮰鱼,本帮江浙菜,0,considered,0.6496,0.7263,val,normal
1925,午餐,2,49,想吃好点,一般,冷,家人,不关心,微辣,,483,红烧划水,本帮江浙菜,0,considered,0.6496,0.6123,val,normal
1926,晚餐,2,60,正常,一般,冷,约会,想健康,不吃辣,,348,豉汁蒸排骨,广府家常菜,1,chosen,0.7094,0.5612,train,normal
1926,晚餐,2,60,正常,一般,冷,约会,想健康,不吃辣,,348,豉汁蒸排骨,广府家常菜,1,chosen,0.7094,0.6872,train,normal
1926,晚餐,2,60,正常,一般,冷,约会,想健康,不吃辣,,348,豉汁蒸排骨,广府家常菜,1,chosen,0.7094,0.734,train,normal
1927,晚餐,2,15,省着点,兴奋,晴,朋友,不关心,重辣,"海鲜,乳制品",580,臭豆腐炒辣椒,湘菜,1,chosen,0.6316,0.5938,train,normal
1927,晚餐,2,15,省着点,兴奋,晴,朋友,不关心,重辣,"海鲜,乳制品",580,臭豆腐炒辣椒,湘菜,1,chosen,0.6316,0.6453,train,normal
1927,晚餐,2,15,省着点,兴奋,晴,朋友,不关心,重辣,"海鲜,乳制品",580,臭豆腐炒辣椒,湘菜,1,chosen,0.6316,0.6513,train,normal
1928,午餐,2,51,正常,一般,雨,一个人,严格控制,中辣,,248,青椒肉丝(川),川菜,1,chosen,0.6195,0.5994,val,normal
1928,午餐,2,51,正常,一般,雨,一个人,严格控制,中辣,,248,青椒肉丝(川),川菜,1,chosen,0.6195,0.6209,val,normal
1928,午餐,2,51,正常,一般,雨,一个人,严格控制,中辣,,248,青椒肉丝(川),川菜,1,chosen,0.6195,0.6204,val,normal
1929,晚餐,4,47,省着点,疲惫,晴,一个人,想健康,重辣,,590,邵阳米粉,湘菜,1,chosen,0.616,0.5911,train,normal
1929,晚餐,4,47,省着点,疲惫,晴,一个人,想健康,重辣,,590,邵阳米粉,湘菜,1,chosen,0.616,0.6062,train,normal
1929,晚餐,4,47,省着点,疲惫,晴,一个人,想健康,重辣,,590,邵阳米粉,湘菜,1,chosen,0.616,0.6176,train,normal
1930,午餐,4,31,正常,疲惫,阴,同事,严格控制,中辣,,2,青椒肉丝,煲仔饭碟头饭,1,chosen,0.6627,0.7304,val,normal
1930,午餐,4,31,正常,疲惫,阴,同事,严格控制,中辣,,2,青椒肉丝,煲仔饭碟头饭,1,chosen,0.6627,0.6981,val,normal
1930,午餐,4,31,正常,疲惫,阴,同事,严格控制,中辣,,2,青椒肉丝,煲仔饭碟头饭,1,chosen,0.6627,0.6694,val,normal
1930,午餐,4,31,正常,疲惫,阴,同事,严格控制,中辣,,680,海南鸡饭,煲仔饭碟头饭,0,considered,0.6489,0.608,val,normal
1930,午餐,4,31,正常,疲惫,阴,同事,严格控制,中辣,,687,黄鳝煲仔饭,煲仔饭碟头饭,0,considered,0.6419,0.7501,val,normal
1931,晚餐,4,41,正常,一般,晴,一个人,严格控制,微辣,素食,64,土豆炖茄子,东北菜,1,chosen,0.5526,0.586,val,normal
1931,晚餐,4,41,正常,一般,晴,一个人,严格控制,微辣,素食,72,手撕包菜(东北),东北菜,1,chosen,0.5427,0.5522,val,normal
1931,晚餐,4,41,正常,一般,晴,一个人,严格控制,微辣,素食,64,土豆炖茄子,东北菜,1,chosen,0.5526,0.5643,val,normal
1931,晚餐,4,41,正常,一般,晴,一个人,严格控制,微辣,素食,159,东北乱炖(素),东北菜,0,considered,0.5526,0.4944,val,normal
1931,晚餐,4,41,正常,一般,晴,一个人,严格控制,微辣,素食,143,茄子炖土豆,东北菜,0,considered,0.5526,0.5484,val,normal
1932,下午加餐,4,37,不差钱,压力大,热,约会,不关心,中辣,素食,32,藜麦牛油果碗,轻食健康,1,chosen,0.6567,0.6443,train,normal
1932,下午加餐,4,37,不差钱,压力大,热,约会,不关心,中辣,素食,32,藜麦牛油果碗,轻食健康,1,chosen,0.6567,0.7047,train,normal
1932,下午加餐,4,37,不差钱,压力大,热,约会,不关心,中辣,素食,32,藜麦牛油果碗,轻食健康,1,chosen,0.6567,0.6998,train,normal
1933,午餐,2,42,正常,压力大,阴,约会,不关心,中辣,,557,浏阳蒸菜,湘菜,1,chosen,0.6756,0.6952,train,normal
1933,午餐,2,42,正常,压力大,阴,约会,不关心,中辣,,533,卜豆角炒肉,湘菜,1,chosen,0.6688,0.6591,train,normal
1933,午餐,2,42,正常,压力大,阴,约会,不关心,中辣,,543,干豆角炒肉,湘菜,1,chosen,0.6688,0.6266,train,normal
1934,晚餐,3,51,正常,一般,阴,同事,严格控制,不吃辣,,350,丝瓜炒牛肉,广府家常菜,1,chosen,0.5993,0.6277,test,normal
1934,晚餐,3,51,正常,一般,阴,同事,严格控制,不吃辣,,350,丝瓜炒牛肉,广府家常菜,1,chosen,0.5993,0.641,test,normal
1934,晚餐,3,51,正常,一般,阴,同事,严格控制,不吃辣,,353,姜葱炒牛肉,广府家常菜,1,chosen,0.5993,0.6032,test,normal
1935,午餐,3,51,正常,一般,晴,朋友,不关心,微辣,麸质,559,湖南蛋饺,湘菜,1,chosen,0.6185,0.6357,train,normal
1935,午餐,3,51,正常,一般,晴,朋友,不关心,微辣,麸质,559,湖南蛋饺,湘菜,1,chosen,0.6185,0.5917,train,normal
1935,午餐,3,51,正常,一般,晴,朋友,不关心,微辣,麸质,559,湖南蛋饺,湘菜,1,chosen,0.6185,0.6667,train,normal
1936,晚餐,4,26,想吃好点,一般,晴,朋友,想健康,重辣,海鲜,13,麻婆豆腐,家常炒菜,1,chosen,0.6742,0.6551,train,normal
1936,晚餐,4,26,想吃好点,一般,晴,朋友,想健康,重辣,海鲜,13,麻婆豆腐,家常炒菜,1,chosen,0.6742,0.6246,train,normal
1936,晚餐,4,26,想吃好点,一般,晴,朋友,想健康,重辣,海鲜,13,麻婆豆腐,家常炒菜,1,chosen,0.6742,0.6855,train,normal
1937,晚餐,4,41,正常,一般,热,家人,想健康,重辣,麸质,658,卤水豆腐,烧腊卤味,1,chosen,0.6827,0.6582,train,normal
1937,晚餐,4,41,正常,一般,热,家人,想健康,重辣,麸质,658,卤水豆腐,烧腊卤味,1,chosen,0.6827,0.6246,train,normal
1937,晚餐,4,41,正常,一般,热,家人,想健康,重辣,麸质,237,蒜泥白肉,川菜,1,chosen,0.6794,0.5977,train,normal
1938,晚餐,2,44,正常,低落,雪,一个人,随便,不吃辣,,357,烧肉炒芥兰,广府家常菜,1,chosen,0.6444,0.6074,test,snow
1938,晚餐,2,44,正常,低落,雪,一个人,随便,不吃辣,,357,烧肉炒芥兰,广府家常菜,1,chosen,0.6444,0.6786,test,snow
1938,晚餐,2,44,正常,低落,雪,一个人,随便,不吃辣,,357,烧肉炒芥兰,广府家常菜,1,chosen,0.6444,0.6224,test,snow
1939,晚餐,2,57,正常,一般,热,家人,想健康,重辣,,648,卤水鸡翅,烧腊卤味,1,chosen,0.6827,0.7354,train,normal
1939,晚餐,2,57,正常,一般,热,家人,想健康,重辣,,648,卤水鸡翅,烧腊卤味,1,chosen,0.6827,0.7146,train,normal
1939,晚餐,2,57,正常,一般,热,家人,想健康,重辣,,648,卤水鸡翅,烧腊卤味,1,chosen,0.6827,0.7167,train,normal
1939,晚餐,2,57,正常,一般,热,家人,想健康,重辣,,658,卤水豆腐,烧腊卤味,0,considered,0.6691,0.7222,train,normal
1939,晚餐,2,57,正常,一般,热,家人,想健康,重辣,,655,豉油鸡,烧腊卤味,0,considered,0.6598,0.6869,train,normal
1940,晚餐,2,81,正常,疲惫,热,同事,严格控制,微辣,,818,牛油果吐司,面包甜点,1,chosen,0.6632,0.6843,train,normal
1940,晚餐,2,81,正常,疲惫,热,同事,严格控制,微辣,,818,牛油果吐司,面包甜点,1,chosen,0.6632,0.6559,train,normal
1940,晚餐,2,81,正常,疲惫,热,同事,严格控制,微辣,,818,牛油果吐司,面包甜点,1,chosen,0.6632,0.6461,train,normal
1940,晚餐,2,81,正常,疲惫,热,同事,严格控制,微辣,,817,火腿芝士三明治,面包甜点,0,considered,0.6284,0.5855,train,normal
1940,晚餐,2,81,正常,疲惫,热,同事,严格控制,微辣,,823,贝果,面包甜点,0,considered,0.6148,0.6104,train,normal
1941,午餐,2,58,正常,一般,冷,一个人,想健康,不吃辣,麸质,365,豆豉蒸鲮鱼,广府家常菜,1,chosen,0.5984,0.6062,train,normal
1941,午餐,2,58,正常,一般,冷,一个人,想健康,不吃辣,麸质,348,豉汁蒸排骨,广府家常菜,1,chosen,0.5984,0.5596,train,normal
1941,午餐,2,58,正常,一般,冷,一个人,想健康,不吃辣,麸质,348,豉汁蒸排骨,广府家常菜,1,chosen,0.5984,0.5898,train,normal
1942,午餐,5,76,正常,开心,热,朋友,想健康,中辣,素食,575,紫苏煎黄瓜,湘菜,1,chosen,0.6728,0.6587,val,normal
1942,午餐,5,76,正常,开心,热,朋友,想健康,中辣,素食,658,卤水豆腐,烧腊卤味,1,chosen,0.6941,0.6552,val,normal
1942,午餐,5,76,正常,开心,热,朋友,想健康,中辣,素食,658,卤水豆腐,烧腊卤味,1,chosen,0.6941,0.6775,val,normal
1942,午餐,5,76,正常,开心,热,朋友,想健康,中辣,素食,657,卤水掌翼,烧腊卤味,0,considered,0.0,0.0,val,normal
1942,午餐,5,76,正常,开心,热,朋友,想健康,中辣,素食,656,卤水拼盘,烧腊卤味,0,considered,0.0,0.0142,val,normal
1943,午餐,5,60,正常,一般,晴,朋友,想健康,中辣,,15,宫保鸡丁,家常炒菜,1,chosen,0.6673,0.6198,test,normal
1943,午餐,5,60,正常,一般,晴,朋友,想健康,中辣,,15,宫保鸡丁,家常炒菜,1,chosen,0.6673,0.6537,test,normal
1943,午餐,5,60,正常,一般,晴,朋友,想健康,中辣,,15,宫保鸡丁,家常炒菜,1,chosen,0.6673,0.6174,test,normal
1944,晚餐,4,87,想吃好点,开心,晴,一个人,随便,中辣,海鲜,525,临武鸭,湘菜,1,chosen,0.5383,0.5085,train,normal
1944,晚餐,4,87,想吃好点,开心,晴,一个人,随便,中辣,海鲜,525,临武鸭,湘菜,1,chosen,0.5383,0.5505,train,normal
1944,晚餐,4,87,想吃好点,开心,晴,一个人,随便,中辣,海鲜,525,临武鸭,湘菜,1,chosen,0.5383,0.5651,train,normal
1945,早餐,4,84,省着点,一般,阴,家人,想健康,中辣,素食,433,白粥配咸菜,早餐粥点,1,chosen,0.5783,0.5821,train,normal
1945,早餐,4,84,省着点,一般,阴,家人,想健康,中辣,素食,807,衢州常山索面,长三角粉面,1,chosen,0.5902,0.6388,train,normal
1945,早餐,4,84,省着点,一般,阴,家人,想健康,中辣,素食,807,衢州常山索面,长三角粉面,1,chosen,0.5902,0.5857,train,normal
1945,早餐,4,84,省着点,一般,阴,家人,想健康,中辣,素食,804,素鸡面,长三角粉面,0,considered,0.5744,0.6138,train,normal
1945,早餐,4,84,省着点,一般,阴,家人,想健康,中辣,素食,797,无锡素面,长三角粉面,0,considered,0.5744,0.5695,train,normal
1946,早餐,4,85,省着点,一般,雨,同事,随便,中辣,,44,小笼包+豆浆,早餐粥点,1,chosen,0.6274,0.5843,train,normal
1946,早餐,4,85,省着点,一般,雨,同事,随便,中辣,,43,皮蛋瘦肉粥,早餐粥点,1,chosen,0.6274,0.5785,train,normal
1946,早餐,4,85,省着点,一般,雨,同事,随便,中辣,,43,皮蛋瘦肉粥,早餐粥点,1,chosen,0.6274,0.6354,train,normal
1946,早餐,4,85,省着点,一般,雨,同事,随便,中辣,,44,小笼包+豆浆,早餐粥点,0,considered,0.6274,0.6324,train,normal
1946,早餐,4,85,省着点,一般,雨,同事,随便,中辣,,453,虾籽馄饨面,早餐粥点,0,considered,0.6274,0.6349,train,normal
1947,午餐,5,36,正常,疲惫,雨,一个人,严格控制,不吃辣,,680,海南鸡饭,煲仔饭碟头饭,1,chosen,0.6557,0.6381,train,normal
1947,午餐,5,36,正常,疲惫,雨,一个人,严格控制,不吃辣,,680,海南鸡饭,煲仔饭碟头饭,1,chosen,0.6557,0.6571,train,normal
1947,午餐,5,36,正常,疲惫,雨,一个人,严格控制,不吃辣,,680,海南鸡饭,煲仔饭碟头饭,1,chosen,0.6557,0.6616,train,normal
1948,晚餐,3,15,想吃好点,压力大,晴,朋友,严格控制,重辣,素食,541,小炒香干,湘菜,1,chosen,0.7103,0.7379,train,normal
1948,晚餐,3,15,想吃好点,压力大,晴,朋友,严格控制,重辣,素食,541,小炒香干,湘菜,1,chosen,0.7103,0.7272,train,normal
1948,晚餐,3,15,想吃好点,压力大,晴,朋友,严格控制,重辣,素食,541,小炒香干,湘菜,1,chosen,0.7103,0.7608,train,normal
1949,晚餐,2,54,想吃好点,开心,阴,约会,随便,微辣,,166,炒蚕蛹,东北菜,1,chosen,0.6377,0.6221,val,normal
1949,晚餐,2,54,想吃好点,开心,阴,约会,随便,微辣,,511,黄山臭鳜鱼,本帮江浙菜,1,chosen,0.6445,0.6541,val,normal
1949,晚餐,2,54,想吃好点,开心,阴,约会,随便,微辣,,511,黄山臭鳜鱼,本帮江浙菜,1,chosen,0.6445,0.6968,val,normal
1950,晚餐,5,54,正常,开心,阴,朋友,想健康,中辣,麸质,15,宫保鸡丁,家常炒菜,1,chosen,0.6787,0.7003,train,normal
1950,晚餐,5,54,正常,开心,阴,朋友,想健康,中辣,麸质,15,宫保鸡丁,家常炒菜,1,chosen,0.6787,0.6728,train,normal
1950,晚餐,5,54,正常,开心,阴,朋友,想健康,中辣,麸质,15,宫保鸡丁,家常炒菜,1,chosen,0.6787,0.6627,train,normal
1950,晚餐,5,54,正常,开心,阴,朋友,想健康,中辣,麸质,184,鱼香肉丝,家常炒菜,0,considered,0.6553,0.6883,train,normal
1950,晚餐,5,54,正常,开心,阴,朋友,想健康,中辣,麸质,191,干煸四季豆,家常炒菜,0,considered,0.642,0.6372,train,normal
1951,晚餐,3,55,正常,一般,晴,朋友,想健康,中辣,"海鲜,乳制品",15,宫保鸡丁,家常炒菜,1,chosen,0.6673,0.7021,train,normal
1951,晚餐,3,55,正常,一般,晴,朋友,想健康,中辣,"海鲜,乳制品",15,宫保鸡丁,家常炒菜,1,chosen,0.6673,0.6693,train,normal
1951,晚餐,3,55,正常,一般,晴,朋友,想健康,中辣,"海鲜,乳制品",15,宫保鸡丁,家常炒菜,1,chosen,0.6673,0.6163,train,normal
1952,晚餐,5,57,正常,低落,晴,一个人,不关心,重辣,乳制品,590,邵阳米粉,湘菜,1,chosen,0.5867,0.5676,train,normal
1952,晚餐,5,57,正常,低落,晴,一个人,不关心,重辣,乳制品,590,邵阳米粉,湘菜,1,chosen,0.5867,0.6336,train,normal
1952,晚餐,5,57,正常,低落,晴,一个人,不关心,重辣,乳制品,590,邵阳米粉,湘菜,1,chosen,0.5867,0.5956,train,normal
1953,午餐,3,110,省着点,开心,热,同事,随便,中辣,,579,腊味萝卜干,湘菜,1,chosen,0.6178,0.5936,train,normal
1953,午餐,3,110,省着点,开心,热,同事,随便,中辣,,579,腊味萝卜干,湘菜,1,chosen,0.6178,0.6283,train,normal
1953,午餐,3,110,省着点,开心,热,同事,随便,中辣,,579,腊味萝卜干,湘菜,1,chosen,0.6178,0.5863,train,normal
1953,午餐,3,110,省着点,开心,热,同事,随便,中辣,,573,糖油粑粑,湘菜,0,considered,0.6001,0.5986,train,normal
1953,午餐,3,110,省着点,开心,热,同事,随便,中辣,,575,紫苏煎黄瓜,湘菜,0,considered,0.5827,0.5261,train,normal
1954,早餐,2,95,省着点,一般,晴,一个人,想健康,微辣,,46,燕麦牛奶粥,早餐粥点,1,chosen,0.623,0.5658,train,normal
1954,早餐,2,95,省着点,一般,晴,一个人,想健康,微辣,,46,燕麦牛奶粥,早餐粥点,1,chosen,0.623,0.6045,train,normal
1954,早餐,2,95,省着点,一般,晴,一个人,想健康,微辣,,46,燕麦牛奶粥,早餐粥点,1,chosen,0.623,0.6059,train,normal
1955,午餐,3,63,省着点,一般,热,同事,不关心,重辣,,579,腊味萝卜干,湘菜,1,chosen,0.6064,0.5953,train,normal
1955,午餐,3,63,省着点,一般,热,同事,不关心,重辣,,579,腊味萝卜干,湘菜,1,chosen,0.6064,0.5556,train,normal
1955,午餐,3,63,省着点,一般,热,同事,不关心,重辣,,289,糖油果子,川菜,1,chosen,0.5886,0.722,train,normal
1956,晚餐,4,26,正常,一般,阴,约会,想健康,不吃辣,素食,194,油焖春笋,家常炒菜,1,chosen,0.645,0.608,train,normal
1956,晚餐,4,26,正常,一般,阴,约会,想健康,不吃辣,素食,194,油焖春笋,家常炒菜,1,chosen,0.645,0.6612,train,normal
1956,晚餐,4,26,正常,一般,阴,约会,想健康,不吃辣,素食,194,油焖春笋,家常炒菜,1,chosen,0.645,0.6019,train,normal
1957,午餐,5,66,想吃好点,开心,阴,家人,随便,微辣,麸质,559,湖南蛋饺,湘菜,1,chosen,0.6245,0.6995,train,normal
1957,午餐,5,66,想吃好点,开心,阴,家人,随便,微辣,麸质,559,湖南蛋饺,湘菜,1,chosen,0.6245,0.5953,train,normal
1957,午餐,5,66,想吃好点,开心,阴,家人,随便,微辣,麸质,526,全家福(湘),湘菜,1,chosen,0.6245,0.6663,train,normal
1957,午餐,5,66,想吃好点,开心,阴,家人,随便,微辣,麸质,572,粉蒸肉(湘),湘菜,0,considered,0.6245,0.6249,train,normal
1957,午餐,5,66,想吃好点,开心,阴,家人,随便,微辣,麸质,526,全家福(湘),湘菜,0,considered,0.6245,0.6063,train,normal
1958,下午加餐,5,15,省着点,疲惫,热,朋友,随便,微辣,,694,菠萝包,糖水甜品,1,chosen,0.6754,0.7089,test,normal
1958,下午加餐,5,15,省着点,疲惫,热,朋友,随便,微辣,,694,菠萝包,糖水甜品,1,chosen,0.6754,0.7038,test,normal
1958,下午加餐,5,15,省着点,疲惫,热,朋友,随便,微辣,,694,菠萝包,糖水甜品,1,chosen,0.6754,0.6471,test,normal
1959,午餐,5,18,省着点,低落,晴,朋友,想健康,微辣,素食,48,东北土豆丝,东北菜,1,chosen,0.6561,0.5704,train,normal
1959,午餐,5,18,省着点,低落,晴,朋友,想健康,微辣,素食,48,东北土豆丝,东北菜,1,chosen,0.6561,0.6369,train,normal
1959,午餐,5,18,省着点,低落,晴,朋友,想健康,微辣,素食,48,东北土豆丝,东北菜,1,chosen,0.6561,0.6218,train,normal
1959,午餐,5,18,省着点,低落,晴,朋友,想健康,微辣,素食,72,手撕包菜(东北),东北菜,0,considered,0.6561,0.5958,train,normal
1959,午餐,5,18,省着点,低落,晴,朋友,想健康,微辣,素食,155,韭菜盒子(东北),东北菜,0,considered,0.6358,0.6228,train,normal
1960,午餐,2,40,正常,兴奋,晴,约会,随便,微辣,,162,干煸茧蛹,东北菜,1,chosen,0.6411,0.5702,train,normal
1960,午餐,2,40,正常,兴奋,晴,约会,随便,微辣,,162,干煸茧蛹,东北菜,1,chosen,0.6411,0.6369,train,normal
1960,午餐,2,40,正常,兴奋,晴,约会,随便,微辣,,162,干煸茧蛹,东北菜,1,chosen,0.6411,0.6583,train,normal
1961,晚餐,4,71,省着点,一般,晴,一个人,随便,中辣,乳制品,595,长沙肉丝米粉,湘菜,1,chosen,0.5269,0.5447,train,normal
1961,晚餐,4,71,省着点,一般,晴,一个人,随便,中辣,乳制品,223,手撕包菜(川),川菜,1,chosen,0.5269,0.5526,train,normal
1961,晚餐,4,71,省着点,一般,晴,一个人,随便,中辣,乳制品,595,长沙肉丝米粉,湘菜,1,chosen,0.5269,0.499,train,normal
1962,下午加餐,5,90,正常,压力大,雪,约会,严格控制,微辣,,702,桂花糖芋艿,糖水甜品,1,chosen,0.7773,0.8012,test,snow
1962,下午加餐,5,90,正常,压力大,雪,约会,严格控制,微辣,,702,桂花糖芋艿,糖水甜品,1,chosen,0.7773,0.8081,test,snow
1962,下午加餐,5,90,正常,压力大,雪,约会,严格控制,微辣,,702,桂花糖芋艿,糖水甜品,1,chosen,0.7773,0.8168,test,snow
1963,晚餐,4,30,正常,开心,阴,一个人,不关心,不吃辣,,665,金钱肚,烧腊卤味,1,chosen,0.5225,0.5338,train,normal
1963,晚餐,4,30,正常,开心,阴,一个人,不关心,不吃辣,,668,咸肉菜饭,煲仔饭碟头饭,1,chosen,0.5225,0.5023,train,normal
1963,晚餐,4,30,正常,开心,阴,一个人,不关心,不吃辣,,668,咸肉菜饭,煲仔饭碟头饭,1,chosen,0.5225,0.5215,train,normal
1963,晚餐,4,30,正常,开心,阴,一个人,不关心,不吃辣,,669,扬州炒饭,煲仔饭碟头饭,0,considered,0.5225,0.5323,train,normal
1963,晚餐,4,30,正常,开心,阴,一个人,不关心,不吃辣,,670,油鸡饭,煲仔饭碟头饭,0,considered,0.5225,0.504,train,normal
1964,晚餐,2,59,想吃好点,开心,晴,朋友,随便,微辣,,511,黄山臭鳜鱼,本帮江浙菜,1,chosen,0.6262,0.6476,train,normal
1964,晚餐,2,59,想吃好点,开心,晴,朋友,随便,微辣,,511,黄山臭鳜鱼,本帮江浙菜,1,chosen,0.6262,0.619,train,normal
1964,晚餐,2,59,想吃好点,开心,晴,朋友,随便,微辣,,511,黄山臭鳜鱼,本帮江浙菜,1,chosen,0.6262,0.5421,train,normal
1964,晚餐,2,59,想吃好点,开心,晴,朋友,随便,微辣,,504,红烧鮰鱼,本帮江浙菜,0,considered,0.6129,0.5931,train,normal
1964,晚餐,2,59,想吃好点,开心,晴,朋友,随便,微辣,,483,红烧划水,本帮江浙菜,0,considered,0.6129,0.5891,train,normal
1965,下午加餐,1,83,正常,开心,冷,朋友,想健康,中辣,麸质,765,拿铁,轻食健康,1,chosen,0.6505,0.6128,train,normal
1965,下午加餐,1,83,正常,开心,冷,朋友,想健康,中辣,麸质,765,拿铁,轻食健康,1,chosen,0.6505,0.6935,train,normal
1965,下午加餐,1,83,正常,开心,冷,朋友,想健康,中辣,麸质,765,拿铁,轻食健康,1,chosen,0.6505,0.6485,train,normal
1965,下午加餐,1,83,正常,开心,冷,朋友,想健康,中辣,麸质,35,水煮时蔬+溏心蛋,轻食健康,0,considered,0.6505,0.664,train,normal
1965,下午加餐,1,83,正常,开心,冷,朋友,想健康,中辣,麸质,32,藜麦牛油果碗,轻食健康,0,considered,0.6501,0.613,train,normal
1966,午餐,2,39,正常,开心,阴,一个人,不关心,不吃辣,,365,豆豉蒸鲮鱼,广府家常菜,1,chosen,0.5225,0.5486,test,normal
1966,午餐,2,39,正常,开心,阴,一个人,不关心,不吃辣,,370,陈皮蒸牛肉饼,广府家常菜,1,chosen,0.5225,0.5155,test,normal
1966,午餐,2,39,正常,开心,阴,一个人,不关心,不吃辣,,370,陈皮蒸牛肉饼,广府家常菜,1,chosen,0.5225,0.4862,test,normal
1966,午餐,2,39,正常,开心,阴,一个人,不关心,不吃辣,,369,豉汁蒸鱼头,广府家常菜,0,considered,0.5225,0.4397,test,normal
1966,午餐,2,39,正常,开心,阴,一个人,不关心,不吃辣,,368,豉汁蒸凤爪,广府家常菜,0,considered,0.5225,0.5637,test,normal
1967,晚餐,4,20,想吃好点,低落,热,朋友,不关心,不吃辣,"海鲜,乳制品",134,熏酱拼盘,东北菜,1,chosen,0.6546,0.6416,train,normal
1967,晚餐,4,20,想吃好点,低落,热,朋友,不关心,不吃辣,"海鲜,乳制品",134,熏酱拼盘,东北菜,1,chosen,0.6546,0.7031,train,normal
1967,晚餐,4,20,想吃好点,低落,热,朋友,不关心,不吃辣,"海鲜,乳制品",134,熏酱拼盘,东北菜,1,chosen,0.6546,0.6853,train,normal
1967,晚餐,4,20,想吃好点,低落,热,朋友,不关心,不吃辣,"海鲜,乳制品",126,松仁小肚,东北菜,0,considered,0.6523,0.6573,train,normal
1967,晚餐,4,20,想吃好点,低落,热,朋友,不关心,不吃辣,"海鲜,乳制品",62,哈尔滨红肠,东北菜,0,considered,0.6432,0.6405,train,normal
1968,晚餐,2,46,想吃好点,开心,冷,朋友,不关心,微辣,,511,黄山臭鳜鱼,本帮江浙菜,1,chosen,0.6744,0.6488,train,normal
1968,晚餐,2,46,想吃好点,开心,冷,朋友,不关心,微辣,,511,黄山臭鳜鱼,本帮江浙菜,1,chosen,0.6744,0.6339,train,normal
1968,晚餐,2,46,想吃好点,开心,冷,朋友,不关心,微辣,,511,黄山臭鳜鱼,本帮江浙菜,1,chosen,0.6744,0.6945,train,normal
1968,晚餐,2,46,想吃好点,开心,冷,朋友,不关心,微辣,,504,红烧鮰鱼,本帮江浙菜,0,considered,0.6611,0.707,train,normal
1968,晚餐,2,46,想吃好点,开心,冷,朋友,不关心,微辣,,483,红烧划水,本帮江浙菜,0,considered,0.6611,0.7365,train,normal
1969,午餐,3,52,省着点,一般,雨,同事,随便,中辣,,575,紫苏煎黄瓜,湘菜,1,chosen,0.6106,0.5658,train,normal
1969,午餐,3,52,省着点,一般,雨,同事,随便,中辣,,575,紫苏煎黄瓜,湘菜,1,chosen,0.6106,0.5749,train,normal
1969,午餐,3,52,省着点,一般,雨,同事,随便,中辣,,575,紫苏煎黄瓜,湘菜,1,chosen,0.6106,0.6661,train,normal
1970,晚餐,3,15,省着点,疲惫,热,一个人,想健康,中辣,素食,575,紫苏煎黄瓜,湘菜,1,chosen,0.6185,0.6035,train,normal
1970,晚餐,3,15,省着点,疲惫,热,一个人,想健康,中辣,素食,575,紫苏煎黄瓜,湘菜,1,chosen,0.6185,0.6113,train,normal
1970,晚餐,3,15,省着点,疲惫,热,一个人,想健康,中辣,素食,575,紫苏煎黄瓜,湘菜,1,chosen,0.6185,0.6249,train,normal
1971,午餐,4,33,想吃好点,一般,晴,一个人,随便,不吃辣,,687,黄鳝煲仔饭,煲仔饭碟头饭,1,chosen,0.5148,0.5015,train,normal
1971,午餐,4,33,想吃好点,一般,晴,一个人,随便,不吃辣,,670,油鸡饭,煲仔饭碟头饭,1,chosen,0.5125,0.5183,train,normal
1971,午餐,4,33,想吃好点,一般,晴,一个人,随便,不吃辣,,687,黄鳝煲仔饭,煲仔饭碟头饭,1,chosen,0.5148,0.513,train,normal
1972,午餐,3,79,正常,压力大,雨,约会,想健康,重辣,麸质,13,麻婆豆腐,家常炒菜,1,chosen,0.7795,0.7484,train,normal
1972,午餐,3,79,正常,压力大,雨,约会,想健康,重辣,麸质,13,麻婆豆腐,家常炒菜,1,chosen,0.7795,0.7658,train,normal
1972,午餐,3,79,正常,压力大,雨,约会,想健康,重辣,麸质,13,麻婆豆腐,家常炒菜,1,chosen,0.7795,0.8265,train,normal
1972,午餐,3,79,正常,压力大,雨,约会,想健康,重辣,麸质,15,宫保鸡丁,家常炒菜,0,considered,0.7721,0.7847,train,normal
1972,午餐,3,79,正常,压力大,雨,约会,想健康,重辣,麸质,184,鱼香肉丝,家常炒菜,0,considered,0.7523,0.7571,train,normal
1973,午餐,2,64,正常,开心,雨,一个人,想健康,中辣,素食,575,紫苏煎黄瓜,湘菜,1,chosen,0.6113,0.6184,train,normal
1973,午餐,2,64,正常,开心,雨,一个人,想健康,中辣,素食,575,紫苏煎黄瓜,湘菜,1,chosen,0.6113,0.6414,train,normal
1973,午餐,2,64,正常,开心,雨,一个人,想健康,中辣,素食,575,紫苏煎黄瓜,湘菜,1,chosen,0.6113,0.6205,train,normal
1974,早餐,3,21,正常,疲惫,阴,一个人,想健康,中辣,乳制品,427,南翔小笼包,早餐粥点,1,chosen,0.6516,0.5808,train,normal
1974,早餐,3,21,正常,疲惫,阴,一个人,想健康,中辣,乳制品,439,菜肉大馄饨,早餐粥点,1,chosen,0.6613,0.689,train,normal
1974,早餐,3,21,正常,疲惫,阴,一个人,想健康,中辣,乳制品,439,菜肉大馄饨,早餐粥点,1,chosen,0.6613,0.6734,train,normal
1975,晚餐,3,89,正常,开心,晴,一个人,严格控制,不吃辣,素食,64,土豆炖茄子,东北菜,1,chosen,0.564,0.5911,train,normal
1975,晚餐,3,89,正常,开心,晴,一个人,严格控制,不吃辣,素食,64,土豆炖茄子,东北菜,1,chosen,0.564,0.5533,train,normal
1975,晚餐,3,89,正常,开心,晴,一个人,严格控制,不吃辣,素食,64,土豆炖茄子,东北菜,1,chosen,0.564,0.5612,train,normal
1976,午餐,3,18,省着点,一般,雨,一个人,不关心,微辣,乳制品,72,手撕包菜(东北),东北菜,1,chosen,0.5627,0.5154,train,normal
1976,午餐,3,18,省着点,一般,雨,一个人,不关心,微辣,乳制品,72,手撕包菜(东北),东北菜,1,chosen,0.5627,0.6023,train,normal
1976,午餐,3,18,省着点,一般,雨,一个人,不关心,微辣,乳制品,72,手撕包菜(东北),东北菜,1,chosen,0.5627,0.5908,train,normal
1977,晚餐,4,63,正常,低落,雨,一个人,想健康,微辣,,2,青椒肉丝,煲仔饭碟头饭,1,chosen,0.6352,0.6501,train,normal
1977,晚餐,4,63,正常,低落,雨,一个人,想健康,微辣,,2,青椒肉丝,煲仔饭碟头饭,1,chosen,0.6352,0.6509,train,normal
1977,晚餐,4,63,正常,低落,雨,一个人,想健康,微辣,,2,青椒肉丝,煲仔饭碟头饭,1,chosen,0.6352,0.6786,train,normal
1977,晚餐,4,63,正常,低落,雨,一个人,想健康,微辣,,680,海南鸡饭,煲仔饭碟头饭,0,considered,0.6126,0.6068,train,normal
1977,晚餐,4,63,正常,低落,雨,一个人,想健康,微辣,,670,油鸡饭,煲仔饭碟头饭,0,considered,0.6064,0.6547,train,normal
1978,晚餐,2,56,不差钱,开心,阴,朋友,不关心,微辣,,511,黄山臭鳜鱼,本帮江浙菜,1,chosen,0.6262,0.5995,test,normal
1978,晚餐,2,56,不差钱,开心,阴,朋友,不关心,微辣,,511,黄山臭鳜鱼,本帮江浙菜,1,chosen,0.6262,0.6379,test,normal
1978,晚餐,2,56,不差钱,开心,阴,朋友,不关心,微辣,,511,黄山臭鳜鱼,本帮江浙菜,1,chosen,0.6262,0.6667,test,normal
1978,晚餐,2,56,不差钱,开心,阴,朋友,不关心,微辣,,504,红烧鮰鱼,本帮江浙菜,0,considered,0.6129,0.5644,test,normal
1978,晚餐,2,56,不差钱,开心,阴,朋友,不关心,微辣,,501,清蒸大闸蟹,本帮江浙菜,0,considered,0.6129,0.6341,test,normal
1979,晚餐,5,15,正常,一般,阴,一个人,随便,不吃辣,麸质,670,油鸡饭,煲仔饭碟头饭,1,chosen,0.5111,0.5329,val,normal
1979,晚餐,5,15,正常,一般,阴,一个人,随便,不吃辣,麸质,669,扬州炒饭,煲仔饭碟头饭,1,chosen,0.5111,0.5316,val,normal
1979,晚餐,5,15,正常,一般,阴,一个人,随便,不吃辣,麸质,669,扬州炒饭,煲仔饭碟头饭,1,chosen,0.5111,0.5462,val,normal
1980,晚餐,3,34,想吃好点,疲惫,雨,一个人,想健康,不吃辣,海鲜,349,酿豆腐,广府家常菜,1,chosen,0.6375,0.6149,train,normal
1980,晚餐,3,34,想吃好点,疲惫,雨,一个人,想健康,不吃辣,海鲜,175,番茄炒牛肉,家常炒菜,1,chosen,0.6361,0.6479,train,normal
1980,晚餐,3,34,想吃好点,疲惫,雨,一个人,想健康,不吃辣,海鲜,349,酿豆腐,广府家常菜,1,chosen,0.6375,0.686,train,normal
1980,晚餐,3,34,想吃好点,疲惫,雨,一个人,想健康,不吃辣,海鲜,353,姜葱炒牛肉,广府家常菜,0,considered,0.6317,0.6307,train,normal
1980,晚餐,3,34,想吃好点,疲惫,雨,一个人,想健康,不吃辣,海鲜,351,凉瓜炒牛肉,广府家常菜,0,considered,0.6317,0.6546,train,normal
1981,晚餐,3,15,省着点,开心,冷,同事,想健康,不吃辣,,155,韭菜盒子(东北),东北菜,1,chosen,0.6393,0.6217,val,normal
1981,晚餐,3,15,省着点,开心,冷,同事,想健康,不吃辣,,173,毛豆炒肉丝,家常炒菜,1,chosen,0.6441,0.7436,val,normal
1981,晚餐,3,15,省着点,开心,冷,同事,想健康,不吃辣,,173,毛豆炒肉丝,家常炒菜,1,chosen,0.6441,0.6371,val,normal
1981,晚餐,3,15,省着点,开心,冷,同事,想健康,不吃辣,,195,清炒草头,家常炒菜,0,considered,0.6441,0.6606,val,normal
1981,晚餐,3,15,省着点,开心,冷,同事,想健康,不吃辣,,177,茭白炒肉丝,家常炒菜,0,considered,0.6365,0.6682,val,normal
1982,晚餐,4,23,不差钱,兴奋,热,同事,不关心,中辣,,656,卤水拼盘,烧腊卤味,1,chosen,0.6141,0.5718,train,normal
1982,晚餐,4,23,不差钱,兴奋,热,同事,不关心,中辣,,656,卤水拼盘,烧腊卤味,1,chosen,0.6141,0.5971,train,normal
1982,晚餐,4,23,不差钱,兴奋,热,同事,不关心,中辣,,656,卤水拼盘,烧腊卤味,1,chosen,0.6141,0.5738,train,normal
1983,午餐,4,67,省着点,开心,阴,同事,随便,重辣,,7,重庆小面,长三角粉面,1,chosen,0.5759,0.5901,train,normal
1983,午餐,4,67,省着点,开心,阴,同事,随便,重辣,,7,重庆小面,长三角粉面,1,chosen,0.5759,0.5665,train,normal
1983,午餐,4,67,省着点,开心,阴,同事,随便,重辣,,7,重庆小面,长三角粉面,1,chosen,0.5759,0.5504,train,normal
1983,午餐,4,67,省着点,开心,阴,同事,随便,重辣,,10,螺蛳粉,长三角粉面,0,considered,0.5759,0.6354,train,normal
1983,午餐,4,67,省着点,开心,阴,同事,随便,重辣,,786,南京皮肚面,长三角粉面,0,considered,0.5697,0.602,train,normal
1984,午餐,4,78,省着点,开心,雨,朋友,不关心,不吃辣,素食,658,卤水豆腐,烧腊卤味,1,chosen,0.6604,0.6789,test,normal
1984,午餐,4,78,省着点,开心,雨,朋友,不关心,不吃辣,素食,658,卤水豆腐,烧腊卤味,1,chosen,0.6604,0.7308,test,normal
1984,午餐,4,78,省着点,开心,雨,朋友,不关心,不吃辣,素食,658,卤水豆腐,烧腊卤味,1,chosen,0.6604,0.6721,test,normal
1985,午餐,3,45,正常,一般,雨,一个人,不关心,不吃辣,,357,烧肉炒芥兰,广府家常菜,1,chosen,0.5585,0.5666,train,normal
1985,午餐,3,45,正常,一般,雨,一个人,不关心,不吃辣,,357,烧肉炒芥兰,广府家常菜,1,chosen,0.5585,0.4715,train,normal
1985,午餐,3,45,正常,一般,雨,一个人,不关心,不吃辣,,357,烧肉炒芥兰,广府家常菜,1,chosen,0.5585,0.5235,train,normal
1986,午餐,2,48,正常,疲惫,晴,朋友,严格控制,微辣,素食,64,土豆炖茄子,东北菜,1,chosen,0.6677,0.6562,train,normal
1986,午餐,2,48,正常,疲惫,晴,朋友,严格控制,微辣,素食,64,土豆炖茄子,东北菜,1,chosen,0.6677,0.6463,train,normal
1986,午餐,2,48,正常,疲惫,晴,朋友,严格控制,微辣,素食,64,土豆炖茄子,东北菜,1,chosen,0.6677,0.6237,train,normal
1987,午餐,4,32,想吃好点,压力大,晴,家人,想健康,中辣,,15,宫保鸡丁,家常炒菜,1,chosen,0.7045,0.6587,train,normal
1987,午餐,4,32,想吃好点,压力大,晴,家人,想健康,中辣,,15,宫保鸡丁,家常炒菜,1,chosen,0.7045,0.6756,train,normal
1987,午餐,4,32,想吃好点,压力大,晴,家人,想健康,中辣,,15,宫保鸡丁,家常炒菜,1,chosen,0.7045,0.7308,train,normal
1988,晚餐,4,85,省着点,压力大,阴,家人,不关心,微辣,,668,咸肉菜饭,煲仔饭碟头饭,1,chosen,0.657,0.6871,train,normal
1988,晚餐,4,85,省着点,压力大,阴,家人,不关心,微辣,,668,咸肉菜饭,煲仔饭碟头饭,1,chosen,0.657,0.7309,train,normal
1988,晚餐,4,85,省着点,压力大,阴,家人,不关心,微辣,,123,拔丝地瓜,东北菜,1,chosen,0.6484,0.731,train,normal
1988,晚餐,4,85,省着点,压力大,阴,家人,不关心,微辣,,2,青椒肉丝,煲仔饭碟头饭,0,considered,0.6478,0.6338,train,normal
1988,晚餐,4,85,省着点,压力大,阴,家人,不关心,微辣,,685,菜饭骨头汤,煲仔饭碟头饭,0,considered,0.6453,0.6468,train,normal
1989,午餐,3,45,想吃好点,开心,热,同事,想健康,微辣,乳制品,126,松仁小肚,东北菜,1,chosen,0.637,0.6127,train,normal
1989,午餐,3,45,想吃好点,开心,热,同事,想健康,微辣,乳制品,658,卤水豆腐,烧腊卤味,1,chosen,0.6234,0.6458,train,normal
1989,午餐,3,45,想吃好点,开心,热,同事,想健康,微辣,乳制品,126,松仁小肚,东北菜,1,chosen,0.637,0.6383,train,normal
1989,午餐,3,45,想吃好点,开心,热,同事,想健康,微辣,乳制品,134,熏酱拼盘,东北菜,0,considered,0.6281,0.5798,train,normal
1989,午餐,3,45,想吃好点,开心,热,同事,想健康,微辣,乳制品,60,东北饭包,东北菜,0,considered,0.6199,0.5681,train,normal
1990,午餐,3,45,省着点,开心,热,朋友,想健康,不吃辣,,658,卤水豆腐,烧腊卤味,1,chosen,0.6941,0.6828,val,normal
1990,午餐,3,45,省着点,开心,热,朋友,想健康,不吃辣,,658,卤水豆腐,烧腊卤味,1,chosen,0.6941,0.673,val,normal
1990,午餐,3,45,省着点,开心,热,朋友,想健康,不吃辣,,658,卤水豆腐,烧腊卤味,1,chosen,0.6941,0.6879,val,normal
1991,午餐,3,65,省着点,疲惫,热,朋友,想健康,中辣,素食,658,卤水豆腐,烧腊卤味,1,chosen,0.7271,0.7701,train,normal
1991,午餐,3,65,省着点,疲惫,热,朋友,想健康,中辣,素食,658,卤水豆腐,烧腊卤味,1,chosen,0.7271,0.7232,train,normal
1991,午餐,3,65,省着点,疲惫,热,朋友,想健康,中辣,素食,658,卤水豆腐,烧腊卤味,1,chosen,0.7271,0.7967,train,normal
1992,早餐,3,15,想吃好点,疲惫,热,家人,随便,中辣,素食,413,白糖糕,早茶点心,1,chosen,0.6414,0.5599,train,normal
1992,早餐,3,15,想吃好点,疲惫,热,家人,随便,中辣,素食,455,青团,早餐粥点,1,chosen,0.641,0.6643,train,normal
1992,早餐,3,15,想吃好点,疲惫,热,家人,随便,中辣,素食,413,白糖糕,早茶点心,1,chosen,0.6414,0.7187,train,normal
1993,早餐,1,30,正常,低落,阴,同事,严格控制,不吃辣,"海鲜,乳制品",445,咖喱牛肉汤,早餐粥点,1,chosen,0.6974,0.6899,train,normal
1993,早餐,1,30,正常,低落,阴,同事,严格控制,不吃辣,"海鲜,乳制品",445,咖喱牛肉汤,早餐粥点,1,chosen,0.6974,0.6771,train,normal
1993,早餐,1,30,正常,低落,阴,同事,严格控制,不吃辣,"海鲜,乳制品",445,咖喱牛肉汤,早餐粥点,1,chosen,0.6974,0.6951,train,normal
1993,早餐,1,30,正常,低落,阴,同事,严格控制,不吃辣,"海鲜,乳制品",441,鲜肉小馄饨,早餐粥点,0,considered,0.6774,0.7233,train,normal
1993,早餐,1,30,正常,低落,阴,同事,严格控制,不吃辣,"海鲜,乳制品",437,肠粉,早餐粥点,0,considered,0.6774,0.6771,train,normal
1994,午餐,4,44,正常,疲惫,热,朋友,严格控制,微辣,,2,青椒肉丝,煲仔饭碟头饭,1,chosen,0.7151,0.7196,train,normal
1994,午餐,4,44,正常,疲惫,热,朋友,严格控制,微辣,,658,卤水豆腐,烧腊卤味,1,chosen,0.7252,0.7761,train,normal
1994,午餐,4,44,正常,疲惫,热,朋友,严格控制,微辣,,658,卤水豆腐,烧腊卤味,1,chosen,0.7252,0.6989,train,normal
1994,午餐,4,44,正常,疲惫,热,朋友,严格控制,微辣,,648,卤水鸡翅,烧腊卤味,0,considered,0.7148,0.6763,train,normal
1994,午餐,4,44,正常,疲惫,热,朋友,严格控制,微辣,,651,牛杂,烧腊卤味,0,considered,0.6916,0.7581,train,normal
1995,下午加餐,3,42,正常,疲惫,冷,朋友,随便,中辣,素食,702,桂花糖芋艿,糖水甜品,1,chosen,0.6706,0.6123,train,normal
1995,下午加餐,3,42,正常,疲惫,冷,朋友,随便,中辣,素食,702,桂花糖芋艿,糖水甜品,1,chosen,0.6706,0.7092,train,normal
1995,下午加餐,3,42,正常,疲惫,冷,朋友,随便,中辣,素食,702,桂花糖芋艿,糖水甜品,1,chosen,0.6706,0.6675,train,normal
1996,晚餐,2,95,正常,一般,热,家人,不关心,不吃辣,素食,658,卤水豆腐,烧腊卤味,1,chosen,0.6398,0.625,train,normal
1996,晚餐,2,95,正常,一般,热,家人,不关心,不吃辣,素食,658,卤水豆腐,烧腊卤味,1,chosen,0.6398,0.6855,train,normal
1996,晚餐,2,95,正常,一般,热,家人,不关心,不吃辣,素食,195,清炒草头,家常炒菜,1,chosen,0.5891,0.5532,train,normal
1996,晚餐,2,95,正常,一般,热,家人,不关心,不吃辣,素食,657,卤水掌翼,烧腊卤味,0,considered,0.0,0.0696,train,normal
1996,晚餐,2,95,正常,一般,热,家人,不关心,不吃辣,素食,656,卤水拼盘,烧腊卤味,0,considered,0.0,0.0096,train,normal
1997,晚餐,4,57,不差钱,疲惫,晴,一个人,随便,不吃辣,,372,一品煲,广府家常菜,1,chosen,0.5556,0.6118,train,normal
1997,晚餐,4,57,不差钱,疲惫,晴,一个人,随便,不吃辣,,498,松鼠桂鱼,本帮江浙菜,1,chosen,0.5556,0.5884,train,normal
1997,晚餐,4,57,不差钱,疲惫,晴,一个人,随便,不吃辣,,498,松鼠桂鱼,本帮江浙菜,1,chosen,0.5556,0.5582,train,normal
1997,晚餐,4,57,不差钱,疲惫,晴,一个人,随便,不吃辣,,471,梭子蟹炒年糕,本帮江浙菜,0,considered,0.5556,0.5605,train,normal
1997,晚餐,4,57,不差钱,疲惫,晴,一个人,随便,不吃辣,,488,蟹粉狮子头,本帮江浙菜,0,considered,0.5481,0.5558,train,normal
1998,晚餐,5,49,正常,压力大,雨,一个人,严格控制,中辣,海鲜,11,云南小锅米线,长三角粉面,1,chosen,0.664,0.6696,train,normal
1998,晚餐,5,49,正常,压力大,雨,一个人,严格控制,中辣,海鲜,11,云南小锅米线,长三角粉面,1,chosen,0.664,0.6665,train,normal
1998,晚餐,5,49,正常,压力大,雨,一个人,严格控制,中辣,海鲜,11,云南小锅米线,长三角粉面,1,chosen,0.664,0.6813,train,normal
1998,晚餐,5,49,正常,压力大,雨,一个人,严格控制,中辣,海鲜,6,兰州牛肉面,长三角粉面,0,considered,0.656,0.7085,train,normal
1998,晚餐,5,49,正常,压力大,雨,一个人,严格控制,中辣,海鲜,786,南京皮肚面,长三角粉面,0,considered,0.6462,0.6609,train,normal
1999,夜宵,4,44,想吃好点,开心,冷,约会,想健康,微辣,乳制品,627,炒年糕,烧烤小吃,1,chosen,0.7545,0.7323,train,normal
1999,夜宵,4,44,想吃好点,开心,冷,约会,想健康,微辣,乳制品,647,韭菜盒子,烧烤小吃,1,chosen,0.7375,0.6957,train,normal
1999,夜宵,4,44,想吃好点,开心,冷,约会,想健康,微辣,乳制品,627,炒年糕,烧烤小吃,1,chosen,0.7545,0.7546,train,normal
