scenario_id,time_slot,hunger,available_time,budget,mood,weather,companion,health_goal,spicy_tol,taboo,dish_id,dish_name,category,chosen,source,utility,observed_signal,split,shift
0,夜宵,4,79,不差钱,压力大,雨,同事,不关心,中辣,,26,烤鸡翅,烧烤小吃,1,chosen,0.6844,0.6519,test,normal
0,夜宵,4,79,不差钱,压力大,雨,同事,不关心,中辣,,26,烤鸡翅,烧烤小吃,1,chosen,0.6844,0.7293,test,normal
0,夜宵,4,79,不差钱,压力大,雨,同事,不关心,中辣,,26,烤鸡翅,烧烤小吃,1,chosen,0.6844,0.6804,test,normal
0,夜宵,4,79,不差钱,压力大,雨,同事,不关心,中辣,,28,烤冷面,烧烤小吃,0,considered,0.6474,0.6042,test,normal
0,夜宵,4,79,不差钱,压力大,雨,同事,不关心,中辣,,25,烤羊肉串,烧烤小吃,0,considered,0.6444,0.617,test,normal
1,晚餐,3,15,不差钱,疲惫,晴,一个人,随便,不吃辣,素食,40,奶油蘑菇汤+面包,西式简餐,1,chosen,0.5067,0.4337,train,normal
1,晚餐,3,15,不差钱,疲惫,晴,一个人,随便,不吃辣,素食,40,奶油蘑菇汤+面包,西式简餐,1,chosen,0.5067,0.4979,train,normal
1,晚餐,3,15,不差钱,疲惫,晴,一个人,随便,不吃辣,素食,40,奶油蘑菇汤+面包,西式简餐,1,chosen,0.5067,0.4968,train,normal
2,午餐,3,62,省着点,一般,晴,朋友,想健康,不吃辣,,9,炸酱面,面食粉面,1,chosen,0.5764,0.6122,train,normal
2,午餐,3,62,省着点,一般,晴,朋友,想健康,不吃辣,,9,炸酱面,面食粉面,1,chosen,0.5764,0.5629,train,normal
2,午餐,3,62,省着点,一般,晴,朋友,想健康,不吃辣,,9,炸酱面,面食粉面,1,chosen,0.5764,0.5863,train,normal
2,午餐,3,62,省着点,一般,晴,朋友,想健康,不吃辣,,8,番茄鸡蛋面,面食粉面,0,considered,0.5165,0.4566,train,normal
2,午餐,3,62,省着点,一般,晴,朋友,想健康,不吃辣,,6,兰州牛肉面,面食粉面,0,considered,0.5123,0.55,train,normal
3,夜宵,1,43,正常,兴奋,热,同事,想健康,不吃辣,素食,8,番茄鸡蛋面,面食粉面,1,chosen,0.5911,0.5506,train,normal
3,夜宵,1,43,正常,兴奋,热,同事,想健康,不吃辣,素食,8,番茄鸡蛋面,面食粉面,1,chosen,0.5911,0.5318,train,normal
3,夜宵,1,43,正常,兴奋,热,同事,想健康,不吃辣,素食,8,番茄鸡蛋面,面食粉面,1,chosen,0.5911,0.5524,train,normal
4,早餐,3,22,不差钱,一般,雪,同事,想健康,微辣,素食,46,燕麦牛奶粥,早餐粥点,1,chosen,0.7469,0.6674,test,snow
4,早餐,3,22,不差钱,一般,雪,同事,想健康,微辣,素食,46,燕麦牛奶粥,早餐粥点,1,chosen,0.7469,0.7444,test,snow
4,早餐,3,22,不差钱,一般,雪,同事,想健康,微辣,素食,46,燕麦牛奶粥,早餐粥点,1,chosen,0.7469,0.7176,test,snow
4,早餐,3,22,不差钱,一般,雪,同事,想健康,微辣,素食,44,小笼包+豆浆,早餐粥点,0,considered,0.7331,0.7185,test,snow
4,早餐,3,22,不差钱,一般,雪,同事,想健康,微辣,素食,43,皮蛋瘦肉粥+油条,早餐粥点,0,considered,0.731,0.7246,test,snow
5,下午加餐,5,36,想吃好点,一般,阴,一个人,想健康,中辣,,31,鸡胸肉沙拉,轻食健康,1,chosen,0.5106,0.4851,train,normal
5,下午加餐,5,36,想吃好点,一般,阴,一个人,想健康,中辣,,31,鸡胸肉沙拉,轻食健康,1,chosen,0.5106,0.526,train,normal
5,下午加餐,5,36,想吃好点,一般,阴,一个人,想健康,中辣,,34,全麦鸡肉三明治,轻食健康,1,chosen,0.537,0.556,train,normal
5,下午加餐,5,36,想吃好点,一般,阴,一个人,想健康,中辣,,33,三文鱼沙拉,轻食健康,0,considered,0.5378,0.5466,train,normal
5,下午加餐,5,36,想吃好点,一般,阴,一个人,想健康,中辣,,34,全麦鸡肉三明治,轻食健康,0,considered,0.537,0.528,train,normal
6,午餐,2,46,正常,压力大,雨,同事,随便,重辣,,19,麻辣烫,火锅麻辣烫,1,chosen,0.6353,0.7053,val,normal
6,午餐,2,46,正常,压力大,雨,同事,随便,重辣,,19,麻辣烫,火锅麻辣烫,1,chosen,0.6353,0.6479,val,normal
6,午餐,2,46,正常,压力大,雨,同事,随便,重辣,,19,麻辣烫,火锅麻辣烫,1,chosen,0.6353,0.6506,val,normal
7,午餐,2,65,省着点,开心,晴,朋友,想健康,中辣,,11,云南小锅米线,面食粉面,1,chosen,0.6057,0.6103,train,normal
7,午餐,2,65,省着点,开心,晴,朋友,想健康,中辣,,11,云南小锅米线,面食粉面,1,chosen,0.6057,0.6409,train,normal
7,午餐,2,65,省着点,开心,晴,朋友,想健康,中辣,,11,云南小锅米线,面食粉面,1,chosen,0.6057,0.5905,train,normal
8,下午加餐,3,101,正常,疲惫,冷,一个人,不关心,微辣,,34,全麦鸡肉三明治,轻食健康,1,chosen,0.6125,0.5813,train,normal
8,下午加餐,3,101,正常,疲惫,冷,一个人,不关心,微辣,,34,全麦鸡肉三明治,轻食健康,1,chosen,0.6125,0.5688,train,normal
8,下午加餐,3,101,正常,疲惫,冷,一个人,不关心,微辣,,34,全麦鸡肉三明治,轻食健康,1,chosen,0.6125,0.6433,train,normal
9,早餐,4,46,不差钱,开心,雨,朋友,想健康,中辣,,11,云南小锅米线,面食粉面,1,chosen,0.6765,0.6616,train,normal
9,早餐,4,46,不差钱,开心,雨,朋友,想健康,中辣,,11,云南小锅米线,面食粉面,1,chosen,0.6765,0.666,train,normal
9,早餐,4,46,不差钱,开心,雨,朋友,想健康,中辣,,11,云南小锅米线,面食粉面,1,chosen,0.6765,0.6816,train,normal
10,晚餐,4,19,不差钱,开心,晴,一个人,不关心,微辣,海鲜,40,奶油蘑菇汤+面包,西式简餐,1,chosen,0.4858,0.5162,train,normal
10,晚餐,4,19,不差钱,开心,晴,一个人,不关心,微辣,海鲜,40,奶油蘑菇汤+面包,西式简餐,1,chosen,0.4858,0.4885,train,normal
10,晚餐,4,19,不差钱,开心,晴,一个人,不关心,微辣,海鲜,40,奶油蘑菇汤+面包,西式简餐,1,chosen,0.4858,0.4636,train,normal
11,午餐,2,45,正常,开心,热,同事,随便,不吃辣,素食,9,炸酱面,面食粉面,1,chosen,0.5433,0.5524,train,normal
11,午餐,2,45,正常,开心,热,同事,随便,不吃辣,素食,9,炸酱面,面食粉面,1,chosen,0.5433,0.5423,train,normal
11,午餐,2,45,正常,开心,热,同事,随便,不吃辣,素食,9,炸酱面,面食粉面,1,chosen,0.5433,0.5524,train,normal
11,午餐,2,45,正常,开心,热,同事,随便,不吃辣,素食,8,番茄鸡蛋面,面食粉面,0,considered,0.4833,0.4017,train,normal
11,午餐,2,45,正常,开心,热,同事,随便,不吃辣,素食,6,兰州牛肉面,面食粉面,0,considered,0.4316,0.3611,train,normal
12,晚餐,4,44,正常,疲惫,阴,朋友,严格控制,重辣,,13,麻婆豆腐+米饭,家常炒菜,1,chosen,0.7307,0.6966,train,normal
12,晚餐,4,44,正常,疲惫,阴,朋友,严格控制,重辣,,13,麻婆豆腐+米饭,家常炒菜,1,chosen,0.7307,0.7245,train,normal
12,晚餐,4,44,正常,疲惫,阴,朋友,严格控制,重辣,,13,麻婆豆腐+米饭,家常炒菜,1,chosen,0.7307,0.7683,train,normal
12,晚餐,4,44,正常,疲惫,阴,朋友,严格控制,重辣,,15,宫保鸡丁+米饭,家常炒菜,0,considered,0.7215,0.6712,train,normal
12,晚餐,4,44,正常,疲惫,阴,朋友,严格控制,重辣,,12,西红柿炒蛋+米饭,家常炒菜,0,considered,0.6142,0.6275,train,normal
13,午餐,2,42,不差钱,一般,晴,同事,不关心,中辣,麸质,26,烤鸡翅,烧烤小吃,1,chosen,0.5177,0.4763,train,normal
13,午餐,2,42,不差钱,一般,晴,同事,不关心,中辣,麸质,26,烤鸡翅,烧烤小吃,1,chosen,0.5177,0.5367,train,normal
13,午餐,2,42,不差钱,一般,晴,同事,不关心,中辣,麸质,26,烤鸡翅,烧烤小吃,1,chosen,0.5177,0.4813,train,normal
14,晚餐,4,53,省着点,开心,阴,约会,不关心,微辣,,2,青椒肉丝盖饭,中式快餐盖饭,1,chosen,0.6014,0.62,val,normal
14,晚餐,4,53,省着点,开心,阴,约会,不关心,微辣,,2,青椒肉丝盖饭,中式快餐盖饭,1,chosen,0.6014,0.5645,val,normal
14,晚餐,4,53,省着点,开心,阴,约会,不关心,微辣,,2,青椒肉丝盖饭,中式快餐盖饭,1,chosen,0.6014,0.597,val,normal
14,晚餐,4,53,省着点,开心,阴,约会,不关心,微辣,,3,台式卤肉饭,中式快餐盖饭,0,considered,0.5795,0.6276,val,normal
14,晚餐,4,53,省着点,开心,阴,约会,不关心,微辣,,1,黄焖鸡米饭,中式快餐盖饭,0,considered,0.5781,0.5691,val,normal
15,早餐,3,62,正常,疲惫,晴,一个人,严格控制,不吃辣,,46,燕麦牛奶粥,早餐粥点,1,chosen,0.6898,0.72,train,normal
15,早餐,3,62,正常,疲惫,晴,一个人,严格控制,不吃辣,,46,燕麦牛奶粥,早餐粥点,1,chosen,0.6898,0.7351,train,normal
15,早餐,3,62,正常,疲惫,晴,一个人,严格控制,不吃辣,,46,燕麦牛奶粥,早餐粥点,1,chosen,0.6898,0.7119,train,normal
16,晚餐,3,79,想吃好点,疲惫,晴,一个人,随便,中辣,素食,40,奶油蘑菇汤+面包,西式简餐,1,chosen,0.5444,0.5471,train,normal
16,晚餐,3,79,想吃好点,疲惫,晴,一个人,随便,中辣,素食,40,奶油蘑菇汤+面包,西式简餐,1,chosen,0.5444,0.5352,train,normal
16,晚餐,3,79,想吃好点,疲惫,晴,一个人,随便,中辣,素食,40,奶油蘑菇汤+面包,西式简餐,1,chosen,0.5444,0.6069,train,normal
17,晚餐,3,51,正常,疲惫,阴,同事,不关心,中辣,,15,宫保鸡丁+米饭,家常炒菜,1,chosen,0.6017,0.5588,train,normal
17,晚餐,3,51,正常,疲惫,阴,同事,不关心,中辣,,15,宫保鸡丁+米饭,家常炒菜,1,chosen,0.6017,0.6712,train,normal
17,晚餐,3,51,正常,疲惫,阴,同事,不关心,中辣,,40,奶油蘑菇汤+面包,西式简餐,1,chosen,0.5874,0.6113,train,normal
18,早餐,2,80,想吃好点,低落,热,一个人,想健康,中辣,,46,燕麦牛奶粥,早餐粥点,1,chosen,0.6082,0.58,val,normal
18,早餐,2,80,想吃好点,低落,热,一个人,想健康,中辣,,46,燕麦牛奶粥,早餐粥点,1,chosen,0.6082,0.5848,val,normal
18,早餐,2,80,想吃好点,低落,热,一个人,想健康,中辣,,46,燕麦牛奶粥,早餐粥点,1,chosen,0.6082,0.6186,val,normal
19,午餐,2,39,想吃好点,开心,雨,一个人,不关心,重辣,乳制品,19,麻辣烫,火锅麻辣烫,1,chosen,0.5704,0.5523,train,normal
19,午餐,2,39,想吃好点,开心,雨,一个人,不关心,重辣,乳制品,19,麻辣烫,火锅麻辣烫,1,chosen,0.5704,0.552,train,normal
19,午餐,2,39,想吃好点,开心,雨,一个人,不关心,重辣,乳制品,19,麻辣烫,火锅麻辣烫,1,chosen,0.5704,0.5731,train,normal
20,晚餐,2,15,想吃好点,开心,晴,同事,随便,中辣,,26,烤鸡翅,烧烤小吃,1,chosen,0.5332,0.5445,train,normal
20,晚餐,2,15,想吃好点,开心,晴,同事,随便,中辣,,26,烤鸡翅,烧烤小吃,1,chosen,0.5332,0.5168,train,normal
20,晚餐,2,15,想吃好点,开心,晴,同事,随便,中辣,,26,烤鸡翅,烧烤小吃,1,chosen,0.5332,0.5102,train,normal
21,夜宵,3,36,想吃好点,一般,冷,朋友,随便,重辣,"海鲜,乳制品",26,烤鸡翅,烧烤小吃,1,chosen,0.726,0.6402,train,normal
21,夜宵,3,36,想吃好点,一般,冷,朋友,随便,重辣,"海鲜,乳制品",26,烤鸡翅,烧烤小吃,1,chosen,0.726,0.6829,train,normal
21,夜宵,3,36,想吃好点,一般,冷,朋友,随便,重辣,"海鲜,乳制品",26,烤鸡翅,烧烤小吃,1,chosen,0.726,0.7368,train,normal
22,晚餐,3,31,正常,一般,雪,一个人,随便,中辣,,15,宫保鸡丁+米饭,家常炒菜,1,chosen,0.638,0.6858,test,snow
22,晚餐,3,31,正常,一般,雪,一个人,随便,中辣,,15,宫保鸡丁+米饭,家常炒菜,1,chosen,0.638,0.616,test,snow
22,晚餐,3,31,正常,一般,雪,一个人,随便,中辣,,15,宫保鸡丁+米饭,家常炒菜,1,chosen,0.638,0.6163,test,snow
23,夜宵,3,30,不差钱,开心,阴,朋友,想健康,微辣,麸质,6,兰州牛肉面,面食粉面,1,chosen,0.6373,0.6723,test,normal
23,夜宵,3,30,不差钱,开心,阴,朋友,想健康,微辣,麸质,6,兰州牛肉面,面食粉面,1,chosen,0.6373,0.614,test,normal
23,夜宵,3,30,不差钱,开心,阴,朋友,想健康,微辣,麸质,6,兰州牛肉面,面食粉面,1,chosen,0.6373,0.6291,test,normal
24,夜宵,5,46,省着点,一般,阴,家人,随便,不吃辣,,9,炸酱面,面食粉面,1,chosen,0.552,0.595,test,normal
24,夜宵,5,46,省着点,一般,阴,家人,随便,不吃辣,,9,炸酱面,面食粉面,1,chosen,0.552,0.5652,test,normal
24,夜宵,5,46,省着点,一般,阴,家人,随便,不吃辣,,9,炸酱面,面食粉面,1,chosen,0.552,0.5201,test,normal
24,夜宵,5,46,省着点,一般,阴,家人,随便,不吃辣,,8,番茄鸡蛋面,面食粉面,0,considered,0.5214,0.5193,test,normal
24,夜宵,5,46,省着点,一般,阴,家人,随便,不吃辣,,6,兰州牛肉面,面食粉面,0,considered,0.5085,0.5086,test,normal
25,早餐,2,63,正常,兴奋,雨,约会,想健康,不吃辣,海鲜,8,番茄鸡蛋面,面食粉面,1,chosen,0.7178,0.6779,train,normal
25,早餐,2,63,正常,兴奋,雨,约会,想健康,不吃辣,海鲜,8,番茄鸡蛋面,面食粉面,1,chosen,0.7178,0.7187,train,normal
25,早餐,2,63,正常,兴奋,雨,约会,想健康,不吃辣,海鲜,34,全麦鸡肉三明治,轻食健康,1,chosen,0.6457,0.612,train,normal
26,午餐,4,76,省着点,低落,热,一个人,随便,微辣,,9,炸酱面,面食粉面,1,chosen,0.5481,0.5634,test,normal
26,午餐,4,76,省着点,低落,热,一个人,随便,微辣,,6,兰州牛肉面,面食粉面,1,chosen,0.5221,0.5279,test,normal
26,午餐,4,76,省着点,低落,热,一个人,随便,微辣,,9,炸酱面,面食粉面,1,chosen,0.5481,0.5417,test,normal
27,下午加餐,4,15,正常,一般,冷,一个人,随便,微辣,,36,希腊酸奶坚果碗,轻食健康,1,chosen,0.5296,0.4704,train,normal
27,下午加餐,4,15,正常,一般,冷,一个人,随便,微辣,,34,全麦鸡肉三明治,轻食健康,1,chosen,0.5377,0.4928,train,normal
27,下午加餐,4,15,正常,一般,冷,一个人,随便,微辣,,34,全麦鸡肉三明治,轻食健康,1,chosen,0.5377,0.4772,train,normal
27,下午加餐,4,15,正常,一般,冷,一个人,随便,微辣,,36,希腊酸奶坚果碗,轻食健康,0,considered,0.5296,0.4866,train,normal
27,下午加餐,4,15,正常,一般,冷,一个人,随便,微辣,,32,藜麦牛油果碗,轻食健康,0,considered,0.5204,0.5502,train,normal
28,晚餐,2,34,想吃好点,开心,晴,朋友,随便,微辣,,40,奶油蘑菇汤+面包,西式简餐,1,chosen,0.5678,0.5175,train,normal
28,晚餐,2,34,想吃好点,开心,晴,朋友,随便,微辣,,42,烤鸡胸配土豆泥,西式简餐,1,chosen,0.5746,0.5587,train,normal
28,晚餐,2,34,想吃好点,开心,晴,朋友,随便,微辣,,37,番茄肉酱意面,西式简餐,1,chosen,0.5611,0.5749,train,normal
28,晚餐,2,34,想吃好点,开心,晴,朋友,随便,微辣,,40,奶油蘑菇汤+面包,西式简餐,0,considered,0.5678,0.5653,train,normal
28,晚餐,2,34,想吃好点,开心,晴,朋友,随便,微辣,,37,番茄肉酱意面,西式简餐,0,considered,0.5611,0.5659,train,normal
29,夜宵,4,63,正常,压力大,晴,同事,随便,微辣,,28,烤冷面,烧烤小吃,1,chosen,0.6216,0.6175,val,normal
29,夜宵,4,63,正常,压力大,晴,同事,随便,微辣,,28,烤冷面,烧烤小吃,1,chosen,0.6216,0.6403,val,normal
29,夜宵,4,63,正常,压力大,晴,同事,随便,微辣,,28,烤冷面,烧烤小吃,1,chosen,0.6216,0.595,val,normal
30,午餐,3,100,省着点,开心,晴,一个人,随便,中辣,乳制品,11,云南小锅米线,面食粉面,1,chosen,0.5038,0.4737,val,normal
30,午餐,3,100,省着点,开心,晴,一个人,随便,中辣,乳制品,6,兰州牛肉面,面食粉面,1,chosen,0.4959,0.4763,val,normal
30,午餐,3,100,省着点,开心,晴,一个人,随便,中辣,乳制品,6,兰州牛肉面,面食粉面,1,chosen,0.4959,0.5682,val,normal
30,午餐,3,100,省着点,开心,晴,一个人,随便,中辣,乳制品,6,兰州牛肉面,面食粉面,0,considered,0.4959,0.4844,val,normal
30,午餐,3,100,省着点,开心,晴,一个人,随便,中辣,乳制品,9,炸酱面,面食粉面,0,considered,0.4793,0.5068,val,normal
31,夜宵,4,46,想吃好点,一般,雨,朋友,随便,重辣,素食,19,麻辣烫,火锅麻辣烫,1,chosen,0.7094,0.6772,val,normal
31,夜宵,4,46,想吃好点,一般,雨,朋友,随便,重辣,素食,19,麻辣烫,火锅麻辣烫,1,chosen,0.7094,0.7281,val,normal
31,夜宵,4,46,想吃好点,一般,雨,朋友,随便,重辣,素食,19,麻辣烫,火锅麻辣烫,1,chosen,0.7094,0.695,val,normal
32,夜宵,5,71,省着点,一般,晴,朋友,随便,重辣,,19,麻辣烫,火锅麻辣烫,1,chosen,0.6366,0.6902,val,normal
32,夜宵,5,71,省着点,一般,晴,朋友,随便,重辣,,6,兰州牛肉面,面食粉面,1,chosen,0.607,0.5693,val,normal
32,夜宵,5,71,省着点,一般,晴,朋友,随便,重辣,,19,麻辣烫,火锅麻辣烫,1,chosen,0.6366,0.6677,val,normal
33,晚餐,3,80,不差钱,一般,冷,一个人,想健康,微辣,,24,菌汤火锅,火锅麻辣烫,1,chosen,0.6007,0.6614,train,normal
33,晚餐,3,80,不差钱,一般,冷,一个人,想健康,微辣,,24,菌汤火锅,火锅麻辣烫,1,chosen,0.6007,0.6042,train,normal
33,晚餐,3,80,不差钱,一般,冷,一个人,想健康,微辣,,24,菌汤火锅,火锅麻辣烫,1,chosen,0.6007,0.6424,train,normal
33,晚餐,3,80,不差钱,一般,冷,一个人,想健康,微辣,,20,清汤火锅,火锅麻辣烫,0,considered,0.591,0.6046,train,normal
33,晚餐,3,80,不差钱,一般,冷,一个人,想健康,微辣,,22,关东煮,火锅麻辣烫,0,considered,0.4659,0.5032,train,normal
34,午餐,2,22,正常,开心,热,一个人,随便,不吃辣,,9,炸酱面,面食粉面,1,chosen,0.5003,0.4292,train,normal
34,午餐,2,22,正常,开心,热,一个人,随便,不吃辣,,9,炸酱面,面食粉面,1,chosen,0.5003,0.4919,train,normal
34,午餐,2,22,正常,开心,热,一个人,随便,不吃辣,,9,炸酱面,面食粉面,1,chosen,0.5003,0.5154,train,normal
35,晚餐,3,67,正常,疲惫,晴,一个人,想健康,中辣,乳制品,15,宫保鸡丁+米饭,家常炒菜,1,chosen,0.6105,0.5852,val,normal
35,晚餐,3,67,正常,疲惫,晴,一个人,想健康,中辣,乳制品,6,兰州牛肉面,面食粉面,1,chosen,0.5766,0.5329,val,normal
35,晚餐,3,67,正常,疲惫,晴,一个人,想健康,中辣,乳制品,15,宫保鸡丁+米饭,家常炒菜,1,chosen,0.6105,0.5816,val,normal
35,晚餐,3,67,正常,疲惫,晴,一个人,想健康,中辣,乳制品,12,西红柿炒蛋+米饭,家常炒菜,0,considered,0.5506,0.5332,val,normal
35,晚餐,3,67,正常,疲惫,晴,一个人,想健康,中辣,乳制品,17,蒜蓉西兰花+米饭,家常炒菜,0,considered,0.5506,0.5869,val,normal
36,晚餐,3,47,省着点,开心,冷,朋友,想健康,微辣,,6,兰州牛肉面,面食粉面,1,chosen,0.665,0.6609,train,normal
36,晚餐,3,47,省着点,开心,冷,朋友,想健康,微辣,,6,兰州牛肉面,面食粉面,1,chosen,0.665,0.6869,train,normal
36,晚餐,3,47,省着点,开心,冷,朋友,想健康,微辣,,6,兰州牛肉面,面食粉面,1,chosen,0.665,0.6761,train,normal
36,晚餐,3,47,省着点,开心,冷,朋友,想健康,微辣,,9,炸酱面,面食粉面,0,considered,0.5958,0.5052,train,normal
36,晚餐,3,47,省着点,开心,冷,朋友,想健康,微辣,,11,云南小锅米线,面食粉面,0,considered,0.5879,0.5665,train,normal
37,午餐,3,50,正常,压力大,冷,同事,想健康,微辣,麸质,6,兰州牛肉面,面食粉面,1,chosen,0.6678,0.6957,train,normal
37,午餐,3,50,正常,压力大,冷,同事,想健康,微辣,麸质,2,青椒肉丝盖饭,中式快餐盖饭,1,chosen,0.6579,0.6259,train,normal
37,午餐,3,50,正常,压力大,冷,同事,想健康,微辣,麸质,2,青椒肉丝盖饭,中式快餐盖饭,1,chosen,0.6579,0.7005,train,normal
38,早餐,3,18,想吃好点,疲惫,雨,一个人,想健康,不吃辣,,46,燕麦牛奶粥,早餐粥点,1,chosen,0.6891,0.6351,train,normal
38,早餐,3,18,想吃好点,疲惫,雨,一个人,想健康,不吃辣,,46,燕麦牛奶粥,早餐粥点,1,chosen,0.6891,0.6643,train,normal
38,早餐,3,18,想吃好点,疲惫,雨,一个人,想健康,不吃辣,,46,燕麦牛奶粥,早餐粥点,1,chosen,0.6891,0.7374,train,normal
39,下午加餐,3,61,正常,压力大,冷,一个人,想健康,不吃辣,,34,全麦鸡肉三明治,轻食健康,1,chosen,0.6516,0.6604,train,normal
39,下午加餐,3,61,正常,压力大,冷,一个人,想健康,不吃辣,,34,全麦鸡肉三明治,轻食健康,1,chosen,0.6516,0.6206,train,normal
39,下午加餐,3,61,正常,压力大,冷,一个人,想健康,不吃辣,,34,全麦鸡肉三明治,轻食健康,1,chosen,0.6516,0.6291,train,normal
39,下午加餐,3,61,正常,压力大,冷,一个人,想健康,不吃辣,,32,藜麦牛油果碗,轻食健康,0,considered,0.6441,0.6186,train,normal
39,下午加餐,3,61,正常,压力大,冷,一个人,想健康,不吃辣,,36,希腊酸奶坚果碗,轻食健康,0,considered,0.6436,0.6366,train,normal
40,晚餐,2,15,想吃好点,压力大,晴,约会,不关心,中辣,,26,烤鸡翅,烧烤小吃,1,chosen,0.6171,0.578,val,normal
40,晚餐,2,15,想吃好点,压力大,晴,约会,不关心,中辣,,40,奶油蘑菇汤+面包,西式简餐,1,chosen,0.5967,0.574,val,normal
40,晚餐,2,15,想吃好点,压力大,晴,约会,不关心,中辣,,26,烤鸡翅,烧烤小吃,1,chosen,0.6171,0.595,val,normal
41,晚餐,3,41,不差钱,兴奋,晴,朋友,想健康,重辣,,13,麻婆豆腐+米饭,家常炒菜,1,chosen,0.6645,0.6596,train,normal
41,晚餐,3,41,不差钱,兴奋,晴,朋友,想健康,重辣,,13,麻婆豆腐+米饭,家常炒菜,1,chosen,0.6645,0.6401,train,normal
41,晚餐,3,41,不差钱,兴奋,晴,朋友,想健康,重辣,,38,香煎牛排,西式简餐,1,chosen,0.6233,0.6515,train,normal
41,晚餐,3,41,不差钱,兴奋,晴,朋友,想健康,重辣,,15,宫保鸡丁+米饭,家常炒菜,0,considered,0.664,0.6471,train,normal
41,晚餐,3,41,不差钱,兴奋,晴,朋友,想健康,重辣,,14,清蒸鲈鱼+米饭,家常炒菜,0,considered,0.5846,0.6291,train,normal
42,午餐,4,80,省着点,疲惫,阴,朋友,严格控制,中辣,素食,11,云南小锅米线,面食粉面,1,chosen,0.6757,0.6942,train,normal
42,午餐,4,80,省着点,疲惫,阴,朋友,严格控制,中辣,素食,11,云南小锅米线,面食粉面,1,chosen,0.6757,0.6446,train,normal
42,午餐,4,80,省着点,疲惫,阴,朋友,严格控制,中辣,素食,11,云南小锅米线,面食粉面,1,chosen,0.6757,0.7069,train,normal
42,午餐,4,80,省着点,疲惫,阴,朋友,严格控制,中辣,素食,6,兰州牛肉面,面食粉面,0,considered,0.6596,0.7145,train,normal
42,午餐,4,80,省着点,疲惫,阴,朋友,严格控制,中辣,素食,9,炸酱面,面食粉面,0,considered,0.6399,0.7168,train,normal
43,午餐,2,15,不差钱,一般,晴,一个人,想健康,中辣,,26,烤鸡翅,烧烤小吃,1,chosen,0.4989,0.5725,test,normal
43,午餐,2,15,不差钱,一般,晴,一个人,想健康,中辣,,26,烤鸡翅,烧烤小吃,1,chosen,0.4989,0.5047,test,normal
43,午餐,2,15,不差钱,一般,晴,一个人,想健康,中辣,,17,蒜蓉西兰花+米饭,家常炒菜,1,chosen,0.4683,0.4786,test,normal
44,晚餐,3,26,省着点,开心,晴,约会,随便,微辣,,45,杂粮煎饼果子,早餐粥点,1,chosen,0.5819,0.6421,train,normal
44,晚餐,3,26,省着点,开心,晴,约会,随便,微辣,,6,兰州牛肉面,面食粉面,1,chosen,0.596,0.6608,train,normal
44,晚餐,3,26,省着点,开心,晴,约会,随便,微辣,,6,兰州牛肉面,面食粉面,1,chosen,0.596,0.6082,train,normal
45,夜宵,4,21,正常,开心,雨,家人,想健康,不吃辣,,40,奶油蘑菇汤+面包,西式简餐,1,chosen,0.649,0.6136,train,normal
45,夜宵,4,21,正常,开心,雨,家人,想健康,不吃辣,,40,奶油蘑菇汤+面包,西式简餐,1,chosen,0.649,0.6185,train,normal
45,夜宵,4,21,正常,开心,雨,家人,想健康,不吃辣,,9,炸酱面,面食粉面,1,chosen,0.6401,0.6111,train,normal
45,夜宵,4,21,正常,开心,雨,家人,想健康,不吃辣,,37,番茄肉酱意面,西式简餐,0,considered,0.6261,0.5851,train,normal
45,夜宵,4,21,正常,开心,雨,家人,想健康,不吃辣,,42,烤鸡胸配土豆泥,西式简餐,0,considered,0.6128,0.6507,train,normal
46,午餐,3,61,省着点,一般,阴,同事,想健康,微辣,"海鲜,乳制品",6,兰州牛肉面,面食粉面,1,chosen,0.5665,0.6755,train,normal
46,午餐,3,61,省着点,一般,阴,同事,想健康,微辣,"海鲜,乳制品",17,蒜蓉西兰花+米饭,家常炒菜,1,chosen,0.5253,0.5221,train,normal
46,午餐,3,61,省着点,一般,阴,同事,想健康,微辣,"海鲜,乳制品",6,兰州牛肉面,面食粉面,1,chosen,0.5665,0.5643,train,normal
46,午餐,3,61,省着点,一般,阴,同事,想健康,微辣,"海鲜,乳制品",9,炸酱面,面食粉面,0,considered,0.5402,0.5121,train,normal
46,午餐,3,61,省着点,一般,阴,同事,想健康,微辣,"海鲜,乳制品",8,番茄鸡蛋面,面食粉面,0,considered,0.5097,0.5309,train,normal
47,晚餐,2,57,正常,一般,热,家人,不关心,重辣,"海鲜,乳制品",19,麻辣烫,火锅麻辣烫,1,chosen,0.6091,0.5961,train,normal
47,晚餐,2,57,正常,一般,热,家人,不关心,重辣,"海鲜,乳制品",19,麻辣烫,火锅麻辣烫,1,chosen,0.6091,0.6244,train,normal
47,晚餐,2,57,正常,一般,热,家人,不关心,重辣,"海鲜,乳制品",19,麻辣烫,火锅麻辣烫,1,chosen,0.6091,0.599,train,normal
48,夜宵,3,33,想吃好点,开心,晴,一个人,想健康,中辣,,26,烤鸡翅,烧烤小吃,1,chosen,0.6232,0.6707,train,normal
48,夜宵,3,33,想吃好点,开心,晴,一个人,想健康,中辣,,26,烤鸡翅,烧烤小吃,1,chosen,0.6232,0.5928,train,normal
48,夜宵,3,33,想吃好点,开心,晴,一个人,想健康,中辣,,26,烤鸡翅,烧烤小吃,1,chosen,0.6232,0.6097,train,normal
49,午餐,3,15,正常,压力大,阴,一个人,想健康,中辣,,2,青椒肉丝盖饭,中式快餐盖饭,1,chosen,0.5628,0.5683,train,normal
49,午餐,3,15,正常,压力大,阴,一个人,想健康,中辣,,11,云南小锅米线,面食粉面,1,chosen,0.5845,0.6068,train,normal
49,午餐,3,15,正常,压力大,阴,一个人,想健康,中辣,,11,云南小锅米线,面食粉面,1,chosen,0.5845,0.6113,train,normal
50,晚餐,2,45,省着点,一般,雨,家人,严格控制,不吃辣,乳制品,17,蒜蓉西兰花+米饭,家常炒菜,1,chosen,0.6276,0.6162,train,normal
50,晚餐,2,45,省着点,一般,雨,家人,严格控制,不吃辣,乳制品,34,全麦鸡肉三明治,轻食健康,1,chosen,0.5703,0.5664,train,normal
50,晚餐,2,45,省着点,一般,雨,家人,严格控制,不吃辣,乳制品,12,西红柿炒蛋+米饭,家常炒菜,1,chosen,0.6151,0.613,train,normal
50,晚餐,2,45,省着点,一般,雨,家人,严格控制,不吃辣,乳制品,12,西红柿炒蛋+米饭,家常炒菜,0,considered,0.6151,0.6413,train,normal
50,晚餐,2,45,省着点,一般,雨,家人,严格控制,不吃辣,乳制品,14,清蒸鲈鱼+米饭,家常炒菜,0,considered,0.5528,0.5321,train,normal
51,早餐,5,58,省着点,疲惫,晴,同事,想健康,不吃辣,,43,皮蛋瘦肉粥+油条,早餐粥点,1,chosen,0.6612,0.6807,val,normal
51,早餐,5,58,省着点,疲惫,晴,同事,想健康,不吃辣,,43,皮蛋瘦肉粥+油条,早餐粥点,1,chosen,0.6612,0.6244,val,normal
51,早餐,5,58,省着点,疲惫,晴,同事,想健康,不吃辣,,43,皮蛋瘦肉粥+油条,早餐粥点,1,chosen,0.6612,0.67,val,normal
51,早餐,5,58,省着点,疲惫,晴,同事,想健康,不吃辣,,44,小笼包+豆浆,早餐粥点,0,considered,0.6612,0.6839,val,normal
51,早餐,5,58,省着点,疲惫,晴,同事,想健康,不吃辣,,46,燕麦牛奶粥,早餐粥点,0,considered,0.6296,0.6798,val,normal
52,晚餐,5,83,不差钱,疲惫,晴,朋友,随便,微辣,,24,菌汤火锅,火锅麻辣烫,1,chosen,0.6422,0.6527,train,normal
52,晚餐,5,83,不差钱,疲惫,晴,朋友,随便,微辣,,24,菌汤火锅,火锅麻辣烫,1,chosen,0.6422,0.6586,train,normal
52,晚餐,5,83,不差钱,疲惫,晴,朋友,随便,微辣,,24,菌汤火锅,火锅麻辣烫,1,chosen,0.6422,0.6089,train,normal
52,晚餐,5,83,不差钱,疲惫,晴,朋友,随便,微辣,,20,清汤火锅,火锅麻辣烫,0,considered,0.6422,0.6733,train,normal
52,晚餐,5,83,不差钱,疲惫,晴,朋友,随便,微辣,,23,冒菜,火锅麻辣烫,0,considered,0.4818,0.479,train,normal
53,午餐,5,89,正常,一般,晴,朋友,不关心,中辣,,15,宫保鸡丁+米饭,家常炒菜,1,chosen,0.6281,0.6455,train,normal
53,午餐,5,89,正常,一般,晴,朋友,不关心,中辣,,15,宫保鸡丁+米饭,家常炒菜,1,chosen,0.6281,0.6248,train,normal
53,午餐,5,89,正常,一般,晴,朋友,不关心,中辣,,15,宫保鸡丁+米饭,家常炒菜,1,chosen,0.6281,0.6083,train,normal
54,夜宵,4,59,省着点,疲惫,冷,朋友,随便,中辣,,26,烤鸡翅,烧烤小吃,1,chosen,0.7058,0.7515,train,normal
54,夜宵,4,59,省着点,疲惫,冷,朋友,随便,中辣,,11,云南小锅米线,面食粉面,1,chosen,0.7194,0.7007,train,normal
54,夜宵,4,59,省着点,疲惫,冷,朋友,随便,中辣,,11,云南小锅米线,面食粉面,1,chosen,0.7194,0.7565,train,normal
55,早餐,4,27,不差钱,压力大,晴,家人,随便,不吃辣,,43,皮蛋瘦肉粥+油条,早餐粥点,1,chosen,0.6084,0.5834,train,normal
55,早餐,4,27,不差钱,压力大,晴,家人,随便,不吃辣,,43,皮蛋瘦肉粥+油条,早餐粥点,1,chosen,0.6084,0.5869,train,normal
55,早餐,4,27,不差钱,压力大,晴,家人,随便,不吃辣,,43,皮蛋瘦肉粥+油条,早餐粥点,1,chosen,0.6084,0.6174,train,normal
56,晚餐,2,15,正常,疲惫,晴,一个人,不关心,重辣,,19,麻辣烫,火锅麻辣烫,1,chosen,0.5385,0.5152,train,normal
56,晚餐,2,15,正常,疲惫,晴,一个人,不关心,重辣,,26,烤鸡翅,烧烤小吃,1,chosen,0.5195,0.4895,train,normal
56,晚餐,2,15,正常,疲惫,晴,一个人,不关心,重辣,,19,麻辣烫,火锅麻辣烫,1,chosen,0.5385,0.5758,train,normal
57,晚餐,5,85,正常,压力大,雨,约会,随便,微辣,海鲜,1,黄焖鸡米饭,中式快餐盖饭,1,chosen,0.6996,0.66,train,normal
57,晚餐,5,85,正常,压力大,雨,约会,随便,微辣,海鲜,18,地三鲜+米饭,家常炒菜,1,chosen,0.7172,0.7339,train,normal
57,晚餐,5,85,正常,压力大,雨,约会,随便,微辣,海鲜,18,地三鲜+米饭,家常炒菜,1,chosen,0.7172,0.7034,train,normal
58,早餐,4,35,正常,兴奋,晴,同事,想健康,不吃辣,"海鲜,乳制品",44,小笼包+豆浆,早餐粥点,1,chosen,0.6182,0.5812,train,normal
58,早餐,4,35,正常,兴奋,晴,同事,想健康,不吃辣,"海鲜,乳制品",44,小笼包+豆浆,早餐粥点,1,chosen,0.6182,0.6175,train,normal
58,早餐,4,35,正常,兴奋,晴,同事,想健康,不吃辣,"海鲜,乳制品",44,小笼包+豆浆,早餐粥点,1,chosen,0.6182,0.5896,train,normal
59,晚餐,4,40,正常,兴奋,晴,朋友,不关心,重辣,,23,冒菜,火锅麻辣烫,1,chosen,0.6467,0.6259,train,normal
59,晚餐,4,40,正常,兴奋,晴,朋友,不关心,重辣,,23,冒菜,火锅麻辣烫,1,chosen,0.6467,0.6621,train,normal
59,晚餐,4,40,正常,兴奋,晴,朋友,不关心,重辣,,23,冒菜,火锅麻辣烫,1,chosen,0.6467,0.6225,train,normal
60,晚餐,3,26,正常,开心,冷,朋友,不关心,不吃辣,海鲜,40,奶油蘑菇汤+面包,西式简餐,1,chosen,0.6432,0.6062,train,normal
60,晚餐,3,26,正常,开心,冷,朋友,不关心,不吃辣,海鲜,40,奶油蘑菇汤+面包,西式简餐,1,chosen,0.6432,0.6483,train,normal
60,晚餐,3,26,正常,开心,冷,朋友,不关心,不吃辣,海鲜,40,奶油蘑菇汤+面包,西式简餐,1,chosen,0.6432,0.6741,train,normal
61,晚餐,3,92,想吃好点,开心,雨,一个人,不关心,微辣,"海鲜,乳制品",42,烤鸡胸配土豆泥,西式简餐,1,chosen,0.548,0.5794,train,normal
61,晚餐,3,92,想吃好点,开心,雨,一个人,不关心,微辣,"海鲜,乳制品",42,烤鸡胸配土豆泥,西式简餐,1,chosen,0.548,0.5559,train,normal
61,晚餐,3,92,想吃好点,开心,雨,一个人,不关心,微辣,"海鲜,乳制品",42,烤鸡胸配土豆泥,西式简餐,1,chosen,0.548,0.5493,train,normal
61,晚餐,3,92,想吃好点,开心,雨,一个人,不关心,微辣,"海鲜,乳制品",37,番茄肉酱意面,西式简餐,0,considered,0.538,0.5007,train,normal
61,晚餐,3,92,想吃好点,开心,雨,一个人,不关心,微辣,"海鲜,乳制品",38,香煎牛排,西式简餐,0,considered,0.5239,0.5473,train,normal
62,午餐,4,15,省着点,疲惫,冷,朋友,想健康,重辣,"海鲜,乳制品",7,重庆小面,面食粉面,1,chosen,0.7208,0.729,train,normal
62,午餐,4,15,省着点,疲惫,冷,朋友,想健康,重辣,"海鲜,乳制品",7,重庆小面,面食粉面,1,chosen,0.7208,0.7084,train,normal
62,午餐,4,15,省着点,疲惫,冷,朋友,想健康,重辣,"海鲜,乳制品",7,重庆小面,面食粉面,1,chosen,0.7208,0.7254,train,normal
62,午餐,4,15,省着点,疲惫,冷,朋友,想健康,重辣,"海鲜,乳制品",11,云南小锅米线,面食粉面,0,considered,0.7134,0.6773,train,normal
62,午餐,4,15,省着点,疲惫,冷,朋友,想健康,重辣,"海鲜,乳制品",6,兰州牛肉面,面食粉面,0,considered,0.7017,0.716,train,normal
63,午餐,3,33,想吃好点,一般,热,同事,不关心,不吃辣,"海鲜,乳制品",9,炸酱面,面食粉面,1,chosen,0.5476,0.5048,train,normal
63,午餐,3,33,想吃好点,一般,热,同事,不关心,不吃辣,"海鲜,乳制品",9,炸酱面,面食粉面,1,chosen,0.5476,0.5321,train,normal
63,午餐,3,33,想吃好点,一般,热,同事,不关心,不吃辣,"海鲜,乳制品",9,炸酱面,面食粉面,1,chosen,0.5476,0.536,train,normal
64,午餐,3,74,省着点,疲惫,热,朋友,不关心,中辣,,9,炸酱面,面食粉面,1,chosen,0.647,0.6148,train,normal
64,午餐,3,74,省着点,疲惫,热,朋友,不关心,中辣,,9,炸酱面,面食粉面,1,chosen,0.647,0.7214,train,normal
64,午餐,3,74,省着点,疲惫,热,朋友,不关心,中辣,,9,炸酱面,面食粉面,1,chosen,0.647,0.5639,train,normal
65,晚餐,5,55,正常,一般,晴,一个人,不关心,中辣,乳制品,37,番茄肉酱意面,西式简餐,1,chosen,0.4929,0.5087,train,normal
65,晚餐,5,55,正常,一般,晴,一个人,不关心,中辣,乳制品,15,宫保鸡丁+米饭,家常炒菜,1,chosen,0.5232,0.4778,train,normal
65,晚餐,5,55,正常,一般,晴,一个人,不关心,中辣,乳制品,15,宫保鸡丁+米饭,家常炒菜,1,chosen,0.5232,0.5109,train,normal
66,晚餐,2,39,正常,疲惫,热,朋友,想健康,重辣,,13,麻婆豆腐+米饭,家常炒菜,1,chosen,0.7055,0.6684,train,normal
66,晚餐,2,39,正常,疲惫,热,朋友,想健康,重辣,,13,麻婆豆腐+米饭,家常炒菜,1,chosen,0.7055,0.7048,train,normal
66,晚餐,2,39,正常,疲惫,热,朋友,想健康,重辣,,13,麻婆豆腐+米饭,家常炒菜,1,chosen,0.7055,0.7258,train,normal
67,晚餐,3,74,正常,一般,冷,朋友,想健康,中辣,,15,宫保鸡丁+米饭,家常炒菜,1,chosen,0.7154,0.7188,train,normal
67,晚餐,3,74,正常,一般,冷,朋友,想健康,中辣,,15,宫保鸡丁+米饭,家常炒菜,1,chosen,0.7154,0.7547,train,normal
67,晚餐,3,74,正常,一般,冷,朋友,想健康,中辣,,15,宫保鸡丁+米饭,家常炒菜,1,chosen,0.7154,0.6921,train,normal
68,午餐,3,71,省着点,一般,冷,一个人,不关心,不吃辣,,9,炸酱面,面食粉面,1,chosen,0.4759,0.4585,train,normal
68,午餐,3,71,省着点,一般,冷,一个人,不关心,不吃辣,,40,奶油蘑菇汤+面包,西式简餐,1,chosen,0.5015,0.4892,train,normal
68,午餐,3,71,省着点,一般,冷,一个人,不关心,不吃辣,,40,奶油蘑菇汤+面包,西式简餐,1,chosen,0.5015,0.5712,train,normal
69,晚餐,4,81,正常,疲惫,晴,一个人,随便,微辣,,18,地三鲜+米饭,家常炒菜,1,chosen,0.5556,0.5452,val,normal
69,晚餐,4,81,正常,疲惫,晴,一个人,随便,微辣,,18,地三鲜+米饭,家常炒菜,1,chosen,0.5556,0.5285,val,normal
69,晚餐,4,81,正常,疲惫,晴,一个人,随便,微辣,,6,兰州牛肉面,面食粉面,1,chosen,0.5375,0.547,val,normal
70,夜宵,3,35,正常,一般,雨,同事,不关心,不吃辣,,8,番茄鸡蛋面,面食粉面,1,chosen,0.6097,0.609,train,normal
70,夜宵,3,35,正常,一般,雨,同事,不关心,不吃辣,,8,番茄鸡蛋面,面食粉面,1,chosen,0.6097,0.6471,train,normal
70,夜宵,3,35,正常,一般,雨,同事,不关心,不吃辣,,8,番茄鸡蛋面,面食粉面,1,chosen,0.6097,0.6159,train,normal
71,午餐,3,39,正常,疲惫,冷,一个人,想健康,中辣,,15,宫保鸡丁+米饭,家常炒菜,1,chosen,0.6586,0.6869,train,normal
71,午餐,3,39,正常,疲惫,冷,一个人,想健康,中辣,,15,宫保鸡丁+米饭,家常炒菜,1,chosen,0.6586,0.7087,train,normal
71,午餐,3,39,正常,疲惫,冷,一个人,想健康,中辣,,15,宫保鸡丁+米饭,家常炒菜,1,chosen,0.6586,0.653,train,normal
72,午餐,3,51,正常,疲惫,晴,一个人,随便,重辣,素食,13,麻婆豆腐+米饭,家常炒菜,1,chosen,0.5793,0.5359,train,normal
72,午餐,3,51,正常,疲惫,晴,一个人,随便,重辣,素食,13,麻婆豆腐+米饭,家常炒菜,1,chosen,0.5793,0.5001,train,normal
72,午餐,3,51,正常,疲惫,晴,一个人,随便,重辣,素食,13,麻婆豆腐+米饭,家常炒菜,1,chosen,0.5793,0.551,train,normal
73,晚餐,3,82,正常,疲惫,阴,一个人,随便,不吃辣,,40,奶油蘑菇汤+面包,西式简餐,1,chosen,0.5444,0.533,train,normal
73,晚餐,3,82,正常,疲惫,阴,一个人,随便,不吃辣,,40,奶油蘑菇汤+面包,西式简餐,1,chosen,0.5444,0.5243,train,normal
73,晚餐,3,82,正常,疲惫,阴,一个人,随便,不吃辣,,37,番茄肉酱意面,西式简餐,1,chosen,0.5311,0.5087,train,normal
73,晚餐,3,82,正常,疲惫,阴,一个人,随便,不吃辣,,42,烤鸡胸配土豆泥,西式简餐,0,considered,0.5352,0.5698,train,normal
73,晚餐,3,82,正常,疲惫,阴,一个人,随便,不吃辣,,37,番茄肉酱意面,西式简餐,0,considered,0.5311,0.4958,train,normal
74,早餐,4,62,不差钱,一般,冷,朋友,想健康,不吃辣,,43,皮蛋瘦肉粥+油条,早餐粥点,1,chosen,0.634,0.6425,train,normal
74,早餐,4,62,不差钱,一般,冷,朋友,想健康,不吃辣,,46,燕麦牛奶粥,早餐粥点,1,chosen,0.6002,0.5793,train,normal
74,早餐,4,62,不差钱,一般,冷,朋友,想健康,不吃辣,,43,皮蛋瘦肉粥+油条,早餐粥点,1,chosen,0.634,0.627,train,normal
75,下午加餐,2,89,想吃好点,一般,晴,同事,严格控制,不吃辣,,31,鸡胸肉沙拉,轻食健康,1,chosen,0.6985,0.7004,train,normal
75,下午加餐,2,89,想吃好点,一般,晴,同事,严格控制,不吃辣,,31,鸡胸肉沙拉,轻食健康,1,chosen,0.6985,0.6608,train,normal
75,下午加餐,2,89,想吃好点,一般,晴,同事,严格控制,不吃辣,,34,全麦鸡肉三明治,轻食健康,1,chosen,0.6762,0.6986,train,normal
76,晚餐,3,69,想吃好点,疲惫,晴,朋友,想健康,不吃辣,"海鲜,乳制品",42,烤鸡胸配土豆泥,西式简餐,1,chosen,0.6776,0.6666,train,normal
76,晚餐,3,69,想吃好点,疲惫,晴,朋友,想健康,不吃辣,"海鲜,乳制品",42,烤鸡胸配土豆泥,西式简餐,1,chosen,0.6776,0.6418,train,normal
76,晚餐,3,69,想吃好点,疲惫,晴,朋友,想健康,不吃辣,"海鲜,乳制品",42,烤鸡胸配土豆泥,西式简餐,1,chosen,0.6776,0.6866,train,normal
77,下午加餐,4,37,不差钱,压力大,热,约会,不关心,中辣,素食,9,炸酱面,面食粉面,1,chosen,0.588,0.6158,train,normal
77,下午加餐,4,37,不差钱,压力大,热,约会,不关心,中辣,素食,32,藜麦牛油果碗,轻食健康,1,chosen,0.6567,0.6864,train,normal
77,下午加餐,4,37,不差钱,压力大,热,约会,不关心,中辣,素食,32,藜麦牛油果碗,轻食健康,1,chosen,0.6567,0.682,train,normal
78,晚餐,4,56,正常,一般,热,同事,想健康,不吃辣,,9,炸酱面,面食粉面,1,chosen,0.6019,0.5891,train,normal
78,晚餐,4,56,正常,一般,热,同事,想健康,不吃辣,,9,炸酱面,面食粉面,1,chosen,0.6019,0.686,train,normal
78,晚餐,4,56,正常,一般,热,同事,想健康,不吃辣,,9,炸酱面,面食粉面,1,chosen,0.6019,0.5932,train,normal
79,晚餐,5,59,正常,疲惫,热,一个人,想健康,重辣,,13,麻婆豆腐+米饭,家常炒菜,1,chosen,0.6264,0.6747,train,normal
79,晚餐,5,59,正常,疲惫,热,一个人,想健康,重辣,,13,麻婆豆腐+米饭,家常炒菜,1,chosen,0.6264,0.5966,train,normal
79,晚餐,5,59,正常,疲惫,热,一个人,想健康,重辣,,13,麻婆豆腐+米饭,家常炒菜,1,chosen,0.6264,0.6266,train,normal
79,晚餐,5,59,正常,疲惫,热,一个人,想健康,重辣,,15,宫保鸡丁+米饭,家常炒菜,0,considered,0.6185,0.6374,train,normal
79,晚餐,5,59,正常,疲惫,热,一个人,想健康,重辣,,18,地三鲜+米饭,家常炒菜,0,considered,0.5817,0.5886,train,normal
80,夜宵,3,16,正常,开心,雪,一个人,随便,不吃辣,,8,番茄鸡蛋面,面食粉面,1,chosen,0.6417,0.6455,test,snow
80,夜宵,3,16,正常,开心,雪,一个人,随便,不吃辣,,8,番茄鸡蛋面,面食粉面,1,chosen,0.6417,0.5954,test,snow
80,夜宵,3,16,正常,开心,雪,一个人,随便,不吃辣,,8,番茄鸡蛋面,面食粉面,1,chosen,0.6417,0.6605,test,snow
81,夜宵,2,71,正常,一般,雨,一个人,不关心,中辣,,30,铁板豆腐,烧烤小吃,1,chosen,0.6299,0.646,test,normal
81,夜宵,2,71,正常,一般,雨,一个人,不关心,中辣,,30,铁板豆腐,烧烤小吃,1,chosen,0.6299,0.6207,test,normal
81,夜宵,2,71,正常,一般,雨,一个人,不关心,中辣,,30,铁板豆腐,烧烤小吃,1,chosen,0.6299,0.6916,test,normal
82,早餐,3,43,省着点,兴奋,晴,一个人,不关心,中辣,海鲜,46,燕麦牛奶粥,早餐粥点,1,chosen,0.583,0.5987,train,normal
82,早餐,3,43,省着点,兴奋,晴,一个人,不关心,中辣,海鲜,46,燕麦牛奶粥,早餐粥点,1,chosen,0.583,0.6017,train,normal
82,早餐,3,43,省着点,兴奋,晴,一个人,不关心,中辣,海鲜,8,番茄鸡蛋面,面食粉面,1,chosen,0.5607,0.5466,train,normal
82,早餐,3,43,省着点,兴奋,晴,一个人,不关心,中辣,海鲜,44,小笼包+豆浆,早餐粥点,0,considered,0.583,0.6081,train,normal
82,早餐,3,43,省着点,兴奋,晴,一个人,不关心,中辣,海鲜,43,皮蛋瘦肉粥+油条,早餐粥点,0,considered,0.58,0.5975,train,normal
83,午餐,1,58,省着点,压力大,雨,一个人,严格控制,微辣,,17,蒜蓉西兰花+米饭,家常炒菜,1,chosen,0.5907,0.5692,train,normal
83,午餐,1,58,省着点,压力大,雨,一个人,严格控制,微辣,,17,蒜蓉西兰花+米饭,家常炒菜,1,chosen,0.5907,0.6254,train,normal
83,午餐,1,58,省着点,压力大,雨,一个人,严格控制,微辣,,17,蒜蓉西兰花+米饭,家常炒菜,1,chosen,0.5907,0.5795,train,normal
84,早餐,4,35,省着点,压力大,热,一个人,不关心,微辣,,43,皮蛋瘦肉粥+油条,早餐粥点,1,chosen,0.5969,0.5622,test,normal
84,早餐,4,35,省着点,压力大,热,一个人,不关心,微辣,,43,皮蛋瘦肉粥+油条,早餐粥点,1,chosen,0.5969,0.5727,test,normal
84,早餐,4,35,省着点,压力大,热,一个人,不关心,微辣,,43,皮蛋瘦肉粥+油条,早餐粥点,1,chosen,0.5969,0.5993,test,normal
84,早餐,4,35,省着点,压力大,热,一个人,不关心,微辣,,44,小笼包+豆浆,早餐粥点,0,considered,0.5969,0.5678,test,normal
84,早餐,4,35,省着点,压力大,热,一个人,不关心,微辣,,45,杂粮煎饼果子,早餐粥点,0,considered,0.588,0.5726,test,normal
85,晚餐,3,46,正常,开心,晴,家人,严格控制,中辣,,15,宫保鸡丁+米饭,家常炒菜,1,chosen,0.6739,0.6873,val,normal
85,晚餐,3,46,正常,开心,晴,家人,严格控制,中辣,,15,宫保鸡丁+米饭,家常炒菜,1,chosen,0.6739,0.6482,val,normal
85,晚餐,3,46,正常,开心,晴,家人,严格控制,中辣,,15,宫保鸡丁+米饭,家常炒菜,1,chosen,0.6739,0.634,val,normal
85,晚餐,3,46,正常,开心,晴,家人,严格控制,中辣,,12,西红柿炒蛋+米饭,家常炒菜,0,considered,0.6107,0.6295,val,normal
85,晚餐,3,46,正常,开心,晴,家人,严格控制,中辣,,17,蒜蓉西兰花+米饭,家常炒菜,0,considered,0.6079,0.5556,val,normal
86,晚餐,4,86,正常,疲惫,阴,家人,不关心,中辣,"海鲜,乳制品",11,云南小锅米线,面食粉面,1,chosen,0.6246,0.6445,val,normal
86,晚餐,4,86,正常,疲惫,阴,家人,不关心,中辣,"海鲜,乳制品",15,宫保鸡丁+米饭,家常炒菜,1,chosen,0.6654,0.6268,val,normal
86,晚餐,4,86,正常,疲惫,阴,家人,不关心,中辣,"海鲜,乳制品",15,宫保鸡丁+米饭,家常炒菜,1,chosen,0.6654,0.6762,val,normal
86,晚餐,4,86,正常,疲惫,阴,家人,不关心,中辣,"海鲜,乳制品",18,地三鲜+米饭,家常炒菜,0,considered,0.6496,0.6837,val,normal
86,晚餐,4,86,正常,疲惫,阴,家人,不关心,中辣,"海鲜,乳制品",13,麻婆豆腐+米饭,家常炒菜,0,considered,0.5762,0.6025,val,normal
87,夜宵,2,48,正常,一般,雪,约会,不关心,微辣,,6,兰州牛肉面,面食粉面,1,chosen,0.7179,0.7272,test,snow
87,夜宵,2,48,正常,一般,雪,约会,不关心,微辣,,26,烤鸡翅,烧烤小吃,1,chosen,0.7125,0.7522,test,snow
87,夜宵,2,48,正常,一般,雪,约会,不关心,微辣,,28,烤冷面,烧烤小吃,1,chosen,0.7331,0.7096,test,snow
88,午餐,5,53,正常,疲惫,晴,朋友,不关心,重辣,,23,冒菜,火锅麻辣烫,1,chosen,0.6859,0.7326,train,normal
88,午餐,5,53,正常,疲惫,晴,朋友,不关心,重辣,,23,冒菜,火锅麻辣烫,1,chosen,0.6859,0.6266,train,normal
88,午餐,5,53,正常,疲惫,晴,朋友,不关心,重辣,,23,冒菜,火锅麻辣烫,1,chosen,0.6859,0.6315,train,normal
89,午餐,5,51,正常,疲惫,冷,一个人,想健康,中辣,,15,宫保鸡丁+米饭,家常炒菜,1,chosen,0.6586,0.7359,train,normal
89,午餐,5,51,正常,疲惫,冷,一个人,想健康,中辣,,15,宫保鸡丁+米饭,家常炒菜,1,chosen,0.6586,0.6815,train,normal
89,午餐,5,51,正常,疲惫,冷,一个人,想健康,中辣,,15,宫保鸡丁+米饭,家常炒菜,1,chosen,0.6586,0.6497,train,normal
90,夜宵,5,62,正常,开心,雨,家人,不关心,重辣,素食,19,麻辣烫,火锅麻辣烫,1,chosen,0.7069,0.7249,train,normal
90,夜宵,5,62,正常,开心,雨,家人,不关心,重辣,素食,19,麻辣烫,火锅麻辣烫,1,chosen,0.7069,0.7542,train,normal
90,夜宵,5,62,正常,开心,雨,家人,不关心,重辣,素食,19,麻辣烫,火锅麻辣烫,1,chosen,0.7069,0.6901,train,normal
90,夜宵,5,62,正常,开心,雨,家人,不关心,重辣,素食,23,冒菜,火锅麻辣烫,0,considered,0.6562,0.6435,train,normal
90,夜宵,5,62,正常,开心,雨,家人,不关心,重辣,素食,24,菌汤火锅,火锅麻辣烫,0,considered,0.5699,0.5436,train,normal
91,夜宵,3,15,省着点,疲惫,晴,同事,不关心,不吃辣,,8,番茄鸡蛋面,面食粉面,1,chosen,0.6133,0.6028,train,normal
91,夜宵,3,15,省着点,疲惫,晴,同事,不关心,不吃辣,,8,番茄鸡蛋面,面食粉面,1,chosen,0.6133,0.566,train,normal
91,夜宵,3,15,省着点,疲惫,晴,同事,不关心,不吃辣,,8,番茄鸡蛋面,面食粉面,1,chosen,0.6133,0.617,train,normal
92,晚餐,4,23,想吃好点,压力大,热,朋友,随便,不吃辣,素食,9,炸酱面,面食粉面,1,chosen,0.6492,0.5775,train,normal
92,晚餐,4,23,想吃好点,压力大,热,朋友,随便,不吃辣,素食,9,炸酱面,面食粉面,1,chosen,0.6492,0.6164,train,normal
92,晚餐,4,23,想吃好点,压力大,热,朋友,随便,不吃辣,素食,9,炸酱面,面食粉面,1,chosen,0.6492,0.6362,train,normal
93,午餐,4,54,省着点,一般,阴,约会,随便,微辣,,2,青椒肉丝盖饭,中式快餐盖饭,1,chosen,0.59,0.5915,val,normal
93,午餐,4,54,省着点,一般,阴,约会,随便,微辣,,6,兰州牛肉面,面食粉面,1,chosen,0.5846,0.5995,val,normal
93,午餐,4,54,省着点,一般,阴,约会,随便,微辣,,2,青椒肉丝盖饭,中式快餐盖饭,1,chosen,0.59,0.5399,val,normal
93,午餐,4,54,省着点,一般,阴,约会,随便,微辣,,3,台式卤肉饭,中式快餐盖饭,0,considered,0.568,0.6058,val,normal
93,午餐,4,54,省着点,一般,阴,约会,随便,微辣,,1,黄焖鸡米饭,中式快餐盖饭,0,considered,0.5667,0.5812,val,normal
94,晚餐,4,59,不差钱,一般,晴,朋友,随便,中辣,素食,24,菌汤火锅,火锅麻辣烫,1,chosen,0.5978,0.5473,val,normal
94,晚餐,4,59,不差钱,一般,晴,朋友,随便,中辣,素食,24,菌汤火锅,火锅麻辣烫,1,chosen,0.5978,0.6418,val,normal
94,晚餐,4,59,不差钱,一般,晴,朋友,随便,中辣,素食,24,菌汤火锅,火锅麻辣烫,1,chosen,0.5978,0.6267,val,normal
95,夜宵,2,40,想吃好点,开心,阴,朋友,严格控制,不吃辣,麸质,8,番茄鸡蛋面,面食粉面,1,chosen,0.6348,0.6349,train,normal
95,夜宵,2,40,想吃好点,开心,阴,朋友,严格控制,不吃辣,麸质,8,番茄鸡蛋面,面食粉面,1,chosen,0.6348,0.598,train,normal
95,夜宵,2,40,想吃好点,开心,阴,朋友,严格控制,不吃辣,麸质,8,番茄鸡蛋面,面食粉面,1,chosen,0.6348,0.678,train,normal
96,夜宵,3,51,正常,开心,雪,一个人,严格控制,微辣,,8,番茄鸡蛋面,面食粉面,1,chosen,0.7128,0.7143,test,snow
96,夜宵,3,51,正常,开心,雪,一个人,严格控制,微辣,,8,番茄鸡蛋面,面食粉面,1,chosen,0.7128,0.7006,test,snow
96,夜宵,3,51,正常,开心,雪,一个人,严格控制,微辣,,8,番茄鸡蛋面,面食粉面,1,chosen,0.7128,0.7377,test,snow
97,午餐,4,15,想吃好点,疲惫,晴,一个人,随便,重辣,乳制品,19,麻辣烫,火锅麻辣烫,1,chosen,0.5498,0.5522,val,normal
97,午餐,4,15,想吃好点,疲惫,晴,一个人,随便,重辣,乳制品,19,麻辣烫,火锅麻辣烫,1,chosen,0.5498,0.6135,val,normal
97,午餐,4,15,想吃好点,疲惫,晴,一个人,随便,重辣,乳制品,19,麻辣烫,火锅麻辣烫,1,chosen,0.5498,0.5549,val,normal
97,午餐,4,15,想吃好点,疲惫,晴,一个人,随便,重辣,乳制品,23,冒菜,火锅麻辣烫,0,considered,0.536,0.5829,val,normal
97,午餐,4,15,想吃好点,疲惫,晴,一个人,随便,重辣,乳制品,20,清汤火锅,火锅麻辣烫,0,considered,0.408,0.4213,val,normal
98,夜宵,3,29,省着点,一般,雨,朋友,随便,不吃辣,,8,番茄鸡蛋面,面食粉面,1,chosen,0.6194,0.6508,val,normal
98,夜宵,3,29,省着点,一般,雨,朋友,随便,不吃辣,,8,番茄鸡蛋面,面食粉面,1,chosen,0.6194,0.6488,val,normal
98,夜宵,3,29,省着点,一般,雨,朋友,随便,不吃辣,,8,番茄鸡蛋面,面食粉面,1,chosen,0.6194,0.5359,val,normal
99,晚餐,4,93,正常,一般,阴,一个人,严格控制,不吃辣,,42,烤鸡胸配土豆泥,西式简餐,1,chosen,0.5322,0.5062,train,normal
99,晚餐,4,93,正常,一般,阴,一个人,严格控制,不吃辣,,42,烤鸡胸配土豆泥,西式简餐,1,chosen,0.5322,0.5323,train,normal
99,晚餐,4,93,正常,一般,阴,一个人,严格控制,不吃辣,,42,烤鸡胸配土豆泥,西式简餐,1,chosen,0.5322,0.578,train,normal
100,晚餐,2,65,正常,低落,晴,朋友,不关心,重辣,乳制品,19,麻辣烫,火锅麻辣烫,1,chosen,0.6693,0.6638,test,normal
100,晚餐,2,65,正常,低落,晴,朋友,不关心,重辣,乳制品,19,麻辣烫,火锅麻辣烫,1,chosen,0.6693,0.6672,test,normal
100,晚餐,2,65,正常,低落,晴,朋友,不关心,重辣,乳制品,19,麻辣烫,火锅麻辣烫,1,chosen,0.6693,0.649,test,normal
101,晚餐,5,15,正常,低落,雪,朋友,不关心,中辣,,11,云南小锅米线,面食粉面,1,chosen,0.7385,0.7235,test,snow
101,晚餐,5,15,正常,低落,雪,朋友,不关心,中辣,,11,云南小锅米线,面食粉面,1,chosen,0.7385,0.7438,test,snow
101,晚餐,5,15,正常,低落,雪,朋友,不关心,中辣,,11,云南小锅米线,面食粉面,1,chosen,0.7385,0.7645,test,snow
102,午餐,1,88,正常,开心,阴,家人,不关心,重辣,素食,19,麻辣烫,火锅麻辣烫,1,chosen,0.5854,0.5692,train,normal
102,午餐,1,88,正常,开心,阴,家人,不关心,重辣,素食,19,麻辣烫,火锅麻辣烫,1,chosen,0.5854,0.5923,train,normal
102,午餐,1,88,正常,开心,阴,家人,不关心,重辣,素食,19,麻辣烫,火锅麻辣烫,1,chosen,0.5854,0.5396,train,normal
102,午餐,1,88,正常,开心,阴,家人,不关心,重辣,素食,23,冒菜,火锅麻辣烫,0,considered,0.5514,0.5454,train,normal
102,午餐,1,88,正常,开心,阴,家人,不关心,重辣,素食,24,菌汤火锅,火锅麻辣烫,0,considered,0.4796,0.4894,train,normal
103,午餐,1,43,省着点,开心,雨,家人,想健康,微辣,,6,兰州牛肉面,面食粉面,1,chosen,0.6045,0.6414,val,normal
103,午餐,1,43,省着点,开心,雨,家人,想健康,微辣,,6,兰州牛肉面,面食粉面,1,chosen,0.6045,0.6222,val,normal
103,午餐,1,43,省着点,开心,雨,家人,想健康,微辣,,6,兰州牛肉面,面食粉面,1,chosen,0.6045,0.6252,val,normal
104,晚餐,3,56,想吃好点,疲惫,晴,同事,想健康,微辣,,42,烤鸡胸配土豆泥,西式简餐,1,chosen,0.617,0.6101,train,normal
104,晚餐,3,56,想吃好点,疲惫,晴,同事,想健康,微辣,,42,烤鸡胸配土豆泥,西式简餐,1,chosen,0.617,0.6046,train,normal
104,晚餐,3,56,想吃好点,疲惫,晴,同事,想健康,微辣,,42,烤鸡胸配土豆泥,西式简餐,1,chosen,0.617,0.5525,train,normal
105,晚餐,2,37,不差钱,开心,阴,朋友,随便,不吃辣,海鲜,38,香煎牛排,西式简餐,1,chosen,0.5746,0.5231,train,normal
105,晚餐,2,37,不差钱,开心,阴,朋友,随便,不吃辣,海鲜,38,香煎牛排,西式简餐,1,chosen,0.5746,0.5572,train,normal
105,晚餐,2,37,不差钱,开心,阴,朋友,随便,不吃辣,海鲜,38,香煎牛排,西式简餐,1,chosen,0.5746,0.6129,train,normal
106,午餐,4,43,想吃好点,疲惫,热,家人,想健康,微辣,"海鲜,乳制品",42,烤鸡胸配土豆泥,西式简餐,1,chosen,0.6857,0.6572,val,normal
106,午餐,4,43,想吃好点,疲惫,热,家人,想健康,微辣,"海鲜,乳制品",42,烤鸡胸配土豆泥,西式简餐,1,chosen,0.6857,0.7231,val,normal
106,午餐,4,43,想吃好点,疲惫,热,家人,想健康,微辣,"海鲜,乳制品",42,烤鸡胸配土豆泥,西式简餐,1,chosen,0.6857,0.6592,val,normal
107,早餐,5,69,不差钱,一般,晴,朋友,随便,中辣,,11,云南小锅米线,面食粉面,1,chosen,0.5786,0.6184,val,normal
107,早餐,5,69,不差钱,一般,晴,朋友,随便,中辣,,11,云南小锅米线,面食粉面,1,chosen,0.5786,0.6043,val,normal
107,早餐,5,69,不差钱,一般,晴,朋友,随便,中辣,,11,云南小锅米线,面食粉面,1,chosen,0.5786,0.5547,val,normal
108,晚餐,2,69,不差钱,兴奋,雨,约会,想健康,微辣,,24,菌汤火锅,火锅麻辣烫,1,chosen,0.6849,0.6657,train,normal
108,晚餐,2,69,不差钱,兴奋,雨,约会,想健康,微辣,,24,菌汤火锅,火锅麻辣烫,1,chosen,0.6849,0.6629,train,normal
108,晚餐,2,69,不差钱,兴奋,雨,约会,想健康,微辣,,38,香煎牛排,西式简餐,1,chosen,0.6577,0.654,train,normal
108,晚餐,2,69,不差钱,兴奋,雨,约会,想健康,微辣,,20,清汤火锅,火锅麻辣烫,0,considered,0.6752,0.6417,train,normal
108,晚餐,2,69,不差钱,兴奋,雨,约会,想健康,微辣,,22,关东煮,火锅麻辣烫,0,considered,0.5182,0.5589,train,normal
109,夜宵,3,58,正常,一般,雪,一个人,随便,不吃辣,,8,番茄鸡蛋面,面食粉面,1,chosen,0.6341,0.6178,test,snow
109,夜宵,3,58,正常,一般,雪,一个人,随便,不吃辣,,8,番茄鸡蛋面,面食粉面,1,chosen,0.6341,0.6715,test,snow
109,夜宵,3,58,正常,一般,雪,一个人,随便,不吃辣,,8,番茄鸡蛋面,面食粉面,1,chosen,0.6341,0.6231,test,snow
110,晚餐,3,98,不差钱,疲惫,冷,约会,想健康,微辣,,24,菌汤火锅,火锅麻辣烫,1,chosen,0.763,0.7452,train,normal
110,晚餐,3,98,不差钱,疲惫,冷,约会,想健康,微辣,,24,菌汤火锅,火锅麻辣烫,1,chosen,0.763,0.805,train,normal
110,晚餐,3,98,不差钱,疲惫,冷,约会,想健康,微辣,,24,菌汤火锅,火锅麻辣烫,1,chosen,0.763,0.7976,train,normal
111,早餐,4,54,正常,兴奋,阴,同事,不关心,不吃辣,,44,小笼包+豆浆,早餐粥点,1,chosen,0.5889,0.6109,val,normal
111,早餐,4,54,正常,兴奋,阴,同事,不关心,不吃辣,,44,小笼包+豆浆,早餐粥点,1,chosen,0.5889,0.5763,val,normal
111,早餐,4,54,正常,兴奋,阴,同事,不关心,不吃辣,,44,小笼包+豆浆,早餐粥点,1,chosen,0.5889,0.5894,val,normal
112,下午加餐,4,84,正常,一般,雨,一个人,随便,重辣,"海鲜,乳制品",35,水煮时蔬+溏心蛋,轻食健康,1,chosen,0.5363,0.4811,train,normal
112,下午加餐,4,84,正常,一般,雨,一个人,随便,重辣,"海鲜,乳制品",34,全麦鸡肉三明治,轻食健康,1,chosen,0.577,0.6131,train,normal
112,下午加餐,4,84,正常,一般,雨,一个人,随便,重辣,"海鲜,乳制品",34,全麦鸡肉三明治,轻食健康,1,chosen,0.577,0.576,train,normal
113,午餐,3,42,省着点,疲惫,雨,朋友,随便,不吃辣,乳制品,9,炸酱面,面食粉面,1,chosen,0.6463,0.641,val,normal
113,午餐,3,42,省着点,疲惫,雨,朋友,随便,不吃辣,乳制品,37,番茄肉酱意面,西式简餐,1,chosen,0.5915,0.5798,val,normal
113,午餐,3,42,省着点,疲惫,雨,朋友,随便,不吃辣,乳制品,9,炸酱面,面食粉面,1,chosen,0.6463,0.6252,val,normal
114,午餐,4,61,不差钱,兴奋,晴,家人,严格控制,微辣,乳制品,24,菌汤火锅,火锅麻辣烫,1,chosen,0.6726,0.6905,train,normal
114,午餐,4,61,不差钱,兴奋,晴,家人,严格控制,微辣,乳制品,42,烤鸡胸配土豆泥,西式简餐,1,chosen,0.6417,0.677,train,normal
114,午餐,4,61,不差钱,兴奋,晴,家人,严格控制,微辣,乳制品,24,菌汤火锅,火锅麻辣烫,1,chosen,0.6726,0.6864,train,normal
114,午餐,4,61,不差钱,兴奋,晴,家人,严格控制,微辣,乳制品,20,清汤火锅,火锅麻辣烫,0,considered,0.6232,0.5938,train,normal
114,午餐,4,61,不差钱,兴奋,晴,家人,严格控制,微辣,乳制品,22,关东煮,火锅麻辣烫,0,considered,0.4148,0.3581,train,normal
115,夜宵,4,15,正常,疲惫,晴,朋友,不关心,中辣,素食,11,云南小锅米线,面食粉面,1,chosen,0.6718,0.5999,test,normal
115,夜宵,4,15,正常,疲惫,晴,朋友,不关心,中辣,素食,11,云南小锅米线,面食粉面,1,chosen,0.6718,0.6499,test,normal
115,夜宵,4,15,正常,疲惫,晴,朋友,不关心,中辣,素食,11,云南小锅米线,面食粉面,1,chosen,0.6718,0.6481,test,normal
115,夜宵,4,15,正常,疲惫,晴,朋友,不关心,中辣,素食,6,兰州牛肉面,面食粉面,0,considered,0.6601,0.6246,test,normal
115,夜宵,4,15,正常,疲惫,晴,朋友,不关心,中辣,素食,9,炸酱面,面食粉面,0,considered,0.5995,0.6062,test,normal
116,早餐,1,30,正常,低落,阴,同事,严格控制,不吃辣,"海鲜,乳制品",8,番茄鸡蛋面,面食粉面,1,chosen,0.6451,0.5783,train,normal
116,早餐,1,30,正常,低落,阴,同事,严格控制,不吃辣,"海鲜,乳制品",8,番茄鸡蛋面,面食粉面,1,chosen,0.6451,0.6922,train,normal
116,早餐,1,30,正常,低落,阴,同事,严格控制,不吃辣,"海鲜,乳制品",8,番茄鸡蛋面,面食粉面,1,chosen,0.6451,0.6037,train,normal
117,午餐,2,15,正常,疲惫,阴,朋友,随便,微辣,,40,奶油蘑菇汤+面包,西式简餐,1,chosen,0.573,0.5824,test,normal
117,午餐,2,15,正常,疲惫,阴,朋友,随便,微辣,,6,兰州牛肉面,面食粉面,1,chosen,0.5922,0.5799,test,normal
117,午餐,2,15,正常,疲惫,阴,朋友,随便,微辣,,6,兰州牛肉面,面食粉面,1,chosen,0.5922,0.5791,test,normal
118,晚餐,5,38,正常,兴奋,晴,家人,不关心,重辣,海鲜,23,冒菜,火锅麻辣烫,1,chosen,0.6304,0.6146,train,normal
118,晚餐,5,38,正常,兴奋,晴,家人,不关心,重辣,海鲜,23,冒菜,火锅麻辣烫,1,chosen,0.6304,0.6351,train,normal
118,晚餐,5,38,正常,兴奋,晴,家人,不关心,重辣,海鲜,23,冒菜,火锅麻辣烫,1,chosen,0.6304,0.6165,train,normal
119,午餐,4,46,省着点,疲惫,冷,朋友,随便,中辣,,15,宫保鸡丁+米饭,家常炒菜,1,chosen,0.6663,0.655,train,normal
119,午餐,4,46,省着点,疲惫,冷,朋友,随便,中辣,,11,云南小锅米线,面食粉面,1,chosen,0.6786,0.6675,train,normal
119,午餐,4,46,省着点,疲惫,冷,朋友,随便,中辣,,11,云南小锅米线,面食粉面,1,chosen,0.6786,0.6348,train,normal
120,午餐,3,61,省着点,开心,热,一个人,不关心,中辣,海鲜,9,炸酱面,面食粉面,1,chosen,0.5275,0.5286,train,normal
120,午餐,3,61,省着点,开心,热,一个人,不关心,中辣,海鲜,9,炸酱面,面食粉面,1,chosen,0.5275,0.5156,train,normal
120,午餐,3,61,省着点,开心,热,一个人,不关心,中辣,海鲜,9,炸酱面,面食粉面,1,chosen,0.5275,0.5315,train,normal
121,下午加餐,3,29,省着点,一般,热,家人,想健康,不吃辣,,34,全麦鸡肉三明治,轻食健康,1,chosen,0.6781,0.6338,train,normal
121,下午加餐,3,29,省着点,一般,热,家人,想健康,不吃辣,,36,希腊酸奶坚果碗,轻食健康,1,chosen,0.6778,0.7365,train,normal
121,下午加餐,3,29,省着点,一般,热,家人,想健康,不吃辣,,34,全麦鸡肉三明治,轻食健康,1,chosen,0.6781,0.6345,train,normal
122,晚餐,4,58,不差钱,开心,阴,一个人,随便,不吃辣,,24,菌汤火锅,火锅麻辣烫,1,chosen,0.5151,0.5441,train,normal
122,晚餐,4,58,不差钱,开心,阴,一个人,随便,不吃辣,,24,菌汤火锅,火锅麻辣烫,1,chosen,0.5151,0.4823,train,normal
122,晚餐,4,58,不差钱,开心,阴,一个人,随便,不吃辣,,24,菌汤火锅,火锅麻辣烫,1,chosen,0.5151,0.5199,train,normal
123,夜宵,2,38,想吃好点,疲惫,冷,一个人,严格控制,中辣,,27,烤茄子,烧烤小吃,1,chosen,0.7126,0.7343,train,normal
123,夜宵,2,38,想吃好点,疲惫,冷,一个人,严格控制,中辣,,27,烤茄子,烧烤小吃,1,chosen,0.7126,0.7225,train,normal
123,夜宵,2,38,想吃好点,疲惫,冷,一个人,严格控制,中辣,,27,烤茄子,烧烤小吃,1,chosen,0.7126,0.709,train,normal
124,午餐,3,64,正常,兴奋,冷,一个人,严格控制,重辣,素食,13,麻婆豆腐+米饭,家常炒菜,1,chosen,0.6333,0.6317,test,normal
124,午餐,3,64,正常,兴奋,冷,一个人,严格控制,重辣,素食,13,麻婆豆腐+米饭,家常炒菜,1,chosen,0.6333,0.6487,test,normal
124,午餐,3,64,正常,兴奋,冷,一个人,严格控制,重辣,素食,13,麻婆豆腐+米饭,家常炒菜,1,chosen,0.6333,0.5928,test,normal
124,午餐,3,64,正常,兴奋,冷,一个人,严格控制,重辣,素食,12,西红柿炒蛋+米饭,家常炒菜,0,considered,0.5995,0.6473,test,normal
124,午餐,3,64,正常,兴奋,冷,一个人,严格控制,重辣,素食,17,蒜蓉西兰花+米饭,家常炒菜,0,considered,0.5995,0.5813,test,normal
125,夜宵,2,28,省着点,疲惫,阴,家人,想健康,重辣,海鲜,27,烤茄子,烧烤小吃,1,chosen,0.6985,0.7294,train,normal
125,夜宵,2,28,省着点,疲惫,阴,家人,想健康,重辣,海鲜,27,烤茄子,烧烤小吃,1,chosen,0.6985,0.6643,train,normal
125,夜宵,2,28,省着点,疲惫,阴,家人,想健康,重辣,海鲜,27,烤茄子,烧烤小吃,1,chosen,0.6985,0.6417,train,normal
126,晚餐,3,58,想吃好点,一般,雪,朋友,想健康,微辣,,42,烤鸡胸配土豆泥,西式简餐,1,chosen,0.7443,0.7636,test,snow
126,晚餐,3,58,想吃好点,一般,雪,朋友,想健康,微辣,,42,烤鸡胸配土豆泥,西式简餐,1,chosen,0.7443,0.7126,test,snow
126,晚餐,3,58,想吃好点,一般,雪,朋友,想健康,微辣,,42,烤鸡胸配土豆泥,西式简餐,1,chosen,0.7443,0.7577,test,snow
126,晚餐,3,58,想吃好点,一般,雪,朋友,想健康,微辣,,40,奶油蘑菇汤+面包,西式简餐,0,considered,0.7277,0.7324,test,snow
126,晚餐,3,58,想吃好点,一般,雪,朋友,想健康,微辣,,37,番茄肉酱意面,西式简餐,0,considered,0.7209,0.7607,test,snow
127,午餐,4,92,正常,开心,阴,同事,不关心,不吃辣,"海鲜,乳制品",18,地三鲜+米饭,家常炒菜,1,chosen,0.5559,0.5913,train,normal
127,午餐,4,92,正常,开心,阴,同事,不关心,不吃辣,"海鲜,乳制品",18,地三鲜+米饭,家常炒菜,1,chosen,0.5559,0.5141,train,normal
127,午餐,4,92,正常,开心,阴,同事,不关心,不吃辣,"海鲜,乳制品",18,地三鲜+米饭,家常炒菜,1,chosen,0.5559,0.5124,train,normal
128,下午加餐,3,45,正常,疲惫,雨,约会,不关心,微辣,乳制品,34,全麦鸡肉三明治,轻食健康,1,chosen,0.7041,0.6941,val,normal
128,下午加餐,3,45,正常,疲惫,雨,约会,不关心,微辣,乳制品,34,全麦鸡肉三明治,轻食健康,1,chosen,0.7041,0.7188,val,normal
128,下午加餐,3,45,正常,疲惫,雨,约会,不关心,微辣,乳制品,34,全麦鸡肉三明治,轻食健康,1,chosen,0.7041,0.7384,val,normal
129,晚餐,2,89,省着点,开心,晴,同事,严格控制,重辣,"海鲜,乳制品",17,蒜蓉西兰花+米饭,家常炒菜,1,chosen,0.5729,0.5659,train,normal
129,晚餐,2,89,省着点,开心,晴,同事,严格控制,重辣,"海鲜,乳制品",17,蒜蓉西兰花+米饭,家常炒菜,1,chosen,0.5729,0.6289,train,normal
129,晚餐,2,89,省着点,开心,晴,同事,严格控制,重辣,"海鲜,乳制品",17,蒜蓉西兰花+米饭,家常炒菜,1,chosen,0.5729,0.6024,train,normal
130,早餐,5,68,正常,低落,热,一个人,不关心,中辣,,11,云南小锅米线,面食粉面,1,chosen,0.5625,0.5548,train,normal
130,早餐,5,68,正常,低落,热,一个人,不关心,中辣,,11,云南小锅米线,面食粉面,1,chosen,0.5625,0.5756,train,normal
130,早餐,5,68,正常,低落,热,一个人,不关心,中辣,,45,杂粮煎饼果子,早餐粥点,1,chosen,0.555,0.5912,train,normal
130,早餐,5,68,正常,低落,热,一个人,不关心,中辣,,6,兰州牛肉面,面食粉面,0,considered,0.5435,0.5194,train,normal
130,早餐,5,68,正常,低落,热,一个人,不关心,中辣,,8,番茄鸡蛋面,面食粉面,0,considered,0.5156,0.5,train,normal
131,午餐,2,57,不差钱,开心,阴,家人,想健康,微辣,,24,菌汤火锅,火锅麻辣烫,1,chosen,0.6425,0.642,train,normal
131,午餐,2,57,不差钱,开心,阴,家人,想健康,微辣,,24,菌汤火锅,火锅麻辣烫,1,chosen,0.6425,0.6203,train,normal
131,午餐,2,57,不差钱,开心,阴,家人,想健康,微辣,,24,菌汤火锅,火锅麻辣烫,1,chosen,0.6425,0.6001,train,normal
132,夜宵,1,35,正常,开心,热,家人,随便,重辣,,19,麻辣烫,火锅麻辣烫,1,chosen,0.6267,0.6982,train,normal
132,夜宵,1,35,正常,开心,热,家人,随便,重辣,,19,麻辣烫,火锅麻辣烫,1,chosen,0.6267,0.6102,train,normal
132,夜宵,1,35,正常,开心,热,家人,随便,重辣,,26,烤鸡翅,烧烤小吃,1,chosen,0.6593,0.6671,train,normal
132,夜宵,1,35,正常,开心,热,家人,随便,重辣,,30,铁板豆腐,烧烤小吃,0,considered,0.6479,0.6628,train,normal
132,夜宵,1,35,正常,开心,热,家人,随便,重辣,,27,烤茄子,烧烤小吃,0,considered,0.6384,0.6412,train,normal
133,夜宵,2,59,想吃好点,一般,晴,一个人,不关心,微辣,乳制品,28,烤冷面,烧烤小吃,1,chosen,0.5405,0.5421,train,normal
133,夜宵,2,59,想吃好点,一般,晴,一个人,不关心,微辣,乳制品,20,清汤火锅,火锅麻辣烫,1,chosen,0.4979,0.4946,train,normal
133,夜宵,2,59,想吃好点,一般,晴,一个人,不关心,微辣,乳制品,28,烤冷面,烧烤小吃,1,chosen,0.5405,0.5991,train,normal
133,夜宵,2,59,想吃好点,一般,晴,一个人,不关心,微辣,乳制品,26,烤鸡翅,烧烤小吃,0,considered,0.4894,0.521,train,normal
133,夜宵,2,59,想吃好点,一般,晴,一个人,不关心,微辣,乳制品,27,烤茄子,烧烤小吃,0,considered,0.4803,0.4851,train,normal
134,午餐,3,29,正常,疲惫,冷,同事,想健康,不吃辣,"海鲜,乳制品",42,烤鸡胸配土豆泥,西式简餐,1,chosen,0.6559,0.6681,train,normal
134,午餐,3,29,正常,疲惫,冷,同事,想健康,不吃辣,"海鲜,乳制品",42,烤鸡胸配土豆泥,西式简餐,1,chosen,0.6559,0.6231,train,normal
134,午餐,3,29,正常,疲惫,冷,同事,想健康,不吃辣,"海鲜,乳制品",42,烤鸡胸配土豆泥,西式简餐,1,chosen,0.6559,0.668,train,normal
135,下午加餐,3,44,正常,一般,阴,同事,不关心,微辣,,36,希腊酸奶坚果碗,轻食健康,1,chosen,0.6096,0.5984,train,normal
135,下午加餐,3,44,正常,一般,阴,同事,不关心,微辣,,34,全麦鸡肉三明治,轻食健康,1,chosen,0.6096,0.6009,train,normal
135,下午加餐,3,44,正常,一般,阴,同事,不关心,微辣,,36,希腊酸奶坚果碗,轻食健康,1,chosen,0.6096,0.6283,train,normal
136,晚餐,3,77,省着点,一般,冷,家人,想健康,不吃辣,海鲜,40,奶油蘑菇汤+面包,西式简餐,1,chosen,0.6181,0.5865,test,normal
136,晚餐,3,77,省着点,一般,冷,家人,想健康,不吃辣,海鲜,40,奶油蘑菇汤+面包,西式简餐,1,chosen,0.6181,0.5762,test,normal
136,晚餐,3,77,省着点,一般,冷,家人,想健康,不吃辣,海鲜,40,奶油蘑菇汤+面包,西式简餐,1,chosen,0.6181,0.5478,test,normal
137,晚餐,2,72,想吃好点,开心,热,家人,随便,重辣,"海鲜,乳制品",19,麻辣烫,火锅麻辣烫,1,chosen,0.6183,0.6495,train,normal
137,晚餐,2,72,想吃好点,开心,热,家人,随便,重辣,"海鲜,乳制品",26,烤鸡翅,烧烤小吃,1,chosen,0.6013,0.5833,train,normal
137,晚餐,2,72,想吃好点,开心,热,家人,随便,重辣,"海鲜,乳制品",19,麻辣烫,火锅麻辣烫,1,chosen,0.6183,0.6013,train,normal
137,晚餐,2,72,想吃好点,开心,热,家人,随便,重辣,"海鲜,乳制品",23,冒菜,火锅麻辣烫,0,considered,0.5866,0.5616,train,normal
137,晚餐,2,72,想吃好点,开心,热,家人,随便,重辣,"海鲜,乳制品",20,清汤火锅,火锅麻辣烫,0,considered,0.582,0.5897,train,normal
138,下午加餐,2,73,想吃好点,一般,晴,家人,不关心,中辣,,33,三文鱼沙拉,轻食健康,1,chosen,0.6164,0.5932,train,normal
138,下午加餐,2,73,想吃好点,一般,晴,家人,不关心,中辣,,33,三文鱼沙拉,轻食健康,1,chosen,0.6164,0.7099,train,normal
138,下午加餐,2,73,想吃好点,一般,晴,家人,不关心,中辣,,33,三文鱼沙拉,轻食健康,1,chosen,0.6164,0.6954,train,normal
138,下午加餐,2,73,想吃好点,一般,晴,家人,不关心,中辣,,32,藜麦牛油果碗,轻食健康,0,considered,0.6164,0.5625,train,normal
138,下午加餐,2,73,想吃好点,一般,晴,家人,不关心,中辣,,34,全麦鸡肉三明治,轻食健康,0,considered,0.6064,0.5916,train,normal
139,晚餐,1,59,省着点,开心,雪,家人,随便,微辣,,6,兰州牛肉面,面食粉面,1,chosen,0.6328,0.6484,test,snow
139,晚餐,1,59,省着点,开心,雪,家人,随便,微辣,,6,兰州牛肉面,面食粉面,1,chosen,0.6328,0.6366,test,snow
139,晚餐,1,59,省着点,开心,雪,家人,随便,微辣,,6,兰州牛肉面,面食粉面,1,chosen,0.6328,0.6543,test,snow
139,晚餐,1,59,省着点,开心,雪,家人,随便,微辣,,9,炸酱面,面食粉面,0,considered,0.584,0.6366,test,snow
139,晚餐,1,59,省着点,开心,雪,家人,随便,微辣,,8,番茄鸡蛋面,面食粉面,0,considered,0.5726,0.5717,test,snow
140,早餐,3,46,想吃好点,压力大,晴,家人,不关心,中辣,,44,小笼包+豆浆,早餐粥点,1,chosen,0.6593,0.6331,train,normal
140,早餐,3,46,想吃好点,压力大,晴,家人,不关心,中辣,,44,小笼包+豆浆,早餐粥点,1,chosen,0.6593,0.661,train,normal
140,早餐,3,46,想吃好点,压力大,晴,家人,不关心,中辣,,44,小笼包+豆浆,早餐粥点,1,chosen,0.6593,0.6284,train,normal
141,晚餐,5,68,省着点,兴奋,阴,朋友,严格控制,微辣,海鲜,2,青椒肉丝盖饭,中式快餐盖饭,1,chosen,0.6288,0.5962,train,normal
141,晚餐,5,68,省着点,兴奋,阴,朋友,严格控制,微辣,海鲜,2,青椒肉丝盖饭,中式快餐盖饭,1,chosen,0.6288,0.6855,train,normal
141,晚餐,5,68,省着点,兴奋,阴,朋友,严格控制,微辣,海鲜,2,青椒肉丝盖饭,中式快餐盖饭,1,chosen,0.6288,0.5976,train,normal
142,早餐,3,32,省着点,开心,热,一个人,不关心,中辣,,43,皮蛋瘦肉粥+油条,早餐粥点,1,chosen,0.5897,0.6423,train,normal
142,早餐,3,32,省着点,开心,热,一个人,不关心,中辣,,43,皮蛋瘦肉粥+油条,早餐粥点,1,chosen,0.5897,0.5662,train,normal
142,早餐,3,32,省着点,开心,热,一个人,不关心,中辣,,43,皮蛋瘦肉粥+油条,早餐粥点,1,chosen,0.5897,0.6074,train,normal
142,早餐,3,32,省着点,开心,热,一个人,不关心,中辣,,44,小笼包+豆浆,早餐粥点,0,considered,0.5897,0.5921,train,normal
142,早餐,3,32,省着点,开心,热,一个人,不关心,中辣,,46,燕麦牛奶粥,早餐粥点,0,considered,0.5859,0.6145,train,normal
143,早餐,3,37,想吃好点,一般,晴,家人,想健康,中辣,,44,小笼包+豆浆,早餐粥点,1,chosen,0.6368,0.6449,train,normal
143,早餐,3,37,想吃好点,一般,晴,家人,想健康,中辣,,11,云南小锅米线,面食粉面,1,chosen,0.6229,0.6348,train,normal
143,早餐,3,37,想吃好点,一般,晴,家人,想健康,中辣,,44,小笼包+豆浆,早餐粥点,1,chosen,0.6368,0.6533,train,normal
144,下午加餐,5,44,想吃好点,开心,热,朋友,不关心,不吃辣,"海鲜,乳制品",32,藜麦牛油果碗,轻食健康,1,chosen,0.608,0.5834,train,normal
144,下午加餐,5,44,想吃好点,开心,热,朋友,不关心,不吃辣,"海鲜,乳制品",32,藜麦牛油果碗,轻食健康,1,chosen,0.608,0.5784,train,normal
144,下午加餐,5,44,想吃好点,开心,热,朋友,不关心,不吃辣,"海鲜,乳制品",32,藜麦牛油果碗,轻食健康,1,chosen,0.608,0.5924,train,normal
144,下午加餐,5,44,想吃好点,开心,热,朋友,不关心,不吃辣,"海鲜,乳制品",34,全麦鸡肉三明治,轻食健康,0,considered,0.598,0.6256,train,normal
144,下午加餐,5,44,想吃好点,开心,热,朋友,不关心,不吃辣,"海鲜,乳制品",35,水煮时蔬+溏心蛋,轻食健康,0,considered,0.5345,0.507,train,normal
145,晚餐,3,71,正常,开心,热,同事,想健康,中辣,,15,宫保鸡丁+米饭,家常炒菜,1,chosen,0.6121,0.6214,train,normal
145,晚餐,3,71,正常,开心,热,同事,想健康,中辣,,15,宫保鸡丁+米饭,家常炒菜,1,chosen,0.6121,0.6664,train,normal
145,晚餐,3,71,正常,开心,热,同事,想健康,中辣,,15,宫保鸡丁+米饭,家常炒菜,1,chosen,0.6121,0.6296,train,normal
146,早餐,3,69,不差钱,疲惫,雨,同事,严格控制,中辣,,46,燕麦牛奶粥,早餐粥点,1,chosen,0.761,0.8028,train,normal
146,早餐,3,69,不差钱,疲惫,雨,同事,严格控制,中辣,,46,燕麦牛奶粥,早餐粥点,1,chosen,0.761,0.8138,train,normal
146,早餐,3,69,不差钱,疲惫,雨,同事,严格控制,中辣,,8,番茄鸡蛋面,面食粉面,1,chosen,0.732,0.7306,train,normal
147,晚餐,1,57,正常,低落,晴,同事,不关心,重辣,乳制品,19,麻辣烫,火锅麻辣烫,1,chosen,0.5681,0.5542,train,normal
147,晚餐,1,57,正常,低落,晴,同事,不关心,重辣,乳制品,19,麻辣烫,火锅麻辣烫,1,chosen,0.5681,0.5849,train,normal
147,晚餐,1,57,正常,低落,晴,同事,不关心,重辣,乳制品,26,烤鸡翅,烧烤小吃,1,chosen,0.5472,0.5434,train,normal
148,早餐,1,15,想吃好点,疲惫,阴,朋友,想健康,中辣,,46,燕麦牛奶粥,早餐粥点,1,chosen,0.6552,0.6628,train,normal
148,早餐,1,15,想吃好点,疲惫,阴,朋友,想健康,中辣,,46,燕麦牛奶粥,早餐粥点,1,chosen,0.6552,0.6853,train,normal
148,早餐,1,15,想吃好点,疲惫,阴,朋友,想健康,中辣,,46,燕麦牛奶粥,早餐粥点,1,chosen,0.6552,0.6866,train,normal
149,夜宵,4,61,不差钱,开心,阴,同事,不关心,中辣,,26,烤鸡翅,烧烤小吃,1,chosen,0.6144,0.6317,train,normal
149,夜宵,4,61,不差钱,开心,阴,同事,不关心,中辣,,26,烤鸡翅,烧烤小吃,1,chosen,0.6144,0.5896,train,normal
149,夜宵,4,61,不差钱,开心,阴,同事,不关心,中辣,,26,烤鸡翅,烧烤小吃,1,chosen,0.6144,0.5822,train,normal
150,晚餐,1,57,省着点,开心,雨,同事,不关心,微辣,,6,兰州牛肉面,面食粉面,1,chosen,0.5319,0.6384,train,normal
150,晚餐,1,57,省着点,开心,雨,同事,不关心,微辣,,6,兰州牛肉面,面食粉面,1,chosen,0.5319,0.5257,train,normal
150,晚餐,1,57,省着点,开心,雨,同事,不关心,微辣,,6,兰州牛肉面,面食粉面,1,chosen,0.5319,0.5611,train,normal
150,晚餐,1,57,省着点,开心,雨,同事,不关心,微辣,,9,炸酱面,面食粉面,0,considered,0.5154,0.5029,train,normal
150,晚餐,1,57,省着点,开心,雨,同事,不关心,微辣,,8,番茄鸡蛋面,面食粉面,0,considered,0.4984,0.5225,train,normal
151,夜宵,4,85,正常,压力大,热,家人,不关心,中辣,,26,烤鸡翅,烧烤小吃,1,chosen,0.7091,0.7217,train,normal
151,夜宵,4,85,正常,压力大,热,家人,不关心,中辣,,11,云南小锅米线,面食粉面,1,chosen,0.6733,0.6858,train,normal
151,夜宵,4,85,正常,压力大,热,家人,不关心,中辣,,25,烤羊肉串,烧烤小吃,1,chosen,0.6554,0.6526,train,normal
152,夜宵,2,39,想吃好点,一般,雨,一个人,不关心,微辣,乳制品,28,烤冷面,烧烤小吃,1,chosen,0.5879,0.5541,train,normal
152,夜宵,2,39,想吃好点,一般,雨,一个人,不关心,微辣,乳制品,8,番茄鸡蛋面,面食粉面,1,chosen,0.5537,0.5858,train,normal
152,夜宵,2,39,想吃好点,一般,雨,一个人,不关心,微辣,乳制品,8,番茄鸡蛋面,面食粉面,1,chosen,0.5537,0.5498,train,normal
152,夜宵,2,39,想吃好点,一般,雨,一个人,不关心,微辣,乳制品,26,烤鸡翅,烧烤小吃,0,considered,0.5368,0.4924,train,normal
152,夜宵,2,39,想吃好点,一般,雨,一个人,不关心,微辣,乳制品,27,烤茄子,烧烤小吃,0,considered,0.5277,0.547,train,normal
153,晚餐,4,43,想吃好点,低落,热,同事,想健康,微辣,,9,炸酱面,面食粉面,1,chosen,0.609,0.6293,val,normal
153,晚餐,4,43,想吃好点,低落,热,同事,想健康,微辣,,9,炸酱面,面食粉面,1,chosen,0.609,0.6215,val,normal
153,晚餐,4,43,想吃好点,低落,热,同事,想健康,微辣,,9,炸酱面,面食粉面,1,chosen,0.609,0.5905,val,normal
154,晚餐,3,65,正常,疲惫,阴,同事,不关心,微辣,,40,奶油蘑菇汤+面包,西式简餐,1,chosen,0.5874,0.5784,train,normal
154,晚餐,3,65,正常,疲惫,阴,同事,不关心,微辣,,40,奶油蘑菇汤+面包,西式简餐,1,chosen,0.5874,0.591,train,normal
154,晚餐,3,65,正常,疲惫,阴,同事,不关心,微辣,,40,奶油蘑菇汤+面包,西式简餐,1,chosen,0.5874,0.6181,train,normal
155,晚餐,4,47,省着点,疲惫,晴,约会,想健康,中辣,麸质,11,云南小锅米线,面食粉面,1,chosen,0.6824,0.6821,val,normal
155,晚餐,4,47,省着点,疲惫,晴,约会,想健康,中辣,麸质,45,杂粮煎饼果子,早餐粥点,1,chosen,0.6653,0.66,val,normal
155,晚餐,4,47,省着点,疲惫,晴,约会,想健康,中辣,麸质,11,云南小锅米线,面食粉面,1,chosen,0.6824,0.6602,val,normal
156,晚餐,3,53,不差钱,低落,晴,家人,想健康,微辣,素食,24,菌汤火锅,火锅麻辣烫,1,chosen,0.6474,0.6484,train,normal
156,晚餐,3,53,不差钱,低落,晴,家人,想健康,微辣,素食,24,菌汤火锅,火锅麻辣烫,1,chosen,0.6474,0.5995,train,normal
156,晚餐,3,53,不差钱,低落,晴,家人,想健康,微辣,素食,24,菌汤火锅,火锅麻辣烫,1,chosen,0.6474,0.6088,train,normal
157,夜宵,3,57,正常,一般,热,同事,严格控制,不吃辣,乳制品,8,番茄鸡蛋面,面食粉面,1,chosen,0.6414,0.6126,train,normal
157,夜宵,3,57,正常,一般,热,同事,严格控制,不吃辣,乳制品,8,番茄鸡蛋面,面食粉面,1,chosen,0.6414,0.6385,train,normal
157,夜宵,3,57,正常,一般,热,同事,严格控制,不吃辣,乳制品,8,番茄鸡蛋面,面食粉面,1,chosen,0.6414,0.6385,train,normal
158,早餐,4,77,想吃好点,疲惫,冷,约会,严格控制,不吃辣,,44,小笼包+豆浆,早餐粥点,1,chosen,0.7474,0.811,train,normal
158,早餐,4,77,想吃好点,疲惫,冷,约会,严格控制,不吃辣,,44,小笼包+豆浆,早餐粥点,1,chosen,0.7474,0.7668,train,normal
158,早餐,4,77,想吃好点,疲惫,冷,约会,严格控制,不吃辣,,44,小笼包+豆浆,早餐粥点,1,chosen,0.7474,0.7969,train,normal
159,晚餐,2,73,正常,开心,晴,一个人,想健康,中辣,,15,宫保鸡丁+米饭,家常炒菜,1,chosen,0.5466,0.5416,train,normal
159,晚餐,2,73,正常,开心,晴,一个人,想健康,中辣,,15,宫保鸡丁+米饭,家常炒菜,1,chosen,0.5466,0.5468,train,normal
159,晚餐,2,73,正常,开心,晴,一个人,想健康,中辣,,15,宫保鸡丁+米饭,家常炒菜,1,chosen,0.5466,0.542,train,normal
160,午餐,4,49,正常,兴奋,晴,一个人,想健康,微辣,,42,烤鸡胸配土豆泥,西式简餐,1,chosen,0.5409,0.5447,train,normal
160,午餐,4,49,正常,兴奋,晴,一个人,想健康,微辣,,42,烤鸡胸配土豆泥,西式简餐,1,chosen,0.5409,0.5754,train,normal
160,午餐,4,49,正常,兴奋,晴,一个人,想健康,微辣,,42,烤鸡胸配土豆泥,西式简餐,1,chosen,0.5409,0.5435,train,normal
161,早餐,2,41,正常,一般,晴,一个人,严格控制,微辣,,46,燕麦牛奶粥,早餐粥点,1,chosen,0.6483,0.6133,train,normal
161,早餐,2,41,正常,一般,晴,一个人,严格控制,微辣,,46,燕麦牛奶粥,早餐粥点,1,chosen,0.6483,0.6706,train,normal
161,早餐,2,41,正常,一般,晴,一个人,严格控制,微辣,,46,燕麦牛奶粥,早餐粥点,1,chosen,0.6483,0.6088,train,normal
162,夜宵,3,77,想吃好点,一般,冷,同事,不关心,重辣,乳制品,26,烤鸡翅,烧烤小吃,1,chosen,0.6669,0.648,train,normal
162,夜宵,3,77,想吃好点,一般,冷,同事,不关心,重辣,乳制品,26,烤鸡翅,烧烤小吃,1,chosen,0.6669,0.6807,train,normal
162,夜宵,3,77,想吃好点,一般,冷,同事,不关心,重辣,乳制品,26,烤鸡翅,烧烤小吃,1,chosen,0.6669,0.672,train,normal
162,夜宵,3,77,想吃好点,一般,冷,同事,不关心,重辣,乳制品,27,烤茄子,烧烤小吃,0,considered,0.6578,0.7058,train,normal
162,夜宵,3,77,想吃好点,一般,冷,同事,不关心,重辣,乳制品,30,铁板豆腐,烧烤小吃,0,considered,0.6532,0.6216,train,normal
163,夜宵,3,81,正常,一般,雪,同事,随便,不吃辣,海鲜,8,番茄鸡蛋面,面食粉面,1,chosen,0.6771,0.6469,test,snow
163,夜宵,3,81,正常,一般,雪,同事,随便,不吃辣,海鲜,8,番茄鸡蛋面,面食粉面,1,chosen,0.6771,0.6415,test,snow
163,夜宵,3,81,正常,一般,雪,同事,随便,不吃辣,海鲜,8,番茄鸡蛋面,面食粉面,1,chosen,0.6771,0.6471,test,snow
164,晚餐,4,34,正常,疲惫,阴,家人,不关心,中辣,"海鲜,乳制品",18,地三鲜+米饭,家常炒菜,1,chosen,0.6496,0.6706,train,normal
164,晚餐,4,34,正常,疲惫,阴,家人,不关心,中辣,"海鲜,乳制品",15,宫保鸡丁+米饭,家常炒菜,1,chosen,0.6654,0.7341,train,normal
164,晚餐,4,34,正常,疲惫,阴,家人,不关心,中辣,"海鲜,乳制品",37,番茄肉酱意面,西式简餐,1,chosen,0.6388,0.6791,train,normal
165,下午加餐,3,97,不差钱,兴奋,晴,一个人,想健康,微辣,,33,三文鱼沙拉,轻食健康,1,chosen,0.6304,0.6627,train,normal
165,下午加餐,3,97,不差钱,兴奋,晴,一个人,想健康,微辣,,33,三文鱼沙拉,轻食健康,1,chosen,0.6304,0.5792,train,normal
165,下午加餐,3,97,不差钱,兴奋,晴,一个人,想健康,微辣,,33,三文鱼沙拉,轻食健康,1,chosen,0.6304,0.6338,train,normal
165,下午加餐,3,97,不差钱,兴奋,晴,一个人,想健康,微辣,,32,藜麦牛油果碗,轻食健康,0,considered,0.6158,0.6319,train,normal
165,下午加餐,3,97,不差钱,兴奋,晴,一个人,想健康,微辣,,31,鸡胸肉沙拉,轻食健康,0,considered,0.5988,0.61,train,normal
166,早餐,4,60,正常,一般,晴,朋友,想健康,中辣,"海鲜,乳制品",11,云南小锅米线,面食粉面,1,chosen,0.6429,0.6499,test,normal
166,早餐,4,60,正常,一般,晴,朋友,想健康,中辣,"海鲜,乳制品",11,云南小锅米线,面食粉面,1,chosen,0.6429,0.6308,test,normal
166,早餐,4,60,正常,一般,晴,朋友,想健康,中辣,"海鲜,乳制品",11,云南小锅米线,面食粉面,1,chosen,0.6429,0.5783,test,normal
166,早餐,4,60,正常,一般,晴,朋友,想健康,中辣,"海鲜,乳制品",6,兰州牛肉面,面食粉面,0,considered,0.6268,0.5387,test,normal
166,早餐,4,60,正常,一般,晴,朋友,想健康,中辣,"海鲜,乳制品",8,番茄鸡蛋面,面食粉面,0,considered,0.6007,0.6324,test,normal
167,午餐,3,46,正常,兴奋,冷,家人,随便,不吃辣,素食,40,奶油蘑菇汤+面包,西式简餐,1,chosen,0.6377,0.6087,train,normal
167,午餐,3,46,正常,兴奋,冷,家人,随便,不吃辣,素食,40,奶油蘑菇汤+面包,西式简餐,1,chosen,0.6377,0.6423,train,normal
167,午餐,3,46,正常,兴奋,冷,家人,随便,不吃辣,素食,37,番茄肉酱意面,西式简餐,1,chosen,0.6304,0.6419,train,normal
168,夜宵,3,56,想吃好点,疲惫,晴,家人,不关心,不吃辣,,42,烤鸡胸配土豆泥,西式简餐,1,chosen,0.6237,0.6594,train,normal
168,夜宵,3,56,想吃好点,疲惫,晴,家人,不关心,不吃辣,,24,菌汤火锅,火锅麻辣烫,1,chosen,0.6434,0.6415,train,normal
168,夜宵,3,56,想吃好点,疲惫,晴,家人,不关心,不吃辣,,24,菌汤火锅,火锅麻辣烫,1,chosen,0.6434,0.6949,train,normal
169,午餐,5,82,正常,低落,雪,朋友,不关心,重辣,,23,冒菜,火锅麻辣烫,1,chosen,0.8044,0.8052,test,snow
169,午餐,5,82,正常,低落,雪,朋友,不关心,重辣,,23,冒菜,火锅麻辣烫,1,chosen,0.8044,0.7939,test,snow
169,午餐,5,82,正常,低落,雪,朋友,不关心,重辣,,23,冒菜,火锅麻辣烫,1,chosen,0.8044,0.8983,test,snow
170,夜宵,2,33,想吃好点,疲惫,阴,约会,随便,微辣,,28,烤冷面,烧烤小吃,1,chosen,0.6604,0.7064,train,normal
170,夜宵,2,33,想吃好点,疲惫,阴,约会,随便,微辣,,28,烤冷面,烧烤小吃,1,chosen,0.6604,0.6292,train,normal
170,夜宵,2,33,想吃好点,疲惫,阴,约会,随便,微辣,,28,烤冷面,烧烤小吃,1,chosen,0.6604,0.6581,train,normal
171,下午加餐,3,51,正常,一般,热,约会,不关心,不吃辣,,34,全麦鸡肉三明治,轻食健康,1,chosen,0.667,0.7358,train,normal
171,下午加餐,3,51,正常,一般,热,约会,不关心,不吃辣,,34,全麦鸡肉三明治,轻食健康,1,chosen,0.667,0.6968,train,normal
171,下午加餐,3,51,正常,一般,热,约会,不关心,不吃辣,,35,水煮时蔬+溏心蛋,轻食健康,1,chosen,0.6322,0.6545,train,normal
172,早餐,5,43,想吃好点,开心,阴,朋友,想健康,中辣,乳制品,11,云南小锅米线,面食粉面,1,chosen,0.6452,0.5861,val,normal
172,早餐,5,43,想吃好点,开心,阴,朋友,想健康,中辣,乳制品,11,云南小锅米线,面食粉面,1,chosen,0.6452,0.5838,val,normal
172,早餐,5,43,想吃好点,开心,阴,朋友,想健康,中辣,乳制品,11,云南小锅米线,面食粉面,1,chosen,0.6452,0.6805,val,normal
173,夜宵,4,62,不差钱,开心,晴,一个人,不关心,中辣,"海鲜,乳制品",26,烤鸡翅,烧烤小吃,1,chosen,0.5781,0.5776,train,normal
173,夜宵,4,62,不差钱,开心,晴,一个人,不关心,中辣,"海鲜,乳制品",26,烤鸡翅,烧烤小吃,1,chosen,0.5781,0.5819,train,normal
173,夜宵,4,62,不差钱,开心,晴,一个人,不关心,中辣,"海鲜,乳制品",26,烤鸡翅,烧烤小吃,1,chosen,0.5781,0.5862,train,normal
173,夜宵,4,62,不差钱,开心,晴,一个人,不关心,中辣,"海鲜,乳制品",25,烤羊肉串,烧烤小吃,0,considered,0.5314,0.5684,train,normal
173,夜宵,4,62,不差钱,开心,晴,一个人,不关心,中辣,"海鲜,乳制品",27,烤茄子,烧烤小吃,0,considered,0.5279,0.5011,train,normal
174,午餐,4,54,正常,开心,阴,一个人,不关心,微辣,,18,地三鲜+米饭,家常炒菜,1,chosen,0.5188,0.546,train,normal
174,午餐,4,54,正常,开心,阴,一个人,不关心,微辣,,18,地三鲜+米饭,家常炒菜,1,chosen,0.5188,0.5149,train,normal
174,午餐,4,54,正常,开心,阴,一个人,不关心,微辣,,18,地三鲜+米饭,家常炒菜,1,chosen,0.5188,0.52,train,normal
175,夜宵,3,56,想吃好点,兴奋,雨,同事,想健康,微辣,,6,兰州牛肉面,面食粉面,1,chosen,0.6594,0.6501,train,normal
175,夜宵,3,56,想吃好点,兴奋,雨,同事,想健康,微辣,,6,兰州牛肉面,面食粉面,1,chosen,0.6594,0.6986,train,normal
175,夜宵,3,56,想吃好点,兴奋,雨,同事,想健康,微辣,,6,兰州牛肉面,面食粉面,1,chosen,0.6594,0.6222,train,normal
176,午餐,1,33,想吃好点,压力大,晴,同事,不关心,不吃辣,素食,40,奶油蘑菇汤+面包,西式简餐,1,chosen,0.5331,0.5603,train,normal
176,午餐,1,33,想吃好点,压力大,晴,同事,不关心,不吃辣,素食,40,奶油蘑菇汤+面包,西式简餐,1,chosen,0.5331,0.5264,train,normal
176,午餐,1,33,想吃好点,压力大,晴,同事,不关心,不吃辣,素食,40,奶油蘑菇汤+面包,西式简餐,1,chosen,0.5331,0.5015,train,normal
177,早餐,4,61,正常,低落,雨,一个人,随便,中辣,,11,云南小锅米线,面食粉面,1,chosen,0.6019,0.6476,train,normal
177,早餐,4,61,正常,低落,雨,一个人,随便,中辣,,11,云南小锅米线,面食粉面,1,chosen,0.6019,0.6595,train,normal
177,早餐,4,61,正常,低落,雨,一个人,随便,中辣,,11,云南小锅米线,面食粉面,1,chosen,0.6019,0.5247,train,normal
178,午餐,5,28,正常,低落,冷,朋友,不关心,不吃辣,麸质,18,地三鲜+米饭,家常炒菜,1,chosen,0.6652,0.6603,test,normal
178,午餐,5,28,正常,低落,冷,朋友,不关心,不吃辣,麸质,9,炸酱面,面食粉面,1,chosen,0.5872,0.6017,test,normal
178,午餐,5,28,正常,低落,冷,朋友,不关心,不吃辣,麸质,18,地三鲜+米饭,家常炒菜,1,chosen,0.6652,0.6352,test,normal
178,午餐,5,28,正常,低落,冷,朋友,不关心,不吃辣,麸质,15,宫保鸡丁+米饭,家常炒菜,0,considered,0.5279,0.5342,test,normal
178,午餐,5,28,正常,低落,冷,朋友,不关心,不吃辣,麸质,12,西红柿炒蛋+米饭,家常炒菜,0,considered,0.5209,0.5228,test,normal
179,晚餐,4,44,正常,一般,晴,家人,严格控制,微辣,乳制品,42,烤鸡胸配土豆泥,西式简餐,1,chosen,0.6263,0.652,test,normal
179,晚餐,4,44,正常,一般,晴,家人,严格控制,微辣,乳制品,42,烤鸡胸配土豆泥,西式简餐,1,chosen,0.6263,0.6168,test,normal
179,晚餐,4,44,正常,一般,晴,家人,严格控制,微辣,乳制品,42,烤鸡胸配土豆泥,西式简餐,1,chosen,0.6263,0.6658,test,normal
180,下午加餐,3,88,正常,一般,阴,一个人,随便,不吃辣,,36,希腊酸奶坚果碗,轻食健康,1,chosen,0.5667,0.5583,train,normal
180,下午加餐,3,88,正常,一般,阴,一个人,随便,不吃辣,,36,希腊酸奶坚果碗,轻食健康,1,chosen,0.5667,0.5473,train,normal
180,下午加餐,3,88,正常,一般,阴,一个人,随便,不吃辣,,36,希腊酸奶坚果碗,轻食健康,1,chosen,0.5667,0.6176,train,normal
180,下午加餐,3,88,正常,一般,阴,一个人,随便,不吃辣,,34,全麦鸡肉三明治,轻食健康,0,considered,0.5667,0.5665,train,normal
180,下午加餐,3,88,正常,一般,阴,一个人,随便,不吃辣,,32,藜麦牛油果碗,轻食健康,0,considered,0.5574,0.5747,train,normal
181,晚餐,4,27,想吃好点,开心,雨,同事,想健康,中辣,,15,宫保鸡丁+米饭,家常炒菜,1,chosen,0.6479,0.6928,train,normal
181,晚餐,4,27,想吃好点,开心,雨,同事,想健康,中辣,,15,宫保鸡丁+米饭,家常炒菜,1,chosen,0.6479,0.5646,train,normal
181,晚餐,4,27,想吃好点,开心,雨,同事,想健康,中辣,,15,宫保鸡丁+米饭,家常炒菜,1,chosen,0.6479,0.6644,train,normal
182,午餐,3,71,省着点,开心,晴,一个人,随便,不吃辣,素食,9,炸酱面,面食粉面,1,chosen,0.4793,0.5344,train,normal
182,午餐,3,71,省着点,开心,晴,一个人,随便,不吃辣,素食,9,炸酱面,面食粉面,1,chosen,0.4793,0.4891,train,normal
182,午餐,3,71,省着点,开心,晴,一个人,随便,不吃辣,素食,9,炸酱面,面食粉面,1,chosen,0.4793,0.5359,train,normal
183,午餐,4,40,正常,低落,阴,一个人,严格控制,微辣,,37,番茄肉酱意面,西式简餐,1,chosen,0.5388,0.5268,train,normal
183,午餐,4,40,正常,低落,阴,一个人,严格控制,微辣,,2,青椒肉丝盖饭,中式快餐盖饭,1,chosen,0.5642,0.5808,train,normal
183,午餐,4,40,正常,低落,阴,一个人,严格控制,微辣,,2,青椒肉丝盖饭,中式快餐盖饭,1,chosen,0.5642,0.5916,train,normal
183,午餐,4,40,正常,低落,阴,一个人,严格控制,微辣,,1,黄焖鸡米饭,中式快餐盖饭,0,considered,0.4421,0.4159,train,normal
183,午餐,4,40,正常,低落,阴,一个人,严格控制,微辣,,4,咖喱鸡排饭,中式快餐盖饭,0,considered,0.4421,0.3734,train,normal
184,早餐,5,21,省着点,一般,雨,一个人,随便,微辣,麸质,43,皮蛋瘦肉粥+油条,早餐粥点,1,chosen,0.5844,0.5558,train,normal
184,早餐,5,21,省着点,一般,雨,一个人,随便,微辣,麸质,43,皮蛋瘦肉粥+油条,早餐粥点,1,chosen,0.5844,0.5893,train,normal
184,早餐,5,21,省着点,一般,雨,一个人,随便,微辣,麸质,43,皮蛋瘦肉粥+油条,早餐粥点,1,chosen,0.5844,0.5941,train,normal
185,晚餐,2,81,正常,一般,晴,一个人,随便,不吃辣,,40,奶油蘑菇汤+面包,西式简餐,1,chosen,0.4691,0.502,train,normal
185,晚餐,2,81,正常,一般,晴,一个人,随便,不吃辣,,40,奶油蘑菇汤+面包,西式简餐,1,chosen,0.4691,0.4036,train,normal
185,晚餐,2,81,正常,一般,晴,一个人,随便,不吃辣,,40,奶油蘑菇汤+面包,西式简餐,1,chosen,0.4691,0.531,train,normal
186,夜宵,5,68,正常,疲惫,晴,朋友,不关心,不吃辣,,37,番茄肉酱意面,西式简餐,1,chosen,0.624,0.6528,train,normal
186,夜宵,5,68,正常,疲惫,晴,朋友,不关心,不吃辣,,37,番茄肉酱意面,西式简餐,1,chosen,0.624,0.6201,train,normal
186,夜宵,5,68,正常,疲惫,晴,朋友,不关心,不吃辣,,37,番茄肉酱意面,西式简餐,1,chosen,0.624,0.6637,train,normal
186,夜宵,5,68,正常,疲惫,晴,朋友,不关心,不吃辣,,40,奶油蘑菇汤+面包,西式简餐,0,considered,0.6169,0.608,train,normal
186,夜宵,5,68,正常,疲惫,晴,朋友,不关心,不吃辣,,42,烤鸡胸配土豆泥,西式简餐,0,considered,0.6144,0.5754,train,normal
187,午餐,3,59,省着点,开心,热,朋友,不关心,微辣,素食,9,炸酱面,面食粉面,1,chosen,0.6066,0.5809,train,normal
187,午餐,3,59,省着点,开心,热,朋友,不关心,微辣,素食,9,炸酱面,面食粉面,1,chosen,0.6066,0.6087,train,normal
187,午餐,3,59,省着点,开心,热,朋友,不关心,微辣,素食,9,炸酱面,面食粉面,1,chosen,0.6066,0.5819,train,normal
188,晚餐,4,91,不差钱,开心,冷,一个人,严格控制,中辣,素食,24,菌汤火锅,火锅麻辣烫,1,chosen,0.6262,0.5553,test,normal
188,晚餐,4,91,不差钱,开心,冷,一个人,严格控制,中辣,素食,24,菌汤火锅,火锅麻辣烫,1,chosen,0.6262,0.6424,test,normal
188,晚餐,4,91,不差钱,开心,冷,一个人,严格控制,中辣,素食,24,菌汤火锅,火锅麻辣烫,1,chosen,0.6262,0.6299,test,normal
189,晚餐,4,63,正常,低落,雨,同事,想健康,微辣,,2,青椒肉丝盖饭,中式快餐盖饭,1,chosen,0.6485,0.6282,train,normal
189,晚餐,4,63,正常,低落,雨,同事,想健康,微辣,,2,青椒肉丝盖饭,中式快餐盖饭,1,chosen,0.6485,0.6444,train,normal
189,晚餐,4,63,正常,低落,雨,同事,想健康,微辣,,2,青椒肉丝盖饭,中式快餐盖饭,1,chosen,0.6485,0.6599,train,normal
189,晚餐,4,63,正常,低落,雨,同事,想健康,微辣,,1,黄焖鸡米饭,中式快餐盖饭,0,considered,0.6139,0.6024,train,normal
189,晚餐,4,63,正常,低落,雨,同事,想健康,微辣,,4,咖喱鸡排饭,中式快餐盖饭,0,considered,0.6139,0.5823,train,normal
190,午餐,4,59,省着点,低落,雨,家人,不关心,中辣,麸质,11,云南小锅米线,面食粉面,1,chosen,0.6596,0.6722,train,normal
190,午餐,4,59,省着点,低落,雨,家人,不关心,中辣,麸质,11,云南小锅米线,面食粉面,1,chosen,0.6596,0.6533,train,normal
190,午餐,4,59,省着点,低落,雨,家人,不关心,中辣,麸质,11,云南小锅米线,面食粉面,1,chosen,0.6596,0.6728,train,normal
191,夜宵,3,32,正常,疲惫,雪,家人,不关心,不吃辣,,8,番茄鸡蛋面,面食粉面,1,chosen,0.732,0.7471,test,snow
191,夜宵,3,32,正常,疲惫,雪,家人,不关心,不吃辣,,8,番茄鸡蛋面,面食粉面,1,chosen,0.732,0.7123,test,snow
191,夜宵,3,32,正常,疲惫,雪,家人,不关心,不吃辣,,8,番茄鸡蛋面,面食粉面,1,chosen,0.732,0.7159,test,snow
192,午餐,4,51,正常,低落,晴,家人,想健康,中辣,乳制品,15,宫保鸡丁+米饭,家常炒菜,1,chosen,0.6971,0.6521,train,normal
192,午餐,4,51,正常,低落,晴,家人,想健康,中辣,乳制品,15,宫保鸡丁+米饭,家常炒菜,1,chosen,0.6971,0.6986,train,normal
192,午餐,4,51,正常,低落,晴,家人,想健康,中辣,乳制品,15,宫保鸡丁+米饭,家常炒菜,1,chosen,0.6971,0.7207,train,normal
193,下午加餐,4,67,不差钱,疲惫,阴,一个人,随便,重辣,,32,藜麦牛油果碗,轻食健康,1,chosen,0.5588,0.5378,train,normal
193,下午加餐,4,67,不差钱,疲惫,阴,一个人,随便,重辣,,32,藜麦牛油果碗,轻食健康,1,chosen,0.5588,0.5415,train,normal
193,下午加餐,4,67,不差钱,疲惫,阴,一个人,随便,重辣,,32,藜麦牛油果碗,轻食健康,1,chosen,0.5588,0.5774,train,normal
193,下午加餐,4,67,不差钱,疲惫,阴,一个人,随便,重辣,,34,全麦鸡肉三明治,轻食健康,0,considered,0.5451,0.5305,train,normal
193,下午加餐,4,67,不差钱,疲惫,阴,一个人,随便,重辣,,36,希腊酸奶坚果碗,轻食健康,0,considered,0.5444,0.5229,train,normal
194,夜宵,3,54,正常,疲惫,雪,家人,随便,中辣,,26,烤鸡翅,烧烤小吃,1,chosen,0.8159,0.8337,test,snow
194,夜宵,3,54,正常,疲惫,雪,家人,随便,中辣,,26,烤鸡翅,烧烤小吃,1,chosen,0.8159,0.8319,test,snow
194,夜宵,3,54,正常,疲惫,雪,家人,随便,中辣,,26,烤鸡翅,烧烤小吃,1,chosen,0.8159,0.8277,test,snow
195,早餐,4,43,想吃好点,低落,雨,朋友,想健康,中辣,,11,云南小锅米线,面食粉面,1,chosen,0.7219,0.6648,train,normal
195,早餐,4,43,想吃好点,低落,雨,朋友,想健康,中辣,,11,云南小锅米线,面食粉面,1,chosen,0.7219,0.7778,train,normal
195,早餐,4,43,想吃好点,低落,雨,朋友,想健康,中辣,,11,云南小锅米线,面食粉面,1,chosen,0.7219,0.7277,train,normal
196,午餐,2,44,想吃好点,压力大,雨,一个人,随便,重辣,"海鲜,乳制品",19,麻辣烫,火锅麻辣烫,1,chosen,0.6034,0.6046,train,normal
196,午餐,2,44,想吃好点,压力大,雨,一个人,随便,重辣,"海鲜,乳制品",19,麻辣烫,火锅麻辣烫,1,chosen,0.6034,0.6023,train,normal
196,午餐,2,44,想吃好点,压力大,雨,一个人,随便,重辣,"海鲜,乳制品",19,麻辣烫,火锅麻辣烫,1,chosen,0.6034,0.5829,train,normal
197,晚餐,4,71,省着点,开心,晴,家人,随便,重辣,,7,重庆小面,面食粉面,1,chosen,0.5903,0.585,train,normal
197,晚餐,4,71,省着点,开心,晴,家人,随便,重辣,,13,麻婆豆腐+米饭,家常炒菜,1,chosen,0.6048,0.62,train,normal
197,晚餐,4,71,省着点,开心,晴,家人,随便,重辣,,13,麻婆豆腐+米饭,家常炒菜,1,chosen,0.6048,0.5959,train,normal
198,午餐,3,15,想吃好点,一般,热,一个人,随便,微辣,乳制品,9,炸酱面,面食粉面,1,chosen,0.5047,0.5097,train,normal
198,午餐,3,15,想吃好点,一般,热,一个人,随便,微辣,乳制品,9,炸酱面,面食粉面,1,chosen,0.5047,0.4445,train,normal
198,午餐,3,15,想吃好点,一般,热,一个人,随便,微辣,乳制品,45,杂粮煎饼果子,早餐粥点,1,chosen,0.4633,0.4369,train,normal
198,午餐,3,15,想吃好点,一般,热,一个人,随便,微辣,乳制品,6,兰州牛肉面,面食粉面,0,considered,0.4883,0.4464,train,normal
198,午餐,3,15,想吃好点,一般,热,一个人,随便,微辣,乳制品,8,番茄鸡蛋面,面食粉面,0,considered,0.4197,0.3751,train,normal
199,午餐,3,73,想吃好点,开心,冷,同事,不关心,微辣,,40,奶油蘑菇汤+面包,西式简餐,1,chosen,0.5988,0.5674,train,normal
199,午餐,3,73,想吃好点,开心,冷,同事,不关心,微辣,,40,奶油蘑菇汤+面包,西式简餐,1,chosen,0.5988,0.5817,train,normal
199,午餐,3,73,想吃好点,开心,冷,同事,不关心,微辣,,40,奶油蘑菇汤+面包,西式简餐,1,chosen,0.5988,0.6029,train,normal
199,午餐,3,73,想吃好点,开心,冷,同事,不关心,微辣,,42,烤鸡胸配土豆泥,西式简餐,0,considered,0.5894,0.6296,train,normal
199,午餐,3,73,想吃好点,开心,冷,同事,不关心,微辣,,37,番茄肉酱意面,西式简餐,0,considered,0.5793,0.6235,train,normal
200,晚餐,2,85,正常,一般,阴,朋友,随便,重辣,海鲜,26,烤鸡翅,烧烤小吃,1,chosen,0.5927,0.5781,train,normal
200,晚餐,2,85,正常,一般,阴,朋友,随便,重辣,海鲜,23,冒菜,火锅麻辣烫,1,chosen,0.5835,0.6038,train,normal
200,晚餐,2,85,正常,一般,阴,朋友,随便,重辣,海鲜,19,麻辣烫,火锅麻辣烫,1,chosen,0.6174,0.594,train,normal
200,晚餐,2,85,正常,一般,阴,朋友,随便,重辣,海鲜,23,冒菜,火锅麻辣烫,0,considered,0.5835,0.6014,train,normal
200,晚餐,2,85,正常,一般,阴,朋友,随便,重辣,海鲜,24,菌汤火锅,火锅麻辣烫,0,considered,0.4953,0.482,train,normal
201,晚餐,3,22,正常,开心,晴,朋友,不关心,微辣,,40,奶油蘑菇汤+面包,西式简餐,1,chosen,0.5911,0.5904,train,normal
201,晚餐,3,22,正常,开心,晴,朋友,不关心,微辣,,40,奶油蘑菇汤+面包,西式简餐,1,chosen,0.5911,0.6214,train,normal
201,晚餐,3,22,正常,开心,晴,朋友,不关心,微辣,,9,炸酱面,面食粉面,1,chosen,0.5585,0.55,train,normal
202,夜宵,5,38,想吃好点,一般,晴,约会,不关心,不吃辣,麸质,42,烤鸡胸配土豆泥,西式简餐,1,chosen,0.5993,0.5557,val,normal
202,夜宵,5,38,想吃好点,一般,晴,约会,不关心,不吃辣,麸质,42,烤鸡胸配土豆泥,西式简餐,1,chosen,0.5993,0.5854,val,normal
202,夜宵,5,38,想吃好点,一般,晴,约会,不关心,不吃辣,麸质,42,烤鸡胸配土豆泥,西式简餐,1,chosen,0.5993,0.6073,val,normal
202,夜宵,5,38,想吃好点,一般,晴,约会,不关心,不吃辣,麸质,38,香煎牛排,西式简餐,0,considered,0.5237,0.5454,val,normal
202,夜宵,5,38,想吃好点,一般,晴,约会,不关心,不吃辣,麸质,37,番茄肉酱意面,西式简餐,0,considered,0.0,0.0116,val,normal
203,午餐,4,88,不差钱,疲惫,冷,一个人,随便,不吃辣,,24,菌汤火锅,火锅麻辣烫,1,chosen,0.5963,0.5402,val,normal
203,午餐,4,88,不差钱,疲惫,冷,一个人,随便,不吃辣,,24,菌汤火锅,火锅麻辣烫,1,chosen,0.5963,0.6145,val,normal
203,午餐,4,88,不差钱,疲惫,冷,一个人,随便,不吃辣,,24,菌汤火锅,火锅麻辣烫,1,chosen,0.5963,0.6311,val,normal
203,午餐,4,88,不差钱,疲惫,冷,一个人,随便,不吃辣,,20,清汤火锅,火锅麻辣烫,0,considered,0.5963,0.5766,val,normal
203,午餐,4,88,不差钱,疲惫,冷,一个人,随便,不吃辣,,23,冒菜,火锅麻辣烫,0,considered,0.3265,0.3914,val,normal
204,午餐,2,23,正常,开心,晴,家人,不关心,中辣,,26,烤鸡翅,烧烤小吃,1,chosen,0.5933,0.5609,train,normal
204,午餐,2,23,正常,开心,晴,家人,不关心,中辣,,25,烤羊肉串,烧烤小吃,1,chosen,0.5596,0.5119,train,normal
204,午餐,2,23,正常,开心,晴,家人,不关心,中辣,,26,烤鸡翅,烧烤小吃,1,chosen,0.5933,0.6269,train,normal
205,夜宵,4,44,正常,疲惫,热,一个人,想健康,微辣,海鲜,6,兰州牛肉面,面食粉面,1,chosen,0.6254,0.6067,train,normal
205,夜宵,4,44,正常,疲惫,热,一个人,想健康,微辣,海鲜,42,烤鸡胸配土豆泥,西式简餐,1,chosen,0.5675,0.5956,train,normal
205,夜宵,4,44,正常,疲惫,热,一个人,想健康,微辣,海鲜,6,兰州牛肉面,面食粉面,1,chosen,0.6254,0.6793,train,normal
205,夜宵,4,44,正常,疲惫,热,一个人,想健康,微辣,海鲜,9,炸酱面,面食粉面,0,considered,0.6022,0.6514,train,normal
205,夜宵,4,44,正常,疲惫,热,一个人,想健康,微辣,海鲜,8,番茄鸡蛋面,面食粉面,0,considered,0.5775,0.5119,train,normal
206,晚餐,3,20,想吃好点,一般,晴,一个人,随便,不吃辣,,40,奶油蘑菇汤+面包,西式简餐,1,chosen,0.4963,0.5152,train,normal
206,晚餐,3,20,想吃好点,一般,晴,一个人,随便,不吃辣,,40,奶油蘑菇汤+面包,西式简餐,1,chosen,0.4963,0.4848,train,normal
206,晚餐,3,20,想吃好点,一般,晴,一个人,随便,不吃辣,,40,奶油蘑菇汤+面包,西式简餐,1,chosen,0.4963,0.4681,train,normal
207,晚餐,4,29,想吃好点,压力大,冷,同事,严格控制,不吃辣,麸质,14,清蒸鲈鱼+米饭,家常炒菜,1,chosen,0.6032,0.6011,test,normal
207,晚餐,4,29,想吃好点,压力大,冷,同事,严格控制,不吃辣,麸质,12,西红柿炒蛋+米饭,家常炒菜,1,chosen,0.6446,0.5938,test,normal
207,晚餐,4,29,想吃好点,压力大,冷,同事,严格控制,不吃辣,麸质,12,西红柿炒蛋+米饭,家常炒菜,1,chosen,0.6446,0.6962,test,normal
207,晚餐,4,29,想吃好点,压力大,冷,同事,严格控制,不吃辣,麸质,38,香煎牛排,西式简餐,0,considered,0.5274,0.5513,test,normal
207,晚餐,4,29,想吃好点,压力大,冷,同事,严格控制,不吃辣,麸质,37,番茄肉酱意面,西式简餐,0,considered,0.0,0.0,test,normal
208,晚餐,1,86,正常,低落,雨,朋友,不关心,重辣,,13,麻婆豆腐+米饭,家常炒菜,1,chosen,0.6823,0.6904,train,normal
208,晚餐,1,86,正常,低落,雨,朋友,不关心,重辣,,19,麻辣烫,火锅麻辣烫,1,chosen,0.6895,0.6958,train,normal
208,晚餐,1,86,正常,低落,雨,朋友,不关心,重辣,,19,麻辣烫,火锅麻辣烫,1,chosen,0.6895,0.687,train,normal
209,夜宵,4,82,省着点,一般,晴,朋友,严格控制,中辣,乳制品,11,云南小锅米线,面食粉面,1,chosen,0.6683,0.6158,train,normal
209,夜宵,4,82,省着点,一般,晴,朋友,严格控制,中辣,乳制品,11,云南小锅米线,面食粉面,1,chosen,0.6683,0.6105,train,normal
209,夜宵,4,82,省着点,一般,晴,朋友,严格控制,中辣,乳制品,11,云南小锅米线,面食粉面,1,chosen,0.6683,0.7307,train,normal
210,晚餐,4,63,想吃好点,疲惫,热,一个人,随便,微辣,素食,9,炸酱面,面食粉面,1,chosen,0.5701,0.5932,train,normal
210,晚餐,4,63,想吃好点,疲惫,热,一个人,随便,微辣,素食,9,炸酱面,面食粉面,1,chosen,0.5701,0.5595,train,normal
210,晚餐,4,63,想吃好点,疲惫,热,一个人,随便,微辣,素食,9,炸酱面,面食粉面,1,chosen,0.5701,0.5564,train,normal
211,晚餐,2,17,想吃好点,疲惫,晴,朋友,不关心,重辣,,19,麻辣烫,火锅麻辣烫,1,chosen,0.6359,0.6501,val,normal
211,晚餐,2,17,想吃好点,疲惫,晴,朋友,不关心,重辣,,19,麻辣烫,火锅麻辣烫,1,chosen,0.6359,0.6201,val,normal
211,晚餐,2,17,想吃好点,疲惫,晴,朋友,不关心,重辣,,19,麻辣烫,火锅麻辣烫,1,chosen,0.6359,0.5974,val,normal
212,晚餐,2,71,想吃好点,疲惫,晴,同事,随便,不吃辣,,40,奶油蘑菇汤+面包,西式简餐,1,chosen,0.5602,0.5727,train,normal
212,晚餐,2,71,想吃好点,疲惫,晴,同事,随便,不吃辣,,40,奶油蘑菇汤+面包,西式简餐,1,chosen,0.5602,0.4853,train,normal
212,晚餐,2,71,想吃好点,疲惫,晴,同事,随便,不吃辣,,40,奶油蘑菇汤+面包,西式简餐,1,chosen,0.5602,0.5684,train,normal
212,晚餐,2,71,想吃好点,疲惫,晴,同事,随便,不吃辣,,42,烤鸡胸配土豆泥,西式简餐,0,considered,0.5508,0.5992,train,normal
212,晚餐,2,71,想吃好点,疲惫,晴,同事,随便,不吃辣,,37,番茄肉酱意面,西式简餐,0,considered,0.5444,0.5418,train,normal
213,夜宵,4,44,想吃好点,一般,冷,家人,不关心,微辣,乳制品,6,兰州牛肉面,面食粉面,1,chosen,0.6456,0.5642,train,normal
213,夜宵,4,44,想吃好点,一般,冷,家人,不关心,微辣,乳制品,37,番茄肉酱意面,西式简餐,1,chosen,0.6237,0.608,train,normal
213,夜宵,4,44,想吃好点,一般,冷,家人,不关心,微辣,乳制品,6,兰州牛肉面,面食粉面,1,chosen,0.6456,0.6887,train,normal
214,晚餐,5,109,不差钱,一般,阴,家人,想健康,微辣,素食,24,菌汤火锅,火锅麻辣烫,1,chosen,0.6467,0.6251,val,normal
214,晚餐,5,109,不差钱,一般,阴,家人,想健康,微辣,素食,24,菌汤火锅,火锅麻辣烫,1,chosen,0.6467,0.6321,val,normal
214,晚餐,5,109,不差钱,一般,阴,家人,想健康,微辣,素食,24,菌汤火锅,火锅麻辣烫,1,chosen,0.6467,0.6674,val,normal
214,晚餐,5,109,不差钱,一般,阴,家人,想健康,微辣,素食,20,清汤火锅,火锅麻辣烫,0,considered,0.6369,0.7163,val,normal
214,晚餐,5,109,不差钱,一般,阴,家人,想健康,微辣,素食,23,冒菜,火锅麻辣烫,0,considered,0.4354,0.4235,val,normal
215,晚餐,4,41,正常,一般,晴,一个人,严格控制,微辣,素食,6,兰州牛肉面,面食粉面,1,chosen,0.5346,0.5179,train,normal
215,晚餐,4,41,正常,一般,晴,一个人,严格控制,微辣,素食,6,兰州牛肉面,面食粉面,1,chosen,0.5346,0.5762,train,normal
215,晚餐,4,41,正常,一般,晴,一个人,严格控制,微辣,素食,6,兰州牛肉面,面食粉面,1,chosen,0.5346,0.5397,train,normal
216,晚餐,5,63,想吃好点,压力大,晴,一个人,随便,中辣,,15,宫保鸡丁+米饭,家常炒菜,1,chosen,0.5714,0.6244,train,normal
216,晚餐,5,63,想吃好点,压力大,晴,一个人,随便,中辣,,15,宫保鸡丁+米饭,家常炒菜,1,chosen,0.5714,0.5706,train,normal
216,晚餐,5,63,想吃好点,压力大,晴,一个人,随便,中辣,,15,宫保鸡丁+米饭,家常炒菜,1,chosen,0.5714,0.5773,train,normal
217,下午加餐,3,53,正常,一般,雨,一个人,不关心,中辣,,35,水煮时蔬+溏心蛋,轻食健康,1,chosen,0.6005,0.6097,val,normal
217,下午加餐,3,53,正常,一般,雨,一个人,不关心,中辣,,34,全麦鸡肉三明治,轻食健康,1,chosen,0.6141,0.6286,val,normal
217,下午加餐,3,53,正常,一般,雨,一个人,不关心,中辣,,34,全麦鸡肉三明治,轻食健康,1,chosen,0.6141,0.5659,val,normal
218,晚餐,3,62,不差钱,疲惫,晴,朋友,想健康,不吃辣,素食,24,菌汤火锅,火锅麻辣烫,1,chosen,0.6911,0.732,train,normal
218,晚餐,3,62,不差钱,疲惫,晴,朋友,想健康,不吃辣,素食,24,菌汤火锅,火锅麻辣烫,1,chosen,0.6911,0.6823,train,normal
218,晚餐,3,62,不差钱,疲惫,晴,朋友,想健康,不吃辣,素食,40,奶油蘑菇汤+面包,西式简餐,1,chosen,0.6431,0.6936,train,normal
219,夜宵,4,55,想吃好点,一般,雨,一个人,不关心,重辣,麸质,26,烤鸡翅,烧烤小吃,1,chosen,0.6299,0.6142,train,normal
219,夜宵,4,55,想吃好点,一般,雨,一个人,不关心,重辣,麸质,26,烤鸡翅,烧烤小吃,1,chosen,0.6299,0.6332,train,normal
219,夜宵,4,55,想吃好点,一般,雨,一个人,不关心,重辣,麸质,26,烤鸡翅,烧烤小吃,1,chosen,0.6299,0.6984,train,normal
220,早餐,4,88,省着点,疲惫,雨,约会,想健康,微辣,,45,杂粮煎饼果子,早餐粥点,1,chosen,0.7514,0.7334,train,normal
220,早餐,4,88,省着点,疲惫,雨,约会,想健康,微辣,,8,番茄鸡蛋面,面食粉面,1,chosen,0.7229,0.7662,train,normal
220,早餐,4,88,省着点,疲惫,雨,约会,想健康,微辣,,45,杂粮煎饼果子,早餐粥点,1,chosen,0.7514,0.7348,train,normal
221,夜宵,1,27,正常,一般,晴,一个人,想健康,中辣,,26,烤鸡翅,烧烤小吃,1,chosen,0.5846,0.5921,train,normal
221,夜宵,1,27,正常,一般,晴,一个人,想健康,中辣,,30,铁板豆腐,烧烤小吃,1,chosen,0.6118,0.5889,train,normal
221,夜宵,1,27,正常,一般,晴,一个人,想健康,中辣,,30,铁板豆腐,烧烤小吃,1,chosen,0.6118,0.6047,train,normal
222,下午加餐,5,55,省着点,压力大,冷,一个人,不关心,中辣,麸质,43,皮蛋瘦肉粥+油条,早餐粥点,1,chosen,0.5321,0.5869,train,normal
222,下午加餐,5,55,省着点,压力大,冷,一个人,不关心,中辣,麸质,43,皮蛋瘦肉粥+油条,早餐粥点,1,chosen,0.5321,0.5157,train,normal
222,下午加餐,5,55,省着点,压力大,冷,一个人,不关心,中辣,麸质,43,皮蛋瘦肉粥+油条,早餐粥点,1,chosen,0.5321,0.5027,train,normal
223,晚餐,3,46,省着点,疲惫,晴,一个人,不关心,中辣,麸质,11,云南小锅米线,面食粉面,1,chosen,0.5405,0.5365,test,normal
223,晚餐,3,46,省着点,疲惫,晴,一个人,不关心,中辣,麸质,11,云南小锅米线,面食粉面,1,chosen,0.5405,0.4986,test,normal
223,晚餐,3,46,省着点,疲惫,晴,一个人,不关心,中辣,麸质,11,云南小锅米线,面食粉面,1,chosen,0.5405,0.4923,test,normal
224,早餐,4,77,正常,低落,雨,同事,随便,微辣,,45,杂粮煎饼果子,早餐粥点,1,chosen,0.6374,0.6081,val,normal
224,早餐,4,77,正常,低落,雨,同事,随便,微辣,,45,杂粮煎饼果子,早餐粥点,1,chosen,0.6374,0.6552,val,normal
224,早餐,4,77,正常,低落,雨,同事,随便,微辣,,45,杂粮煎饼果子,早餐粥点,1,chosen,0.6374,0.6597,val,normal
224,早餐,4,77,正常,低落,雨,同事,随便,微辣,,44,小笼包+豆浆,早餐粥点,0,considered,0.6367,0.6383,val,normal
224,早餐,4,77,正常,低落,雨,同事,随便,微辣,,43,皮蛋瘦肉粥+油条,早餐粥点,0,considered,0.6318,0.6491,val,normal
225,午餐,3,33,想吃好点,低落,热,朋友,不关心,不吃辣,,42,烤鸡胸配土豆泥,西式简餐,1,chosen,0.6169,0.5813,val,normal
225,午餐,3,33,想吃好点,低落,热,朋友,不关心,不吃辣,,42,烤鸡胸配土豆泥,西式简餐,1,chosen,0.6169,0.6044,val,normal
225,午餐,3,33,想吃好点,低落,热,朋友,不关心,不吃辣,,42,烤鸡胸配土豆泥,西式简餐,1,chosen,0.6169,0.6629,val,normal
226,晚餐,3,17,省着点,兴奋,晴,同事,随便,不吃辣,海鲜,9,炸酱面,面食粉面,1,chosen,0.5198,0.503,val,normal
226,晚餐,3,17,省着点,兴奋,晴,同事,随便,不吃辣,海鲜,9,炸酱面,面食粉面,1,chosen,0.5198,0.4957,val,normal
226,晚餐,3,17,省着点,兴奋,晴,同事,随便,不吃辣,海鲜,17,蒜蓉西兰花+米饭,家常炒菜,1,chosen,0.4813,0.497,val,normal
227,夜宵,3,57,不差钱,压力大,晴,同事,想健康,不吃辣,,24,菌汤火锅,火锅麻辣烫,1,chosen,0.6437,0.689,train,normal
227,夜宵,3,57,不差钱,压力大,晴,同事,想健康,不吃辣,,24,菌汤火锅,火锅麻辣烫,1,chosen,0.6437,0.5947,train,normal
227,夜宵,3,57,不差钱,压力大,晴,同事,想健康,不吃辣,,24,菌汤火锅,火锅麻辣烫,1,chosen,0.6437,0.66,train,normal
228,晚餐,2,62,不差钱,兴奋,雪,朋友,不关心,重辣,,19,麻辣烫,火锅麻辣烫,1,chosen,0.7202,0.6677,test,snow
228,晚餐,2,62,不差钱,兴奋,雪,朋友,不关心,重辣,,15,宫保鸡丁+米饭,家常炒菜,1,chosen,0.7125,0.7557,test,snow
228,晚餐,2,62,不差钱,兴奋,雪,朋友,不关心,重辣,,19,麻辣烫,火锅麻辣烫,1,chosen,0.7202,0.712,test,snow
229,午餐,3,15,想吃好点,低落,晴,朋友,随便,不吃辣,,40,奶油蘑菇汤+面包,西式简餐,1,chosen,0.5705,0.5385,train,normal
229,午餐,3,15,想吃好点,低落,晴,朋友,随便,不吃辣,,40,奶油蘑菇汤+面包,西式简餐,1,chosen,0.5705,0.5627,train,normal
229,午餐,3,15,想吃好点,低落,晴,朋友,随便,不吃辣,,40,奶油蘑菇汤+面包,西式简餐,1,chosen,0.5705,0.5966,train,normal
229,午餐,3,15,想吃好点,低落,晴,朋友,随便,不吃辣,,37,番茄肉酱意面,西式简餐,0,considered,0.541,0.5473,train,normal
229,午餐,3,15,想吃好点,低落,晴,朋友,随便,不吃辣,,42,烤鸡胸配土豆泥,西式简餐,0,considered,0.5409,0.5787,train,normal
230,早餐,4,106,正常,低落,雨,朋友,不关心,中辣,,11,云南小锅米线,面食粉面,1,chosen,0.6919,0.687,train,normal
230,早餐,4,106,正常,低落,雨,朋友,不关心,中辣,,11,云南小锅米线,面食粉面,1,chosen,0.6919,0.6695,train,normal
230,早餐,4,106,正常,低落,雨,朋友,不关心,中辣,,11,云南小锅米线,面食粉面,1,chosen,0.6919,0.6733,train,normal
231,晚餐,2,15,正常,开心,晴,家人,随便,重辣,素食,19,麻辣烫,火锅麻辣烫,1,chosen,0.5809,0.5892,train,normal
231,晚餐,2,15,正常,开心,晴,家人,随便,重辣,素食,19,麻辣烫,火锅麻辣烫,1,chosen,0.5809,0.5457,train,normal
231,晚餐,2,15,正常,开心,晴,家人,随便,重辣,素食,19,麻辣烫,火锅麻辣烫,1,chosen,0.5809,0.6689,train,normal
231,晚餐,2,15,正常,开心,晴,家人,随便,重辣,素食,23,冒菜,火锅麻辣烫,0,considered,0.5243,0.5512,train,normal
231,晚餐,2,15,正常,开心,晴,家人,随便,重辣,素食,22,关东煮,火锅麻辣烫,0,considered,0.428,0.4808,train,normal
232,早餐,4,49,想吃好点,低落,热,家人,想健康,中辣,,11,云南小锅米线,面食粉面,1,chosen,0.6717,0.7397,train,normal
232,早餐,4,49,想吃好点,低落,热,家人,想健康,中辣,,11,云南小锅米线,面食粉面,1,chosen,0.6717,0.6872,train,normal
232,早餐,4,49,想吃好点,低落,热,家人,想健康,中辣,,11,云南小锅米线,面食粉面,1,chosen,0.6717,0.7352,train,normal
233,早餐,4,15,想吃好点,一般,阴,一个人,严格控制,不吃辣,,46,燕麦牛奶粥,早餐粥点,1,chosen,0.5896,0.5726,train,normal
233,早餐,4,15,想吃好点,一般,阴,一个人,严格控制,不吃辣,,46,燕麦牛奶粥,早餐粥点,1,chosen,0.5896,0.5783,train,normal
233,早餐,4,15,想吃好点,一般,阴,一个人,严格控制,不吃辣,,46,燕麦牛奶粥,早餐粥点,1,chosen,0.5896,0.5865,train,normal
233,早餐,4,15,想吃好点,一般,阴,一个人,严格控制,不吃辣,,44,小笼包+豆浆,早餐粥点,0,considered,0.5767,0.5716,train,normal
233,早餐,4,15,想吃好点,一般,阴,一个人,严格控制,不吃辣,,43,皮蛋瘦肉粥+油条,早餐粥点,0,considered,0.5733,0.5892,train,normal
234,午餐,3,59,省着点,兴奋,冷,朋友,不关心,中辣,,11,云南小锅米线,面食粉面,1,chosen,0.6394,0.6038,train,normal
234,午餐,3,59,省着点,兴奋,冷,朋友,不关心,中辣,,11,云南小锅米线,面食粉面,1,chosen,0.6394,0.6295,train,normal
234,午餐,3,59,省着点,兴奋,冷,朋友,不关心,中辣,,11,云南小锅米线,面食粉面,1,chosen,0.6394,0.6337,train,normal
235,晚餐,5,31,正常,一般,雨,一个人,想健康,微辣,,2,青椒肉丝盖饭,中式快餐盖饭,1,chosen,0.5759,0.5733,train,normal
235,晚餐,5,31,正常,一般,雨,一个人,想健康,微辣,,2,青椒肉丝盖饭,中式快餐盖饭,1,chosen,0.5759,0.5135,train,normal
235,晚餐,5,31,正常,一般,雨,一个人,想健康,微辣,,2,青椒肉丝盖饭,中式快餐盖饭,1,chosen,0.5759,0.6271,train,normal
235,晚餐,5,31,正常,一般,雨,一个人,想健康,微辣,,0,番茄牛腩饭,中式快餐盖饭,0,considered,0.5568,0.5982,train,normal
235,晚餐,5,31,正常,一般,雨,一个人,想健康,微辣,,4,咖喱鸡排饭,中式快餐盖饭,0,considered,0.5549,0.5236,train,normal
236,午餐,4,25,省着点,低落,热,约会,随便,微辣,,9,炸酱面,面食粉面,1,chosen,0.6352,0.6269,train,normal
236,午餐,4,25,省着点,低落,热,约会,随便,微辣,,9,炸酱面,面食粉面,1,chosen,0.6352,0.652,train,normal
236,午餐,4,25,省着点,低落,热,约会,随便,微辣,,9,炸酱面,面食粉面,1,chosen,0.6352,0.6491,train,normal
236,午餐,4,25,省着点,低落,热,约会,随便,微辣,,6,兰州牛肉面,面食粉面,0,considered,0.6222,0.6132,train,normal
236,午餐,4,25,省着点,低落,热,约会,随便,微辣,,11,云南小锅米线,面食粉面,0,considered,0.5509,0.5208,train,normal
237,下午加餐,3,58,正常,低落,雨,家人,严格控制,中辣,麸质,32,藜麦牛油果碗,轻食健康,1,chosen,0.7418,0.7545,train,normal
237,下午加餐,3,58,正常,低落,雨,家人,严格控制,中辣,麸质,32,藜麦牛油果碗,轻食健康,1,chosen,0.7418,0.6822,train,normal
237,下午加餐,3,58,正常,低落,雨,家人,严格控制,中辣,麸质,32,藜麦牛油果碗,轻食健康,1,chosen,0.7418,0.7212,train,normal
237,下午加餐,3,58,正常,低落,雨,家人,严格控制,中辣,麸质,36,希腊酸奶坚果碗,轻食健康,0,considered,0.7238,0.7414,train,normal
237,下午加餐,3,58,正常,低落,雨,家人,严格控制,中辣,麸质,33,三文鱼沙拉,轻食健康,0,considered,0.7164,0.7375,train,normal
238,晚餐,3,74,正常,低落,热,一个人,想健康,不吃辣,,9,炸酱面,面食粉面,1,chosen,0.5639,0.5586,test,normal
238,晚餐,3,74,正常,低落,热,一个人,想健康,不吃辣,,9,炸酱面,面食粉面,1,chosen,0.5639,0.5508,test,normal
238,晚餐,3,74,正常,低落,热,一个人,想健康,不吃辣,,9,炸酱面,面食粉面,1,chosen,0.5639,0.6313,test,normal
239,午餐,2,41,正常,一般,冷,一个人,不关心,微辣,,40,奶油蘑菇汤+面包,西式简餐,1,chosen,0.5173,0.4763,train,normal
239,午餐,2,41,正常,一般,冷,一个人,不关心,微辣,,40,奶油蘑菇汤+面包,西式简餐,1,chosen,0.5173,0.5944,train,normal
239,午餐,2,41,正常,一般,冷,一个人,不关心,微辣,,40,奶油蘑菇汤+面包,西式简餐,1,chosen,0.5173,0.5488,train,normal
240,晚餐,5,15,想吃好点,低落,阴,同事,随便,重辣,麸质,19,麻辣烫,火锅麻辣烫,1,chosen,0.5869,0.6653,train,normal
240,晚餐,5,15,想吃好点,低落,阴,同事,随便,重辣,麸质,19,麻辣烫,火锅麻辣烫,1,chosen,0.5869,0.5853,train,normal
240,晚餐,5,15,想吃好点,低落,阴,同事,随便,重辣,麸质,19,麻辣烫,火锅麻辣烫,1,chosen,0.5869,0.5357,train,normal
241,晚餐,3,21,不差钱,兴奋,阴,同事,不关心,微辣,,40,奶油蘑菇汤+面包,西式简餐,1,chosen,0.5272,0.5303,train,normal
241,晚餐,3,21,不差钱,兴奋,阴,同事,不关心,微辣,,42,烤鸡胸配土豆泥,西式简餐,1,chosen,0.5083,0.4593,train,normal
241,晚餐,3,21,不差钱,兴奋,阴,同事,不关心,微辣,,40,奶油蘑菇汤+面包,西式简餐,1,chosen,0.5272,0.487,train,normal
241,晚餐,3,21,不差钱,兴奋,阴,同事,不关心,微辣,,42,烤鸡胸配土豆泥,西式简餐,0,considered,0.5083,0.4801,train,normal
241,晚餐,3,21,不差钱,兴奋,阴,同事,不关心,微辣,,38,香煎牛排,西式简餐,0,considered,0.5067,0.5125,train,normal
242,晚餐,2,51,不差钱,一般,晴,朋友,想健康,微辣,"海鲜,乳制品",24,菌汤火锅,火锅麻辣烫,1,chosen,0.6074,0.64,train,normal
242,晚餐,2,51,不差钱,一般,晴,朋友,想健康,微辣,"海鲜,乳制品",24,菌汤火锅,火锅麻辣烫,1,chosen,0.6074,0.5501,train,normal
242,晚餐,2,51,不差钱,一般,晴,朋友,想健康,微辣,"海鲜,乳制品",24,菌汤火锅,火锅麻辣烫,1,chosen,0.6074,0.6225,train,normal
242,晚餐,2,51,不差钱,一般,晴,朋友,想健康,微辣,"海鲜,乳制品",20,清汤火锅,火锅麻辣烫,0,considered,0.5522,0.6029,train,normal
242,晚餐,2,51,不差钱,一般,晴,朋友,想健康,微辣,"海鲜,乳制品",22,关东煮,火锅麻辣烫,0,considered,0.4436,0.4202,train,normal
243,下午加餐,3,81,正常,开心,晴,一个人,想健康,中辣,,32,藜麦牛油果碗,轻食健康,1,chosen,0.6139,0.6525,train,normal
243,下午加餐,3,81,正常,开心,晴,一个人,想健康,中辣,,32,藜麦牛油果碗,轻食健康,1,chosen,0.6139,0.5875,train,normal
243,下午加餐,3,81,正常,开心,晴,一个人,想健康,中辣,,32,藜麦牛油果碗,轻食健康,1,chosen,0.6139,0.624,train,normal
244,午餐,4,89,正常,压力大,雨,朋友,随便,不吃辣,,18,地三鲜+米饭,家常炒菜,1,chosen,0.6934,0.7082,test,normal
244,午餐,4,89,正常,压力大,雨,朋友,随便,不吃辣,,9,炸酱面,面食粉面,1,chosen,0.6599,0.6645,test,normal
244,午餐,4,89,正常,压力大,雨,朋友,随便,不吃辣,,18,地三鲜+米饭,家常炒菜,1,chosen,0.6934,0.6572,test,normal
244,午餐,4,89,正常,压力大,雨,朋友,随便,不吃辣,,12,西红柿炒蛋+米饭,家常炒菜,0,considered,0.5727,0.6027,test,normal
244,午餐,4,89,正常,压力大,雨,朋友,随便,不吃辣,,17,蒜蓉西兰花+米饭,家常炒菜,0,considered,0.57,0.575,test,normal
245,夜宵,2,33,正常,一般,热,约会,想健康,中辣,,6,兰州牛肉面,面食粉面,1,chosen,0.6502,0.6111,train,normal
245,夜宵,2,33,正常,一般,热,约会,想健康,中辣,,6,兰州牛肉面,面食粉面,1,chosen,0.6502,0.5535,train,normal
245,夜宵,2,33,正常,一般,热,约会,想健康,中辣,,26,烤鸡翅,烧烤小吃,1,chosen,0.7281,0.7063,train,normal
246,早餐,5,41,正常,兴奋,雨,一个人,想健康,微辣,乳制品,44,小笼包+豆浆,早餐粥点,1,chosen,0.6227,0.6484,train,normal
246,早餐,5,41,正常,兴奋,雨,一个人,想健康,微辣,乳制品,44,小笼包+豆浆,早餐粥点,1,chosen,0.6227,0.6395,train,normal
246,早餐,5,41,正常,兴奋,雨,一个人,想健康,微辣,乳制品,44,小笼包+豆浆,早餐粥点,1,chosen,0.6227,0.6831,train,normal
247,夜宵,2,54,想吃好点,一般,晴,约会,不关心,中辣,乳制品,26,烤鸡翅,烧烤小吃,1,chosen,0.6907,0.651,train,normal
247,夜宵,2,54,想吃好点,一般,晴,约会,不关心,中辣,乳制品,26,烤鸡翅,烧烤小吃,1,chosen,0.6907,0.6462,train,normal
247,夜宵,2,54,想吃好点,一般,晴,约会,不关心,中辣,乳制品,26,烤鸡翅,烧烤小吃,1,chosen,0.6907,0.7024,train,normal
248,晚餐,3,56,不差钱,压力大,热,朋友,想健康,不吃辣,,24,菌汤火锅,火锅麻辣烫,1,chosen,0.6932,0.7098,val,normal
248,晚餐,3,56,不差钱,压力大,热,朋友,想健康,不吃辣,,37,番茄肉酱意面,西式简餐,1,chosen,0.6552,0.6846,val,normal
248,晚餐,3,56,不差钱,压力大,热,朋友,想健康,不吃辣,,42,烤鸡胸配土豆泥,西式简餐,1,chosen,0.677,0.6511,val,normal
249,晚餐,2,15,正常,压力大,雨,约会,不关心,重辣,,19,麻辣烫,火锅麻辣烫,1,chosen,0.6851,0.7221,train,normal
249,晚餐,2,15,正常,压力大,雨,约会,不关心,重辣,,19,麻辣烫,火锅麻辣烫,1,chosen,0.6851,0.6828,train,normal
249,晚餐,2,15,正常,压力大,雨,约会,不关心,重辣,,19,麻辣烫,火锅麻辣烫,1,chosen,0.6851,0.6303,train,normal
250,晚餐,2,26,正常,开心,热,一个人,随便,不吃辣,,9,炸酱面,面食粉面,1,chosen,0.5003,0.4923,train,normal
250,晚餐,2,26,正常,开心,热,一个人,随便,不吃辣,,18,地三鲜+米饭,家常炒菜,1,chosen,0.4725,0.5186,train,normal
250,晚餐,2,26,正常,开心,热,一个人,随便,不吃辣,,9,炸酱面,面食粉面,1,chosen,0.5003,0.4442,train,normal
251,晚餐,3,40,省着点,兴奋,晴,同事,随便,不吃辣,,9,炸酱面,面食粉面,1,chosen,0.5198,0.5061,train,normal
251,晚餐,3,40,省着点,兴奋,晴,同事,随便,不吃辣,,9,炸酱面,面食粉面,1,chosen,0.5198,0.4775,train,normal
251,晚餐,3,40,省着点,兴奋,晴,同事,随便,不吃辣,,9,炸酱面,面食粉面,1,chosen,0.5198,0.5377,train,normal
252,早餐,2,93,不差钱,开心,冷,约会,随便,微辣,"海鲜,乳制品",43,皮蛋瘦肉粥+油条,早餐粥点,1,chosen,0.6595,0.7019,train,normal
252,早餐,2,93,不差钱,开心,冷,约会,随便,微辣,"海鲜,乳制品",43,皮蛋瘦肉粥+油条,早餐粥点,1,chosen,0.6595,0.7467,train,normal
252,早餐,2,93,不差钱,开心,冷,约会,随便,微辣,"海鲜,乳制品",43,皮蛋瘦肉粥+油条,早餐粥点,1,chosen,0.6595,0.6429,train,normal
252,早餐,2,93,不差钱,开心,冷,约会,随便,微辣,"海鲜,乳制品",44,小笼包+豆浆,早餐粥点,0,considered,0.6589,0.6139,train,normal
252,早餐,2,93,不差钱,开心,冷,约会,随便,微辣,"海鲜,乳制品",45,杂粮煎饼果子,早餐粥点,0,considered,0.6092,0.6906,train,normal
253,夜宵,1,15,想吃好点,一般,晴,约会,随便,不吃辣,海鲜,8,番茄鸡蛋面,面食粉面,1,chosen,0.5526,0.5534,train,normal
253,夜宵,1,15,想吃好点,一般,晴,约会,随便,不吃辣,海鲜,17,蒜蓉西兰花+米饭,家常炒菜,1,chosen,0.4829,0.4248,train,normal
253,夜宵,1,15,想吃好点,一般,晴,约会,随便,不吃辣,海鲜,8,番茄鸡蛋面,面食粉面,1,chosen,0.5526,0.5467,train,normal
254,晚餐,1,16,正常,开心,晴,朋友,随便,中辣,乳制品,26,烤鸡翅,烧烤小吃,1,chosen,0.5584,0.5778,train,normal
254,晚餐,1,16,正常,开心,晴,朋友,随便,中辣,乳制品,26,烤鸡翅,烧烤小吃,1,chosen,0.5584,0.4966,train,normal
254,晚餐,1,16,正常,开心,晴,朋友,随便,中辣,乳制品,26,烤鸡翅,烧烤小吃,1,chosen,0.5584,0.5264,train,normal
254,晚餐,1,16,正常,开心,晴,朋友,随便,中辣,乳制品,25,烤羊肉串,烧烤小吃,0,considered,0.5156,0.5193,train,normal
254,晚餐,1,16,正常,开心,晴,朋友,随便,中辣,乳制品,30,铁板豆腐,烧烤小吃,0,considered,0.5116,0.5034,train,normal
255,晚餐,4,73,不差钱,开心,热,一个人,随便,微辣,,24,菌汤火锅,火锅麻辣烫,1,chosen,0.5232,0.5047,train,normal
255,晚餐,4,73,不差钱,开心,热,一个人,随便,微辣,,18,地三鲜+米饭,家常炒菜,1,chosen,0.5074,0.4745,train,normal
255,晚餐,4,73,不差钱,开心,热,一个人,随便,微辣,,38,香煎牛排,西式简餐,1,chosen,0.5157,0.4981,train,normal
256,午餐,3,58,不差钱,兴奋,热,同事,随便,微辣,,42,烤鸡胸配土豆泥,西式简餐,1,chosen,0.544,0.5812,train,normal
256,午餐,3,58,不差钱,兴奋,热,同事,随便,微辣,,38,香煎牛排,西式简餐,1,chosen,0.5502,0.5295,train,normal
256,午餐,3,58,不差钱,兴奋,热,同事,随便,微辣,,38,香煎牛排,西式简餐,1,chosen,0.5502,0.5715,train,normal
257,早餐,5,60,正常,低落,晴,家人,严格控制,微辣,麸质,6,兰州牛肉面,面食粉面,1,chosen,0.6571,0.6288,train,normal
257,早餐,5,60,正常,低落,晴,家人,严格控制,微辣,麸质,6,兰州牛肉面,面食粉面,1,chosen,0.6571,0.6229,train,normal
257,早餐,5,60,正常,低落,晴,家人,严格控制,微辣,麸质,6,兰州牛肉面,面食粉面,1,chosen,0.6571,0.6391,train,normal
258,午餐,5,15,想吃好点,一般,热,一个人,随便,微辣,乳制品,9,炸酱面,面食粉面,1,chosen,0.5182,0.487,test,normal
258,午餐,5,15,想吃好点,一般,热,一个人,随便,微辣,乳制品,9,炸酱面,面食粉面,1,chosen,0.5182,0.4451,test,normal
258,午餐,5,15,想吃好点,一般,热,一个人,随便,微辣,乳制品,9,炸酱面,面食粉面,1,chosen,0.5182,0.5272,test,normal
259,晚餐,4,70,不差钱,低落,晴,一个人,严格控制,不吃辣,,24,菌汤火锅,火锅麻辣烫,1,chosen,0.5852,0.5713,train,normal
259,晚餐,4,70,不差钱,低落,晴,一个人,严格控制,不吃辣,,24,菌汤火锅,火锅麻辣烫,1,chosen,0.5852,0.6128,train,normal
259,晚餐,4,70,不差钱,低落,晴,一个人,严格控制,不吃辣,,42,烤鸡胸配土豆泥,西式简餐,1,chosen,0.5514,0.6094,train,normal
260,早餐,4,70,正常,低落,雨,约会,严格控制,微辣,,6,兰州牛肉面,面食粉面,1,chosen,0.7282,0.723,train,normal
260,早餐,4,70,正常,低落,雨,约会,严格控制,微辣,,6,兰州牛肉面,面食粉面,1,chosen,0.7282,0.7386,train,normal
260,早餐,4,70,正常,低落,雨,约会,严格控制,微辣,,6,兰州牛肉面,面食粉面,1,chosen,0.7282,0.6541,train,normal
261,夜宵,4,31,正常,一般,晴,朋友,严格控制,中辣,素食,11,云南小锅米线,面食粉面,1,chosen,0.6732,0.7453,train,normal
261,夜宵,4,31,正常,一般,晴,朋友,严格控制,中辣,素食,11,云南小锅米线,面食粉面,1,chosen,0.6732,0.6615,train,normal
261,夜宵,4,31,正常,一般,晴,朋友,严格控制,中辣,素食,11,云南小锅米线,面食粉面,1,chosen,0.6732,0.7251,train,normal
262,早餐,2,15,正常,疲惫,晴,一个人,想健康,重辣,海鲜,46,燕麦牛奶粥,早餐粥点,1,chosen,0.6498,0.6905,test,normal
262,早餐,2,15,正常,疲惫,晴,一个人,想健康,重辣,海鲜,46,燕麦牛奶粥,早餐粥点,1,chosen,0.6498,0.6974,test,normal
262,早餐,2,15,正常,疲惫,晴,一个人,想健康,重辣,海鲜,46,燕麦牛奶粥,早餐粥点,1,chosen,0.6498,0.6997,test,normal
263,夜宵,1,89,正常,低落,晴,一个人,不关心,重辣,,30,铁板豆腐,烧烤小吃,1,chosen,0.614,0.6612,val,normal
263,夜宵,1,89,正常,低落,晴,一个人,不关心,重辣,,30,铁板豆腐,烧烤小吃,1,chosen,0.614,0.6699,val,normal
263,夜宵,1,89,正常,低落,晴,一个人,不关心,重辣,,30,铁板豆腐,烧烤小吃,1,chosen,0.614,0.586,val,normal
263,夜宵,1,89,正常,低落,晴,一个人,不关心,重辣,,27,烤茄子,烧烤小吃,0,considered,0.6004,0.6268,val,normal
263,夜宵,1,89,正常,低落,晴,一个人,不关心,重辣,,26,烤鸡翅,烧烤小吃,0,considered,0.596,0.5786,val,normal
264,午餐,5,24,正常,开心,晴,一个人,想健康,中辣,"海鲜,乳制品",15,宫保鸡丁+米饭,家常炒菜,1,chosen,0.5698,0.5475,train,normal
264,午餐,5,24,正常,开心,晴,一个人,想健康,中辣,"海鲜,乳制品",15,宫保鸡丁+米饭,家常炒菜,1,chosen,0.5698,0.5653,train,normal
264,午餐,5,24,正常,开心,晴,一个人,想健康,中辣,"海鲜,乳制品",15,宫保鸡丁+米饭,家常炒菜,1,chosen,0.5698,0.6002,train,normal
265,午餐,3,45,省着点,疲惫,晴,一个人,想健康,中辣,,11,云南小锅米线,面食粉面,1,chosen,0.5796,0.571,val,normal
265,午餐,3,45,省着点,疲惫,晴,一个人,想健康,中辣,,15,宫保鸡丁+米饭,家常炒菜,1,chosen,0.5523,0.5448,val,normal
265,午餐,3,45,省着点,疲惫,晴,一个人,想健康,中辣,,11,云南小锅米线,面食粉面,1,chosen,0.5796,0.5923,val,normal
266,午餐,4,94,正常,一般,晴,一个人,想健康,微辣,,2,青椒肉丝盖饭,中式快餐盖饭,1,chosen,0.5285,0.5238,train,normal
266,午餐,4,94,正常,一般,晴,一个人,想健康,微辣,,2,青椒肉丝盖饭,中式快餐盖饭,1,chosen,0.5285,0.553,train,normal
266,午餐,4,94,正常,一般,晴,一个人,想健康,微辣,,2,青椒肉丝盖饭,中式快餐盖饭,1,chosen,0.5285,0.5063,train,normal
266,午餐,4,94,正常,一般,晴,一个人,想健康,微辣,,0,番茄牛腩饭,中式快餐盖饭,0,considered,0.4958,0.5161,train,normal
266,午餐,4,94,正常,一般,晴,一个人,想健康,微辣,,4,咖喱鸡排饭,中式快餐盖饭,0,considered,0.4939,0.457,train,normal
267,晚餐,2,58,正常,疲惫,晴,同事,不关心,不吃辣,素食,40,奶油蘑菇汤+面包,西式简餐,1,chosen,0.5602,0.6035,train,normal
267,晚餐,2,58,正常,疲惫,晴,同事,不关心,不吃辣,素食,40,奶油蘑菇汤+面包,西式简餐,1,chosen,0.5602,0.5871,train,normal
267,晚餐,2,58,正常,疲惫,晴,同事,不关心,不吃辣,素食,40,奶油蘑菇汤+面包,西式简餐,1,chosen,0.5602,0.5377,train,normal
268,午餐,5,63,省着点,一般,热,朋友,不关心,微辣,乳制品,9,炸酱面,面食粉面,1,chosen,0.6088,0.62,train,normal
268,午餐,5,63,省着点,一般,热,朋友,不关心,微辣,乳制品,9,炸酱面,面食粉面,1,chosen,0.6088,0.6002,train,normal
268,午餐,5,63,省着点,一般,热,朋友,不关心,微辣,乳制品,9,炸酱面,面食粉面,1,chosen,0.6088,0.5964,train,normal
269,夜宵,2,84,想吃好点,一般,晴,约会,不关心,中辣,麸质,26,烤鸡翅,烧烤小吃,1,chosen,0.6907,0.6979,train,normal
269,夜宵,2,84,想吃好点,一般,晴,约会,不关心,中辣,麸质,26,烤鸡翅,烧烤小吃,1,chosen,0.6907,0.7056,train,normal
269,夜宵,2,84,想吃好点,一般,晴,约会,不关心,中辣,麸质,26,烤鸡翅,烧烤小吃,1,chosen,0.6907,0.652,train,normal
270,午餐,4,46,正常,一般,热,朋友,随便,重辣,,23,冒菜,火锅麻辣烫,1,chosen,0.6458,0.6265,train,normal
270,午餐,4,46,正常,一般,热,朋友,随便,重辣,,23,冒菜,火锅麻辣烫,1,chosen,0.6458,0.643,train,normal
270,午餐,4,46,正常,一般,热,朋友,随便,重辣,,23,冒菜,火锅麻辣烫,1,chosen,0.6458,0.663,train,normal
271,夜宵,1,25,省着点,兴奋,阴,同事,不关心,中辣,海鲜,30,铁板豆腐,烧烤小吃,1,chosen,0.6277,0.648,train,normal
271,夜宵,1,25,省着点,兴奋,阴,同事,不关心,中辣,海鲜,30,铁板豆腐,烧烤小吃,1,chosen,0.6277,0.6029,train,normal
271,夜宵,1,25,省着点,兴奋,阴,同事,不关心,中辣,海鲜,30,铁板豆腐,烧烤小吃,1,chosen,0.6277,0.607,train,normal
272,晚餐,5,57,想吃好点,低落,雨,约会,想健康,中辣,,15,宫保鸡丁+米饭,家常炒菜,1,chosen,0.7647,0.748,val,normal
272,晚餐,5,57,想吃好点,低落,雨,约会,想健康,中辣,,15,宫保鸡丁+米饭,家常炒菜,1,chosen,0.7647,0.7531,val,normal
272,晚餐,5,57,想吃好点,低落,雨,约会,想健康,中辣,,15,宫保鸡丁+米饭,家常炒菜,1,chosen,0.7647,0.7635,val,normal
272,晚餐,5,57,想吃好点,低落,雨,约会,想健康,中辣,,18,地三鲜+米饭,家常炒菜,0,considered,0.7057,0.6887,val,normal
272,晚餐,5,57,想吃好点,低落,雨,约会,想健康,中辣,,13,麻婆豆腐+米饭,家常炒菜,0,considered,0.6878,0.6465,val,normal
273,午餐,2,53,不差钱,压力大,晴,一个人,不关心,微辣,,24,菌汤火锅,火锅麻辣烫,1,chosen,0.5346,0.5515,train,normal
273,午餐,2,53,不差钱,压力大,晴,一个人,不关心,微辣,,42,烤鸡胸配土豆泥,西式简餐,1,chosen,0.5086,0.5315,train,normal
273,午餐,2,53,不差钱,压力大,晴,一个人,不关心,微辣,,24,菌汤火锅,火锅麻辣烫,1,chosen,0.5346,0.5011,train,normal
273,午餐,2,53,不差钱,压力大,晴,一个人,不关心,微辣,,20,清汤火锅,火锅麻辣烫,0,considered,0.5069,0.4876,train,normal
273,午餐,2,53,不差钱,压力大,晴,一个人,不关心,微辣,,22,关东煮,火锅麻辣烫,0,considered,0.4098,0.4133,train,normal
274,夜宵,4,37,想吃好点,疲惫,雨,约会,随便,不吃辣,,37,番茄肉酱意面,西式简餐,1,chosen,0.6949,0.7223,train,normal
274,夜宵,4,37,想吃好点,疲惫,雨,约会,随便,不吃辣,,37,番茄肉酱意面,西式简餐,1,chosen,0.6949,0.6571,train,normal
274,夜宵,4,37,想吃好点,疲惫,雨,约会,随便,不吃辣,,37,番茄肉酱意面,西式简餐,1,chosen,0.6949,0.6543,train,normal
274,夜宵,4,37,想吃好点,疲惫,雨,约会,随便,不吃辣,,40,奶油蘑菇汤+面包,西式简餐,0,considered,0.688,0.6187,train,normal
274,夜宵,4,37,想吃好点,疲惫,雨,约会,随便,不吃辣,,42,烤鸡胸配土豆泥,西式简餐,0,considered,0.6876,0.6744,train,normal
275,下午加餐,3,58,省着点,疲惫,阴,同事,随便,中辣,麸质,36,希腊酸奶坚果碗,轻食健康,1,chosen,0.6311,0.6471,train,normal
275,下午加餐,3,58,省着点,疲惫,阴,同事,随便,中辣,麸质,36,希腊酸奶坚果碗,轻食健康,1,chosen,0.6311,0.6787,train,normal
275,下午加餐,3,58,省着点,疲惫,阴,同事,随便,中辣,麸质,36,希腊酸奶坚果碗,轻食健康,1,chosen,0.6311,0.6592,train,normal
275,下午加餐,3,58,省着点,疲惫,阴,同事,随便,中辣,麸质,35,水煮时蔬+溏心蛋,轻食健康,0,considered,0.5891,0.6124,train,normal
275,下午加餐,3,58,省着点,疲惫,阴,同事,随便,中辣,麸质,31,鸡胸肉沙拉,轻食健康,0,considered,0.5739,0.6379,train,normal
276,下午加餐,2,15,正常,压力大,雪,一个人,想健康,微辣,乳制品,34,全麦鸡肉三明治,轻食健康,1,chosen,0.7234,0.7194,test,snow
276,下午加餐,2,15,正常,压力大,雪,一个人,想健康,微辣,乳制品,34,全麦鸡肉三明治,轻食健康,1,chosen,0.7234,0.7113,test,snow
276,下午加餐,2,15,正常,压力大,雪,一个人,想健康,微辣,乳制品,32,藜麦牛油果碗,轻食健康,1,chosen,0.6959,0.7182,test,snow
277,午餐,2,70,想吃好点,一般,雨,同事,随便,微辣,,40,奶油蘑菇汤+面包,西式简餐,1,chosen,0.5595,0.4803,train,normal
277,午餐,2,70,想吃好点,一般,雨,同事,随便,微辣,,40,奶油蘑菇汤+面包,西式简餐,1,chosen,0.5595,0.582,train,normal
277,午餐,2,70,想吃好点,一般,雨,同事,随便,微辣,,40,奶油蘑菇汤+面包,西式简餐,1,chosen,0.5595,0.5415,train,normal
277,午餐,2,70,想吃好点,一般,雨,同事,随便,微辣,,42,烤鸡胸配土豆泥,西式简餐,0,considered,0.5428,0.5736,train,normal
277,午餐,2,70,想吃好点,一般,雨,同事,随便,微辣,,37,番茄肉酱意面,西式简餐,0,considered,0.5364,0.5862,train,normal
278,晚餐,4,49,省着点,疲惫,阴,一个人,不关心,中辣,,11,云南小锅米线,面食粉面,1,chosen,0.5405,0.5744,train,normal
278,晚餐,4,49,省着点,疲惫,阴,一个人,不关心,中辣,,45,杂粮煎饼果子,早餐粥点,1,chosen,0.5412,0.5761,train,normal
278,晚餐,4,49,省着点,疲惫,阴,一个人,不关心,中辣,,45,杂粮煎饼果子,早餐粥点,1,chosen,0.5412,0.5222,train,normal
279,夜宵,2,49,正常,一般,热,一个人,随便,不吃辣,,8,番茄鸡蛋面,面食粉面,1,chosen,0.5273,0.4754,train,normal
279,夜宵,2,49,正常,一般,热,一个人,随便,不吃辣,,8,番茄鸡蛋面,面食粉面,1,chosen,0.5273,0.507,train,normal
279,夜宵,2,49,正常,一般,热,一个人,随便,不吃辣,,8,番茄鸡蛋面,面食粉面,1,chosen,0.5273,0.4824,train,normal
279,夜宵,2,49,正常,一般,热,一个人,随便,不吃辣,,9,炸酱面,面食粉面,0,considered,0.4802,0.5163,train,normal
279,夜宵,2,49,正常,一般,热,一个人,随便,不吃辣,,6,兰州牛肉面,面食粉面,0,considered,0.4179,0.4454,train,normal
280,晚餐,3,15,省着点,开心,晴,同事,随便,重辣,,7,重庆小面,面食粉面,1,chosen,0.5462,0.5648,train,normal
280,晚餐,3,15,省着点,开心,晴,同事,随便,重辣,,7,重庆小面,面食粉面,1,chosen,0.5462,0.5378,train,normal
280,晚餐,3,15,省着点,开心,晴,同事,随便,重辣,,7,重庆小面,面食粉面,1,chosen,0.5462,0.5921,train,normal
280,晚餐,3,15,省着点,开心,晴,同事,随便,重辣,,11,云南小锅米线,面食粉面,0,considered,0.5401,0.5693,train,normal
280,晚餐,3,15,省着点,开心,晴,同事,随便,重辣,,6,兰州牛肉面,面食粉面,0,considered,0.5388,0.5474,train,normal
281,早餐,2,41,正常,开心,晴,家人,想健康,不吃辣,,8,番茄鸡蛋面,面食粉面,1,chosen,0.6454,0.7074,train,normal
281,早餐,2,41,正常,开心,晴,家人,想健康,不吃辣,,8,番茄鸡蛋面,面食粉面,1,chosen,0.6454,0.6686,train,normal
281,早餐,2,41,正常,开心,晴,家人,想健康,不吃辣,,8,番茄鸡蛋面,面食粉面,1,chosen,0.6454,0.6552,train,normal
282,午餐,3,90,正常,开心,晴,家人,想健康,微辣,麸质,42,烤鸡胸配土豆泥,西式简餐,1,chosen,0.6316,0.6049,train,normal
282,午餐,3,90,正常,开心,晴,家人,想健康,微辣,麸质,42,烤鸡胸配土豆泥,西式简餐,1,chosen,0.6316,0.6732,train,normal
282,午餐,3,90,正常,开心,晴,家人,想健康,微辣,麸质,42,烤鸡胸配土豆泥,西式简餐,1,chosen,0.6316,0.6362,train,normal
283,晚餐,3,15,省着点,一般,冷,一个人,想健康,微辣,,6,兰州牛肉面,面食粉面,1,chosen,0.5717,0.5362,test,normal
283,晚餐,3,15,省着点,一般,冷,一个人,想健康,微辣,,6,兰州牛肉面,面食粉面,1,chosen,0.5717,0.6086,test,normal
283,晚餐,3,15,省着点,一般,冷,一个人,想健康,微辣,,6,兰州牛肉面,面食粉面,1,chosen,0.5717,0.5625,test,normal
283,晚餐,3,15,省着点,一般,冷,一个人,想健康,微辣,,8,番茄鸡蛋面,面食粉面,0,considered,0.5149,0.5204,test,normal
283,晚餐,3,15,省着点,一般,冷,一个人,想健康,微辣,,9,炸酱面,面食粉面,0,considered,0.5053,0.5068,test,normal
284,晚餐,4,60,省着点,兴奋,晴,家人,随便,微辣,,2,青椒肉丝盖饭,中式快餐盖饭,1,chosen,0.5781,0.5486,train,normal
284,晚餐,4,60,省着点,兴奋,晴,家人,随便,微辣,,2,青椒肉丝盖饭,中式快餐盖饭,1,chosen,0.5781,0.5898,train,normal
284,晚餐,4,60,省着点,兴奋,晴,家人,随便,微辣,,2,青椒肉丝盖饭,中式快餐盖饭,1,chosen,0.5781,0.5662,train,normal
285,午餐,5,66,正常,一般,雨,朋友,不关心,微辣,,18,地三鲜+米饭,家常炒菜,1,chosen,0.6453,0.6458,train,normal
285,午餐,5,66,正常,一般,雨,朋友,不关心,微辣,,4,咖喱鸡排饭,中式快餐盖饭,1,chosen,0.6268,0.6103,train,normal
285,午餐,5,66,正常,一般,雨,朋友,不关心,微辣,,18,地三鲜+米饭,家常炒菜,1,chosen,0.6453,0.6563,train,normal
285,午餐,5,66,正常,一般,雨,朋友,不关心,微辣,,15,宫保鸡丁+米饭,家常炒菜,0,considered,0.5789,0.5689,train,normal
285,午餐,5,66,正常,一般,雨,朋友,不关心,微辣,,16,红烧肉+米饭,家常炒菜,0,considered,0.5445,0.4962,train,normal
286,午餐,3,70,正常,兴奋,雨,约会,想健康,微辣,,42,烤鸡胸配土豆泥,西式简餐,1,chosen,0.6989,0.6482,train,normal
286,午餐,3,70,正常,兴奋,雨,约会,想健康,微辣,,42,烤鸡胸配土豆泥,西式简餐,1,chosen,0.6989,0.6489,train,normal
286,午餐,3,70,正常,兴奋,雨,约会,想健康,微辣,,42,烤鸡胸配土豆泥,西式简餐,1,chosen,0.6989,0.6819,train,normal
287,夜宵,4,69,正常,开心,阴,家人,不关心,不吃辣,麸质,42,烤鸡胸配土豆泥,西式简餐,1,chosen,0.5777,0.5342,train,normal
287,夜宵,4,69,正常,开心,阴,家人,不关心,不吃辣,麸质,42,烤鸡胸配土豆泥,西式简餐,1,chosen,0.5777,0.6137,train,normal
287,夜宵,4,69,正常,开心,阴,家人,不关心,不吃辣,麸质,42,烤鸡胸配土豆泥,西式简餐,1,chosen,0.5777,0.633,train,normal
288,早餐,2,40,省着点,一般,阴,一个人,想健康,中辣,,46,燕麦牛奶粥,早餐粥点,1,chosen,0.623,0.6134,val,normal
288,早餐,2,40,省着点,一般,阴,一个人,想健康,中辣,,46,燕麦牛奶粥,早餐粥点,1,chosen,0.623,0.6535,val,normal
288,早餐,2,40,省着点,一般,阴,一个人,想健康,中辣,,46,燕麦牛奶粥,早餐粥点,1,chosen,0.623,0.5869,val,normal
288,早餐,2,40,省着点,一般,阴,一个人,想健康,中辣,,43,皮蛋瘦肉粥+油条,早餐粥点,0,considered,0.5898,0.6143,val,normal
288,早餐,2,40,省着点,一般,阴,一个人,想健康,中辣,,44,小笼包+豆浆,早餐粥点,0,considered,0.5898,0.6049,val,normal
289,夜宵,3,77,正常,开心,冷,朋友,想健康,微辣,,8,番茄鸡蛋面,面食粉面,1,chosen,0.6639,0.6792,train,normal
289,夜宵,3,77,正常,开心,冷,朋友,想健康,微辣,,6,兰州牛肉面,面食粉面,1,chosen,0.7107,0.7221,train,normal
289,夜宵,3,77,正常,开心,冷,朋友,想健康,微辣,,6,兰州牛肉面,面食粉面,1,chosen,0.7107,0.6443,train,normal
289,夜宵,3,77,正常,开心,冷,朋友,想健康,微辣,,8,番茄鸡蛋面,面食粉面,0,considered,0.6639,0.7247,train,normal
289,夜宵,3,77,正常,开心,冷,朋友,想健康,微辣,,11,云南小锅米线,面食粉面,0,considered,0.6336,0.612,train,normal
290,晚餐,2,18,不差钱,低落,阴,一个人,严格控制,中辣,,26,烤鸡翅,烧烤小吃,1,chosen,0.5496,0.579,train,normal
290,晚餐,2,18,不差钱,低落,阴,一个人,严格控制,中辣,,26,烤鸡翅,烧烤小吃,1,chosen,0.5496,0.5262,train,normal
290,晚餐,2,18,不差钱,低落,阴,一个人,严格控制,中辣,,26,烤鸡翅,烧烤小吃,1,chosen,0.5496,0.5463,train,normal
290,晚餐,2,18,不差钱,低落,阴,一个人,严格控制,中辣,,27,烤茄子,烧烤小吃,0,considered,0.503,0.5067,train,normal
290,晚餐,2,18,不差钱,低落,阴,一个人,严格控制,中辣,,30,铁板豆腐,烧烤小吃,0,considered,0.5002,0.4866,train,normal
291,晚餐,3,51,正常,一般,阴,同事,严格控制,不吃辣,,12,西红柿炒蛋+米饭,家常炒菜,1,chosen,0.5854,0.5936,val,normal
291,晚餐,3,51,正常,一般,阴,同事,严格控制,不吃辣,,12,西红柿炒蛋+米饭,家常炒菜,1,chosen,0.5854,0.6088,val,normal
291,晚餐,3,51,正常,一般,阴,同事,严格控制,不吃辣,,12,西红柿炒蛋+米饭,家常炒菜,1,chosen,0.5854,0.661,val,normal
292,午餐,3,62,想吃好点,一般,阴,朋友,不关心,中辣,,15,宫保鸡丁+米饭,家常炒菜,1,chosen,0.6281,0.6031,train,normal
292,午餐,3,62,想吃好点,一般,阴,朋友,不关心,中辣,,15,宫保鸡丁+米饭,家常炒菜,1,chosen,0.6281,0.5997,train,normal
292,午餐,3,62,想吃好点,一般,阴,朋友,不关心,中辣,,15,宫保鸡丁+米饭,家常炒菜,1,chosen,0.6281,0.6222,train,normal
292,午餐,3,62,想吃好点,一般,阴,朋友,不关心,中辣,,18,地三鲜+米饭,家常炒菜,0,considered,0.5743,0.6145,train,normal
292,午餐,3,62,想吃好点,一般,阴,朋友,不关心,中辣,,13,麻婆豆腐+米饭,家常炒菜,0,considered,0.542,0.5525,train,normal
293,午餐,1,64,正常,压力大,雨,一个人,不关心,重辣,麸质,19,麻辣烫,火锅麻辣烫,1,chosen,0.5785,0.5423,train,normal
293,午餐,1,64,正常,压力大,雨,一个人,不关心,重辣,麸质,19,麻辣烫,火锅麻辣烫,1,chosen,0.5785,0.5549,train,normal
293,午餐,1,64,正常,压力大,雨,一个人,不关心,重辣,麸质,19,麻辣烫,火锅麻辣烫,1,chosen,0.5785,0.6225,train,normal
293,午餐,1,64,正常,压力大,雨,一个人,不关心,重辣,麸质,23,冒菜,火锅麻辣烫,0,considered,0.5379,0.5269,train,normal
293,午餐,1,64,正常,压力大,雨,一个人,不关心,重辣,麸质,22,关东煮,火锅麻辣烫,0,considered,0.4824,0.4766,train,normal
294,晚餐,2,100,正常,疲惫,阴,一个人,随便,微辣,,40,奶油蘑菇汤+面包,西式简餐,1,chosen,0.5173,0.5729,test,normal
294,晚餐,2,100,正常,疲惫,阴,一个人,随便,微辣,,40,奶油蘑菇汤+面包,西式简餐,1,chosen,0.5173,0.4697,test,normal
294,晚餐,2,100,正常,疲惫,阴,一个人,随便,微辣,,40,奶油蘑菇汤+面包,西式简餐,1,chosen,0.5173,0.5083,test,normal
294,晚餐,2,100,正常,疲惫,阴,一个人,随便,微辣,,42,烤鸡胸配土豆泥,西式简餐,0,considered,0.508,0.5057,test,normal
294,晚餐,2,100,正常,疲惫,阴,一个人,随便,微辣,,37,番茄肉酱意面,西式简餐,0,considered,0.504,0.545,test,normal
295,午餐,3,40,想吃好点,疲惫,阴,约会,随便,微辣,海鲜,18,地三鲜+米饭,家常炒菜,1,chosen,0.6462,0.6546,train,normal
295,午餐,3,40,想吃好点,疲惫,阴,约会,随便,微辣,海鲜,42,烤鸡胸配土豆泥,西式简餐,1,chosen,0.6622,0.6518,train,normal
295,午餐,3,40,想吃好点,疲惫,阴,约会,随便,微辣,海鲜,42,烤鸡胸配土豆泥,西式简餐,1,chosen,0.6622,0.6403,train,normal
295,午餐,3,40,想吃好点,疲惫,阴,约会,随便,微辣,海鲜,40,奶油蘑菇汤+面包,西式简餐,0,considered,0.6554,0.6552,train,normal
295,午餐,3,40,想吃好点,疲惫,阴,约会,随便,微辣,海鲜,37,番茄肉酱意面,西式简餐,0,considered,0.6523,0.675,train,normal
296,下午加餐,1,25,正常,疲惫,雨,约会,想健康,重辣,,34,全麦鸡肉三明治,轻食健康,1,chosen,0.7296,0.8401,train,normal
296,下午加餐,1,25,正常,疲惫,雨,约会,想健康,重辣,,34,全麦鸡肉三明治,轻食健康,1,chosen,0.7296,0.7168,train,normal
296,下午加餐,1,25,正常,疲惫,雨,约会,想健康,重辣,,36,希腊酸奶坚果碗,轻食健康,1,chosen,0.7068,0.7365,train,normal
297,晚餐,4,43,想吃好点,疲惫,阴,约会,不关心,中辣,麸质,15,宫保鸡丁+米饭,家常炒菜,1,chosen,0.6891,0.6726,test,normal
297,晚餐,4,43,想吃好点,疲惫,阴,约会,不关心,中辣,麸质,15,宫保鸡丁+米饭,家常炒菜,1,chosen,0.6891,0.6455,test,normal
297,晚餐,4,43,想吃好点,疲惫,阴,约会,不关心,中辣,麸质,15,宫保鸡丁+米饭,家常炒菜,1,chosen,0.6891,0.6978,test,normal
298,夜宵,2,19,省着点,疲惫,热,一个人,随便,微辣,,28,烤冷面,烧烤小吃,1,chosen,0.6209,0.6791,test,normal
298,夜宵,2,19,省着点,疲惫,热,一个人,随便,微辣,,28,烤冷面,烧烤小吃,1,chosen,0.6209,0.5642,test,normal
298,夜宵,2,19,省着点,疲惫,热,一个人,随便,微辣,,28,烤冷面,烧烤小吃,1,chosen,0.6209,0.6598,test,normal
299,夜宵,4,38,正常,开心,晴,家人,想健康,微辣,,2,青椒肉丝盖饭,中式快餐盖饭,1,chosen,0.6218,0.694,train,normal
299,夜宵,4,38,正常,开心,晴,家人,想健康,微辣,,6,兰州牛肉面,面食粉面,1,chosen,0.6571,0.662,train,normal
299,夜宵,4,38,正常,开心,晴,家人,想健康,微辣,,6,兰州牛肉面,面食粉面,1,chosen,0.6571,0.634,train,normal
300,晚餐,3,98,正常,疲惫,阴,一个人,想健康,重辣,,13,麻婆豆腐+米饭,家常炒菜,1,chosen,0.6184,0.6003,val,normal
300,晚餐,3,98,正常,疲惫,阴,一个人,想健康,重辣,,13,麻婆豆腐+米饭,家常炒菜,1,chosen,0.6184,0.5869,val,normal
300,晚餐,3,98,正常,疲惫,阴,一个人,想健康,重辣,,11,云南小锅米线,面食粉面,1,chosen,0.5845,0.6561,val,normal
301,晚餐,2,52,想吃好点,一般,冷,朋友,随便,微辣,,42,烤鸡胸配土豆泥,西式简餐,1,chosen,0.6114,0.5987,train,normal
301,晚餐,2,52,想吃好点,一般,冷,朋友,随便,微辣,,42,烤鸡胸配土豆泥,西式简餐,1,chosen,0.6114,0.5778,train,normal
301,晚餐,2,52,想吃好点,一般,冷,朋友,随便,微辣,,42,烤鸡胸配土豆泥,西式简餐,1,chosen,0.6114,0.5757,train,normal
302,早餐,4,59,正常,一般,热,朋友,随便,微辣,,6,兰州牛肉面,面食粉面,1,chosen,0.5958,0.6401,train,normal
302,早餐,4,59,正常,一般,热,朋友,随便,微辣,,45,杂粮煎饼果子,早餐粥点,1,chosen,0.6018,0.6463,train,normal
302,早餐,4,59,正常,一般,热,朋友,随便,微辣,,45,杂粮煎饼果子,早餐粥点,1,chosen,0.6018,0.5887,train,normal
302,早餐,4,59,正常,一般,热,朋友,随便,微辣,,44,小笼包+豆浆,早餐粥点,0,considered,0.5921,0.5973,train,normal
302,早餐,4,59,正常,一般,热,朋友,随便,微辣,,43,皮蛋瘦肉粥+油条,早餐粥点,0,considered,0.5899,0.6229,train,normal
303,夜宵,1,28,正常,一般,热,一个人,想健康,中辣,,30,铁板豆腐,烧烤小吃,1,chosen,0.6198,0.63,train,normal
303,夜宵,1,28,正常,一般,热,一个人,想健康,中辣,,30,铁板豆腐,烧烤小吃,1,chosen,0.6198,0.6388,train,normal
303,夜宵,1,28,正常,一般,热,一个人,想健康,中辣,,30,铁板豆腐,烧烤小吃,1,chosen,0.6198,0.6426,train,normal
304,晚餐,2,45,省着点,压力大,阴,家人,随便,中辣,素食,11,云南小锅米线,面食粉面,1,chosen,0.5925,0.6358,train,normal
304,晚餐,2,45,省着点,压力大,阴,家人,随便,中辣,素食,11,云南小锅米线,面食粉面,1,chosen,0.5925,0.6074,train,normal
304,晚餐,2,45,省着点,压力大,阴,家人,随便,中辣,素食,11,云南小锅米线,面食粉面,1,chosen,0.5925,0.5766,train,normal
304,晚餐,2,45,省着点,压力大,阴,家人,随便,中辣,素食,6,兰州牛肉面,面食粉面,0,considered,0.5819,0.5873,train,normal
304,晚餐,2,45,省着点,压力大,阴,家人,随便,中辣,素食,9,炸酱面,面食粉面,0,considered,0.5717,0.6006,train,normal
305,早餐,1,21,想吃好点,开心,冷,家人,想健康,重辣,,11,云南小锅米线,面食粉面,1,chosen,0.6282,0.6627,train,normal
305,早餐,1,21,想吃好点,开心,冷,家人,想健康,重辣,,46,燕麦牛奶粥,早餐粥点,1,chosen,0.6657,0.6743,train,normal
305,早餐,1,21,想吃好点,开心,冷,家人,想健康,重辣,,46,燕麦牛奶粥,早餐粥点,1,chosen,0.6657,0.7347,train,normal
305,早餐,1,21,想吃好点,开心,冷,家人,想健康,重辣,,44,小笼包+豆浆,早餐粥点,0,considered,0.6518,0.6583,train,normal
305,早餐,1,21,想吃好点,开心,冷,家人,想健康,重辣,,43,皮蛋瘦肉粥+油条,早餐粥点,0,considered,0.6511,0.6699,train,normal
306,午餐,1,15,正常,一般,雨,朋友,不关心,中辣,,26,烤鸡翅,烧烤小吃,1,chosen,0.5904,0.5374,train,normal
306,午餐,1,15,正常,一般,雨,朋友,不关心,中辣,,26,烤鸡翅,烧烤小吃,1,chosen,0.5904,0.5337,train,normal
306,午餐,1,15,正常,一般,雨,朋友,不关心,中辣,,26,烤鸡翅,烧烤小吃,1,chosen,0.5904,0.5822,train,normal
307,夜宵,4,75,不差钱,压力大,晴,朋友,不关心,微辣,,24,菌汤火锅,火锅麻辣烫,1,chosen,0.6756,0.74,val,normal
307,夜宵,4,75,不差钱,压力大,晴,朋友,不关心,微辣,,24,菌汤火锅,火锅麻辣烫,1,chosen,0.6756,0.6383,val,normal
307,夜宵,4,75,不差钱,压力大,晴,朋友,不关心,微辣,,24,菌汤火锅,火锅麻辣烫,1,chosen,0.6756,0.7379,val,normal
308,晚餐,2,54,想吃好点,开心,阴,约会,随便,微辣,,42,烤鸡胸配土豆泥,西式简餐,1,chosen,0.5983,0.6234,train,normal
308,晚餐,2,54,想吃好点,开心,阴,约会,随便,微辣,,42,烤鸡胸配土豆泥,西式简餐,1,chosen,0.5983,0.6544,train,normal
308,晚餐,2,54,想吃好点,开心,阴,约会,随便,微辣,,42,烤鸡胸配土豆泥,西式简餐,1,chosen,0.5983,0.6063,train,normal
309,午餐,2,51,正常,一般,雪,家人,不关心,重辣,,15,宫保鸡丁+米饭,家常炒菜,1,chosen,0.7049,0.8097,test,snow
309,午餐,2,51,正常,一般,雪,家人,不关心,重辣,,19,麻辣烫,火锅麻辣烫,1,chosen,0.7159,0.6871,test,snow
309,午餐,2,51,正常,一般,雪,家人,不关心,重辣,,19,麻辣烫,火锅麻辣烫,1,chosen,0.7159,0.7301,test,snow
310,晚餐,4,21,省着点,低落,冷,一个人,随便,中辣,,15,宫保鸡丁+米饭,家常炒菜,1,chosen,0.5382,0.4857,train,normal
310,晚餐,4,21,省着点,低落,冷,一个人,随便,中辣,,11,云南小锅米线,面食粉面,1,chosen,0.5812,0.5893,train,normal
310,晚餐,4,21,省着点,低落,冷,一个人,随便,中辣,,11,云南小锅米线,面食粉面,1,chosen,0.5812,0.5065,train,normal
311,下午加餐,1,16,想吃好点,一般,冷,约会,不关心,中辣,,33,三文鱼沙拉,轻食健康,1,chosen,0.6164,0.6139,train,normal
311,下午加餐,1,16,想吃好点,一般,冷,约会,不关心,中辣,,33,三文鱼沙拉,轻食健康,1,chosen,0.6164,0.6214,train,normal
311,下午加餐,1,16,想吃好点,一般,冷,约会,不关心,中辣,,36,希腊酸奶坚果碗,轻食健康,1,chosen,0.5876,0.661,train,normal
311,下午加餐,1,16,想吃好点,一般,冷,约会,不关心,中辣,,34,全麦鸡肉三明治,轻食健康,0,considered,0.6088,0.6162,train,normal
311,下午加餐,1,16,想吃好点,一般,冷,约会,不关心,中辣,,35,水煮时蔬+溏心蛋,轻食健康,0,considered,0.6034,0.6064,train,normal
312,夜宵,3,15,想吃好点,开心,热,朋友,想健康,微辣,,6,兰州牛肉面,面食粉面,1,chosen,0.6614,0.609,train,normal
312,夜宵,3,15,想吃好点,开心,热,朋友,想健康,微辣,,8,番茄鸡蛋面,面食粉面,1,chosen,0.6108,0.6584,train,normal
312,夜宵,3,15,想吃好点,开心,热,朋友,想健康,微辣,,6,兰州牛肉面,面食粉面,1,chosen,0.6614,0.647,train,normal
312,夜宵,3,15,想吃好点,开心,热,朋友,想健康,微辣,,9,炸酱面,面食粉面,0,considered,0.6116,0.6447,train,normal
312,夜宵,3,15,想吃好点,开心,热,朋友,想健康,微辣,,8,番茄鸡蛋面,面食粉面,0,considered,0.6108,0.6324,train,normal
313,夜宵,4,26,正常,开心,热,一个人,想健康,中辣,海鲜,26,烤鸡翅,烧烤小吃,1,chosen,0.6313,0.6211,train,normal
313,夜宵,4,26,正常,开心,热,一个人,想健康,中辣,海鲜,26,烤鸡翅,烧烤小吃,1,chosen,0.6313,0.6646,train,normal
313,夜宵,4,26,正常,开心,热,一个人,想健康,中辣,海鲜,26,烤鸡翅,烧烤小吃,1,chosen,0.6313,0.5728,train,normal
313,夜宵,4,26,正常,开心,热,一个人,想健康,中辣,海鲜,27,烤茄子,烧烤小吃,0,considered,0.5904,0.5989,train,normal
313,夜宵,4,26,正常,开心,热,一个人,想健康,中辣,海鲜,30,铁板豆腐,烧烤小吃,0,considered,0.5768,0.589,train,normal
314,夜宵,5,41,正常,一般,冷,朋友,严格控制,不吃辣,,42,烤鸡胸配土豆泥,西式简餐,1,chosen,0.6596,0.6006,val,normal
314,夜宵,5,41,正常,一般,冷,朋友,严格控制,不吃辣,,42,烤鸡胸配土豆泥,西式简餐,1,chosen,0.6596,0.6683,val,normal
314,夜宵,5,41,正常,一般,冷,朋友,严格控制,不吃辣,,42,烤鸡胸配土豆泥,西式简餐,1,chosen,0.6596,0.6151,val,normal
315,早餐,3,55,想吃好点,兴奋,热,同事,想健康,重辣,麸质,46,燕麦牛奶粥,早餐粥点,1,chosen,0.66,0.6985,train,normal
315,早餐,3,55,想吃好点,兴奋,热,同事,想健康,重辣,麸质,46,燕麦牛奶粥,早餐粥点,1,chosen,0.66,0.6805,train,normal
315,早餐,3,55,想吃好点,兴奋,热,同事,想健康,重辣,麸质,46,燕麦牛奶粥,早餐粥点,1,chosen,0.66,0.6388,train,normal
316,晚餐,3,38,不差钱,开心,热,约会,不关心,不吃辣,,38,香煎牛排,西式简餐,1,chosen,0.6335,0.6324,train,normal
316,晚餐,3,38,不差钱,开心,热,约会,不关心,不吃辣,,38,香煎牛排,西式简餐,1,chosen,0.6335,0.6043,train,normal
316,晚餐,3,38,不差钱,开心,热,约会,不关心,不吃辣,,38,香煎牛排,西式简餐,1,chosen,0.6335,0.6626,train,normal
317,夜宵,3,61,想吃好点,开心,雪,一个人,想健康,重辣,海鲜,30,铁板豆腐,烧烤小吃,1,chosen,0.7206,0.7022,test,snow
317,夜宵,3,61,想吃好点,开心,雪,一个人,想健康,重辣,海鲜,26,烤鸡翅,烧烤小吃,1,chosen,0.738,0.7286,test,snow
317,夜宵,3,61,想吃好点,开心,雪,一个人,想健康,重辣,海鲜,26,烤鸡翅,烧烤小吃,1,chosen,0.738,0.7745,test,snow
317,夜宵,3,61,想吃好点,开心,雪,一个人,想健康,重辣,海鲜,27,烤茄子,烧烤小吃,0,considered,0.7251,0.7688,test,snow
317,夜宵,3,61,想吃好点,开心,雪,一个人,想健康,重辣,海鲜,30,铁板豆腐,烧烤小吃,0,considered,0.7206,0.7425,test,snow
318,午餐,5,35,不差钱,一般,晴,约会,不关心,微辣,,38,香煎牛排,西式简餐,1,chosen,0.6141,0.5866,train,normal
318,午餐,5,35,不差钱,一般,晴,约会,不关心,微辣,,38,香煎牛排,西式简餐,1,chosen,0.6141,0.6085,train,normal
318,午餐,5,35,不差钱,一般,晴,约会,不关心,微辣,,38,香煎牛排,西式简餐,1,chosen,0.6141,0.5888,train,normal
319,晚餐,4,68,不差钱,一般,雪,同事,随便,重辣,海鲜,15,宫保鸡丁+米饭,家常炒菜,1,chosen,0.6533,0.6295,test,snow
319,晚餐,4,68,不差钱,一般,雪,同事,随便,重辣,海鲜,15,宫保鸡丁+米饭,家常炒菜,1,chosen,0.6533,0.6896,test,snow
319,晚餐,4,68,不差钱,一般,雪,同事,随便,重辣,海鲜,15,宫保鸡丁+米饭,家常炒菜,1,chosen,0.6533,0.7224,test,snow
320,晚餐,1,15,不差钱,一般,阴,同事,不关心,中辣,"海鲜,乳制品",26,烤鸡翅,烧烤小吃,1,chosen,0.4787,0.4723,train,normal
320,晚餐,1,15,不差钱,一般,阴,同事,不关心,中辣,"海鲜,乳制品",26,烤鸡翅,烧烤小吃,1,chosen,0.4787,0.4445,train,normal
320,晚餐,1,15,不差钱,一般,阴,同事,不关心,中辣,"海鲜,乳制品",26,烤鸡翅,烧烤小吃,1,chosen,0.4787,0.4414,train,normal
321,夜宵,4,39,正常,疲惫,阴,朋友,不关心,微辣,麸质,6,兰州牛肉面,面食粉面,1,chosen,0.6601,0.6848,val,normal
321,夜宵,4,39,正常,疲惫,阴,朋友,不关心,微辣,麸质,6,兰州牛肉面,面食粉面,1,chosen,0.6601,0.7086,val,normal
321,夜宵,4,39,正常,疲惫,阴,朋友,不关心,微辣,麸质,6,兰州牛肉面,面食粉面,1,chosen,0.6601,0.6214,val,normal
322,午餐,4,56,想吃好点,一般,热,约会,想健康,不吃辣,,42,烤鸡胸配土豆泥,西式简餐,1,chosen,0.6612,0.6811,train,normal
322,午餐,4,56,想吃好点,一般,热,约会,想健康,不吃辣,,42,烤鸡胸配土豆泥,西式简餐,1,chosen,0.6612,0.6482,train,normal
322,午餐,4,56,想吃好点,一般,热,约会,想健康,不吃辣,,42,烤鸡胸配土豆泥,西式简餐,1,chosen,0.6612,0.7322,train,normal
323,午餐,3,15,想吃好点,疲惫,冷,朋友,不关心,中辣,麸质,15,宫保鸡丁+米饭,家常炒菜,1,chosen,0.6701,0.6554,val,normal
323,午餐,3,15,想吃好点,疲惫,冷,朋友,不关心,中辣,麸质,11,云南小锅米线,面食粉面,1,chosen,0.6701,0.7189,val,normal
323,午餐,3,15,想吃好点,疲惫,冷,朋友,不关心,中辣,麸质,11,云南小锅米线,面食粉面,1,chosen,0.6701,0.6787,val,normal
324,晚餐,2,15,想吃好点,疲惫,晴,朋友,随便,重辣,,19,麻辣烫,火锅麻辣烫,1,chosen,0.628,0.6103,train,normal
324,晚餐,2,15,想吃好点,疲惫,晴,朋友,随便,重辣,,19,麻辣烫,火锅麻辣烫,1,chosen,0.628,0.6017,train,normal
324,晚餐,2,15,想吃好点,疲惫,晴,朋友,随便,重辣,,19,麻辣烫,火锅麻辣烫,1,chosen,0.628,0.5954,train,normal
324,晚餐,2,15,想吃好点,疲惫,晴,朋友,随便,重辣,,23,冒菜,火锅麻辣烫,0,considered,0.5773,0.5867,train,normal
324,晚餐,2,15,想吃好点,疲惫,晴,朋友,随便,重辣,,20,清汤火锅,火锅麻辣烫,0,considered,0.4885,0.4593,train,normal
325,早餐,4,32,正常,低落,晴,同事,想健康,中辣,,11,云南小锅米线,面食粉面,1,chosen,0.6299,0.6064,val,normal
325,早餐,4,32,正常,低落,晴,同事,想健康,中辣,,11,云南小锅米线,面食粉面,1,chosen,0.6299,0.6248,val,normal
325,早餐,4,32,正常,低落,晴,同事,想健康,中辣,,11,云南小锅米线,面食粉面,1,chosen,0.6299,0.6531,val,normal
326,午餐,5,18,正常,疲惫,雨,约会,不关心,微辣,,6,兰州牛肉面,面食粉面,1,chosen,0.6851,0.7021,train,normal
326,午餐,5,18,正常,疲惫,雨,约会,不关心,微辣,,2,青椒肉丝盖饭,中式快餐盖饭,1,chosen,0.6926,0.7187,train,normal
326,午餐,5,18,正常,疲惫,雨,约会,不关心,微辣,,2,青椒肉丝盖饭,中式快餐盖饭,1,chosen,0.6926,0.6841,train,normal
327,下午加餐,3,15,正常,压力大,冷,一个人,不关心,重辣,麸质,36,希腊酸奶坚果碗,轻食健康,1,chosen,0.6044,0.636,train,normal
327,下午加餐,3,15,正常,压力大,冷,一个人,不关心,重辣,麸质,36,希腊酸奶坚果碗,轻食健康,1,chosen,0.6044,0.6364,train,normal
327,下午加餐,3,15,正常,压力大,冷,一个人,不关心,重辣,麸质,36,希腊酸奶坚果碗,轻食健康,1,chosen,0.6044,0.6219,train,normal
327,下午加餐,3,15,正常,压力大,冷,一个人,不关心,重辣,麸质,32,藜麦牛油果碗,轻食健康,0,considered,0.5952,0.5951,train,normal
327,下午加餐,3,15,正常,压力大,冷,一个人,不关心,重辣,麸质,35,水煮时蔬+溏心蛋,轻食健康,0,considered,0.5819,0.6251,train,normal
328,晚餐,3,15,想吃好点,一般,阴,朋友,随便,不吃辣,,40,奶油蘑菇汤+面包,西式简餐,1,chosen,0.552,0.5367,train,normal
328,晚餐,3,15,想吃好点,一般,阴,朋友,随便,不吃辣,,42,烤鸡胸配土豆泥,西式简餐,1,chosen,0.5224,0.5015,train,normal
328,晚餐,3,15,想吃好点,一般,阴,朋友,随便,不吃辣,,40,奶油蘑菇汤+面包,西式简餐,1,chosen,0.552,0.5796,train,normal
329,午餐,4,75,省着点,一般,雨,同事,想健康,微辣,,2,青椒肉丝盖饭,中式快餐盖饭,1,chosen,0.6139,0.6286,train,normal
329,午餐,4,75,省着点,一般,雨,同事,想健康,微辣,,2,青椒肉丝盖饭,中式快餐盖饭,1,chosen,0.6139,0.6082,train,normal
329,午餐,4,75,省着点,一般,雨,同事,想健康,微辣,,2,青椒肉丝盖饭,中式快餐盖饭,1,chosen,0.6139,0.6676,train,normal
330,晚餐,3,68,想吃好点,压力大,晴,朋友,想健康,重辣,乳制品,13,麻婆豆腐+米饭,家常炒菜,1,chosen,0.7224,0.6889,test,normal
330,晚餐,3,68,想吃好点,压力大,晴,朋友,想健康,重辣,乳制品,13,麻婆豆腐+米饭,家常炒菜,1,chosen,0.7224,0.7612,test,normal
330,晚餐,3,68,想吃好点,压力大,晴,朋友,想健康,重辣,乳制品,13,麻婆豆腐+米饭,家常炒菜,1,chosen,0.7224,0.8089,test,normal
330,晚餐,3,68,想吃好点,压力大,晴,朋友,想健康,重辣,乳制品,15,宫保鸡丁+米饭,家常炒菜,0,considered,0.7154,0.7526,test,normal
330,晚餐,3,68,想吃好点,压力大,晴,朋友,想健康,重辣,乳制品,18,地三鲜+米饭,家常炒菜,0,considered,0.6406,0.6815,test,normal
331,晚餐,5,43,省着点,兴奋,雨,一个人,随便,不吃辣,,3,台式卤肉饭,中式快餐盖饭,1,chosen,0.5378,0.5165,val,normal
331,晚餐,5,43,省着点,兴奋,雨,一个人,随便,不吃辣,,0,番茄牛腩饭,中式快餐盖饭,1,chosen,0.513,0.512,val,normal
331,晚餐,5,43,省着点,兴奋,雨,一个人,随便,不吃辣,,3,台式卤肉饭,中式快餐盖饭,1,chosen,0.5378,0.5263,val,normal
332,午餐,4,27,省着点,疲惫,热,家人,想健康,微辣,,9,炸酱面,面食粉面,1,chosen,0.69,0.6858,train,normal
332,午餐,4,27,省着点,疲惫,热,家人,想健康,微辣,,9,炸酱面,面食粉面,1,chosen,0.69,0.6492,train,normal
332,午餐,4,27,省着点,疲惫,热,家人,想健康,微辣,,9,炸酱面,面食粉面,1,chosen,0.69,0.7261,train,normal
332,午餐,4,27,省着点,疲惫,热,家人,想健康,微辣,,6,兰州牛肉面,面食粉面,0,considered,0.6561,0.6695,train,normal
332,午餐,4,27,省着点,疲惫,热,家人,想健康,微辣,,11,云南小锅米线,面食粉面,0,considered,0.5737,0.5819,train,normal
333,午餐,5,97,正常,开心,热,一个人,想健康,不吃辣,,42,烤鸡胸配土豆泥,西式简餐,1,chosen,0.5456,0.5157,val,normal
333,午餐,5,97,正常,开心,热,一个人,想健康,不吃辣,,9,炸酱面,面食粉面,1,chosen,0.5704,0.6025,val,normal
333,午餐,5,97,正常,开心,热,一个人,想健康,不吃辣,,9,炸酱面,面食粉面,1,chosen,0.5704,0.5823,val,normal
334,午餐,4,54,想吃好点,疲惫,阴,一个人,想健康,微辣,,42,烤鸡胸配土豆泥,西式简餐,1,chosen,0.5836,0.6386,train,normal
334,午餐,4,54,想吃好点,疲惫,阴,一个人,想健康,微辣,,42,烤鸡胸配土豆泥,西式简餐,1,chosen,0.5836,0.636,train,normal
334,午餐,4,54,想吃好点,疲惫,阴,一个人,想健康,微辣,,42,烤鸡胸配土豆泥,西式简餐,1,chosen,0.5836,0.6027,train,normal
335,午餐,4,60,不差钱,一般,热,同事,不关心,不吃辣,,9,炸酱面,面食粉面,1,chosen,0.546,0.5224,train,normal
335,午餐,4,60,不差钱,一般,热,同事,不关心,不吃辣,,9,炸酱面,面食粉面,1,chosen,0.546,0.5406,train,normal
335,午餐,4,60,不差钱,一般,热,同事,不关心,不吃辣,,9,炸酱面,面食粉面,1,chosen,0.546,0.5023,train,normal
335,午餐,4,60,不差钱,一般,热,同事,不关心,不吃辣,,6,兰州牛肉面,面食粉面,0,considered,0.4221,0.3766,train,normal
335,午餐,4,60,不差钱,一般,热,同事,不关心,不吃辣,,8,番茄鸡蛋面,面食粉面,0,considered,0.4121,0.4049,train,normal
336,晚餐,3,38,不差钱,一般,冷,朋友,随便,不吃辣,麸质,38,香煎牛排,西式简餐,1,chosen,0.6385,0.6099,train,normal
336,晚餐,3,38,不差钱,一般,冷,朋友,随便,不吃辣,麸质,38,香煎牛排,西式简餐,1,chosen,0.6385,0.5981,train,normal
336,晚餐,3,38,不差钱,一般,冷,朋友,随便,不吃辣,麸质,18,地三鲜+米饭,家常炒菜,1,chosen,0.603,0.5399,train,normal
337,午餐,2,19,想吃好点,一般,阴,约会,随便,中辣,,26,烤鸡翅,烧烤小吃,1,chosen,0.5988,0.6064,train,normal
337,午餐,2,19,想吃好点,一般,阴,约会,随便,中辣,,26,烤鸡翅,烧烤小吃,1,chosen,0.5988,0.5943,train,normal
337,午餐,2,19,想吃好点,一般,阴,约会,随便,中辣,,26,烤鸡翅,烧烤小吃,1,chosen,0.5988,0.5219,train,normal
337,午餐,2,19,想吃好点,一般,阴,约会,随便,中辣,,25,烤羊肉串,烧烤小吃,0,considered,0.5653,0.5322,train,normal
337,午餐,2,19,想吃好点,一般,阴,约会,随便,中辣,,27,烤茄子,烧烤小吃,0,considered,0.5118,0.4718,train,normal
338,午餐,4,47,正常,疲惫,热,朋友,想健康,不吃辣,,9,炸酱面,面食粉面,1,chosen,0.69,0.7007,train,normal
338,午餐,4,47,正常,疲惫,热,朋友,想健康,不吃辣,,9,炸酱面,面食粉面,1,chosen,0.69,0.7032,train,normal
338,午餐,4,47,正常,疲惫,热,朋友,想健康,不吃辣,,37,番茄肉酱意面,西式简餐,1,chosen,0.6762,0.655,train,normal
339,晚餐,2,45,正常,压力大,雨,同事,随便,重辣,素食,19,麻辣烫,火锅麻辣烫,1,chosen,0.6353,0.5877,train,normal
339,晚餐,2,45,正常,压力大,雨,同事,随便,重辣,素食,19,麻辣烫,火锅麻辣烫,1,chosen,0.6353,0.6216,train,normal
339,晚餐,2,45,正常,压力大,雨,同事,随便,重辣,素食,11,云南小锅米线,面食粉面,1,chosen,0.602,0.6554,train,normal
339,晚餐,2,45,正常,压力大,雨,同事,随便,重辣,素食,23,冒菜,火锅麻辣烫,0,considered,0.5888,0.5898,train,normal
339,晚餐,2,45,正常,压力大,雨,同事,随便,重辣,素食,22,关东煮,火锅麻辣烫,0,considered,0.5253,0.5321,train,normal
340,晚餐,3,79,省着点,一般,阴,朋友,不关心,微辣,,6,兰州牛肉面,面食粉面,1,chosen,0.5663,0.5385,val,normal
340,晚餐,3,79,省着点,一般,阴,朋友,不关心,微辣,,6,兰州牛肉面,面食粉面,1,chosen,0.5663,0.613,val,normal
340,晚餐,3,79,省着点,一般,阴,朋友,不关心,微辣,,45,杂粮煎饼果子,早餐粥点,1,chosen,0.5522,0.4815,val,normal
341,晚餐,3,15,省着点,压力大,冷,一个人,随便,不吃辣,,3,台式卤肉饭,中式快餐盖饭,1,chosen,0.5407,0.5415,val,normal
341,晚餐,3,15,省着点,压力大,冷,一个人,随便,不吃辣,,44,小笼包+豆浆,早餐粥点,1,chosen,0.5276,0.4804,val,normal
341,晚餐,3,15,省着点,压力大,冷,一个人,随便,不吃辣,,3,台式卤肉饭,中式快餐盖饭,1,chosen,0.5407,0.4703,val,normal
342,午餐,3,53,想吃好点,开心,雨,同事,不关心,不吃辣,,40,奶油蘑菇汤+面包,西式简餐,1,chosen,0.5981,0.6372,val,normal
342,午餐,3,53,想吃好点,开心,雨,同事,不关心,不吃辣,,40,奶油蘑菇汤+面包,西式简餐,1,chosen,0.5981,0.5521,val,normal
342,午餐,3,53,想吃好点,开心,雨,同事,不关心,不吃辣,,40,奶油蘑菇汤+面包,西式简餐,1,chosen,0.5981,0.6459,val,normal
343,午餐,1,41,正常,一般,阴,一个人,随便,重辣,,19,麻辣烫,火锅麻辣烫,1,chosen,0.4867,0.4726,train,normal
343,午餐,1,41,正常,一般,阴,一个人,随便,重辣,,19,麻辣烫,火锅麻辣烫,1,chosen,0.4867,0.4312,train,normal
343,午餐,1,41,正常,一般,阴,一个人,随便,重辣,,19,麻辣烫,火锅麻辣烫,1,chosen,0.4867,0.4041,train,normal
344,夜宵,3,61,正常,开心,冷,家人,想健康,不吃辣,,40,奶油蘑菇汤+面包,西式简餐,1,chosen,0.6577,0.643,train,normal
344,夜宵,3,61,正常,开心,冷,家人,想健康,不吃辣,,8,番茄鸡蛋面,面食粉面,1,chosen,0.6639,0.6163,train,normal
344,夜宵,3,61,正常,开心,冷,家人,想健康,不吃辣,,42,烤鸡胸配土豆泥,西式简餐,1,chosen,0.665,0.6784,train,normal
344,夜宵,3,61,正常,开心,冷,家人,想健康,不吃辣,,40,奶油蘑菇汤+面包,西式简餐,0,considered,0.6577,0.6388,train,normal
344,夜宵,3,61,正常,开心,冷,家人,想健康,不吃辣,,37,番茄肉酱意面,西式简餐,0,considered,0.6475,0.6703,train,normal
345,晚餐,3,44,想吃好点,压力大,热,朋友,想健康,中辣,,15,宫保鸡丁+米饭,家常炒菜,1,chosen,0.7234,0.6634,val,normal
345,晚餐,3,44,想吃好点,压力大,热,朋友,想健康,中辣,,15,宫保鸡丁+米饭,家常炒菜,1,chosen,0.7234,0.66,val,normal
345,晚餐,3,44,想吃好点,压力大,热,朋友,想健康,中辣,,15,宫保鸡丁+米饭,家常炒菜,1,chosen,0.7234,0.7335,val,normal
345,晚餐,3,44,想吃好点,压力大,热,朋友,想健康,中辣,,18,地三鲜+米饭,家常炒菜,0,considered,0.6486,0.6591,val,normal
345,晚餐,3,44,想吃好点,压力大,热,朋友,想健康,中辣,,13,麻婆豆腐+米饭,家常炒菜,0,considered,0.6373,0.6289,val,normal
346,午餐,3,47,正常,开心,晴,家人,想健康,中辣,,15,宫保鸡丁+米饭,家常炒菜,1,chosen,0.6678,0.7038,train,normal
346,午餐,3,47,正常,开心,晴,家人,想健康,中辣,,15,宫保鸡丁+米饭,家常炒菜,1,chosen,0.6678,0.6359,train,normal
346,午餐,3,47,正常,开心,晴,家人,想健康,中辣,,15,宫保鸡丁+米饭,家常炒菜,1,chosen,0.6678,0.6887,train,normal
347,晚餐,2,28,省着点,开心,晴,一个人,想健康,微辣,,6,兰州牛肉面,面食粉面,1,chosen,0.5078,0.4998,train,normal
347,晚餐,2,28,省着点,开心,晴,一个人,想健康,微辣,,6,兰州牛肉面,面食粉面,1,chosen,0.5078,0.5256,train,normal
347,晚餐,2,28,省着点,开心,晴,一个人,想健康,微辣,,6,兰州牛肉面,面食粉面,1,chosen,0.5078,0.5207,train,normal
348,晚餐,4,45,不差钱,开心,热,一个人,想健康,不吃辣,,24,菌汤火锅,火锅麻辣烫,1,chosen,0.5523,0.5903,test,normal
348,晚餐,4,45,不差钱,开心,热,一个人,想健康,不吃辣,,24,菌汤火锅,火锅麻辣烫,1,chosen,0.5523,0.6235,test,normal
348,晚餐,4,45,不差钱,开心,热,一个人,想健康,不吃辣,,24,菌汤火锅,火锅麻辣烫,1,chosen,0.5523,0.5596,test,normal
349,晚餐,3,45,正常,疲惫,雨,朋友,想健康,重辣,素食,13,麻婆豆腐+米饭,家常炒菜,1,chosen,0.7721,0.7673,train,normal
349,晚餐,3,45,正常,疲惫,雨,朋友,想健康,重辣,素食,13,麻婆豆腐+米饭,家常炒菜,1,chosen,0.7721,0.8248,train,normal
349,晚餐,3,45,正常,疲惫,雨,朋友,想健康,重辣,素食,13,麻婆豆腐+米饭,家常炒菜,1,chosen,0.7721,0.7421,train,normal
349,晚餐,3,45,正常,疲惫,雨,朋友,想健康,重辣,素食,18,地三鲜+米饭,家常炒菜,0,considered,0.6844,0.7157,train,normal
349,晚餐,3,45,正常,疲惫,雨,朋友,想健康,重辣,素食,12,西红柿炒蛋+米饭,家常炒菜,0,considered,0.6586,0.7371,train,normal
350,晚餐,2,72,不差钱,一般,阴,家人,想健康,微辣,,24,菌汤火锅,火锅麻辣烫,1,chosen,0.6331,0.662,train,normal
350,晚餐,2,72,不差钱,一般,阴,家人,想健康,微辣,,42,烤鸡胸配土豆泥,西式简餐,1,chosen,0.5937,0.5542,train,normal
350,晚餐,2,72,不差钱,一般,阴,家人,想健康,微辣,,42,烤鸡胸配土豆泥,西式简餐,1,chosen,0.5937,0.6325,train,normal
350,晚餐,2,72,不差钱,一般,阴,家人,想健康,微辣,,20,清汤火锅,火锅麻辣烫,0,considered,0.6233,0.6518,train,normal
350,晚餐,2,72,不差钱,一般,阴,家人,想健康,微辣,,22,关东煮,火锅麻辣烫,0,considered,0.4382,0.4058,train,normal
351,午餐,4,60,想吃好点,压力大,阴,家人,想健康,不吃辣,海鲜,42,烤鸡胸配土豆泥,西式简餐,1,chosen,0.6776,0.6788,train,normal
351,午餐,4,60,想吃好点,压力大,阴,家人,想健康,不吃辣,海鲜,42,烤鸡胸配土豆泥,西式简餐,1,chosen,0.6776,0.7105,train,normal
351,午餐,4,60,想吃好点,压力大,阴,家人,想健康,不吃辣,海鲜,42,烤鸡胸配土豆泥,西式简餐,1,chosen,0.6776,0.6748,train,normal
351,午餐,4,60,想吃好点,压力大,阴,家人,想健康,不吃辣,海鲜,37,番茄肉酱意面,西式简餐,0,considered,0.6716,0.6614,train,normal
351,午餐,4,60,想吃好点,压力大,阴,家人,想健康,不吃辣,海鲜,40,奶油蘑菇汤+面包,西式简餐,0,considered,0.6611,0.686,train,normal
352,夜宵,3,41,想吃好点,兴奋,晴,同事,想健康,微辣,海鲜,6,兰州牛肉面,面食粉面,1,chosen,0.612,0.612,test,normal
352,夜宵,3,41,想吃好点,兴奋,晴,同事,想健康,微辣,海鲜,22,关东煮,火锅麻辣烫,1,chosen,0.5729,0.5506,test,normal
352,夜宵,3,41,想吃好点,兴奋,晴,同事,想健康,微辣,海鲜,6,兰州牛肉面,面食粉面,1,chosen,0.612,0.5969,test,normal
353,早餐,4,31,正常,兴奋,晴,一个人,不关心,不吃辣,,44,小笼包+豆浆,早餐粥点,1,chosen,0.5459,0.577,train,normal
353,早餐,4,31,正常,兴奋,晴,一个人,不关心,不吃辣,,44,小笼包+豆浆,早餐粥点,1,chosen,0.5459,0.5589,train,normal
353,早餐,4,31,正常,兴奋,晴,一个人,不关心,不吃辣,,46,燕麦牛奶粥,早餐粥点,1,chosen,0.5177,0.4905,train,normal
353,早餐,4,31,正常,兴奋,晴,一个人,不关心,不吃辣,,43,皮蛋瘦肉粥+油条,早餐粥点,0,considered,0.5381,0.5465,train,normal
353,早餐,4,31,正常,兴奋,晴,一个人,不关心,不吃辣,,46,燕麦牛奶粥,早餐粥点,0,considered,0.5177,0.4759,train,normal
354,夜宵,4,26,正常,压力大,冷,一个人,不关心,微辣,,28,烤冷面,烧烤小吃,1,chosen,0.6268,0.5625,train,normal
354,夜宵,4,26,正常,压力大,冷,一个人,不关心,微辣,,28,烤冷面,烧烤小吃,1,chosen,0.6268,0.6146,train,normal
354,夜宵,4,26,正常,压力大,冷,一个人,不关心,微辣,,28,烤冷面,烧烤小吃,1,chosen,0.6268,0.6415,train,normal
355,下午加餐,2,88,正常,压力大,雨,家人,不关心,不吃辣,,34,全麦鸡肉三明治,轻食健康,1,chosen,0.6962,0.6908,train,normal
355,下午加餐,2,88,正常,压力大,雨,家人,不关心,不吃辣,,34,全麦鸡肉三明治,轻食健康,1,chosen,0.6962,0.6775,train,normal
355,下午加餐,2,88,正常,压力大,雨,家人,不关心,不吃辣,,34,全麦鸡肉三明治,轻食健康,1,chosen,0.6962,0.6985,train,normal
356,晚餐,4,33,正常,疲惫,晴,一个人,随便,不吃辣,,18,地三鲜+米饭,家常炒菜,1,chosen,0.5556,0.5771,train,normal
356,晚餐,4,33,正常,疲惫,晴,一个人,随便,不吃辣,,18,地三鲜+米饭,家常炒菜,1,chosen,0.5556,0.5786,train,normal
356,晚餐,4,33,正常,疲惫,晴,一个人,随便,不吃辣,,18,地三鲜+米饭,家常炒菜,1,chosen,0.5556,0.5039,train,normal
356,晚餐,4,33,正常,疲惫,晴,一个人,随便,不吃辣,,17,蒜蓉西兰花+米饭,家常炒菜,0,considered,0.4646,0.4726,train,normal
356,晚餐,4,33,正常,疲惫,晴,一个人,随便,不吃辣,,12,西红柿炒蛋+米饭,家常炒菜,0,considered,0.4646,0.3662,train,normal
357,午餐,3,36,想吃好点,压力大,晴,家人,不关心,不吃辣,,42,烤鸡胸配土豆泥,西式简餐,1,chosen,0.6385,0.6696,val,normal
357,午餐,3,36,想吃好点,压力大,晴,家人,不关心,不吃辣,,42,烤鸡胸配土豆泥,西式简餐,1,chosen,0.6385,0.6241,val,normal
357,午餐,3,36,想吃好点,压力大,晴,家人,不关心,不吃辣,,42,烤鸡胸配土豆泥,西式简餐,1,chosen,0.6385,0.6189,val,normal
357,午餐,3,36,想吃好点,压力大,晴,家人,不关心,不吃辣,,40,奶油蘑菇汤+面包,西式简餐,0,considered,0.6317,0.654,val,normal
357,午餐,3,36,想吃好点,压力大,晴,家人,不关心,不吃辣,,37,番茄肉酱意面,西式简餐,0,considered,0.6286,0.6274,val,normal
358,夜宵,3,24,想吃好点,疲惫,晴,一个人,严格控制,中辣,素食,6,兰州牛肉面,面食粉面,1,chosen,0.6143,0.6289,train,normal
358,夜宵,3,24,想吃好点,疲惫,晴,一个人,严格控制,中辣,素食,27,烤茄子,烧烤小吃,1,chosen,0.6645,0.6637,train,normal
358,夜宵,3,24,想吃好点,疲惫,晴,一个人,严格控制,中辣,素食,27,烤茄子,烧烤小吃,1,chosen,0.6645,0.6785,train,normal
359,夜宵,2,73,想吃好点,低落,热,家人,想健康,中辣,,26,烤鸡翅,烧烤小吃,1,chosen,0.7451,0.7744,test,normal
359,夜宵,2,73,想吃好点,低落,热,家人,想健康,中辣,,26,烤鸡翅,烧烤小吃,1,chosen,0.7451,0.7625,test,normal
359,夜宵,2,73,想吃好点,低落,热,家人,想健康,中辣,,26,烤鸡翅,烧烤小吃,1,chosen,0.7451,0.6953,test,normal
359,夜宵,2,73,想吃好点,低落,热,家人,想健康,中辣,,27,烤茄子,烧烤小吃,0,considered,0.696,0.6712,test,normal
359,夜宵,2,73,想吃好点,低落,热,家人,想健康,中辣,,30,铁板豆腐,烧烤小吃,0,considered,0.6874,0.697,test,normal
360,晚餐,3,68,想吃好点,一般,阴,家人,随便,微辣,海鲜,42,烤鸡胸配土豆泥,西式简餐,1,chosen,0.5904,0.5416,val,normal
360,晚餐,3,68,想吃好点,一般,阴,家人,随便,微辣,海鲜,42,烤鸡胸配土豆泥,西式简餐,1,chosen,0.5904,0.6353,val,normal
360,晚餐,3,68,想吃好点,一般,阴,家人,随便,微辣,海鲜,42,烤鸡胸配土豆泥,西式简餐,1,chosen,0.5904,0.5681,val,normal
361,午餐,4,64,正常,一般,晴,一个人,随便,中辣,素食,18,地三鲜+米饭,家常炒菜,1,chosen,0.5074,0.5278,train,normal
361,午餐,4,64,正常,一般,晴,一个人,随便,中辣,素食,18,地三鲜+米饭,家常炒菜,1,chosen,0.5074,0.5504,train,normal
361,午餐,4,64,正常,一般,晴,一个人,随便,中辣,素食,18,地三鲜+米饭,家常炒菜,1,chosen,0.5074,0.5164,train,normal
362,下午加餐,3,78,正常,压力大,雪,同事,不关心,微辣,,34,全麦鸡肉三明治,轻食健康,1,chosen,0.7272,0.8038,test,snow
362,下午加餐,3,78,正常,压力大,雪,同事,不关心,微辣,,34,全麦鸡肉三明治,轻食健康,1,chosen,0.7272,0.7359,test,snow
362,下午加餐,3,78,正常,压力大,雪,同事,不关心,微辣,,34,全麦鸡肉三明治,轻食健康,1,chosen,0.7272,0.6978,test,snow
363,午餐,3,53,不差钱,低落,晴,朋友,想健康,不吃辣,麸质,24,菌汤火锅,火锅麻辣烫,1,chosen,0.6474,0.6136,train,normal
363,午餐,3,53,不差钱,低落,晴,朋友,想健康,不吃辣,麸质,24,菌汤火锅,火锅麻辣烫,1,chosen,0.6474,0.6478,train,normal
363,午餐,3,53,不差钱,低落,晴,朋友,想健康,不吃辣,麸质,24,菌汤火锅,火锅麻辣烫,1,chosen,0.6474,0.6655,train,normal
363,午餐,3,53,不差钱,低落,晴,朋友,想健康,不吃辣,麸质,20,清汤火锅,火锅麻辣烫,0,considered,0.5922,0.55,train,normal
363,午餐,3,53,不差钱,低落,晴,朋友,想健康,不吃辣,麸质,23,冒菜,火锅麻辣烫,0,considered,0.3833,0.4824,train,normal
364,午餐,4,35,正常,兴奋,阴,家人,严格控制,不吃辣,乳制品,42,烤鸡胸配土豆泥,西式简餐,1,chosen,0.6411,0.6009,train,normal
364,午餐,4,35,正常,兴奋,阴,家人,严格控制,不吃辣,乳制品,42,烤鸡胸配土豆泥,西式简餐,1,chosen,0.6411,0.6562,train,normal
364,午餐,4,35,正常,兴奋,阴,家人,严格控制,不吃辣,乳制品,17,蒜蓉西兰花+米饭,家常炒菜,1,chosen,0.5722,0.6037,train,normal
365,晚餐,4,28,不差钱,一般,晴,约会,不关心,重辣,素食,23,冒菜,火锅麻辣烫,1,chosen,0.6242,0.6543,val,normal
365,晚餐,4,28,不差钱,一般,晴,约会,不关心,重辣,素食,23,冒菜,火锅麻辣烫,1,chosen,0.6242,0.5851,val,normal
365,晚餐,4,28,不差钱,一般,晴,约会,不关心,重辣,素食,23,冒菜,火锅麻辣烫,1,chosen,0.6242,0.6186,val,normal
366,晚餐,2,47,正常,开心,冷,一个人,想健康,不吃辣,海鲜,42,烤鸡胸配土豆泥,西式简餐,1,chosen,0.5585,0.5057,train,normal
366,晚餐,2,47,正常,开心,冷,一个人,想健康,不吃辣,海鲜,42,烤鸡胸配土豆泥,西式简餐,1,chosen,0.5585,0.5736,train,normal
366,晚餐,2,47,正常,开心,冷,一个人,想健康,不吃辣,海鲜,17,蒜蓉西兰花+米饭,家常炒菜,1,chosen,0.5582,0.4813,train,normal
366,晚餐,2,47,正常,开心,冷,一个人,想健康,不吃辣,海鲜,40,奶油蘑菇汤+面包,西式简餐,0,considered,0.558,0.5118,train,normal
366,晚餐,2,47,正常,开心,冷,一个人,想健康,不吃辣,海鲜,37,番茄肉酱意面,西式简餐,0,considered,0.541,0.5474,train,normal
367,午餐,3,15,想吃好点,开心,雨,一个人,不关心,不吃辣,,40,奶油蘑菇汤+面包,西式简餐,1,chosen,0.5354,0.5699,train,normal
367,午餐,3,15,想吃好点,开心,雨,一个人,不关心,不吃辣,,40,奶油蘑菇汤+面包,西式简餐,1,chosen,0.5354,0.5644,train,normal
367,午餐,3,15,想吃好点,开心,雨,一个人,不关心,不吃辣,,40,奶油蘑菇汤+面包,西式简餐,1,chosen,0.5354,0.521,train,normal
367,午餐,3,15,想吃好点,开心,雨,一个人,不关心,不吃辣,,37,番茄肉酱意面,西式简餐,0,considered,0.4985,0.5256,train,normal
367,午餐,3,15,想吃好点,开心,雨,一个人,不关心,不吃辣,,42,烤鸡胸配土豆泥,西式简餐,0,considered,0.4966,0.483,train,normal
368,午餐,3,70,想吃好点,压力大,雨,家人,随便,不吃辣,乳制品,42,烤鸡胸配土豆泥,西式简餐,1,chosen,0.6787,0.6708,val,normal
368,午餐,3,70,想吃好点,压力大,雨,家人,随便,不吃辣,乳制品,42,烤鸡胸配土豆泥,西式简餐,1,chosen,0.6787,0.6632,val,normal
368,午餐,3,70,想吃好点,压力大,雨,家人,随便,不吃辣,乳制品,42,烤鸡胸配土豆泥,西式简餐,1,chosen,0.6787,0.6283,val,normal
369,夜宵,4,44,省着点,开心,晴,同事,随便,微辣,"海鲜,乳制品",28,烤冷面,烧烤小吃,1,chosen,0.5881,0.591,train,normal
369,夜宵,4,44,省着点,开心,晴,同事,随便,微辣,"海鲜,乳制品",28,烤冷面,烧烤小吃,1,chosen,0.5881,0.589,train,normal
369,夜宵,4,44,省着点,开心,晴,同事,随便,微辣,"海鲜,乳制品",28,烤冷面,烧烤小吃,1,chosen,0.5881,0.6215,train,normal
370,午餐,3,52,想吃好点,一般,雨,一个人,不关心,微辣,,18,地三鲜+米饭,家常炒菜,1,chosen,0.5241,0.6151,train,normal
370,午餐,3,52,想吃好点,一般,雨,一个人,不关心,微辣,,40,奶油蘑菇汤+面包,西式简餐,1,chosen,0.5437,0.5115,train,normal
370,午餐,3,52,想吃好点,一般,雨,一个人,不关心,微辣,,40,奶油蘑菇汤+面包,西式简餐,1,chosen,0.5437,0.5578,train,normal
371,晚餐,2,69,正常,一般,雨,一个人,随便,重辣,素食,19,麻辣烫,火锅麻辣烫,1,chosen,0.5612,0.5464,train,normal
371,晚餐,2,69,正常,一般,雨,一个人,随便,重辣,素食,19,麻辣烫,火锅麻辣烫,1,chosen,0.5612,0.5971,train,normal
371,晚餐,2,69,正常,一般,雨,一个人,随便,重辣,素食,19,麻辣烫,火锅麻辣烫,1,chosen,0.5612,0.534,train,normal
371,晚餐,2,69,正常,一般,雨,一个人,随便,重辣,素食,23,冒菜,火锅麻辣烫,0,considered,0.5169,0.5858,train,normal
371,晚餐,2,69,正常,一般,雨,一个人,随便,重辣,素食,22,关东煮,火锅麻辣烫,0,considered,0.4513,0.4401,train,normal
372,午餐,3,28,正常,疲惫,阴,朋友,随便,不吃辣,,40,奶油蘑菇汤+面包,西式简餐,1,chosen,0.6317,0.6125,train,normal
372,午餐,3,28,正常,疲惫,阴,朋友,随便,不吃辣,,40,奶油蘑菇汤+面包,西式简餐,1,chosen,0.6317,0.6174,train,normal
372,午餐,3,28,正常,疲惫,阴,朋友,随便,不吃辣,,40,奶油蘑菇汤+面包,西式简餐,1,chosen,0.6317,0.6198,train,normal
373,午餐,4,69,想吃好点,疲惫,雨,一个人,不关心,不吃辣,,18,地三鲜+米饭,家常炒菜,1,chosen,0.5994,0.5686,val,normal
373,午餐,4,69,想吃好点,疲惫,雨,一个人,不关心,不吃辣,,18,地三鲜+米饭,家常炒菜,1,chosen,0.5994,0.4941,val,normal
373,午餐,4,69,想吃好点,疲惫,雨,一个人,不关心,不吃辣,,40,奶油蘑菇汤+面包,西式简餐,1,chosen,0.5919,0.5933,val,normal
374,夜宵,5,60,省着点,一般,阴,一个人,想健康,中辣,,11,云南小锅米线,面食粉面,1,chosen,0.5722,0.572,train,normal
374,夜宵,5,60,省着点,一般,阴,一个人,想健康,中辣,,11,云南小锅米线,面食粉面,1,chosen,0.5722,0.5901,train,normal
374,夜宵,5,60,省着点,一般,阴,一个人,想健康,中辣,,11,云南小锅米线,面食粉面,1,chosen,0.5722,0.5645,train,normal
375,下午加餐,3,71,正常,一般,热,同事,不关心,重辣,,36,希腊酸奶坚果碗,轻食健康,1,chosen,0.6578,0.6765,train,normal
375,下午加餐,3,71,正常,一般,热,同事,不关心,重辣,,36,希腊酸奶坚果碗,轻食健康,1,chosen,0.6578,0.7148,train,normal
375,下午加餐,3,71,正常,一般,热,同事,不关心,重辣,,36,希腊酸奶坚果碗,轻食健康,1,chosen,0.6578,0.6998,train,normal
376,午餐,2,80,不差钱,一般,晴,朋友,随便,微辣,,24,菌汤火锅,火锅麻辣烫,1,chosen,0.5842,0.5948,train,normal
376,午餐,2,80,不差钱,一般,晴,朋友,随便,微辣,,24,菌汤火锅,火锅麻辣烫,1,chosen,0.5842,0.5976,train,normal
376,午餐,2,80,不差钱,一般,晴,朋友,随便,微辣,,24,菌汤火锅,火锅麻辣烫,1,chosen,0.5842,0.6253,train,normal
377,午餐,1,30,省着点,一般,热,家人,想健康,微辣,海鲜,9,炸酱面,面食粉面,1,chosen,0.5702,0.541,val,normal
377,午餐,1,30,省着点,一般,热,家人,想健康,微辣,海鲜,9,炸酱面,面食粉面,1,chosen,0.5702,0.5708,val,normal
377,午餐,1,30,省着点,一般,热,家人,想健康,微辣,海鲜,9,炸酱面,面食粉面,1,chosen,0.5702,0.6018,val,normal
378,早餐,1,48,想吃好点,疲惫,晴,家人,想健康,不吃辣,,43,皮蛋瘦肉粥+油条,早餐粥点,1,chosen,0.6472,0.6572,val,normal
378,早餐,1,48,想吃好点,疲惫,晴,家人,想健康,不吃辣,,46,燕麦牛奶粥,早餐粥点,1,chosen,0.6552,0.6182,val,normal
378,早餐,1,48,想吃好点,疲惫,晴,家人,想健康,不吃辣,,46,燕麦牛奶粥,早餐粥点,1,chosen,0.6552,0.6314,val,normal
378,早餐,1,48,想吃好点,疲惫,晴,家人,想健康,不吃辣,,44,小笼包+豆浆,早餐粥点,0,considered,0.6479,0.7361,val,normal
378,早餐,1,48,想吃好点,疲惫,晴,家人,想健康,不吃辣,,43,皮蛋瘦肉粥+油条,早餐粥点,0,considered,0.6472,0.6508,val,normal
379,夜宵,3,54,想吃好点,开心,晴,同事,想健康,微辣,,6,兰州牛肉面,面食粉面,1,chosen,0.6145,0.6284,train,normal
379,夜宵,3,54,想吃好点,开心,晴,同事,想健康,微辣,,6,兰州牛肉面,面食粉面,1,chosen,0.6145,0.6635,train,normal
379,夜宵,3,54,想吃好点,开心,晴,同事,想健康,微辣,,6,兰州牛肉面,面食粉面,1,chosen,0.6145,0.5663,train,normal
380,早餐,4,52,正常,一般,晴,朋友,随便,微辣,素食,45,杂粮煎饼果子,早餐粥点,1,chosen,0.5938,0.6193,train,normal
380,早餐,4,52,正常,一般,晴,朋友,随便,微辣,素食,8,番茄鸡蛋面,面食粉面,1,chosen,0.5616,0.6103,train,normal
380,早餐,4,52,正常,一般,晴,朋友,随便,微辣,素食,45,杂粮煎饼果子,早餐粥点,1,chosen,0.5938,0.5444,train,normal
380,早餐,4,52,正常,一般,晴,朋友,随便,微辣,素食,44,小笼包+豆浆,早餐粥点,0,considered,0.5841,0.5923,train,normal
380,早餐,4,52,正常,一般,晴,朋友,随便,微辣,素食,43,皮蛋瘦肉粥+油条,早餐粥点,0,considered,0.5819,0.6426,train,normal
381,晚餐,2,59,不差钱,一般,雨,同事,随便,中辣,麸质,26,烤鸡翅,烧烤小吃,1,chosen,0.5652,0.509,train,normal
381,晚餐,2,59,不差钱,一般,雨,同事,随便,中辣,麸质,26,烤鸡翅,烧烤小吃,1,chosen,0.5652,0.5128,train,normal
381,晚餐,2,59,不差钱,一般,雨,同事,随便,中辣,麸质,26,烤鸡翅,烧烤小吃,1,chosen,0.5652,0.5759,train,normal
381,晚餐,2,59,不差钱,一般,雨,同事,随便,中辣,麸质,25,烤羊肉串,烧烤小吃,0,considered,0.5452,0.5775,train,normal
381,晚餐,2,59,不差钱,一般,雨,同事,随便,中辣,麸质,27,烤茄子,烧烤小吃,0,considered,0.5019,0.4821,train,normal
382,晚餐,3,28,想吃好点,一般,热,一个人,随便,中辣,,15,宫保鸡丁+米饭,家常炒菜,1,chosen,0.5312,0.4681,train,normal
382,晚餐,3,28,想吃好点,一般,热,一个人,随便,中辣,,15,宫保鸡丁+米饭,家常炒菜,1,chosen,0.5312,0.5996,train,normal
382,晚餐,3,28,想吃好点,一般,热,一个人,随便,中辣,,15,宫保鸡丁+米饭,家常炒菜,1,chosen,0.5312,0.568,train,normal
382,晚餐,3,28,想吃好点,一般,热,一个人,随便,中辣,,18,地三鲜+米饭,家常炒菜,0,considered,0.4883,0.4772,train,normal
382,晚餐,3,28,想吃好点,一般,热,一个人,随便,中辣,,12,西红柿炒蛋+米饭,家常炒菜,0,considered,0.4616,0.445,train,normal
383,午餐,3,55,想吃好点,开心,雨,一个人,不关心,中辣,,15,宫保鸡丁+米饭,家常炒菜,1,chosen,0.5785,0.6019,train,normal
383,午餐,3,55,想吃好点,开心,雨,一个人,不关心,中辣,,15,宫保鸡丁+米饭,家常炒菜,1,chosen,0.5785,0.6069,train,normal
383,午餐,3,55,想吃好点,开心,雨,一个人,不关心,中辣,,15,宫保鸡丁+米饭,家常炒菜,1,chosen,0.5785,0.5549,train,normal
384,夜宵,3,85,省着点,开心,冷,家人,不关心,重辣,,30,铁板豆腐,烧烤小吃,1,chosen,0.688,0.6757,train,normal
384,夜宵,3,85,省着点,开心,冷,家人,不关心,重辣,,30,铁板豆腐,烧烤小吃,1,chosen,0.688,0.697,train,normal
384,夜宵,3,85,省着点,开心,冷,家人,不关心,重辣,,19,麻辣烫,火锅麻辣烫,1,chosen,0.6799,0.6814,train,normal
385,晚餐,5,69,不差钱,低落,热,一个人,想健康,微辣,乳制品,24,菌汤火锅,火锅麻辣烫,1,chosen,0.5791,0.5748,test,normal
385,晚餐,5,69,不差钱,低落,热,一个人,想健康,微辣,乳制品,24,菌汤火锅,火锅麻辣烫,1,chosen,0.5791,0.603,test,normal
385,晚餐,5,69,不差钱,低落,热,一个人,想健康,微辣,乳制品,24,菌汤火锅,火锅麻辣烫,1,chosen,0.5791,0.549,test,normal
386,早餐,3,40,想吃好点,兴奋,晴,一个人,随便,微辣,"海鲜,乳制品",44,小笼包+豆浆,早餐粥点,1,chosen,0.5693,0.5768,train,normal
386,早餐,3,40,想吃好点,兴奋,晴,一个人,随便,微辣,"海鲜,乳制品",44,小笼包+豆浆,早餐粥点,1,chosen,0.5693,0.57,train,normal
386,早餐,3,40,想吃好点,兴奋,晴,一个人,随便,微辣,"海鲜,乳制品",44,小笼包+豆浆,早餐粥点,1,chosen,0.5693,0.4912,train,normal
386,早餐,3,40,想吃好点,兴奋,晴,一个人,随便,微辣,"海鲜,乳制品",43,皮蛋瘦肉粥+油条,早餐粥点,0,considered,0.5629,0.5121,train,normal
386,早餐,3,40,想吃好点,兴奋,晴,一个人,随便,微辣,"海鲜,乳制品",45,杂粮煎饼果子,早餐粥点,0,considered,0.4999,0.4804,train,normal
387,午餐,1,57,正常,低落,雨,一个人,严格控制,中辣,,26,烤鸡翅,烧烤小吃,1,chosen,0.5857,0.6641,train,normal
387,午餐,1,57,正常,低落,雨,一个人,严格控制,中辣,,15,宫保鸡丁+米饭,家常炒菜,1,chosen,0.5986,0.5476,train,normal
387,午餐,1,57,正常,低落,雨,一个人,严格控制,中辣,,15,宫保鸡丁+米饭,家常炒菜,1,chosen,0.5986,0.652,train,normal
388,晚餐,2,34,想吃好点,开心,雪,同事,随便,中辣,"海鲜,乳制品",26,烤鸡翅,烧烤小吃,1,chosen,0.6598,0.6352,test,snow
388,晚餐,2,34,想吃好点,开心,雪,同事,随便,中辣,"海鲜,乳制品",26,烤鸡翅,烧烤小吃,1,chosen,0.6598,0.6486,test,snow
388,晚餐,2,34,想吃好点,开心,雪,同事,随便,中辣,"海鲜,乳制品",26,烤鸡翅,烧烤小吃,1,chosen,0.6598,0.6605,test,snow
388,晚餐,2,34,想吃好点,开心,雪,同事,随便,中辣,"海鲜,乳制品",25,烤羊肉串,烧烤小吃,0,considered,0.6327,0.6604,test,snow
388,晚餐,2,34,想吃好点,开心,雪,同事,随便,中辣,"海鲜,乳制品",27,烤茄子,烧烤小吃,0,considered,0.593,0.5835,test,snow
389,午餐,3,30,省着点,疲惫,雨,同事,不关心,中辣,,45,杂粮煎饼果子,早餐粥点,1,chosen,0.618,0.6693,test,normal
389,午餐,3,30,省着点,疲惫,雨,同事,不关心,中辣,,11,云南小锅米线,面食粉面,1,chosen,0.6242,0.6815,test,normal
389,午餐,3,30,省着点,疲惫,雨,同事,不关心,中辣,,11,云南小锅米线,面食粉面,1,chosen,0.6242,0.5977,test,normal
390,晚餐,4,30,省着点,兴奋,阴,朋友,想健康,中辣,"海鲜,乳制品",11,云南小锅米线,面食粉面,1,chosen,0.6303,0.6674,train,normal
390,晚餐,4,30,省着点,兴奋,阴,朋友,想健康,中辣,"海鲜,乳制品",15,宫保鸡丁+米饭,家常炒菜,1,chosen,0.621,0.5822,train,normal
390,晚餐,4,30,省着点,兴奋,阴,朋友,想健康,中辣,"海鲜,乳制品",11,云南小锅米线,面食粉面,1,chosen,0.6303,0.7104,train,normal
391,晚餐,4,15,想吃好点,开心,冷,同事,想健康,中辣,,11,云南小锅米线,面食粉面,1,chosen,0.6232,0.623,train,normal
391,晚餐,4,15,想吃好点,开心,冷,同事,想健康,中辣,,11,云南小锅米线,面食粉面,1,chosen,0.6232,0.5892,train,normal
391,晚餐,4,15,想吃好点,开心,冷,同事,想健康,中辣,,11,云南小锅米线,面食粉面,1,chosen,0.6232,0.604,train,normal
391,晚餐,4,15,想吃好点,开心,冷,同事,想健康,中辣,,6,兰州牛肉面,面食粉面,0,considered,0.6219,0.6081,train,normal
391,晚餐,4,15,想吃好点,开心,冷,同事,想健康,中辣,,9,炸酱面,面食粉面,0,considered,0.5618,0.5305,train,normal
392,晚餐,5,46,省着点,压力大,晴,朋友,严格控制,微辣,,2,青椒肉丝盖饭,中式快餐盖饭,1,chosen,0.6688,0.6612,train,normal
392,晚餐,5,46,省着点,压力大,晴,朋友,严格控制,微辣,,2,青椒肉丝盖饭,中式快餐盖饭,1,chosen,0.6688,0.6817,train,normal
392,晚餐,5,46,省着点,压力大,晴,朋友,严格控制,微辣,,2,青椒肉丝盖饭,中式快餐盖饭,1,chosen,0.6688,0.7494,train,normal
393,午餐,3,60,不差钱,开心,晴,同事,不关心,微辣,,38,香煎牛排,西式简餐,1,chosen,0.5388,0.5774,val,normal
393,午餐,3,60,不差钱,开心,晴,同事,不关心,微辣,,38,香煎牛排,西式简餐,1,chosen,0.5388,0.5191,val,normal
393,午餐,3,60,不差钱,开心,晴,同事,不关心,微辣,,42,烤鸡胸配土豆泥,西式简餐,1,chosen,0.5326,0.5219,val,normal
393,午餐,3,60,不差钱,开心,晴,同事,不关心,微辣,,40,奶油蘑菇汤+面包,西式简餐,0,considered,0.5327,0.4723,val,normal
393,午餐,3,60,不差钱,开心,晴,同事,不关心,微辣,,42,烤鸡胸配土豆泥,西式简餐,0,considered,0.5326,0.5144,val,normal
394,晚餐,4,35,正常,开心,冷,同事,严格控制,中辣,素食,11,云南小锅米线,面食粉面,1,chosen,0.6383,0.688,train,normal
394,晚餐,4,35,正常,开心,冷,同事,严格控制,中辣,素食,40,奶油蘑菇汤+面包,西式简餐,1,chosen,0.6262,0.6485,train,normal
394,晚餐,4,35,正常,开心,冷,同事,严格控制,中辣,素食,11,云南小锅米线,面食粉面,1,chosen,0.6383,0.6309,train,normal
394,晚餐,4,35,正常,开心,冷,同事,严格控制,中辣,素食,6,兰州牛肉面,面食粉面,0,considered,0.6371,0.6998,train,normal
394,晚餐,4,35,正常,开心,冷,同事,严格控制,中辣,素食,9,炸酱面,面食粉面,0,considered,0.5713,0.603,train,normal
395,早餐,4,89,省着点,疲惫,雪,一个人,不关心,重辣,乳制品,45,杂粮煎饼果子,早餐粥点,1,chosen,0.6948,0.7276,test,snow
395,早餐,4,89,省着点,疲惫,雪,一个人,不关心,重辣,乳制品,43,皮蛋瘦肉粥+油条,早餐粥点,1,chosen,0.7037,0.6866,test,snow
395,早餐,4,89,省着点,疲惫,雪,一个人,不关心,重辣,乳制品,43,皮蛋瘦肉粥+油条,早餐粥点,1,chosen,0.7037,0.6902,test,snow
395,早餐,4,89,省着点,疲惫,雪,一个人,不关心,重辣,乳制品,44,小笼包+豆浆,早餐粥点,0,considered,0.7037,0.6688,test,snow
395,早餐,4,89,省着点,疲惫,雪,一个人,不关心,重辣,乳制品,45,杂粮煎饼果子,早餐粥点,0,considered,0.6948,0.6825,test,snow
396,夜宵,5,59,正常,压力大,晴,约会,随便,微辣,,6,兰州牛肉面,面食粉面,1,chosen,0.6784,0.7147,train,normal
396,夜宵,5,59,正常,压力大,晴,约会,随便,微辣,,6,兰州牛肉面,面食粉面,1,chosen,0.6784,0.7342,train,normal
396,夜宵,5,59,正常,压力大,晴,约会,随便,微辣,,6,兰州牛肉面,面食粉面,1,chosen,0.6784,0.7021,train,normal
397,夜宵,3,100,正常,低落,雨,一个人,不关心,重辣,海鲜,26,烤鸡翅,烧烤小吃,1,chosen,0.6706,0.7481,train,normal
397,夜宵,3,100,正常,低落,雨,一个人,不关心,重辣,海鲜,26,烤鸡翅,烧烤小吃,1,chosen,0.6706,0.6888,train,normal
397,夜宵,3,100,正常,低落,雨,一个人,不关心,重辣,海鲜,26,烤鸡翅,烧烤小吃,1,chosen,0.6706,0.6403,train,normal
397,夜宵,3,100,正常,低落,雨,一个人,不关心,重辣,海鲜,27,烤茄子,烧烤小吃,0,considered,0.6614,0.6265,train,normal
397,夜宵,3,100,正常,低落,雨,一个人,不关心,重辣,海鲜,30,铁板豆腐,烧烤小吃,0,considered,0.6614,0.6893,train,normal
398,晚餐,2,31,省着点,一般,晴,同事,不关心,重辣,,19,麻辣烫,火锅麻辣烫,1,chosen,0.5157,0.5409,train,normal
398,晚餐,2,31,省着点,一般,晴,同事,不关心,重辣,,19,麻辣烫,火锅麻辣烫,1,chosen,0.5157,0.581,train,normal
398,晚餐,2,31,省着点,一般,晴,同事,不关心,重辣,,19,麻辣烫,火锅麻辣烫,1,chosen,0.5157,0.5221,train,normal
399,午餐,3,15,正常,一般,晴,同事,随便,微辣,素食,6,兰州牛肉面,面食粉面,1,chosen,0.5323,0.5722,train,normal
399,午餐,3,15,正常,一般,晴,同事,随便,微辣,素食,6,兰州牛肉面,面食粉面,1,chosen,0.5323,0.5694,train,normal
399,午餐,3,15,正常,一般,晴,同事,随便,微辣,素食,6,兰州牛肉面,面食粉面,1,chosen,0.5323,0.559,train,normal
400,午餐,3,76,不差钱,疲惫,阴,朋友,随便,中辣,,15,宫保鸡丁+米饭,家常炒菜,1,chosen,0.6612,0.5957,train,normal
400,午餐,3,76,不差钱,疲惫,阴,朋友,随便,中辣,,15,宫保鸡丁+米饭,家常炒菜,1,chosen,0.6612,0.6595,train,normal
400,午餐,3,76,不差钱,疲惫,阴,朋友,随便,中辣,,15,宫保鸡丁+米饭,家常炒菜,1,chosen,0.6612,0.6208,train,normal
400,午餐,3,76,不差钱,疲惫,阴,朋友,随便,中辣,,18,地三鲜+米饭,家常炒菜,0,considered,0.603,0.5526,train,normal
400,午餐,3,76,不差钱,疲惫,阴,朋友,随便,中辣,,13,麻婆豆腐+米饭,家常炒菜,0,considered,0.5716,0.6243,train,normal
401,早餐,1,55,省着点,兴奋,冷,朋友,随便,重辣,,46,燕麦牛奶粥,早餐粥点,1,chosen,0.6447,0.6246,train,normal
401,早餐,1,55,省着点,兴奋,冷,朋友,随便,重辣,,46,燕麦牛奶粥,早餐粥点,1,chosen,0.6447,0.6352,train,normal
401,早餐,1,55,省着点,兴奋,冷,朋友,随便,重辣,,44,小笼包+豆浆,早餐粥点,1,chosen,0.6374,0.6075,train,normal
402,晚餐,4,105,正常,一般,阴,一个人,想健康,微辣,乳制品,2,青椒肉丝盖饭,中式快餐盖饭,1,chosen,0.5285,0.5339,test,normal
402,晚餐,4,105,正常,一般,阴,一个人,想健康,微辣,乳制品,2,青椒肉丝盖饭,中式快餐盖饭,1,chosen,0.5285,0.5418,test,normal
402,晚餐,4,105,正常,一般,阴,一个人,想健康,微辣,乳制品,2,青椒肉丝盖饭,中式快餐盖饭,1,chosen,0.5285,0.5094,test,normal
402,晚餐,4,105,正常,一般,阴,一个人,想健康,微辣,乳制品,0,番茄牛腩饭,中式快餐盖饭,0,considered,0.4958,0.5119,test,normal
402,晚餐,4,105,正常,一般,阴,一个人,想健康,微辣,乳制品,1,黄焖鸡米饭,中式快餐盖饭,0,considered,0.4939,0.5051,test,normal
403,夜宵,2,21,想吃好点,开心,雪,一个人,不关心,微辣,,28,烤冷面,烧烤小吃,1,chosen,0.6629,0.5788,test,snow
403,夜宵,2,21,想吃好点,开心,雪,一个人,不关心,微辣,,28,烤冷面,烧烤小吃,1,chosen,0.6629,0.6899,test,snow
403,夜宵,2,21,想吃好点,开心,雪,一个人,不关心,微辣,,28,烤冷面,烧烤小吃,1,chosen,0.6629,0.6575,test,snow
404,夜宵,3,15,正常,兴奋,热,朋友,不关心,重辣,,27,烤茄子,烧烤小吃,1,chosen,0.6493,0.6928,train,normal
404,夜宵,3,15,正常,兴奋,热,朋友,不关心,重辣,,26,烤鸡翅,烧烤小吃,1,chosen,0.6753,0.6708,train,normal
404,夜宵,3,15,正常,兴奋,热,朋友,不关心,重辣,,26,烤鸡翅,烧烤小吃,1,chosen,0.6753,0.6758,train,normal
405,夜宵,3,60,想吃好点,兴奋,阴,同事,想健康,不吃辣,"海鲜,乳制品",8,番茄鸡蛋面,面食粉面,1,chosen,0.5972,0.5661,train,normal
405,夜宵,3,60,想吃好点,兴奋,阴,同事,想健康,不吃辣,"海鲜,乳制品",8,番茄鸡蛋面,面食粉面,1,chosen,0.5972,0.6768,train,normal
405,夜宵,3,60,想吃好点,兴奋,阴,同事,想健康,不吃辣,"海鲜,乳制品",8,番茄鸡蛋面,面食粉面,1,chosen,0.5972,0.5837,train,normal
406,晚餐,4,34,正常,压力大,雨,朋友,不关心,微辣,,18,地三鲜+米饭,家常炒菜,1,chosen,0.6934,0.6899,test,normal
406,晚餐,4,34,正常,压力大,雨,朋友,不关心,微辣,,18,地三鲜+米饭,家常炒菜,1,chosen,0.6934,0.7138,test,normal
406,晚餐,4,34,正常,压力大,雨,朋友,不关心,微辣,,18,地三鲜+米饭,家常炒菜,1,chosen,0.6934,0.7312,test,normal
406,晚餐,4,34,正常,压力大,雨,朋友,不关心,微辣,,15,宫保鸡丁+米饭,家常炒菜,0,considered,0.627,0.5763,test,normal
406,晚餐,4,34,正常,压力大,雨,朋友,不关心,微辣,,12,西红柿炒蛋+米饭,家常炒菜,0,considered,0.5727,0.566,test,normal
407,早餐,4,15,省着点,兴奋,晴,朋友,不关心,重辣,素食,43,皮蛋瘦肉粥+油条,早餐粥点,1,chosen,0.5927,0.6099,train,normal
407,早餐,4,15,省着点,兴奋,晴,朋友,不关心,重辣,素食,7,重庆小面,面食粉面,1,chosen,0.6176,0.6372,train,normal
407,早餐,4,15,省着点,兴奋,晴,朋友,不关心,重辣,素食,7,重庆小面,面食粉面,1,chosen,0.6176,0.6536,train,normal
408,晚餐,4,83,想吃好点,疲惫,晴,约会,不关心,微辣,海鲜,40,奶油蘑菇汤+面包,西式简餐,1,chosen,0.6554,0.6844,train,normal
408,晚餐,4,83,想吃好点,疲惫,晴,约会,不关心,微辣,海鲜,37,番茄肉酱意面,西式简餐,1,chosen,0.6659,0.584,train,normal
408,晚餐,4,83,想吃好点,疲惫,晴,约会,不关心,微辣,海鲜,18,地三鲜+米饭,家常炒菜,1,chosen,0.6733,0.6964,train,normal
408,晚餐,4,83,想吃好点,疲惫,晴,约会,不关心,微辣,海鲜,15,宫保鸡丁+米饭,家常炒菜,0,considered,0.596,0.604,train,normal
408,晚餐,4,83,想吃好点,疲惫,晴,约会,不关心,微辣,海鲜,16,红烧肉+米饭,家常炒菜,0,considered,0.5923,0.6325,train,normal
409,午餐,5,15,省着点,开心,热,家人,想健康,不吃辣,海鲜,9,炸酱面,面食粉面,1,chosen,0.6452,0.6736,test,normal
409,午餐,5,15,省着点,开心,热,家人,想健康,不吃辣,海鲜,9,炸酱面,面食粉面,1,chosen,0.6452,0.6803,test,normal
409,午餐,5,15,省着点,开心,热,家人,想健康,不吃辣,海鲜,9,炸酱面,面食粉面,1,chosen,0.6452,0.6196,test,normal
409,午餐,5,15,省着点,开心,热,家人,想健康,不吃辣,海鲜,6,兰州牛肉面,面食粉面,0,considered,0.5263,0.5507,test,normal
409,午餐,5,15,省着点,开心,热,家人,想健康,不吃辣,海鲜,8,番茄鸡蛋面,面食粉面,0,considered,0.4815,0.5169,test,normal
410,晚餐,4,66,不差钱,低落,阴,朋友,随便,微辣,,24,菌汤火锅,火锅麻辣烫,1,chosen,0.6163,0.6298,train,normal
410,晚餐,4,66,不差钱,低落,阴,朋友,随便,微辣,,24,菌汤火锅,火锅麻辣烫,1,chosen,0.6163,0.5959,train,normal
410,晚餐,4,66,不差钱,低落,阴,朋友,随便,微辣,,24,菌汤火锅,火锅麻辣烫,1,chosen,0.6163,0.5437,train,normal
411,夜宵,5,60,不差钱,开心,冷,同事,随便,微辣,"海鲜,乳制品",24,菌汤火锅,火锅麻辣烫,1,chosen,0.6099,0.6291,test,normal
411,夜宵,5,60,不差钱,开心,冷,同事,随便,微辣,"海鲜,乳制品",24,菌汤火锅,火锅麻辣烫,1,chosen,0.6099,0.6326,test,normal
411,夜宵,5,60,不差钱,开心,冷,同事,随便,微辣,"海鲜,乳制品",28,烤冷面,烧烤小吃,1,chosen,0.6039,0.6109,test,normal
411,夜宵,5,60,不差钱,开心,冷,同事,随便,微辣,"海鲜,乳制品",20,清汤火锅,火锅麻辣烫,0,considered,0.6099,0.5866,test,normal
411,夜宵,5,60,不差钱,开心,冷,同事,随便,微辣,"海鲜,乳制品",22,关东煮,火锅麻辣烫,0,considered,0.4694,0.4757,test,normal
412,下午加餐,1,28,不差钱,压力大,晴,同事,不关心,重辣,,33,三文鱼沙拉,轻食健康,1,chosen,0.637,0.6555,train,normal
412,下午加餐,1,28,不差钱,压力大,晴,同事,不关心,重辣,,33,三文鱼沙拉,轻食健康,1,chosen,0.637,0.6754,train,normal
412,下午加餐,1,28,不差钱,压力大,晴,同事,不关心,重辣,,33,三文鱼沙拉,轻食健康,1,chosen,0.637,0.6528,train,normal
413,早餐,3,57,不差钱,一般,热,一个人,想健康,重辣,,46,燕麦牛奶粥,早餐粥点,1,chosen,0.5972,0.6138,val,normal
413,早餐,3,57,不差钱,一般,热,一个人,想健康,重辣,,33,三文鱼沙拉,轻食健康,1,chosen,0.5674,0.5283,val,normal
413,早餐,3,57,不差钱,一般,热,一个人,想健康,重辣,,46,燕麦牛奶粥,早餐粥点,1,chosen,0.5972,0.6215,val,normal
413,早餐,3,57,不差钱,一般,热,一个人,想健康,重辣,,44,小笼包+豆浆,早餐粥点,0,considered,0.5834,0.6159,val,normal
413,早餐,3,57,不差钱,一般,热,一个人,想健康,重辣,,43,皮蛋瘦肉粥+油条,早餐粥点,0,considered,0.5812,0.6242,val,normal
414,夜宵,3,41,正常,压力大,阴,一个人,想健康,不吃辣,素食,8,番茄鸡蛋面,面食粉面,1,chosen,0.6066,0.5369,train,normal
414,夜宵,3,41,正常,压力大,阴,一个人,想健康,不吃辣,素食,8,番茄鸡蛋面,面食粉面,1,chosen,0.6066,0.6389,train,normal
414,夜宵,3,41,正常,压力大,阴,一个人,想健康,不吃辣,素食,8,番茄鸡蛋面,面食粉面,1,chosen,0.6066,0.6155,train,normal
415,午餐,2,31,省着点,低落,阴,同事,随便,微辣,,6,兰州牛肉面,面食粉面,1,chosen,0.5299,0.4751,train,normal
415,午餐,2,31,省着点,低落,阴,同事,随便,微辣,,6,兰州牛肉面,面食粉面,1,chosen,0.5299,0.5162,train,normal
415,午餐,2,31,省着点,低落,阴,同事,随便,微辣,,6,兰州牛肉面,面食粉面,1,chosen,0.5299,0.554,train,normal
416,晚餐,3,29,省着点,开心,晴,一个人,想健康,重辣,,13,麻婆豆腐+米饭,家常炒菜,1,chosen,0.5539,0.622,test,normal
416,晚餐,3,29,省着点,开心,晴,一个人,想健康,重辣,,2,青椒肉丝盖饭,中式快餐盖饭,1,chosen,0.5214,0.6137,test,normal
416,晚餐,3,29,省着点,开心,晴,一个人,想健康,重辣,,13,麻婆豆腐+米饭,家常炒菜,1,chosen,0.5539,0.5882,test,normal
416,晚餐,3,29,省着点,开心,晴,一个人,想健康,重辣,,15,宫保鸡丁+米饭,家常炒菜,0,considered,0.5156,0.5614,test,normal
416,晚餐,3,29,省着点,开心,晴,一个人,想健康,重辣,,17,蒜蓉西兰花+米饭,家常炒菜,0,considered,0.4899,0.4888,test,normal
417,早餐,4,60,省着点,一般,冷,一个人,不关心,中辣,,43,皮蛋瘦肉粥+油条,早餐粥点,1,chosen,0.5852,0.6089,test,normal
417,早餐,4,60,省着点,一般,冷,一个人,不关心,中辣,,43,皮蛋瘦肉粥+油条,早餐粥点,1,chosen,0.5852,0.5655,test,normal
417,早餐,4,60,省着点,一般,冷,一个人,不关心,中辣,,43,皮蛋瘦肉粥+油条,早餐粥点,1,chosen,0.5852,0.6046,test,normal
417,早餐,4,60,省着点,一般,冷,一个人,不关心,中辣,,44,小笼包+豆浆,早餐粥点,0,considered,0.5852,0.5969,test,normal
417,早餐,4,60,省着点,一般,冷,一个人,不关心,中辣,,45,杂粮煎饼果子,早餐粥点,0,considered,0.5763,0.5218,test,normal
418,夜宵,1,90,想吃好点,一般,热,约会,严格控制,不吃辣,,20,清汤火锅,火锅麻辣烫,1,chosen,0.6456,0.6553,train,normal
418,夜宵,1,90,想吃好点,一般,热,约会,严格控制,不吃辣,,24,菌汤火锅,火锅麻辣烫,1,chosen,0.6589,0.6723,train,normal
418,夜宵,1,90,想吃好点,一般,热,约会,严格控制,不吃辣,,24,菌汤火锅,火锅麻辣烫,1,chosen,0.6589,0.5677,train,normal
419,晚餐,2,34,正常,压力大,热,朋友,想健康,微辣,,42,烤鸡胸配土豆泥,西式简餐,1,chosen,0.6492,0.6961,val,normal
419,晚餐,2,34,正常,压力大,热,朋友,想健康,微辣,,42,烤鸡胸配土豆泥,西式简餐,1,chosen,0.6492,0.603,val,normal
419,晚餐,2,34,正常,压力大,热,朋友,想健康,微辣,,42,烤鸡胸配土豆泥,西式简餐,1,chosen,0.6492,0.6669,val,normal
420,午餐,4,49,想吃好点,一般,雨,朋友,随便,微辣,,18,地三鲜+米饭,家常炒菜,1,chosen,0.6453,0.6676,train,normal
420,午餐,4,49,想吃好点,一般,雨,朋友,随便,微辣,,18,地三鲜+米饭,家常炒菜,1,chosen,0.6453,0.6446,train,normal
420,午餐,4,49,想吃好点,一般,雨,朋友,随便,微辣,,40,奶油蘑菇汤+面包,西式简餐,1,chosen,0.631,0.5692,train,normal
420,午餐,4,49,想吃好点,一般,雨,朋友,随便,微辣,,15,宫保鸡丁+米饭,家常炒菜,0,considered,0.5789,0.6046,train,normal
420,午餐,4,49,想吃好点,一般,雨,朋友,随便,微辣,,16,红烧肉+米饭,家常炒菜,0,considered,0.5295,0.5759,train,normal
421,晚餐,5,66,正常,兴奋,雨,家人,想健康,中辣,乳制品,15,宫保鸡丁+米饭,家常炒菜,1,chosen,0.7121,0.7012,train,normal
421,晚餐,5,66,正常,兴奋,雨,家人,想健康,中辣,乳制品,15,宫保鸡丁+米饭,家常炒菜,1,chosen,0.7121,0.6744,train,normal
421,晚餐,5,66,正常,兴奋,雨,家人,想健康,中辣,乳制品,15,宫保鸡丁+米饭,家常炒菜,1,chosen,0.7121,0.764,train,normal
421,晚餐,5,66,正常,兴奋,雨,家人,想健康,中辣,乳制品,18,地三鲜+米饭,家常炒菜,0,considered,0.6694,0.691,train,normal
421,晚餐,5,66,正常,兴奋,雨,家人,想健康,中辣,乳制品,13,麻婆豆腐+米饭,家常炒菜,0,considered,0.6234,0.6815,train,normal
422,晚餐,2,65,不差钱,疲惫,冷,家人,想健康,中辣,乳制品,24,菌汤火锅,火锅麻辣烫,1,chosen,0.7257,0.7817,train,normal
422,晚餐,2,65,不差钱,疲惫,冷,家人,想健康,中辣,乳制品,24,菌汤火锅,火锅麻辣烫,1,chosen,0.7257,0.7699,train,normal
422,晚餐,2,65,不差钱,疲惫,冷,家人,想健康,中辣,乳制品,24,菌汤火锅,火锅麻辣烫,1,chosen,0.7257,0.7323,train,normal
423,下午加餐,3,59,不差钱,低落,雪,家人,不关心,微辣,乳制品,33,三文鱼沙拉,轻食健康,1,chosen,0.6775,0.7683,test,snow
423,下午加餐,3,59,不差钱,低落,雪,家人,不关心,微辣,乳制品,34,全麦鸡肉三明治,轻食健康,1,chosen,0.6778,0.6603,test,snow
423,下午加餐,3,59,不差钱,低落,雪,家人,不关心,微辣,乳制品,34,全麦鸡肉三明治,轻食健康,1,chosen,0.6778,0.6575,test,snow
424,午餐,3,81,不差钱,一般,雨,朋友,想健康,不吃辣,素食,24,菌汤火锅,火锅麻辣烫,1,chosen,0.663,0.7156,test,normal
424,午餐,3,81,不差钱,一般,雨,朋友,想健康,不吃辣,素食,24,菌汤火锅,火锅麻辣烫,1,chosen,0.663,0.634,test,normal
424,午餐,3,81,不差钱,一般,雨,朋友,想健康,不吃辣,素食,40,奶油蘑菇汤+面包,西式简餐,1,chosen,0.6423,0.6328,test,normal
425,早餐,5,57,省着点,开心,晴,朋友,随便,重辣,,7,重庆小面,面食粉面,1,chosen,0.6231,0.6621,train,normal
425,早餐,5,57,省着点,开心,晴,朋友,随便,重辣,,7,重庆小面,面食粉面,1,chosen,0.6231,0.6073,train,normal
425,早餐,5,57,省着点,开心,晴,朋友,随便,重辣,,7,重庆小面,面食粉面,1,chosen,0.6231,0.6196,train,normal
426,午餐,2,36,想吃好点,开心,阴,一个人,不关心,重辣,乳制品,19,麻辣烫,火锅麻辣烫,1,chosen,0.523,0.5254,train,normal
426,午餐,2,36,想吃好点,开心,阴,一个人,不关心,重辣,乳制品,19,麻辣烫,火锅麻辣烫,1,chosen,0.523,0.4997,train,normal
426,午餐,2,36,想吃好点,开心,阴,一个人,不关心,重辣,乳制品,19,麻辣烫,火锅麻辣烫,1,chosen,0.523,0.486,train,normal
427,夜宵,4,15,想吃好点,疲惫,晴,同事,严格控制,微辣,,6,兰州牛肉面,面食粉面,1,chosen,0.6573,0.6269,test,normal
427,夜宵,4,15,想吃好点,疲惫,晴,同事,严格控制,微辣,,6,兰州牛肉面,面食粉面,1,chosen,0.6573,0.7029,test,normal
427,夜宵,4,15,想吃好点,疲惫,晴,同事,严格控制,微辣,,8,番茄鸡蛋面,面食粉面,1,chosen,0.6315,0.5796,test,normal
427,夜宵,4,15,想吃好点,疲惫,晴,同事,严格控制,微辣,,8,番茄鸡蛋面,面食粉面,0,considered,0.6315,0.6189,test,normal
427,夜宵,4,15,想吃好点,疲惫,晴,同事,严格控制,微辣,,9,炸酱面,面食粉面,0,considered,0.5837,0.5978,test,normal
428,下午加餐,5,23,省着点,开心,晴,朋友,随便,微辣,,9,炸酱面,面食粉面,1,chosen,0.5182,0.4787,test,normal
428,下午加餐,5,23,省着点,开心,晴,朋友,随便,微辣,,34,全麦鸡肉三明治,轻食健康,1,chosen,0.5343,0.528,test,normal
428,下午加餐,5,23,省着点,开心,晴,朋友,随便,微辣,,34,全麦鸡肉三明治,轻食健康,1,chosen,0.5343,0.5336,test,normal
429,夜宵,3,50,不差钱,开心,冷,朋友,随便,微辣,,28,烤冷面,烧烤小吃,1,chosen,0.6477,0.5677,train,normal
429,夜宵,3,50,不差钱,开心,冷,朋友,随便,微辣,,24,菌汤火锅,火锅麻辣烫,1,chosen,0.6611,0.6718,train,normal
429,夜宵,3,50,不差钱,开心,冷,朋友,随便,微辣,,24,菌汤火锅,火锅麻辣烫,1,chosen,0.6611,0.6692,train,normal
430,下午加餐,4,50,正常,开心,冷,约会,不关心,中辣,"海鲜,乳制品",34,全麦鸡肉三明治,轻食健康,1,chosen,0.5975,0.5901,train,normal
430,下午加餐,4,50,正常,开心,冷,约会,不关心,中辣,"海鲜,乳制品",34,全麦鸡肉三明治,轻食健康,1,chosen,0.5975,0.532,train,normal
430,下午加餐,4,50,正常,开心,冷,约会,不关心,中辣,"海鲜,乳制品",34,全麦鸡肉三明治,轻食健康,1,chosen,0.5975,0.6432,train,normal
431,午餐,2,19,不差钱,一般,雨,家人,想健康,中辣,,26,烤鸡翅,烧烤小吃,1,chosen,0.636,0.6451,train,normal
431,午餐,2,19,不差钱,一般,雨,家人,想健康,中辣,,26,烤鸡翅,烧烤小吃,1,chosen,0.636,0.6018,train,normal
431,午餐,2,19,不差钱,一般,雨,家人,想健康,中辣,,26,烤鸡翅,烧烤小吃,1,chosen,0.636,0.6682,train,normal
431,午餐,2,19,不差钱,一般,雨,家人,想健康,中辣,,27,烤茄子,烧烤小吃,0,considered,0.5488,0.5423,train,normal
431,午餐,2,19,不差钱,一般,雨,家人,想健康,中辣,,30,铁板豆腐,烧烤小吃,0,considered,0.5418,0.5446,train,normal
432,夜宵,5,84,省着点,一般,雨,朋友,想健康,微辣,,6,兰州牛肉面,面食粉面,1,chosen,0.6936,0.7172,train,normal
432,夜宵,5,84,省着点,一般,雨,朋友,想健康,微辣,,6,兰州牛肉面,面食粉面,1,chosen,0.6936,0.7291,train,normal
432,夜宵,5,84,省着点,一般,雨,朋友,想健康,微辣,,6,兰州牛肉面,面食粉面,1,chosen,0.6936,0.671,train,normal
433,晚餐,5,55,省着点,开心,晴,家人,不关心,微辣,,2,青椒肉丝盖饭,中式快餐盖饭,1,chosen,0.5777,0.4805,train,normal
433,晚餐,5,55,省着点,开心,晴,家人,不关心,微辣,,45,杂粮煎饼果子,早餐粥点,1,chosen,0.5718,0.5085,train,normal
433,晚餐,5,55,省着点,开心,晴,家人,不关心,微辣,,9,炸酱面,面食粉面,1,chosen,0.572,0.5459,train,normal
434,晚餐,1,23,正常,开心,雨,同事,随便,中辣,,6,兰州牛肉面,面食粉面,1,chosen,0.5369,0.5295,train,normal
434,晚餐,1,23,正常,开心,雨,同事,随便,中辣,,26,烤鸡翅,烧烤小吃,1,chosen,0.5653,0.5538,train,normal
434,晚餐,1,23,正常,开心,雨,同事,随便,中辣,,6,兰州牛肉面,面食粉面,1,chosen,0.5369,0.5899,train,normal
435,夜宵,3,102,正常,一般,晴,一个人,不关心,不吃辣,,8,番茄鸡蛋面,面食粉面,1,chosen,0.5193,0.4799,train,normal
435,夜宵,3,102,正常,一般,晴,一个人,不关心,不吃辣,,8,番茄鸡蛋面,面食粉面,1,chosen,0.5193,0.5331,train,normal
435,夜宵,3,102,正常,一般,晴,一个人,不关心,不吃辣,,8,番茄鸡蛋面,面食粉面,1,chosen,0.5193,0.5038,train,normal
435,夜宵,3,102,正常,一般,晴,一个人,不关心,不吃辣,,9,炸酱面,面食粉面,0,considered,0.4593,0.4276,train,normal
435,夜宵,3,102,正常,一般,晴,一个人,不关心,不吃辣,,6,兰州牛肉面,面食粉面,0,considered,0.437,0.4333,train,normal
436,午餐,2,76,正常,压力大,阴,一个人,随便,微辣,海鲜,40,奶油蘑菇汤+面包,西式简餐,1,chosen,0.5173,0.4915,train,normal
436,午餐,2,76,正常,压力大,阴,一个人,随便,微辣,海鲜,42,烤鸡胸配土豆泥,西式简餐,1,chosen,0.508,0.4875,train,normal
436,午餐,2,76,正常,压力大,阴,一个人,随便,微辣,海鲜,40,奶油蘑菇汤+面包,西式简餐,1,chosen,0.5173,0.5255,train,normal
436,午餐,2,76,正常,压力大,阴,一个人,随便,微辣,海鲜,42,烤鸡胸配土豆泥,西式简餐,0,considered,0.508,0.5425,train,normal
436,午餐,2,76,正常,压力大,阴,一个人,随便,微辣,海鲜,37,番茄肉酱意面,西式简餐,0,considered,0.504,0.5293,train,normal
437,夜宵,5,37,想吃好点,开心,晴,家人,不关心,微辣,,6,兰州牛肉面,面食粉面,1,chosen,0.6089,0.5557,train,normal
437,夜宵,5,37,想吃好点,开心,晴,家人,不关心,微辣,,6,兰州牛肉面,面食粉面,1,chosen,0.6089,0.559,train,normal
437,夜宵,5,37,想吃好点,开心,晴,家人,不关心,微辣,,6,兰州牛肉面,面食粉面,1,chosen,0.6089,0.6437,train,normal
438,晚餐,2,24,正常,一般,晴,朋友,不关心,中辣,乳制品,26,烤鸡翅,烧烤小吃,1,chosen,0.5927,0.5529,val,normal
438,晚餐,2,24,正常,一般,晴,朋友,不关心,中辣,乳制品,26,烤鸡翅,烧烤小吃,1,chosen,0.5927,0.5694,val,normal
438,晚餐,2,24,正常,一般,晴,朋友,不关心,中辣,乳制品,26,烤鸡翅,烧烤小吃,1,chosen,0.5927,0.5983,val,normal
438,晚餐,2,24,正常,一般,晴,朋友,不关心,中辣,乳制品,25,烤羊肉串,烧烤小吃,0,considered,0.559,0.5438,val,normal
438,晚餐,2,24,正常,一般,晴,朋友,不关心,中辣,乳制品,27,烤茄子,烧烤小吃,0,considered,0.5081,0.4691,val,normal
439,夜宵,4,39,不差钱,低落,晴,一个人,不关心,不吃辣,,24,菌汤火锅,火锅麻辣烫,1,chosen,0.5121,0.5054,val,normal
439,夜宵,4,39,不差钱,低落,晴,一个人,不关心,不吃辣,,24,菌汤火锅,火锅麻辣烫,1,chosen,0.5121,0.5158,val,normal
439,夜宵,4,39,不差钱,低落,晴,一个人,不关心,不吃辣,,20,清汤火锅,火锅麻辣烫,1,chosen,0.4726,0.4231,val,normal
440,午餐,2,67,正常,一般,雪,朋友,想健康,微辣,,42,烤鸡胸配土豆泥,西式简餐,1,chosen,0.7079,0.7168,test,snow
440,午餐,2,67,正常,一般,雪,朋友,想健康,微辣,,42,烤鸡胸配土豆泥,西式简餐,1,chosen,0.7079,0.7166,test,snow
440,午餐,2,67,正常,一般,雪,朋友,想健康,微辣,,42,烤鸡胸配土豆泥,西式简餐,1,chosen,0.7079,0.6952,test,snow
440,午餐,2,67,正常,一般,雪,朋友,想健康,微辣,,40,奶油蘑菇汤+面包,西式简餐,0,considered,0.7006,0.7183,test,snow
440,午餐,2,67,正常,一般,雪,朋友,想健康,微辣,,37,番茄肉酱意面,西式简餐,0,considered,0.6904,0.7211,test,snow
441,午餐,4,65,正常,开心,冷,同事,严格控制,微辣,,2,青椒肉丝盖饭,中式快餐盖饭,1,chosen,0.6371,0.5906,train,normal
441,午餐,4,65,正常,开心,冷,同事,严格控制,微辣,,2,青椒肉丝盖饭,中式快餐盖饭,1,chosen,0.6371,0.6185,train,normal
441,午餐,4,65,正常,开心,冷,同事,严格控制,微辣,,2,青椒肉丝盖饭,中式快餐盖饭,1,chosen,0.6371,0.6094,train,normal
442,晚餐,1,94,不差钱,疲惫,雨,朋友,想健康,不吃辣,,24,菌汤火锅,火锅麻辣烫,1,chosen,0.6667,0.5883,train,normal
442,晚餐,1,94,不差钱,疲惫,雨,朋友,想健康,不吃辣,,24,菌汤火锅,火锅麻辣烫,1,chosen,0.6667,0.6712,train,normal
442,晚餐,1,94,不差钱,疲惫,雨,朋友,想健康,不吃辣,,24,菌汤火锅,火锅麻辣烫,1,chosen,0.6667,0.69,train,normal
442,晚餐,1,94,不差钱,疲惫,雨,朋友,想健康,不吃辣,,20,清汤火锅,火锅麻辣烫,0,considered,0.6569,0.6814,train,normal
442,晚餐,1,94,不差钱,疲惫,雨,朋友,想健康,不吃辣,,22,关东煮,火锅麻辣烫,0,considered,0.429,0.4543,train,normal
443,晚餐,3,33,想吃好点,疲惫,晴,同事,不关心,中辣,,40,奶油蘑菇汤+面包,西式简餐,1,chosen,0.5874,0.5904,train,normal
443,晚餐,3,33,想吃好点,疲惫,晴,同事,不关心,中辣,,15,宫保鸡丁+米饭,家常炒菜,1,chosen,0.6017,0.5801,train,normal
443,晚餐,3,33,想吃好点,疲惫,晴,同事,不关心,中辣,,15,宫保鸡丁+米饭,家常炒菜,1,chosen,0.6017,0.589,train,normal
444,午餐,3,76,省着点,一般,热,家人,不关心,微辣,海鲜,9,炸酱面,面食粉面,1,chosen,0.5952,0.5735,test,normal
444,午餐,3,76,省着点,一般,热,家人,不关心,微辣,海鲜,9,炸酱面,面食粉面,1,chosen,0.5952,0.5987,test,normal
444,午餐,3,76,省着点,一般,热,家人,不关心,微辣,海鲜,6,兰州牛肉面,面食粉面,1,chosen,0.5689,0.5695,test,normal
445,晚餐,3,39,省着点,低落,晴,一个人,不关心,不吃辣,,9,炸酱面,面食粉面,1,chosen,0.4864,0.4383,train,normal
445,晚餐,3,39,省着点,低落,晴,一个人,不关心,不吃辣,,9,炸酱面,面食粉面,1,chosen,0.4864,0.4904,train,normal
445,晚餐,3,39,省着点,低落,晴,一个人,不关心,不吃辣,,9,炸酱面,面食粉面,1,chosen,0.4864,0.5414,train,normal
446,下午加餐,4,45,正常,疲惫,晴,一个人,严格控制,不吃辣,,32,藜麦牛油果碗,轻食健康,1,chosen,0.647,0.5848,train,normal
446,下午加餐,4,45,正常,疲惫,晴,一个人,严格控制,不吃辣,,32,藜麦牛油果碗,轻食健康,1,chosen,0.647,0.6349,train,normal
446,下午加餐,4,45,正常,疲惫,晴,一个人,严格控制,不吃辣,,32,藜麦牛油果碗,轻食健康,1,chosen,0.647,0.6454,train,normal
447,晚餐,4,83,省着点,低落,阴,一个人,严格控制,微辣,"海鲜,乳制品",2,青椒肉丝盖饭,中式快餐盖饭,1,chosen,0.5593,0.563,train,normal
447,晚餐,4,83,省着点,低落,阴,一个人,严格控制,微辣,"海鲜,乳制品",2,青椒肉丝盖饭,中式快餐盖饭,1,chosen,0.5593,0.5804,train,normal
447,晚餐,4,83,省着点,低落,阴,一个人,严格控制,微辣,"海鲜,乳制品",9,炸酱面,面食粉面,1,chosen,0.5274,0.5179,train,normal
448,午餐,4,33,想吃好点,一般,晴,约会,想健康,微辣,,42,烤鸡胸配土豆泥,西式简餐,1,chosen,0.6532,0.68,train,normal
448,午餐,4,33,想吃好点,一般,晴,约会,想健康,微辣,,42,烤鸡胸配土豆泥,西式简餐,1,chosen,0.6532,0.6696,train,normal
448,午餐,4,33,想吃好点,一般,晴,约会,想健康,微辣,,42,烤鸡胸配土豆泥,西式简餐,1,chosen,0.6532,0.6459,train,normal
448,午餐,4,33,想吃好点,一般,晴,约会,想健康,微辣,,37,番茄肉酱意面,西式简餐,0,considered,0.6434,0.675,train,normal
448,午餐,4,33,想吃好点,一般,晴,约会,想健康,微辣,,40,奶油蘑菇汤+面包,西式简餐,0,considered,0.6366,0.5839,train,normal
449,午餐,3,24,省着点,低落,冷,家人,随便,中辣,,11,云南小锅米线,面食粉面,1,chosen,0.6604,0.5744,train,normal
449,午餐,3,24,省着点,低落,冷,家人,随便,中辣,,11,云南小锅米线,面食粉面,1,chosen,0.6604,0.6806,train,normal
449,午餐,3,24,省着点,低落,冷,家人,随便,中辣,,11,云南小锅米线,面食粉面,1,chosen,0.6604,0.6832,train,normal
449,午餐,3,24,省着点,低落,冷,家人,随便,中辣,,6,兰州牛肉面,面食粉面,0,considered,0.6386,0.6306,train,normal
449,午餐,3,24,省着点,低落,冷,家人,随便,中辣,,7,重庆小面,面食粉面,0,considered,0.5858,0.6134,train,normal
450,晚餐,3,101,不差钱,低落,雨,朋友,想健康,中辣,素食,11,云南小锅米线,面食粉面,1,chosen,0.6894,0.6752,test,normal
450,晚餐,3,101,不差钱,低落,雨,朋友,想健康,中辣,素食,11,云南小锅米线,面食粉面,1,chosen,0.6894,0.638,test,normal
450,晚餐,3,101,不差钱,低落,雨,朋友,想健康,中辣,素食,24,菌汤火锅,火锅麻辣烫,1,chosen,0.6815,0.6371,test,normal
450,晚餐,3,101,不差钱,低落,雨,朋友,想健康,中辣,素食,6,兰州牛肉面,面食粉面,0,considered,0.6622,0.6286,test,normal
450,晚餐,3,101,不差钱,低落,雨,朋友,想健康,中辣,素食,9,炸酱面,面食粉面,0,considered,0.6157,0.6339,test,normal
451,夜宵,5,67,正常,疲惫,雪,约会,想健康,不吃辣,,42,烤鸡胸配土豆泥,西式简餐,1,chosen,0.7921,0.7797,test,snow
451,夜宵,5,67,正常,疲惫,雪,约会,想健康,不吃辣,,42,烤鸡胸配土豆泥,西式简餐,1,chosen,0.7921,0.7961,test,snow
451,夜宵,5,67,正常,疲惫,雪,约会,想健康,不吃辣,,8,番茄鸡蛋面,面食粉面,1,chosen,0.7442,0.8274,test,snow
451,夜宵,5,67,正常,疲惫,雪,约会,想健康,不吃辣,,37,番茄肉酱意面,西式简餐,0,considered,0.7918,0.7835,test,snow
451,夜宵,5,67,正常,疲惫,雪,约会,想健康,不吃辣,,40,奶油蘑菇汤+面包,西式简餐,0,considered,0.7848,0.7685,test,snow
452,晚餐,1,71,正常,一般,雨,同事,想健康,中辣,,26,烤鸡翅,烧烤小吃,1,chosen,0.5832,0.6092,train,normal
452,晚餐,1,71,正常,一般,雨,同事,想健康,中辣,,26,烤鸡翅,烧烤小吃,1,chosen,0.5832,0.5963,train,normal
452,晚餐,1,71,正常,一般,雨,同事,想健康,中辣,,26,烤鸡翅,烧烤小吃,1,chosen,0.5832,0.5895,train,normal
453,下午加餐,3,60,想吃好点,一般,阴,一个人,不关心,重辣,,33,三文鱼沙拉,轻食健康,1,chosen,0.5667,0.5584,train,normal
453,下午加餐,3,60,想吃好点,一般,阴,一个人,不关心,重辣,,36,希腊酸奶坚果碗,轻食健康,1,chosen,0.561,0.5925,train,normal
453,下午加餐,3,60,想吃好点,一般,阴,一个人,不关心,重辣,,33,三文鱼沙拉,轻食健康,1,chosen,0.5667,0.5255,train,normal
454,晚餐,3,70,正常,兴奋,阴,家人,不关心,微辣,,42,烤鸡胸配土豆泥,西式简餐,1,chosen,0.5959,0.6121,train,normal
454,晚餐,3,70,正常,兴奋,阴,家人,不关心,微辣,,42,烤鸡胸配土豆泥,西式简餐,1,chosen,0.5959,0.5582,train,normal
454,晚餐,3,70,正常,兴奋,阴,家人,不关心,微辣,,42,烤鸡胸配土豆泥,西式简餐,1,chosen,0.5959,0.5665,train,normal
455,晚餐,5,78,想吃好点,一般,晴,约会,随便,不吃辣,素食,18,地三鲜+米饭,家常炒菜,1,chosen,0.6252,0.6298,train,normal
455,晚餐,5,78,想吃好点,一般,晴,约会,随便,不吃辣,素食,18,地三鲜+米饭,家常炒菜,1,chosen,0.6252,0.6014,train,normal
455,晚餐,5,78,想吃好点,一般,晴,约会,随便,不吃辣,素食,18,地三鲜+米饭,家常炒菜,1,chosen,0.6252,0.6181,train,normal
456,下午加餐,3,50,省着点,开心,晴,一个人,随便,重辣,乳制品,34,全麦鸡肉三明治,轻食健康,1,chosen,0.5542,0.6014,val,normal
456,下午加餐,3,50,省着点,开心,晴,一个人,随便,重辣,乳制品,34,全麦鸡肉三明治,轻食健康,1,chosen,0.5542,0.5809,val,normal
456,下午加餐,3,50,省着点,开心,晴,一个人,随便,重辣,乳制品,32,藜麦牛油果碗,轻食健康,1,chosen,0.4854,0.4932,val,normal
456,下午加餐,3,50,省着点,开心,晴,一个人,随便,重辣,乳制品,35,水煮时蔬+溏心蛋,轻食健康,0,considered,0.5292,0.5446,val,normal
456,下午加餐,3,50,省着点,开心,晴,一个人,随便,重辣,乳制品,31,鸡胸肉沙拉,轻食健康,0,considered,0.514,0.454,val,normal
457,早餐,3,45,不差钱,低落,热,朋友,想健康,中辣,麸质,8,番茄鸡蛋面,面食粉面,1,chosen,0.6285,0.6025,val,normal
457,早餐,3,45,不差钱,低落,热,朋友,想健康,中辣,麸质,11,云南小锅米线,面食粉面,1,chosen,0.6665,0.657,val,normal
457,早餐,3,45,不差钱,低落,热,朋友,想健康,中辣,麸质,11,云南小锅米线,面食粉面,1,chosen,0.6665,0.6139,val,normal
458,晚餐,2,52,想吃好点,一般,晴,朋友,不关心,不吃辣,乳制品,42,烤鸡胸配土豆泥,西式简餐,1,chosen,0.5632,0.5834,train,normal
458,晚餐,2,52,想吃好点,一般,晴,朋友,不关心,不吃辣,乳制品,42,烤鸡胸配土豆泥,西式简餐,1,chosen,0.5632,0.6009,train,normal
458,晚餐,2,52,想吃好点,一般,晴,朋友,不关心,不吃辣,乳制品,38,香煎牛排,西式简餐,1,chosen,0.5416,0.5307,train,normal
459,午餐,4,31,想吃好点,压力大,晴,一个人,不关心,中辣,,15,宫保鸡丁+米饭,家常炒菜,1,chosen,0.5714,0.5899,train,normal
459,午餐,4,31,想吃好点,压力大,晴,一个人,不关心,中辣,,15,宫保鸡丁+米饭,家常炒菜,1,chosen,0.5714,0.5052,train,normal
459,午餐,4,31,想吃好点,压力大,晴,一个人,不关心,中辣,,15,宫保鸡丁+米饭,家常炒菜,1,chosen,0.5714,0.6117,train,normal
460,晚餐,1,63,正常,压力大,冷,一个人,不关心,重辣,"海鲜,乳制品",19,麻辣烫,火锅麻辣烫,1,chosen,0.5793,0.6679,train,normal
460,晚餐,1,63,正常,压力大,冷,一个人,不关心,重辣,"海鲜,乳制品",19,麻辣烫,火锅麻辣烫,1,chosen,0.5793,0.5926,train,normal
460,晚餐,1,63,正常,压力大,冷,一个人,不关心,重辣,"海鲜,乳制品",19,麻辣烫,火锅麻辣烫,1,chosen,0.5793,0.6112,train,normal
461,午餐,1,22,省着点,压力大,阴,同事,想健康,不吃辣,,17,蒜蓉西兰花+米饭,家常炒菜,1,chosen,0.5462,0.5562,train,normal
461,午餐,1,22,省着点,压力大,阴,同事,想健康,不吃辣,,17,蒜蓉西兰花+米饭,家常炒菜,1,chosen,0.5462,0.5762,train,normal
461,午餐,1,22,省着点,压力大,阴,同事,想健康,不吃辣,,17,蒜蓉西兰花+米饭,家常炒菜,1,chosen,0.5462,0.5721,train,normal
461,午餐,1,22,省着点,压力大,阴,同事,想健康,不吃辣,,12,西红柿炒蛋+米饭,家常炒菜,0,considered,0.531,0.5593,train,normal
461,午餐,1,22,省着点,压力大,阴,同事,想健康,不吃辣,,18,地三鲜+米饭,家常炒菜,0,considered,0.4821,0.423,train,normal
462,午餐,4,29,省着点,一般,冷,家人,想健康,不吃辣,,18,地三鲜+米饭,家常炒菜,1,chosen,0.6324,0.6303,train,normal
462,午餐,4,29,省着点,一般,冷,家人,想健康,不吃辣,,18,地三鲜+米饭,家常炒菜,1,chosen,0.6324,0.5877,train,normal
462,午餐,4,29,省着点,一般,冷,家人,想健康,不吃辣,,18,地三鲜+米饭,家常炒菜,1,chosen,0.6324,0.5847,train,normal
463,晚餐,3,62,想吃好点,疲惫,雨,一个人,想健康,中辣,乳制品,15,宫保鸡丁+米饭,家常炒菜,1,chosen,0.6543,0.6417,train,normal
463,晚餐,3,62,想吃好点,疲惫,雨,一个人,想健康,中辣,乳制品,15,宫保鸡丁+米饭,家常炒菜,1,chosen,0.6543,0.6251,train,normal
463,晚餐,3,62,想吃好点,疲惫,雨,一个人,想健康,中辣,乳制品,15,宫保鸡丁+米饭,家常炒菜,1,chosen,0.6543,0.6494,train,normal
464,早餐,3,51,正常,兴奋,晴,一个人,随便,微辣,,44,小笼包+豆浆,早餐粥点,1,chosen,0.583,0.5513,train,normal
464,早餐,3,51,正常,兴奋,晴,一个人,随便,微辣,,44,小笼包+豆浆,早餐粥点,1,chosen,0.583,0.6388,train,normal
464,早餐,3,51,正常,兴奋,晴,一个人,随便,微辣,,44,小笼包+豆浆,早餐粥点,1,chosen,0.583,0.5874,train,normal
465,晚餐,4,49,省着点,疲惫,热,一个人,想健康,重辣,素食,9,炸酱面,面食粉面,1,chosen,0.6108,0.6606,train,normal
465,晚餐,4,49,省着点,疲惫,热,一个人,想健康,重辣,素食,9,炸酱面,面食粉面,1,chosen,0.6108,0.5964,train,normal
465,晚餐,4,49,省着点,疲惫,热,一个人,想健康,重辣,素食,9,炸酱面,面食粉面,1,chosen,0.6108,0.6149,train,normal
466,晚餐,3,63,正常,一般,热,一个人,随便,不吃辣,乳制品,37,番茄肉酱意面,西式简餐,1,chosen,0.4873,0.5151,train,normal
466,晚餐,3,63,正常,一般,热,一个人,随便,不吃辣,乳制品,9,炸酱面,面食粉面,1,chosen,0.516,0.5727,train,normal
466,晚餐,3,63,正常,一般,热,一个人,随便,不吃辣,乳制品,9,炸酱面,面食粉面,1,chosen,0.516,0.4939,train,normal
467,下午加餐,5,62,想吃好点,低落,雪,同事,想健康,中辣,,34,全麦鸡肉三明治,轻食健康,1,chosen,0.6691,0.6303,test,snow
467,下午加餐,5,62,想吃好点,低落,雪,同事,想健康,中辣,,34,全麦鸡肉三明治,轻食健康,1,chosen,0.6691,0.6769,test,snow
467,下午加餐,5,62,想吃好点,低落,雪,同事,想健康,中辣,,34,全麦鸡肉三明治,轻食健康,1,chosen,0.6691,0.6929,test,snow
468,晚餐,2,15,正常,一般,冷,约会,随便,重辣,,19,麻辣烫,火锅麻辣烫,1,chosen,0.6414,0.6661,test,normal
468,晚餐,2,15,正常,一般,冷,约会,随便,重辣,,19,麻辣烫,火锅麻辣烫,1,chosen,0.6414,0.6101,test,normal
468,晚餐,2,15,正常,一般,冷,约会,随便,重辣,,19,麻辣烫,火锅麻辣烫,1,chosen,0.6414,0.6677,test,normal
469,早餐,2,22,想吃好点,压力大,晴,家人,随便,微辣,,44,小笼包+豆浆,早餐粥点,1,chosen,0.6457,0.666,train,normal
469,早餐,2,22,想吃好点,压力大,晴,家人,随便,微辣,,44,小笼包+豆浆,早餐粥点,1,chosen,0.6457,0.6651,train,normal
469,早餐,2,22,想吃好点,压力大,晴,家人,随便,微辣,,44,小笼包+豆浆,早餐粥点,1,chosen,0.6457,0.5858,train,normal
470,晚餐,5,22,省着点,兴奋,雨,家人,想健康,微辣,,2,青椒肉丝盖饭,中式快餐盖饭,1,chosen,0.6647,0.6087,train,normal
470,晚餐,5,22,省着点,兴奋,雨,家人,想健康,微辣,,2,青椒肉丝盖饭,中式快餐盖饭,1,chosen,0.6647,0.672,train,normal
470,晚餐,5,22,省着点,兴奋,雨,家人,想健康,微辣,,2,青椒肉丝盖饭,中式快餐盖饭,1,chosen,0.6647,0.6267,train,normal
470,晚餐,5,22,省着点,兴奋,雨,家人,想健康,微辣,,1,黄焖鸡米饭,中式快餐盖饭,0,considered,0.63,0.5579,train,normal
470,晚餐,5,22,省着点,兴奋,雨,家人,想健康,微辣,,0,番茄牛腩饭,中式快餐盖饭,0,considered,0.6255,0.6212,train,normal
471,午餐,4,31,省着点,开心,雨,家人,随便,中辣,素食,11,云南小锅米线,面食粉面,1,chosen,0.6303,0.5966,train,normal
471,午餐,4,31,省着点,开心,雨,家人,随便,中辣,素食,11,云南小锅米线,面食粉面,1,chosen,0.6303,0.6734,train,normal
471,午餐,4,31,省着点,开心,雨,家人,随便,中辣,素食,11,云南小锅米线,面食粉面,1,chosen,0.6303,0.5609,train,normal
472,下午加餐,1,33,省着点,一般,阴,同事,想健康,微辣,海鲜,35,水煮时蔬+溏心蛋,轻食健康,1,chosen,0.6308,0.6331,train,normal
472,下午加餐,1,33,省着点,一般,阴,同事,想健康,微辣,海鲜,35,水煮时蔬+溏心蛋,轻食健康,1,chosen,0.6308,0.5756,train,normal
472,下午加餐,1,33,省着点,一般,阴,同事,想健康,微辣,海鲜,35,水煮时蔬+溏心蛋,轻食健康,1,chosen,0.6308,0.6247,train,normal
473,晚餐,2,63,想吃好点,低落,热,朋友,严格控制,不吃辣,,24,菌汤火锅,火锅麻辣烫,1,chosen,0.6475,0.6498,train,normal
473,晚餐,2,63,想吃好点,低落,热,朋友,严格控制,不吃辣,,24,菌汤火锅,火锅麻辣烫,1,chosen,0.6475,0.6433,train,normal
473,晚餐,2,63,想吃好点,低落,热,朋友,严格控制,不吃辣,,24,菌汤火锅,火锅麻辣烫,1,chosen,0.6475,0.6659,train,normal
473,晚餐,2,63,想吃好点,低落,热,朋友,严格控制,不吃辣,,20,清汤火锅,火锅麻辣烫,0,considered,0.6106,0.6037,train,normal
473,晚餐,2,63,想吃好点,低落,热,朋友,严格控制,不吃辣,,22,关东煮,火锅麻辣烫,0,considered,0.4177,0.4334,train,normal
474,晚餐,4,71,正常,低落,热,朋友,严格控制,重辣,,13,麻婆豆腐+米饭,家常炒菜,1,chosen,0.7425,0.7183,train,normal
474,晚餐,4,71,正常,低落,热,朋友,严格控制,重辣,,13,麻婆豆腐+米饭,家常炒菜,1,chosen,0.7425,0.689,train,normal
474,晚餐,4,71,正常,低落,热,朋友,严格控制,重辣,,13,麻婆豆腐+米饭,家常炒菜,1,chosen,0.7425,0.7589,train,normal
474,晚餐,4,71,正常,低落,热,朋友,严格控制,重辣,,15,宫保鸡丁+米饭,家常炒菜,0,considered,0.7221,0.7615,train,normal
474,晚餐,4,71,正常,低落,热,朋友,严格控制,重辣,,12,西红柿炒蛋+米饭,家常炒菜,0,considered,0.5833,0.5496,train,normal
475,午餐,3,47,想吃好点,一般,雪,同事,不关心,不吃辣,麸质,18,地三鲜+米饭,家常炒菜,1,chosen,0.6321,0.6287,test,snow
475,午餐,3,47,想吃好点,一般,雪,同事,不关心,不吃辣,麸质,42,烤鸡胸配土豆泥,西式简餐,1,chosen,0.6446,0.6777,test,snow
475,午餐,3,47,想吃好点,一般,雪,同事,不关心,不吃辣,麸质,42,烤鸡胸配土豆泥,西式简餐,1,chosen,0.6446,0.6369,test,snow
475,午餐,3,47,想吃好点,一般,雪,同事,不关心,不吃辣,麸质,38,香煎牛排,西式简餐,0,considered,0.6206,0.6123,test,snow
475,午餐,3,47,想吃好点,一般,雪,同事,不关心,不吃辣,麸质,37,番茄肉酱意面,西式简餐,0,considered,0.0,0.0,test,snow
476,下午加餐,4,20,不差钱,疲惫,阴,一个人,随便,不吃辣,乳制品,32,藜麦牛油果碗,轻食健康,1,chosen,0.5588,0.5819,test,normal
476,下午加餐,4,20,不差钱,疲惫,阴,一个人,随便,不吃辣,乳制品,32,藜麦牛油果碗,轻食健康,1,chosen,0.5588,0.5266,test,normal
476,下午加餐,4,20,不差钱,疲惫,阴,一个人,随便,不吃辣,乳制品,32,藜麦牛油果碗,轻食健康,1,chosen,0.5588,0.5427,test,normal
477,下午加餐,4,34,省着点,一般,热,朋友,严格控制,中辣,,34,全麦鸡肉三明治,轻食健康,1,chosen,0.6731,0.6982,val,normal
477,下午加餐,4,34,省着点,一般,热,朋友,严格控制,中辣,,34,全麦鸡肉三明治,轻食健康,1,chosen,0.6731,0.6137,val,normal
477,下午加餐,4,34,省着点,一般,热,朋友,严格控制,中辣,,34,全麦鸡肉三明治,轻食健康,1,chosen,0.6731,0.6239,val,normal
478,晚餐,3,103,正常,低落,晴,家人,想健康,不吃辣,素食,40,奶油蘑菇汤+面包,西式简餐,1,chosen,0.6314,0.5791,train,normal
478,晚餐,3,103,正常,低落,晴,家人,想健康,不吃辣,素食,40,奶油蘑菇汤+面包,西式简餐,1,chosen,0.6314,0.6709,train,normal
478,晚餐,3,103,正常,低落,晴,家人,想健康,不吃辣,素食,40,奶油蘑菇汤+面包,西式简餐,1,chosen,0.6314,0.6355,train,normal
479,夜宵,4,34,省着点,疲惫,晴,朋友,随便,中辣,,11,云南小锅米线,面食粉面,1,chosen,0.6712,0.5466,test,normal
479,夜宵,4,34,省着点,疲惫,晴,朋友,随便,中辣,,11,云南小锅米线,面食粉面,1,chosen,0.6712,0.7096,test,normal
479,夜宵,4,34,省着点,疲惫,晴,朋友,随便,中辣,,28,烤冷面,烧烤小吃,1,chosen,0.6391,0.5769,test,normal
479,夜宵,4,34,省着点,疲惫,晴,朋友,随便,中辣,,6,兰州牛肉面,面食粉面,0,considered,0.6552,0.6569,test,normal
479,夜宵,4,34,省着点,疲惫,晴,朋友,随便,中辣,,9,炸酱面,面食粉面,0,considered,0.6038,0.5957,test,normal
480,早餐,4,62,不差钱,兴奋,晴,朋友,不关心,微辣,,45,杂粮煎饼果子,早餐粥点,1,chosen,0.5781,0.5484,train,normal
480,早餐,4,62,不差钱,兴奋,晴,朋友,不关心,微辣,,45,杂粮煎饼果子,早餐粥点,1,chosen,0.5781,0.5306,train,normal
480,早餐,4,62,不差钱,兴奋,晴,朋友,不关心,微辣,,45,杂粮煎饼果子,早餐粥点,1,chosen,0.5781,0.5586,train,normal
481,午餐,3,66,正常,一般,晴,约会,不关心,中辣,,15,宫保鸡丁+米饭,家常炒菜,1,chosen,0.641,0.6874,train,normal
481,午餐,3,66,正常,一般,晴,约会,不关心,中辣,,15,宫保鸡丁+米饭,家常炒菜,1,chosen,0.641,0.6805,train,normal
481,午餐,3,66,正常,一般,晴,约会,不关心,中辣,,15,宫保鸡丁+米饭,家常炒菜,1,chosen,0.641,0.637,train,normal
481,午餐,3,66,正常,一般,晴,约会,不关心,中辣,,18,地三鲜+米饭,家常炒菜,0,considered,0.598,0.562,train,normal
481,午餐,3,66,正常,一般,晴,约会,不关心,中辣,,13,麻婆豆腐+米饭,家常炒菜,0,considered,0.5517,0.5617,train,normal
482,早餐,4,17,想吃好点,压力大,雪,朋友,不关心,不吃辣,素食,44,小笼包+豆浆,早餐粥点,1,chosen,0.7371,0.6892,test,snow
482,早餐,4,17,想吃好点,压力大,雪,朋友,不关心,不吃辣,素食,44,小笼包+豆浆,早餐粥点,1,chosen,0.7371,0.758,test,snow
482,早餐,4,17,想吃好点,压力大,雪,朋友,不关心,不吃辣,素食,44,小笼包+豆浆,早餐粥点,1,chosen,0.7371,0.7053,test,snow
483,午餐,3,17,不差钱,开心,雨,同事,随便,不吃辣,,40,奶油蘑菇汤+面包,西式简餐,1,chosen,0.5682,0.5484,train,normal
483,午餐,3,17,不差钱,开心,雨,同事,随便,不吃辣,,9,炸酱面,面食粉面,1,chosen,0.5431,0.572,train,normal
483,午餐,3,17,不差钱,开心,雨,同事,随便,不吃辣,,40,奶油蘑菇汤+面包,西式简餐,1,chosen,0.5682,0.5516,train,normal
484,夜宵,5,15,省着点,兴奋,晴,家人,想健康,不吃辣,海鲜,9,炸酱面,面食粉面,1,chosen,0.5859,0.5344,train,normal
484,夜宵,5,15,省着点,兴奋,晴,家人,想健康,不吃辣,海鲜,9,炸酱面,面食粉面,1,chosen,0.5859,0.5733,train,normal
484,夜宵,5,15,省着点,兴奋,晴,家人,想健康,不吃辣,海鲜,2,青椒肉丝盖饭,中式快餐盖饭,1,chosen,0.5107,0.5042,train,normal
484,夜宵,5,15,省着点,兴奋,晴,家人,想健康,不吃辣,海鲜,8,番茄鸡蛋面,面食粉面,0,considered,0.5694,0.5583,train,normal
484,夜宵,5,15,省着点,兴奋,晴,家人,想健康,不吃辣,海鲜,6,兰州牛肉面,面食粉面,0,considered,0.5565,0.5519,train,normal
485,夜宵,3,57,想吃好点,一般,雨,同事,不关心,微辣,,28,烤冷面,烧烤小吃,1,chosen,0.6444,0.6428,train,normal
485,夜宵,3,57,想吃好点,一般,雨,同事,不关心,微辣,,28,烤冷面,烧烤小吃,1,chosen,0.6444,0.6486,train,normal
485,夜宵,3,57,想吃好点,一般,雨,同事,不关心,微辣,,28,烤冷面,烧烤小吃,1,chosen,0.6444,0.636,train,normal
485,夜宵,3,57,想吃好点,一般,雨,同事,不关心,微辣,,26,烤鸡翅,烧烤小吃,0,considered,0.5731,0.6132,train,normal
485,夜宵,3,57,想吃好点,一般,雨,同事,不关心,微辣,,27,烤茄子,烧烤小吃,0,considered,0.564,0.6253,train,normal
486,午餐,3,103,正常,一般,晴,一个人,不关心,中辣,,15,宫保鸡丁+米饭,家常炒菜,1,chosen,0.5232,0.487,train,normal
486,午餐,3,103,正常,一般,晴,一个人,不关心,中辣,,15,宫保鸡丁+米饭,家常炒菜,1,chosen,0.5232,0.5364,train,normal
486,午餐,3,103,正常,一般,晴,一个人,不关心,中辣,,26,烤鸡翅,烧烤小吃,1,chosen,0.4973,0.5012,train,normal
486,午餐,3,103,正常,一般,晴,一个人,不关心,中辣,,18,地三鲜+米饭,家常炒菜,0,considered,0.4802,0.4774,train,normal
486,午餐,3,103,正常,一般,晴,一个人,不关心,中辣,,17,蒜蓉西兰花+米饭,家常炒菜,0,considered,0.4535,0.3526,train,normal
487,晚餐,4,44,正常,疲惫,热,同事,想健康,不吃辣,乳制品,9,炸酱面,面食粉面,1,chosen,0.6538,0.7099,train,normal
487,晚餐,4,44,正常,疲惫,热,同事,想健康,不吃辣,乳制品,9,炸酱面,面食粉面,1,chosen,0.6538,0.6187,train,normal
487,晚餐,4,44,正常,疲惫,热,同事,想健康,不吃辣,乳制品,9,炸酱面,面食粉面,1,chosen,0.6538,0.6978,train,normal
487,晚餐,4,44,正常,疲惫,热,同事,想健康,不吃辣,乳制品,6,兰州牛肉面,面食粉面,0,considered,0.5345,0.5314,train,normal
487,晚餐,4,44,正常,疲惫,热,同事,想健康,不吃辣,乳制品,8,番茄鸡蛋面,面食粉面,0,considered,0.5259,0.5013,train,normal
488,午餐,3,41,正常,一般,热,家人,随便,不吃辣,麸质,9,炸酱面,面食粉面,1,chosen,0.5952,0.5814,train,normal
488,午餐,3,41,正常,一般,热,家人,随便,不吃辣,麸质,9,炸酱面,面食粉面,1,chosen,0.5952,0.5945,train,normal
488,午餐,3,41,正常,一般,热,家人,随便,不吃辣,麸质,9,炸酱面,面食粉面,1,chosen,0.5952,0.571,train,normal
489,午餐,2,72,省着点,一般,雨,一个人,随便,重辣,海鲜,11,云南小锅米线,面食粉面,1,chosen,0.5126,0.4937,train,normal
489,午餐,2,72,省着点,一般,雨,一个人,随便,重辣,海鲜,19,麻辣烫,火锅麻辣烫,1,chosen,0.5335,0.5056,train,normal
489,午餐,2,72,省着点,一般,雨,一个人,随便,重辣,海鲜,19,麻辣烫,火锅麻辣烫,1,chosen,0.5335,0.5125,train,normal
489,午餐,2,72,省着点,一般,雨,一个人,随便,重辣,海鲜,23,冒菜,火锅麻辣烫,0,considered,0.474,0.5267,train,normal
489,午餐,2,72,省着点,一般,雨,一个人,随便,重辣,海鲜,22,关东煮,火锅麻辣烫,0,considered,0.4463,0.4358,train,normal
490,午餐,3,31,正常,压力大,冷,朋友,想健康,重辣,,13,麻婆豆腐+米饭,家常炒菜,1,chosen,0.7728,0.7946,test,normal
490,午餐,3,31,正常,压力大,冷,朋友,想健康,重辣,,13,麻婆豆腐+米饭,家常炒菜,1,chosen,0.7728,0.8089,test,normal
490,午餐,3,31,正常,压力大,冷,朋友,想健康,重辣,,13,麻婆豆腐+米饭,家常炒菜,1,chosen,0.7728,0.7422,test,normal
490,午餐,3,31,正常,压力大,冷,朋友,想健康,重辣,,15,宫保鸡丁+米饭,家常炒菜,0,considered,0.7636,0.7655,test,normal
490,午餐,3,31,正常,压力大,冷,朋友,想健康,重辣,,18,地三鲜+米饭,家常炒菜,0,considered,0.6887,0.6674,test,normal
491,午餐,1,67,想吃好点,开心,雨,约会,不关心,中辣,素食,40,奶油蘑菇汤+面包,西式简餐,1,chosen,0.6118,0.7016,train,normal
491,午餐,1,67,想吃好点,开心,雨,约会,不关心,中辣,素食,40,奶油蘑菇汤+面包,西式简餐,1,chosen,0.6118,0.6423,train,normal
491,午餐,1,67,想吃好点,开心,雨,约会,不关心,中辣,素食,40,奶油蘑菇汤+面包,西式简餐,1,chosen,0.6118,0.6011,train,normal
492,早餐,5,39,想吃好点,兴奋,雨,家人,想健康,微辣,,6,兰州牛肉面,面食粉面,1,chosen,0.6686,0.6615,train,normal
492,早餐,5,39,想吃好点,兴奋,雨,家人,想健康,微辣,,6,兰州牛肉面,面食粉面,1,chosen,0.6686,0.6066,train,normal
492,早餐,5,39,想吃好点,兴奋,雨,家人,想健康,微辣,,6,兰州牛肉面,面食粉面,1,chosen,0.6686,0.6829,train,normal
493,夜宵,4,69,不差钱,疲惫,阴,家人,想健康,中辣,,24,菌汤火锅,火锅麻辣烫,1,chosen,0.7244,0.6965,train,normal
493,夜宵,4,69,不差钱,疲惫,阴,家人,想健康,中辣,,20,清汤火锅,火锅麻辣烫,1,chosen,0.7147,0.7788,train,normal
493,夜宵,4,69,不差钱,疲惫,阴,家人,想健康,中辣,,24,菌汤火锅,火锅麻辣烫,1,chosen,0.7244,0.7369,train,normal
493,夜宵,4,69,不差钱,疲惫,阴,家人,想健康,中辣,,20,清汤火锅,火锅麻辣烫,0,considered,0.7147,0.6638,train,normal
493,夜宵,4,69,不差钱,疲惫,阴,家人,想健康,中辣,,23,冒菜,火锅麻辣烫,0,considered,0.5561,0.516,train,normal
494,午餐,2,59,省着点,压力大,阴,一个人,想健康,重辣,麸质,13,麻婆豆腐+米饭,家常炒菜,1,chosen,0.5635,0.5764,train,normal
494,午餐,2,59,省着点,压力大,阴,一个人,想健康,重辣,麸质,13,麻婆豆腐+米饭,家常炒菜,1,chosen,0.5635,0.5008,train,normal
494,午餐,2,59,省着点,压力大,阴,一个人,想健康,重辣,麸质,13,麻婆豆腐+米饭,家常炒菜,1,chosen,0.5635,0.6119,train,normal
494,午餐,2,59,省着点,压力大,阴,一个人,想健康,重辣,麸质,17,蒜蓉西兰花+米饭,家常炒菜,0,considered,0.5304,0.5935,train,normal
494,午餐,2,59,省着点,压力大,阴,一个人,想健康,重辣,麸质,15,宫保鸡丁+米饭,家常炒菜,0,considered,0.5252,0.5206,train,normal
495,下午加餐,3,60,想吃好点,疲惫,雨,一个人,严格控制,微辣,,32,藜麦牛油果碗,轻食健康,1,chosen,0.7299,0.7559,train,normal
495,下午加餐,3,60,想吃好点,疲惫,雨,一个人,严格控制,微辣,,33,三文鱼沙拉,轻食健康,1,chosen,0.7195,0.69,train,normal
495,下午加餐,3,60,想吃好点,疲惫,雨,一个人,严格控制,微辣,,32,藜麦牛油果碗,轻食健康,1,chosen,0.7299,0.7712,train,normal
495,下午加餐,3,60,想吃好点,疲惫,雨,一个人,严格控制,微辣,,33,三文鱼沙拉,轻食健康,0,considered,0.7195,0.7627,train,normal
495,下午加餐,3,60,想吃好点,疲惫,雨,一个人,严格控制,微辣,,34,全麦鸡肉三明治,轻食健康,0,considered,0.7184,0.716,train,normal
496,晚餐,2,70,想吃好点,一般,晴,朋友,不关心,重辣,海鲜,19,麻辣烫,火锅麻辣烫,1,chosen,0.6151,0.5772,train,normal
496,晚餐,2,70,想吃好点,一般,晴,朋友,不关心,重辣,海鲜,19,麻辣烫,火锅麻辣烫,1,chosen,0.6151,0.5674,train,normal
496,晚餐,2,70,想吃好点,一般,晴,朋友,不关心,重辣,海鲜,19,麻辣烫,火锅麻辣烫,1,chosen,0.6151,0.6176,train,normal
497,下午加餐,2,68,想吃好点,一般,阴,朋友,随便,微辣,,32,藜麦牛油果碗,轻食健康,1,chosen,0.6164,0.6257,train,normal
497,下午加餐,2,68,想吃好点,一般,阴,朋友,随便,微辣,,33,三文鱼沙拉,轻食健康,1,chosen,0.6164,0.5844,train,normal
497,下午加餐,2,68,想吃好点,一般,阴,朋友,随便,微辣,,34,全麦鸡肉三明治,轻食健康,1,chosen,0.6064,0.5878,train,normal
498,午餐,3,15,正常,疲惫,晴,一个人,想健康,重辣,,13,麻婆豆腐+米饭,家常炒菜,1,chosen,0.5907,0.5858,train,normal
498,午餐,3,15,正常,疲惫,晴,一个人,想健康,重辣,,13,麻婆豆腐+米饭,家常炒菜,1,chosen,0.5907,0.5879,train,normal
498,午餐,3,15,正常,疲惫,晴,一个人,想健康,重辣,,13,麻婆豆腐+米饭,家常炒菜,1,chosen,0.5907,0.5622,train,normal
498,午餐,3,15,正常,疲惫,晴,一个人,想健康,重辣,,15,宫保鸡丁+米饭,家常炒菜,0,considered,0.571,0.5357,train,normal
498,午餐,3,15,正常,疲惫,晴,一个人,想健康,重辣,,17,蒜蓉西兰花+米饭,家常炒菜,0,considered,0.5387,0.5365,train,normal
499,晚餐,2,65,正常,低落,阴,约会,想健康,中辣,麸质,15,宫保鸡丁+米饭,家常炒菜,1,chosen,0.6937,0.6784,train,normal
499,晚餐,2,65,正常,低落,阴,约会,想健康,中辣,麸质,15,宫保鸡丁+米饭,家常炒菜,1,chosen,0.6937,0.7059,train,normal
499,晚餐,2,65,正常,低落,阴,约会,想健康,中辣,麸质,15,宫保鸡丁+米饭,家常炒菜,1,chosen,0.6937,0.7161,train,normal
500,午餐,2,15,省着点,开心,雨,朋友,不关心,中辣,,11,云南小锅米线,面食粉面,1,chosen,0.6097,0.6196,train,normal
500,午餐,2,15,省着点,开心,雨,朋友,不关心,中辣,,11,云南小锅米线,面食粉面,1,chosen,0.6097,0.585,train,normal
500,午餐,2,15,省着点,开心,雨,朋友,不关心,中辣,,11,云南小锅米线,面食粉面,1,chosen,0.6097,0.6254,train,normal
501,下午加餐,3,49,不差钱,低落,雨,约会,严格控制,不吃辣,海鲜,32,藜麦牛油果碗,轻食健康,1,chosen,0.7425,0.7863,train,normal
501,下午加餐,3,49,不差钱,低落,雨,约会,严格控制,不吃辣,海鲜,32,藜麦牛油果碗,轻食健康,1,chosen,0.7425,0.7676,train,normal
501,下午加餐,3,49,不差钱,低落,雨,约会,严格控制,不吃辣,海鲜,32,藜麦牛油果碗,轻食健康,1,chosen,0.7425,0.7389,train,normal
501,下午加餐,3,49,不差钱,低落,雨,约会,严格控制,不吃辣,海鲜,34,全麦鸡肉三明治,轻食健康,0,considered,0.7244,0.7066,train,normal
501,下午加餐,3,49,不差钱,低落,雨,约会,严格控制,不吃辣,海鲜,36,希腊酸奶坚果碗,轻食健康,0,considered,0.7008,0.66,train,normal
502,晚餐,1,43,省着点,压力大,晴,朋友,严格控制,中辣,麸质,11,云南小锅米线,面食粉面,1,chosen,0.6214,0.6436,val,normal
502,晚餐,1,43,省着点,压力大,晴,朋友,严格控制,中辣,麸质,11,云南小锅米线,面食粉面,1,chosen,0.6214,0.6578,val,normal
502,晚餐,1,43,省着点,压力大,晴,朋友,严格控制,中辣,麸质,11,云南小锅米线,面食粉面,1,chosen,0.6214,0.6527,val,normal
503,午餐,4,54,省着点,一般,热,一个人,想健康,微辣,"海鲜,乳制品",9,炸酱面,面食粉面,1,chosen,0.559,0.523,train,normal
503,午餐,4,54,省着点,一般,热,一个人,想健康,微辣,"海鲜,乳制品",9,炸酱面,面食粉面,1,chosen,0.559,0.5579,train,normal
503,午餐,4,54,省着点,一般,热,一个人,想健康,微辣,"海鲜,乳制品",9,炸酱面,面食粉面,1,chosen,0.559,0.5418,train,normal
503,午餐,4,54,省着点,一般,热,一个人,想健康,微辣,"海鲜,乳制品",6,兰州牛肉面,面食粉面,0,considered,0.5316,0.4835,train,normal
503,午餐,4,54,省着点,一般,热,一个人,想健康,微辣,"海鲜,乳制品",11,云南小锅米线,面食粉面,0,considered,0.4464,0.4013,train,normal
504,晚餐,3,64,想吃好点,开心,阴,同事,不关心,微辣,,40,奶油蘑菇汤+面包,西式简餐,1,chosen,0.5507,0.5073,train,normal
504,晚餐,3,64,想吃好点,开心,阴,同事,不关心,微辣,,40,奶油蘑菇汤+面包,西式简餐,1,chosen,0.5507,0.4918,train,normal
504,晚餐,3,64,想吃好点,开心,阴,同事,不关心,微辣,,40,奶油蘑菇汤+面包,西式简餐,1,chosen,0.5507,0.5648,train,normal
505,晚餐,4,45,省着点,开心,晴,一个人,想健康,重辣,"海鲜,乳制品",13,麻婆豆腐+米饭,家常炒菜,1,chosen,0.5539,0.5157,val,normal
505,晚餐,4,45,省着点,开心,晴,一个人,想健康,重辣,"海鲜,乳制品",13,麻婆豆腐+米饭,家常炒菜,1,chosen,0.5539,0.4992,val,normal
505,晚餐,4,45,省着点,开心,晴,一个人,想健康,重辣,"海鲜,乳制品",13,麻婆豆腐+米饭,家常炒菜,1,chosen,0.5539,0.5362,val,normal
505,晚餐,4,45,省着点,开心,晴,一个人,想健康,重辣,"海鲜,乳制品",15,宫保鸡丁+米饭,家常炒菜,0,considered,0.5156,0.4812,val,normal
505,晚餐,4,45,省着点,开心,晴,一个人,想健康,重辣,"海鲜,乳制品",18,地三鲜+米饭,家常炒菜,0,considered,0.5016,0.5797,val,normal
506,下午加餐,5,74,正常,一般,晴,一个人,随便,微辣,海鲜,36,希腊酸奶坚果碗,轻食健康,1,chosen,0.5025,0.4459,train,normal
506,下午加餐,5,74,正常,一般,晴,一个人,随便,微辣,海鲜,36,希腊酸奶坚果碗,轻食健康,1,chosen,0.5025,0.4804,train,normal
506,下午加餐,5,74,正常,一般,晴,一个人,随便,微辣,海鲜,36,希腊酸奶坚果碗,轻食健康,1,chosen,0.5025,0.489,train,normal
506,下午加餐,5,74,正常,一般,晴,一个人,随便,微辣,海鲜,34,全麦鸡肉三明治,轻食健康,0,considered,0.5025,0.5322,train,normal
506,下午加餐,5,74,正常,一般,晴,一个人,随便,微辣,海鲜,32,藜麦牛油果碗,轻食健康,0,considered,0.4932,0.505,train,normal
507,晚餐,2,33,想吃好点,低落,阴,同事,不关心,中辣,,26,烤鸡翅,烧烤小吃,1,chosen,0.5743,0.6116,train,normal
507,晚餐,2,33,想吃好点,低落,阴,同事,不关心,中辣,,26,烤鸡翅,烧烤小吃,1,chosen,0.5743,0.5382,train,normal
507,晚餐,2,33,想吃好点,低落,阴,同事,不关心,中辣,,26,烤鸡翅,烧烤小吃,1,chosen,0.5743,0.584,train,normal
507,晚餐,2,33,想吃好点,低落,阴,同事,不关心,中辣,,25,烤羊肉串,烧烤小吃,0,considered,0.5472,0.5063,train,normal
507,晚餐,2,33,想吃好点,低落,阴,同事,不关心,中辣,,27,烤茄子,烧烤小吃,0,considered,0.5021,0.5044,train,normal
508,下午加餐,4,99,正常,开心,雨,一个人,随便,微辣,"海鲜,乳制品",34,全麦鸡肉三明治,轻食健康,1,chosen,0.5847,0.5668,train,normal
508,下午加餐,4,99,正常,开心,雨,一个人,随便,微辣,"海鲜,乳制品",34,全麦鸡肉三明治,轻食健康,1,chosen,0.5847,0.5846,train,normal
508,下午加餐,4,99,正常,开心,雨,一个人,随便,微辣,"海鲜,乳制品",31,鸡胸肉沙拉,轻食健康,1,chosen,0.5292,0.5223,train,normal
509,下午加餐,5,53,正常,开心,雨,一个人,想健康,微辣,"海鲜,乳制品",34,全麦鸡肉三明治,轻食健康,1,chosen,0.5966,0.5937,train,normal
509,下午加餐,5,53,正常,开心,雨,一个人,想健康,微辣,"海鲜,乳制品",34,全麦鸡肉三明治,轻食健康,1,chosen,0.5966,0.5564,train,normal
509,下午加餐,5,53,正常,开心,雨,一个人,想健康,微辣,"海鲜,乳制品",34,全麦鸡肉三明治,轻食健康,1,chosen,0.5966,0.5614,train,normal
509,下午加餐,5,53,正常,开心,雨,一个人,想健康,微辣,"海鲜,乳制品",32,藜麦牛油果碗,轻食健康,0,considered,0.5862,0.6874,train,normal
509,下午加餐,5,53,正常,开心,雨,一个人,想健康,微辣,"海鲜,乳制品",35,水煮时蔬+溏心蛋,轻食健康,0,considered,0.5618,0.5661,train,normal
510,晚餐,4,43,正常,兴奋,阴,一个人,不关心,不吃辣,乳制品,18,地三鲜+米饭,家常炒菜,1,chosen,0.5133,0.5578,train,normal
510,晚餐,4,43,正常,兴奋,阴,一个人,不关心,不吃辣,乳制品,18,地三鲜+米饭,家常炒菜,1,chosen,0.5133,0.5386,train,normal
510,晚餐,4,43,正常,兴奋,阴,一个人,不关心,不吃辣,乳制品,18,地三鲜+米饭,家常炒菜,1,chosen,0.5133,0.4865,train,normal
511,夜宵,4,76,正常,低落,阴,朋友,随便,中辣,素食,11,云南小锅米线,面食粉面,1,chosen,0.6688,0.6669,train,normal
511,夜宵,4,76,正常,低落,阴,朋友,随便,中辣,素食,19,麻辣烫,火锅麻辣烫,1,chosen,0.6231,0.6634,train,normal
511,夜宵,4,76,正常,低落,阴,朋友,随便,中辣,素食,11,云南小锅米线,面食粉面,1,chosen,0.6688,0.7416,train,normal
512,午餐,4,76,正常,一般,晴,同事,想健康,中辣,海鲜,15,宫保鸡丁+米饭,家常炒菜,1,chosen,0.5927,0.599,val,normal
512,午餐,4,76,正常,一般,晴,同事,想健康,中辣,海鲜,11,云南小锅米线,面食粉面,1,chosen,0.5727,0.5969,val,normal
512,午餐,4,76,正常,一般,晴,同事,想健康,中辣,海鲜,15,宫保鸡丁+米饭,家常炒菜,1,chosen,0.5927,0.5947,val,normal
513,午餐,2,54,想吃好点,开心,雪,一个人,想健康,中辣,,15,宫保鸡丁+米饭,家常炒菜,1,chosen,0.6614,0.5966,test,snow
513,午餐,2,54,想吃好点,开心,雪,一个人,想健康,中辣,,15,宫保鸡丁+米饭,家常炒菜,1,chosen,0.6614,0.6991,test,snow
513,午餐,2,54,想吃好点,开心,雪,一个人,想健康,中辣,,15,宫保鸡丁+米饭,家常炒菜,1,chosen,0.6614,0.7097,test,snow
513,午餐,2,54,想吃好点,开心,雪,一个人,想健康,中辣,,12,西红柿炒蛋+米饭,家常炒菜,0,considered,0.6249,0.6495,test,snow
513,午餐,2,54,想吃好点,开心,雪,一个人,想健康,中辣,,17,蒜蓉西兰花+米饭,家常炒菜,0,considered,0.6203,0.5828,test,snow
514,午餐,1,21,不差钱,开心,冷,一个人,想健康,中辣,麸质,26,烤鸡翅,烧烤小吃,1,chosen,0.5432,0.5394,train,normal
514,午餐,1,21,不差钱,开心,冷,一个人,想健康,中辣,麸质,26,烤鸡翅,烧烤小吃,1,chosen,0.5432,0.5317,train,normal
514,午餐,1,21,不差钱,开心,冷,一个人,想健康,中辣,麸质,26,烤鸡翅,烧烤小吃,1,chosen,0.5432,0.5062,train,normal
515,午餐,5,31,正常,疲惫,阴,家人,随便,重辣,"海鲜,乳制品",23,冒菜,火锅麻辣烫,1,chosen,0.6696,0.6803,train,normal
515,午餐,5,31,正常,疲惫,阴,家人,随便,重辣,"海鲜,乳制品",23,冒菜,火锅麻辣烫,1,chosen,0.6696,0.5618,train,normal
515,午餐,5,31,正常,疲惫,阴,家人,随便,重辣,"海鲜,乳制品",19,麻辣烫,火锅麻辣烫,1,chosen,0.6591,0.6553,train,normal
515,午餐,5,31,正常,疲惫,阴,家人,随便,重辣,"海鲜,乳制品",19,麻辣烫,火锅麻辣烫,0,considered,0.6591,0.6469,train,normal
515,午餐,5,31,正常,疲惫,阴,家人,随便,重辣,"海鲜,乳制品",24,菌汤火锅,火锅麻辣烫,0,considered,0.4486,0.4875,train,normal
516,夜宵,2,81,正常,低落,晴,同事,不关心,微辣,麸质,8,番茄鸡蛋面,面食粉面,1,chosen,0.5715,0.5636,train,normal
516,夜宵,2,81,正常,低落,晴,同事,不关心,微辣,麸质,28,烤冷面,烧烤小吃,1,chosen,0.6136,0.5881,train,normal
516,夜宵,2,81,正常,低落,晴,同事,不关心,微辣,麸质,28,烤冷面,烧烤小吃,1,chosen,0.6136,0.5933,train,normal
517,午餐,3,15,正常,开心,冷,一个人,随便,不吃辣,麸质,12,西红柿炒蛋+米饭,家常炒菜,1,chosen,0.4895,0.5073,train,normal
517,午餐,3,15,正常,开心,冷,一个人,随便,不吃辣,麸质,3,台式卤肉饭,中式快餐盖饭,1,chosen,0.5003,0.4766,train,normal
517,午餐,3,15,正常,开心,冷,一个人,随便,不吃辣,麸质,3,台式卤肉饭,中式快餐盖饭,1,chosen,0.5003,0.4853,train,normal
518,晚餐,5,110,省着点,压力大,雪,朋友,想健康,不吃辣,,18,地三鲜+米饭,家常炒菜,1,chosen,0.7472,0.7136,test,snow
518,晚餐,5,110,省着点,压力大,雪,朋友,想健康,不吃辣,,18,地三鲜+米饭,家常炒菜,1,chosen,0.7472,0.7195,test,snow
518,晚餐,5,110,省着点,压力大,雪,朋友,想健康,不吃辣,,18,地三鲜+米饭,家常炒菜,1,chosen,0.7472,0.7598,test,snow
518,晚餐,5,110,省着点,压力大,雪,朋友,想健康,不吃辣,,17,蒜蓉西兰花+米饭,家常炒菜,0,considered,0.6525,0.6859,test,snow
518,晚餐,5,110,省着点,压力大,雪,朋友,想健康,不吃辣,,12,西红柿炒蛋+米饭,家常炒菜,0,considered,0.6401,0.6587,test,snow
519,午餐,5,23,正常,兴奋,冷,朋友,想健康,不吃辣,,40,奶油蘑菇汤+面包,西式简餐,1,chosen,0.667,0.6564,train,normal
519,午餐,5,23,正常,兴奋,冷,朋友,想健康,不吃辣,,40,奶油蘑菇汤+面包,西式简餐,1,chosen,0.667,0.6193,train,normal
519,午餐,5,23,正常,兴奋,冷,朋友,想健康,不吃辣,,0,番茄牛腩饭,中式快餐盖饭,1,chosen,0.654,0.6566,train,normal
520,晚餐,2,83,想吃好点,开心,晴,朋友,不关心,重辣,,19,麻辣烫,火锅麻辣烫,1,chosen,0.6266,0.6423,train,normal
520,晚餐,2,83,想吃好点,开心,晴,朋友,不关心,重辣,,19,麻辣烫,火锅麻辣烫,1,chosen,0.6266,0.6489,train,normal
520,晚餐,2,83,想吃好点,开心,晴,朋友,不关心,重辣,,19,麻辣烫,火锅麻辣烫,1,chosen,0.6266,0.6693,train,normal
520,晚餐,2,83,想吃好点,开心,晴,朋友,不关心,重辣,,23,冒菜,火锅麻辣烫,0,considered,0.5949,0.6821,train,normal
520,晚餐,2,83,想吃好点,开心,晴,朋友,不关心,重辣,,20,清汤火锅,火锅麻辣烫,0,considered,0.574,0.512,train,normal
521,夜宵,1,55,想吃好点,开心,晴,家人,随便,不吃辣,"海鲜,乳制品",24,菌汤火锅,火锅麻辣烫,1,chosen,0.5657,0.5423,val,normal
521,夜宵,1,55,想吃好点,开心,晴,家人,随便,不吃辣,"海鲜,乳制品",24,菌汤火锅,火锅麻辣烫,1,chosen,0.5657,0.5358,val,normal
521,夜宵,1,55,想吃好点,开心,晴,家人,随便,不吃辣,"海鲜,乳制品",24,菌汤火锅,火锅麻辣烫,1,chosen,0.5657,0.6008,val,normal
522,下午加餐,3,54,想吃好点,压力大,晴,约会,随便,中辣,麸质,32,藜麦牛油果碗,轻食健康,1,chosen,0.6542,0.6788,train,normal
522,下午加餐,3,54,想吃好点,压力大,晴,约会,随便,中辣,麸质,32,藜麦牛油果碗,轻食健康,1,chosen,0.6542,0.6216,train,normal
522,下午加餐,3,54,想吃好点,压力大,晴,约会,随便,中辣,麸质,32,藜麦牛油果碗,轻食健康,1,chosen,0.6542,0.6269,train,normal
523,晚餐,3,20,正常,低落,雨,同事,随便,重辣,,11,云南小锅米线,面食粉面,1,chosen,0.6217,0.586,train,normal
523,晚餐,3,20,正常,低落,雨,同事,随便,重辣,,19,麻辣烫,火锅麻辣烫,1,chosen,0.6563,0.6747,train,normal
523,晚餐,3,20,正常,低落,雨,同事,随便,重辣,,7,重庆小面,面食粉面,1,chosen,0.6311,0.6077,train,normal
524,晚餐,4,57,不差钱,兴奋,阴,家人,严格控制,不吃辣,,24,菌汤火锅,火锅麻辣烫,1,chosen,0.6706,0.7237,train,normal
524,晚餐,4,57,不差钱,兴奋,阴,家人,严格控制,不吃辣,,24,菌汤火锅,火锅麻辣烫,1,chosen,0.6706,0.7229,train,normal
524,晚餐,4,57,不差钱,兴奋,阴,家人,严格控制,不吃辣,,24,菌汤火锅,火锅麻辣烫,1,chosen,0.6706,0.6786,train,normal
524,晚餐,4,57,不差钱,兴奋,阴,家人,严格控制,不吃辣,,20,清汤火锅,火锅麻辣烫,0,considered,0.6074,0.5879,train,normal
524,晚餐,4,57,不差钱,兴奋,阴,家人,严格控制,不吃辣,,22,关东煮,火锅麻辣烫,0,considered,0.3218,0.3646,train,normal
525,下午加餐,3,40,想吃好点,疲惫,雨,约会,不关心,中辣,,34,全麦鸡肉三明治,轻食健康,1,chosen,0.6995,0.6922,train,normal
525,下午加餐,3,40,想吃好点,疲惫,雨,约会,不关心,中辣,,34,全麦鸡肉三明治,轻食健康,1,chosen,0.6995,0.7464,train,normal
525,下午加餐,3,40,想吃好点,疲惫,雨,约会,不关心,中辣,,36,希腊酸奶坚果碗,轻食健康,1,chosen,0.6755,0.7055,train,normal
526,晚餐,4,35,想吃好点,一般,雨,家人,不关心,不吃辣,素食,18,地三鲜+米饭,家常炒菜,1,chosen,0.6453,0.6268,train,normal
526,晚餐,4,35,想吃好点,一般,雨,家人,不关心,不吃辣,素食,18,地三鲜+米饭,家常炒菜,1,chosen,0.6453,0.6988,train,normal
526,晚餐,4,35,想吃好点,一般,雨,家人,不关心,不吃辣,素食,18,地三鲜+米饭,家常炒菜,1,chosen,0.6453,0.6312,train,normal
527,午餐,2,42,省着点,压力大,晴,同事,严格控制,重辣,,17,蒜蓉西兰花+米饭,家常炒菜,1,chosen,0.6134,0.5926,train,normal
527,午餐,2,42,省着点,压力大,晴,同事,严格控制,重辣,,17,蒜蓉西兰花+米饭,家常炒菜,1,chosen,0.6134,0.6475,train,normal
527,午餐,2,42,省着点,压力大,晴,同事,严格控制,重辣,,17,蒜蓉西兰花+米饭,家常炒菜,1,chosen,0.6134,0.5826,train,normal
527,午餐,2,42,省着点,压力大,晴,同事,严格控制,重辣,,12,西红柿炒蛋+米饭,家常炒菜,0,considered,0.5982,0.5708,train,normal
527,午餐,2,42,省着点,压力大,晴,同事,严格控制,重辣,,13,麻婆豆腐+米饭,家常炒菜,0,considered,0.5968,0.6084,train,normal
528,早餐,4,77,省着点,低落,晴,约会,随便,重辣,,7,重庆小面,面食粉面,1,chosen,0.6709,0.6767,train,normal
528,早餐,4,77,省着点,低落,晴,约会,随便,重辣,,7,重庆小面,面食粉面,1,chosen,0.6709,0.7147,train,normal
528,早餐,4,77,省着点,低落,晴,约会,随便,重辣,,7,重庆小面,面食粉面,1,chosen,0.6709,0.6683,train,normal
529,夜宵,5,55,不差钱,一般,阴,朋友,想健康,不吃辣,海鲜,24,菌汤火锅,火锅麻辣烫,1,chosen,0.6701,0.6927,train,normal
529,夜宵,5,55,不差钱,一般,阴,朋友,想健康,不吃辣,海鲜,24,菌汤火锅,火锅麻辣烫,1,chosen,0.6701,0.7081,train,normal
529,夜宵,5,55,不差钱,一般,阴,朋友,想健康,不吃辣,海鲜,24,菌汤火锅,火锅麻辣烫,1,chosen,0.6701,0.6262,train,normal
530,下午加餐,5,55,省着点,一般,阴,朋友,不关心,中辣,素食,34,全麦鸡肉三明治,轻食健康,1,chosen,0.5267,0.4545,train,normal
530,下午加餐,5,55,省着点,一般,阴,朋友,不关心,中辣,素食,34,全麦鸡肉三明治,轻食健康,1,chosen,0.5267,0.4667,train,normal
530,下午加餐,5,55,省着点,一般,阴,朋友,不关心,中辣,素食,34,全麦鸡肉三明治,轻食健康,1,chosen,0.5267,0.5322,train,normal
531,夜宵,3,15,正常,兴奋,热,家人,想健康,重辣,素食,30,铁板豆腐,烧烤小吃,1,chosen,0.6785,0.6489,train,normal
531,夜宵,3,15,正常,兴奋,热,家人,想健康,重辣,素食,30,铁板豆腐,烧烤小吃,1,chosen,0.6785,0.7029,train,normal
531,夜宵,3,15,正常,兴奋,热,家人,想健康,重辣,素食,30,铁板豆腐,烧烤小吃,1,chosen,0.6785,0.7053,train,normal
532,夜宵,3,34,省着点,一般,冷,一个人,随便,微辣,,28,烤冷面,烧烤小吃,1,chosen,0.6227,0.6444,train,normal
532,夜宵,3,34,省着点,一般,冷,一个人,随便,微辣,,28,烤冷面,烧烤小吃,1,chosen,0.6227,0.5756,train,normal
532,夜宵,3,34,省着点,一般,冷,一个人,随便,微辣,,28,烤冷面,烧烤小吃,1,chosen,0.6227,0.6309,train,normal
532,夜宵,3,34,省着点,一般,冷,一个人,随便,微辣,,30,铁板豆腐,烧烤小吃,0,considered,0.5375,0.4886,train,normal
532,夜宵,3,34,省着点,一般,冷,一个人,随便,微辣,,27,烤茄子,烧烤小吃,0,considered,0.5326,0.5368,train,normal
533,夜宵,2,24,正常,一般,晴,朋友,严格控制,微辣,"海鲜,乳制品",8,番茄鸡蛋面,面食粉面,1,chosen,0.6402,0.6694,train,normal
533,夜宵,2,24,正常,一般,晴,朋友,严格控制,微辣,"海鲜,乳制品",8,番茄鸡蛋面,面食粉面,1,chosen,0.6402,0.6227,train,normal
533,夜宵,2,24,正常,一般,晴,朋友,严格控制,微辣,"海鲜,乳制品",27,烤茄子,烧烤小吃,1,chosen,0.6074,0.524,train,normal
534,晚餐,4,24,想吃好点,一般,热,同事,想健康,不吃辣,"海鲜,乳制品",42,烤鸡胸配土豆泥,西式简餐,1,chosen,0.5611,0.6047,train,normal
534,晚餐,4,24,想吃好点,一般,热,同事,想健康,不吃辣,"海鲜,乳制品",9,炸酱面,面食粉面,1,chosen,0.5905,0.5896,train,normal
534,晚餐,4,24,想吃好点,一般,热,同事,想健康,不吃辣,"海鲜,乳制品",9,炸酱面,面食粉面,1,chosen,0.5905,0.6547,train,normal
535,晚餐,3,67,想吃好点,兴奋,热,约会,随便,不吃辣,,42,烤鸡胸配土豆泥,西式简餐,1,chosen,0.6369,0.6453,train,normal
535,晚餐,3,67,想吃好点,兴奋,热,约会,随便,不吃辣,,42,烤鸡胸配土豆泥,西式简餐,1,chosen,0.6369,0.6601,train,normal
535,晚餐,3,67,想吃好点,兴奋,热,约会,随便,不吃辣,,42,烤鸡胸配土豆泥,西式简餐,1,chosen,0.6369,0.6788,train,normal
535,晚餐,3,67,想吃好点,兴奋,热,约会,随便,不吃辣,,40,奶油蘑菇汤+面包,西式简餐,0,considered,0.6212,0.5967,train,normal
535,晚餐,3,67,想吃好点,兴奋,热,约会,随便,不吃辣,,37,番茄肉酱意面,西式简餐,0,considered,0.6174,0.6364,train,normal
536,晚餐,3,25,省着点,一般,晴,朋友,不关心,中辣,,11,云南小锅米线,面食粉面,1,chosen,0.5823,0.5837,train,normal
536,晚餐,3,25,省着点,一般,晴,朋友,不关心,中辣,,11,云南小锅米线,面食粉面,1,chosen,0.5823,0.5929,train,normal
536,晚餐,3,25,省着点,一般,晴,朋友,不关心,中辣,,11,云南小锅米线,面食粉面,1,chosen,0.5823,0.5611,train,normal
537,午餐,1,75,不差钱,开心,冷,约会,不关心,重辣,海鲜,24,菌汤火锅,火锅麻辣烫,1,chosen,0.6403,0.614,train,normal
537,午餐,1,75,不差钱,开心,冷,约会,不关心,重辣,海鲜,24,菌汤火锅,火锅麻辣烫,1,chosen,0.6403,0.6399,train,normal
537,午餐,1,75,不差钱,开心,冷,约会,不关心,重辣,海鲜,24,菌汤火锅,火锅麻辣烫,1,chosen,0.6403,0.6315,train,normal
538,午餐,3,15,省着点,低落,冷,朋友,不关心,中辣,麸质,11,云南小锅米线,面食粉面,1,chosen,0.6669,0.6224,train,normal
538,午餐,3,15,省着点,低落,冷,朋友,不关心,中辣,麸质,11,云南小锅米线,面食粉面,1,chosen,0.6669,0.6436,train,normal
538,午餐,3,15,省着点,低落,冷,朋友,不关心,中辣,麸质,11,云南小锅米线,面食粉面,1,chosen,0.6669,0.6803,train,normal
539,晚餐,1,44,想吃好点,一般,雪,同事,随便,中辣,麸质,26,烤鸡翅,烧烤小吃,1,chosen,0.6212,0.6494,test,snow
539,晚餐,1,44,想吃好点,一般,雪,同事,随便,中辣,麸质,25,烤羊肉串,烧烤小吃,1,chosen,0.5941,0.5421,test,snow
539,晚餐,1,44,想吃好点,一般,雪,同事,随便,中辣,麸质,11,云南小锅米线,面食粉面,1,chosen,0.585,0.579,test,snow
540,午餐,3,15,正常,开心,冷,朋友,随便,中辣,,6,兰州牛肉面,面食粉面,1,chosen,0.6308,0.5276,test,normal
540,午餐,3,15,正常,开心,冷,朋友,随便,中辣,,11,云南小锅米线,面食粉面,1,chosen,0.6425,0.6322,test,normal
540,午餐,3,15,正常,开心,冷,朋友,随便,中辣,,11,云南小锅米线,面食粉面,1,chosen,0.6425,0.6424,test,normal
540,午餐,3,15,正常,开心,冷,朋友,随便,中辣,,6,兰州牛肉面,面食粉面,0,considered,0.6308,0.6555,test,normal
540,午餐,3,15,正常,开心,冷,朋友,随便,中辣,,9,炸酱面,面食粉面,0,considered,0.5621,0.568,test,normal
541,晚餐,3,45,省着点,压力大,冷,朋友,想健康,中辣,,11,云南小锅米线,面食粉面,1,chosen,0.7178,0.7069,train,normal
541,晚餐,3,45,省着点,压力大,冷,朋友,想健康,中辣,,11,云南小锅米线,面食粉面,1,chosen,0.7178,0.7294,train,normal
541,晚餐,3,45,省着点,压力大,冷,朋友,想健康,中辣,,11,云南小锅米线,面食粉面,1,chosen,0.7178,0.7635,train,normal
541,晚餐,3,45,省着点,压力大,冷,朋友,想健康,中辣,,6,兰州牛肉面,面食粉面,0,considered,0.7017,0.7269,train,normal
541,晚餐,3,45,省着点,压力大,冷,朋友,想健康,中辣,,9,炸酱面,面食粉面,0,considered,0.6362,0.5884,train,normal
542,午餐,3,63,正常,一般,晴,一个人,随便,微辣,,40,奶油蘑菇汤+面包,西式简餐,1,chosen,0.4963,0.5461,val,normal
542,午餐,3,63,正常,一般,晴,一个人,随便,微辣,,40,奶油蘑菇汤+面包,西式简餐,1,chosen,0.4963,0.4548,val,normal
542,午餐,3,63,正常,一般,晴,一个人,随便,微辣,,40,奶油蘑菇汤+面包,西式简餐,1,chosen,0.4963,0.4824,val,normal
543,午餐,2,36,省着点,压力大,雪,一个人,严格控制,微辣,,17,蒜蓉西兰花+米饭,家常炒菜,1,chosen,0.6853,0.7015,test,snow
543,午餐,2,36,省着点,压力大,雪,一个人,严格控制,微辣,,17,蒜蓉西兰花+米饭,家常炒菜,1,chosen,0.6853,0.6957,test,snow
543,午餐,2,36,省着点,压力大,雪,一个人,严格控制,微辣,,6,兰州牛肉面,面食粉面,1,chosen,0.6654,0.6815,test,snow
543,午餐,2,36,省着点,压力大,雪,一个人,严格控制,微辣,,12,西红柿炒蛋+米饭,家常炒菜,0,considered,0.6701,0.6836,test,snow
543,午餐,2,36,省着点,压力大,雪,一个人,严格控制,微辣,,14,清蒸鲈鱼+米饭,家常炒菜,0,considered,0.6089,0.5797,test,snow
544,夜宵,2,30,正常,开心,晴,朋友,不关心,微辣,"海鲜,乳制品",6,兰州牛肉面,面食粉面,1,chosen,0.5962,0.5985,train,normal
544,夜宵,2,30,正常,开心,晴,朋友,不关心,微辣,"海鲜,乳制品",28,烤冷面,烧烤小吃,1,chosen,0.6076,0.5648,train,normal
544,夜宵,2,30,正常,开心,晴,朋友,不关心,微辣,"海鲜,乳制品",28,烤冷面,烧烤小吃,1,chosen,0.6076,0.6693,train,normal
545,午餐,3,72,省着点,低落,雨,朋友,想健康,微辣,,6,兰州牛肉面,面食粉面,1,chosen,0.6824,0.6916,train,normal
545,午餐,3,72,省着点,低落,雨,朋友,想健康,微辣,,40,奶油蘑菇汤+面包,西式简餐,1,chosen,0.6359,0.6335,train,normal
545,午餐,3,72,省着点,低落,雨,朋友,想健康,微辣,,6,兰州牛肉面,面食粉面,1,chosen,0.6824,0.7099,train,normal
546,早餐,5,48,正常,兴奋,冷,一个人,随便,重辣,,44,小笼包+豆浆,早餐粥点,1,chosen,0.5941,0.5971,train,normal
546,早餐,5,48,正常,兴奋,冷,一个人,随便,重辣,,44,小笼包+豆浆,早餐粥点,1,chosen,0.5941,0.6098,train,normal
546,早餐,5,48,正常,兴奋,冷,一个人,随便,重辣,,44,小笼包+豆浆,早餐粥点,1,chosen,0.5941,0.6047,train,normal
546,早餐,5,48,正常,兴奋,冷,一个人,随便,重辣,,43,皮蛋瘦肉粥+油条,早餐粥点,0,considered,0.5862,0.5686,train,normal
546,早餐,5,48,正常,兴奋,冷,一个人,随便,重辣,,45,杂粮煎饼果子,早餐粥点,0,considered,0.5714,0.5923,train,normal
547,晚餐,4,15,想吃好点,一般,冷,朋友,想健康,不吃辣,,40,奶油蘑菇汤+面包,西式简餐,1,chosen,0.6295,0.6472,train,normal
547,晚餐,4,15,想吃好点,一般,冷,朋友,想健康,不吃辣,,40,奶油蘑菇汤+面包,西式简餐,1,chosen,0.6295,0.657,train,normal
547,晚餐,4,15,想吃好点,一般,冷,朋友,想健康,不吃辣,,40,奶油蘑菇汤+面包,西式简餐,1,chosen,0.6295,0.671,train,normal
548,夜宵,4,39,省着点,压力大,晴,同事,不关心,微辣,"海鲜,乳制品",2,青椒肉丝盖饭,中式快餐盖饭,1,chosen,0.5793,0.6156,train,normal
548,夜宵,4,39,省着点,压力大,晴,同事,不关心,微辣,"海鲜,乳制品",28,烤冷面,烧烤小吃,1,chosen,0.6323,0.6426,train,normal
548,夜宵,4,39,省着点,压力大,晴,同事,不关心,微辣,"海鲜,乳制品",28,烤冷面,烧烤小吃,1,chosen,0.6323,0.6802,train,normal
548,夜宵,4,39,省着点,压力大,晴,同事,不关心,微辣,"海鲜,乳制品",27,烤茄子,烧烤小吃,0,considered,0.5215,0.5232,train,normal
548,夜宵,4,39,省着点,压力大,晴,同事,不关心,微辣,"海鲜,乳制品",26,烤鸡翅,烧烤小吃,0,considered,0.5054,0.4993,train,normal
549,晚餐,2,87,想吃好点,疲惫,晴,朋友,严格控制,微辣,,24,菌汤火锅,火锅麻辣烫,1,chosen,0.6654,0.6603,train,normal
549,晚餐,2,87,想吃好点,疲惫,晴,朋友,严格控制,微辣,,24,菌汤火锅,火锅麻辣烫,1,chosen,0.6654,0.6458,train,normal
549,晚餐,2,87,想吃好点,疲惫,晴,朋友,严格控制,微辣,,24,菌汤火锅,火锅麻辣烫,1,chosen,0.6654,0.618,train,normal
550,晚餐,3,75,不差钱,开心,阴,同事,不关心,不吃辣,海鲜,38,香煎牛排,西式简餐,1,chosen,0.5388,0.5622,train,normal
550,晚餐,3,75,不差钱,开心,阴,同事,不关心,不吃辣,海鲜,38,香煎牛排,西式简餐,1,chosen,0.5388,0.5004,train,normal
550,晚餐,3,75,不差钱,开心,阴,同事,不关心,不吃辣,海鲜,40,奶油蘑菇汤+面包,西式简餐,1,chosen,0.5327,0.5032,train,normal
551,晚餐,4,15,正常,压力大,晴,家人,不关心,中辣,,11,云南小锅米线,面食粉面,1,chosen,0.6202,0.6025,train,normal
551,晚餐,4,15,正常,压力大,晴,家人,不关心,中辣,,11,云南小锅米线,面食粉面,1,chosen,0.6202,0.6659,train,normal
551,晚餐,4,15,正常,压力大,晴,家人,不关心,中辣,,11,云南小锅米线,面食粉面,1,chosen,0.6202,0.6821,train,normal
552,下午加餐,5,16,不差钱,一般,雨,家人,想健康,中辣,海鲜,32,藜麦牛油果碗,轻食健康,1,chosen,0.629,0.6229,val,normal
552,下午加餐,5,16,不差钱,一般,雨,家人,想健康,中辣,海鲜,32,藜麦牛油果碗,轻食健康,1,chosen,0.629,0.6123,val,normal
552,下午加餐,5,16,不差钱,一般,雨,家人,想健康,中辣,海鲜,32,藜麦牛油果碗,轻食健康,1,chosen,0.629,0.6646,val,normal
552,下午加餐,5,16,不差钱,一般,雨,家人,想健康,中辣,海鲜,34,全麦鸡肉三明治,轻食健康,0,considered,0.611,0.5807,val,normal
552,下午加餐,5,16,不差钱,一般,雨,家人,想健康,中辣,海鲜,36,希腊酸奶坚果碗,轻食健康,0,considered,0.5953,0.5722,val,normal
553,晚餐,1,34,不差钱,疲惫,晴,朋友,不关心,不吃辣,,42,烤鸡胸配土豆泥,西式简餐,1,chosen,0.5756,0.6037,train,normal
553,晚餐,1,34,不差钱,疲惫,晴,朋友,不关心,不吃辣,,42,烤鸡胸配土豆泥,西式简餐,1,chosen,0.5756,0.6219,train,normal
553,晚餐,1,34,不差钱,疲惫,晴,朋友,不关心,不吃辣,,42,烤鸡胸配土豆泥,西式简餐,1,chosen,0.5756,0.5336,train,normal
554,午餐,2,56,省着点,压力大,晴,朋友,想健康,不吃辣,,9,炸酱面,面食粉面,1,chosen,0.6011,0.5705,val,normal
554,午餐,2,56,省着点,压力大,晴,朋友,想健康,不吃辣,,9,炸酱面,面食粉面,1,chosen,0.6011,0.6425,val,normal
554,午餐,2,56,省着点,压力大,晴,朋友,想健康,不吃辣,,9,炸酱面,面食粉面,1,chosen,0.6011,0.6408,val,normal
555,午餐,3,91,正常,压力大,热,一个人,不关心,中辣,麸质,15,宫保鸡丁+米饭,家常炒菜,1,chosen,0.5794,0.5992,train,normal
555,午餐,3,91,正常,压力大,热,一个人,不关心,中辣,麸质,15,宫保鸡丁+米饭,家常炒菜,1,chosen,0.5794,0.5629,train,normal
555,午餐,3,91,正常,压力大,热,一个人,不关心,中辣,麸质,15,宫保鸡丁+米饭,家常炒菜,1,chosen,0.5794,0.5927,train,normal
556,午餐,4,49,不差钱,一般,阴,朋友,随便,不吃辣,,38,香煎牛排,西式简餐,1,chosen,0.5904,0.5379,val,normal
556,午餐,4,49,不差钱,一般,阴,朋友,随便,不吃辣,,38,香煎牛排,西式简餐,1,chosen,0.5904,0.5769,val,normal
556,午餐,4,49,不差钱,一般,阴,朋友,随便,不吃辣,,38,香煎牛排,西式简餐,1,chosen,0.5904,0.5441,val,normal
557,晚餐,3,68,正常,疲惫,阴,约会,不关心,中辣,海鲜,15,宫保鸡丁+米饭,家常炒菜,1,chosen,0.6891,0.64,val,normal
557,晚餐,3,68,正常,疲惫,阴,约会,不关心,中辣,海鲜,15,宫保鸡丁+米饭,家常炒菜,1,chosen,0.6891,0.6755,val,normal
557,晚餐,3,68,正常,疲惫,阴,约会,不关心,中辣,海鲜,15,宫保鸡丁+米饭,家常炒菜,1,chosen,0.6891,0.742,val,normal
557,晚餐,3,68,正常,疲惫,阴,约会,不关心,中辣,海鲜,18,地三鲜+米饭,家常炒菜,0,considered,0.6462,0.6546,val,normal
557,晚餐,3,68,正常,疲惫,阴,约会,不关心,中辣,海鲜,13,麻婆豆腐+米饭,家常炒菜,0,considered,0.5999,0.5484,val,normal
558,午餐,2,53,正常,一般,晴,同事,不关心,微辣,,40,奶油蘑菇汤+面包,西式简餐,1,chosen,0.5121,0.4614,train,normal
558,午餐,2,53,正常,一般,晴,同事,不关心,微辣,,40,奶油蘑菇汤+面包,西式简餐,1,chosen,0.5121,0.496,train,normal
558,午餐,2,53,正常,一般,晴,同事,不关心,微辣,,17,蒜蓉西兰花+米饭,家常炒菜,1,chosen,0.4965,0.4662,train,normal
559,午餐,2,66,不差钱,开心,热,朋友,不关心,不吃辣,,37,番茄肉酱意面,西式简餐,1,chosen,0.5583,0.5676,train,normal
559,午餐,2,66,不差钱,开心,热,朋友,不关心,不吃辣,,24,菌汤火锅,火锅麻辣烫,1,chosen,0.6037,0.6249,train,normal
559,午餐,2,66,不差钱,开心,热,朋友,不关心,不吃辣,,24,菌汤火锅,火锅麻辣烫,1,chosen,0.6037,0.6168,train,normal
559,午餐,2,66,不差钱,开心,热,朋友,不关心,不吃辣,,20,清汤火锅,火锅麻辣烫,0,considered,0.5918,0.6087,train,normal
559,午餐,2,66,不差钱,开心,热,朋友,不关心,不吃辣,,19,麻辣烫,火锅麻辣烫,0,considered,0.3367,0.3049,train,normal
560,早餐,3,48,想吃好点,一般,晴,家人,想健康,中辣,海鲜,44,小笼包+豆浆,早餐粥点,1,chosen,0.6368,0.6487,train,normal
560,早餐,3,48,想吃好点,一般,晴,家人,想健康,中辣,海鲜,44,小笼包+豆浆,早餐粥点,1,chosen,0.6368,0.6351,train,normal
560,早餐,3,48,想吃好点,一般,晴,家人,想健康,中辣,海鲜,44,小笼包+豆浆,早餐粥点,1,chosen,0.6368,0.6911,train,normal
561,夜宵,4,44,省着点,一般,雨,一个人,想健康,不吃辣,,8,番茄鸡蛋面,面食粉面,1,chosen,0.5717,0.5091,val,normal
561,夜宵,4,44,省着点,一般,雨,一个人,想健康,不吃辣,,8,番茄鸡蛋面,面食粉面,1,chosen,0.5717,0.5467,val,normal
561,夜宵,4,44,省着点,一般,雨,一个人,想健康,不吃辣,,8,番茄鸡蛋面,面食粉面,1,chosen,0.5717,0.562,val,normal
561,夜宵,4,44,省着点,一般,雨,一个人,想健康,不吃辣,,9,炸酱面,面食粉面,0,considered,0.5496,0.53,val,normal
561,夜宵,4,44,省着点,一般,雨,一个人,想健康,不吃辣,,6,兰州牛肉面,面食粉面,0,considered,0.5186,0.5174,val,normal
562,晚餐,3,73,想吃好点,兴奋,晴,家人,随便,微辣,乳制品,37,番茄肉酱意面,西式简餐,1,chosen,0.5857,0.5916,train,normal
562,晚餐,3,73,想吃好点,兴奋,晴,家人,随便,微辣,乳制品,42,烤鸡胸配土豆泥,西式简餐,1,chosen,0.6052,0.6773,train,normal
562,晚餐,3,73,想吃好点,兴奋,晴,家人,随便,微辣,乳制品,42,烤鸡胸配土豆泥,西式简餐,1,chosen,0.6052,0.5926,train,normal
563,夜宵,2,79,省着点,开心,阴,朋友,随便,不吃辣,乳制品,8,番茄鸡蛋面,面食粉面,1,chosen,0.5796,0.5913,train,normal
563,夜宵,2,79,省着点,开心,阴,朋友,随便,不吃辣,乳制品,8,番茄鸡蛋面,面食粉面,1,chosen,0.5796,0.5405,train,normal
563,夜宵,2,79,省着点,开心,阴,朋友,随便,不吃辣,乳制品,8,番茄鸡蛋面,面食粉面,1,chosen,0.5796,0.5487,train,normal
564,晚餐,2,94,想吃好点,低落,阴,同事,随便,中辣,,26,烤鸡翅,烧烤小吃,1,chosen,0.5743,0.5447,train,normal
564,晚餐,2,94,想吃好点,低落,阴,同事,随便,中辣,,26,烤鸡翅,烧烤小吃,1,chosen,0.5743,0.5826,train,normal
564,晚餐,2,94,想吃好点,低落,阴,同事,随便,中辣,,26,烤鸡翅,烧烤小吃,1,chosen,0.5743,0.5601,train,normal
565,晚餐,4,35,不差钱,一般,冷,朋友,想健康,微辣,,42,烤鸡胸配土豆泥,西式简餐,1,chosen,0.669,0.6629,train,normal
565,晚餐,4,35,不差钱,一般,冷,朋友,想健康,微辣,,42,烤鸡胸配土豆泥,西式简餐,1,chosen,0.669,0.6479,train,normal
565,晚餐,4,35,不差钱,一般,冷,朋友,想健康,微辣,,42,烤鸡胸配土豆泥,西式简餐,1,chosen,0.669,0.619,train,normal
565,晚餐,4,35,不差钱,一般,冷,朋友,想健康,微辣,,37,番茄肉酱意面,西式简餐,0,considered,0.6571,0.6526,train,normal
565,晚餐,4,35,不差钱,一般,冷,朋友,想健康,微辣,,38,香煎牛排,西式简餐,0,considered,0.6566,0.6995,train,normal
566,下午加餐,3,70,正常,开心,雪,朋友,随便,中辣,"海鲜,乳制品",34,全麦鸡肉三明治,轻食健康,1,chosen,0.6984,0.6536,test,snow
566,下午加餐,3,70,正常,开心,雪,朋友,随便,中辣,"海鲜,乳制品",34,全麦鸡肉三明治,轻食健康,1,chosen,0.6984,0.7295,test,snow
566,下午加餐,3,70,正常,开心,雪,朋友,随便,中辣,"海鲜,乳制品",34,全麦鸡肉三明治,轻食健康,1,chosen,0.6984,0.7293,test,snow
566,下午加餐,3,70,正常,开心,雪,朋友,随便,中辣,"海鲜,乳制品",32,藜麦牛油果碗,轻食健康,0,considered,0.6666,0.6904,test,snow
566,下午加餐,3,70,正常,开心,雪,朋友,随便,中辣,"海鲜,乳制品",35,水煮时蔬+溏心蛋,轻食健康,0,considered,0.6598,0.6887,test,snow
567,午餐,3,56,正常,疲惫,雪,约会,想健康,微辣,,42,烤鸡胸配土豆泥,西式简餐,1,chosen,0.8069,0.8156,test,snow
567,午餐,3,56,正常,疲惫,雪,约会,想健康,微辣,,42,烤鸡胸配土豆泥,西式简餐,1,chosen,0.8069,0.8926,test,snow
567,午餐,3,56,正常,疲惫,雪,约会,想健康,微辣,,42,烤鸡胸配土豆泥,西式简餐,1,chosen,0.8069,0.8312,test,snow
568,午餐,2,56,正常,一般,冷,一个人,随便,重辣,,19,麻辣烫,火锅麻辣烫,1,chosen,0.562,0.5438,train,normal
568,午餐,2,56,正常,一般,冷,一个人,随便,重辣,,19,麻辣烫,火锅麻辣烫,1,chosen,0.562,0.5945,train,normal
568,午餐,2,56,正常,一般,冷,一个人,随便,重辣,,19,麻辣烫,火锅麻辣烫,1,chosen,0.562,0.5909,train,normal
569,夜宵,5,72,省着点,疲惫,晴,约会,不关心,微辣,海鲜,28,烤冷面,烧烤小吃,1,chosen,0.6574,0.6606,train,normal
569,夜宵,5,72,省着点,疲惫,晴,约会,不关心,微辣,海鲜,2,青椒肉丝盖饭,中式快餐盖饭,1,chosen,0.6419,0.622,train,normal
569,夜宵,5,72,省着点,疲惫,晴,约会,不关心,微辣,海鲜,6,兰州牛肉面,面食粉面,1,chosen,0.6735,0.6641,train,normal
570,晚餐,3,25,想吃好点,开心,晴,家人,随便,不吃辣,海鲜,40,奶油蘑菇汤+面包,西式简餐,1,chosen,0.595,0.64,train,normal
570,晚餐,3,25,想吃好点,开心,晴,家人,随便,不吃辣,海鲜,42,烤鸡胸配土豆泥,西式简餐,1,chosen,0.5734,0.6492,train,normal
570,晚餐,3,25,想吃好点,开心,晴,家人,随便,不吃辣,海鲜,40,奶油蘑菇汤+面包,西式简餐,1,chosen,0.595,0.5692,train,normal
571,晚餐,2,60,正常,一般,阴,一个人,不关心,中辣,,26,烤鸡翅,烧烤小吃,1,chosen,0.4973,0.4696,train,normal
571,晚餐,2,60,正常,一般,阴,一个人,不关心,中辣,,26,烤鸡翅,烧烤小吃,1,chosen,0.4973,0.4692,train,normal
571,晚餐,2,60,正常,一般,阴,一个人,不关心,中辣,,26,烤鸡翅,烧烤小吃,1,chosen,0.4973,0.4924,train,normal
572,午餐,5,58,正常,疲惫,阴,朋友,不关心,不吃辣,,18,地三鲜+米饭,家常炒菜,1,chosen,0.6496,0.6673,val,normal
572,午餐,5,58,正常,疲惫,阴,朋友,不关心,不吃辣,,18,地三鲜+米饭,家常炒菜,1,chosen,0.6496,0.6763,val,normal
572,午餐,5,58,正常,疲惫,阴,朋友,不关心,不吃辣,,18,地三鲜+米饭,家常炒菜,1,chosen,0.6496,0.6218,val,normal
573,午餐,4,55,想吃好点,兴奋,热,同事,想健康,中辣,,15,宫保鸡丁+米饭,家常炒菜,1,chosen,0.6126,0.6079,train,normal
573,午餐,4,55,想吃好点,兴奋,热,同事,想健康,中辣,,15,宫保鸡丁+米饭,家常炒菜,1,chosen,0.6126,0.5736,train,normal
573,午餐,4,55,想吃好点,兴奋,热,同事,想健康,中辣,,15,宫保鸡丁+米饭,家常炒菜,1,chosen,0.6126,0.5558,train,normal
574,夜宵,5,26,正常,开心,热,同事,想健康,不吃辣,素食,8,番茄鸡蛋面,面食粉面,1,chosen,0.5664,0.6282,train,normal
574,夜宵,5,26,正常,开心,热,同事,想健康,不吃辣,素食,9,炸酱面,面食粉面,1,chosen,0.6047,0.6936,train,normal
574,夜宵,5,26,正常,开心,热,同事,想健康,不吃辣,素食,37,番茄肉酱意面,西式简餐,1,chosen,0.5639,0.6039,train,normal
575,午餐,5,59,想吃好点,一般,雨,一个人,想健康,不吃辣,"海鲜,乳制品",42,烤鸡胸配土豆泥,西式简餐,1,chosen,0.5756,0.5726,val,normal
575,午餐,5,59,想吃好点,一般,雨,一个人,想健康,不吃辣,"海鲜,乳制品",37,番茄肉酱意面,西式简餐,1,chosen,0.5694,0.5075,val,normal
575,午餐,5,59,想吃好点,一般,雨,一个人,想健康,不吃辣,"海鲜,乳制品",42,烤鸡胸配土豆泥,西式简餐,1,chosen,0.5756,0.5434,val,normal
576,夜宵,3,64,想吃好点,疲惫,冷,家人,想健康,不吃辣,,8,番茄鸡蛋面,面食粉面,1,chosen,0.6914,0.7505,train,normal
576,夜宵,3,64,想吃好点,疲惫,冷,家人,想健康,不吃辣,,24,菌汤火锅,火锅麻辣烫,1,chosen,0.7464,0.7796,train,normal
576,夜宵,3,64,想吃好点,疲惫,冷,家人,想健康,不吃辣,,24,菌汤火锅,火锅麻辣烫,1,chosen,0.7464,0.753,train,normal
576,夜宵,3,64,想吃好点,疲惫,冷,家人,想健康,不吃辣,,20,清汤火锅,火锅麻辣烫,0,considered,0.7214,0.6954,train,normal
576,夜宵,3,64,想吃好点,疲惫,冷,家人,想健康,不吃辣,,22,关东煮,火锅麻辣烫,0,considered,0.5276,0.5227,train,normal
577,晚餐,3,89,正常,疲惫,雨,家人,不关心,微辣,海鲜,6,兰州牛肉面,面食粉面,1,chosen,0.6614,0.5957,train,normal
577,晚餐,3,89,正常,疲惫,雨,家人,不关心,微辣,海鲜,40,奶油蘑菇汤+面包,西式简餐,1,chosen,0.6791,0.6495,train,normal
577,晚餐,3,89,正常,疲惫,雨,家人,不关心,微辣,海鲜,40,奶油蘑菇汤+面包,西式简餐,1,chosen,0.6791,0.639,train,normal
578,夜宵,4,31,正常,疲惫,阴,朋友,不关心,不吃辣,"海鲜,乳制品",37,番茄肉酱意面,西式简餐,1,chosen,0.624,0.6213,train,normal
578,夜宵,4,31,正常,疲惫,阴,朋友,不关心,不吃辣,"海鲜,乳制品",37,番茄肉酱意面,西式简餐,1,chosen,0.624,0.6381,train,normal
578,夜宵,4,31,正常,疲惫,阴,朋友,不关心,不吃辣,"海鲜,乳制品",37,番茄肉酱意面,西式简餐,1,chosen,0.624,0.6622,train,normal
579,夜宵,3,79,省着点,低落,晴,家人,不关心,重辣,,19,麻辣烫,火锅麻辣烫,1,chosen,0.6721,0.6568,val,normal
579,夜宵,3,79,省着点,低落,晴,家人,不关心,重辣,,19,麻辣烫,火锅麻辣烫,1,chosen,0.6721,0.6878,val,normal
579,夜宵,3,79,省着点,低落,晴,家人,不关心,重辣,,19,麻辣烫,火锅麻辣烫,1,chosen,0.6721,0.6548,val,normal
579,夜宵,3,79,省着点,低落,晴,家人,不关心,重辣,,23,冒菜,火锅麻辣烫,0,considered,0.5827,0.5422,val,normal
579,夜宵,3,79,省着点,低落,晴,家人,不关心,重辣,,20,清汤火锅,火锅麻辣烫,0,considered,0.5607,0.5498,val,normal
580,早餐,4,34,想吃好点,疲惫,雨,约会,想健康,中辣,"海鲜,乳制品",11,云南小锅米线,面食粉面,1,chosen,0.7422,0.7193,train,normal
580,早餐,4,34,想吃好点,疲惫,雨,约会,想健康,中辣,"海鲜,乳制品",11,云南小锅米线,面食粉面,1,chosen,0.7422,0.7223,train,normal
580,早餐,4,34,想吃好点,疲惫,雨,约会,想健康,中辣,"海鲜,乳制品",11,云南小锅米线,面食粉面,1,chosen,0.7422,0.7458,train,normal
581,夜宵,5,42,正常,疲惫,阴,约会,想健康,不吃辣,"海鲜,乳制品",42,烤鸡胸配土豆泥,西式简餐,1,chosen,0.6772,0.6482,train,normal
581,夜宵,5,42,正常,疲惫,阴,约会,想健康,不吃辣,"海鲜,乳制品",42,烤鸡胸配土豆泥,西式简餐,1,chosen,0.6772,0.6844,train,normal
581,夜宵,5,42,正常,疲惫,阴,约会,想健康,不吃辣,"海鲜,乳制品",37,番茄肉酱意面,西式简餐,1,chosen,0.677,0.6958,train,normal
581,夜宵,5,42,正常,疲惫,阴,约会,想健康,不吃辣,"海鲜,乳制品",37,番茄肉酱意面,西式简餐,0,considered,0.677,0.6869,train,normal
581,夜宵,5,42,正常,疲惫,阴,约会,想健康,不吃辣,"海鲜,乳制品",38,香煎牛排,西式简餐,0,considered,0.5154,0.4525,train,normal
582,午餐,2,51,省着点,一般,热,约会,想健康,中辣,,11,云南小锅米线,面食粉面,1,chosen,0.6152,0.5646,train,normal
582,午餐,2,51,省着点,一般,热,约会,想健康,中辣,,11,云南小锅米线,面食粉面,1,chosen,0.6152,0.5852,train,normal
582,午餐,2,51,省着点,一般,热,约会,想健康,中辣,,11,云南小锅米线,面食粉面,1,chosen,0.6152,0.6372,train,normal
583,早餐,5,41,省着点,疲惫,热,家人,不关心,微辣,海鲜,44,小笼包+豆浆,早餐粥点,1,chosen,0.644,0.6477,test,normal
583,早餐,5,41,省着点,疲惫,热,家人,不关心,微辣,海鲜,45,杂粮煎饼果子,早餐粥点,1,chosen,0.659,0.6208,test,normal
583,早餐,5,41,省着点,疲惫,热,家人,不关心,微辣,海鲜,45,杂粮煎饼果子,早餐粥点,1,chosen,0.659,0.7317,test,normal
583,早餐,5,41,省着点,疲惫,热,家人,不关心,微辣,海鲜,43,皮蛋瘦肉粥+油条,早餐粥点,0,considered,0.6467,0.6107,test,normal
583,早餐,5,41,省着点,疲惫,热,家人,不关心,微辣,海鲜,44,小笼包+豆浆,早餐粥点,0,considered,0.644,0.6199,test,normal
584,夜宵,3,48,想吃好点,一般,热,同事,想健康,重辣,海鲜,27,烤茄子,烧烤小吃,1,chosen,0.647,0.69,train,normal
584,夜宵,3,48,想吃好点,一般,热,同事,想健康,重辣,海鲜,26,烤鸡翅,烧烤小吃,1,chosen,0.6561,0.6567,train,normal
584,夜宵,3,48,想吃好点,一般,热,同事,想健康,重辣,海鲜,26,烤鸡翅,烧烤小吃,1,chosen,0.6561,0.7029,train,normal
585,午餐,3,84,正常,兴奋,雨,家人,不关心,不吃辣,海鲜,40,奶油蘑菇汤+面包,西式简餐,1,chosen,0.6369,0.686,train,normal
585,午餐,3,84,正常,兴奋,雨,家人,不关心,不吃辣,海鲜,40,奶油蘑菇汤+面包,西式简餐,1,chosen,0.6369,0.6778,train,normal
585,午餐,3,84,正常,兴奋,雨,家人,不关心,不吃辣,海鲜,40,奶油蘑菇汤+面包,西式简餐,1,chosen,0.6369,0.628,train,normal
585,午餐,3,84,正常,兴奋,雨,家人,不关心,不吃辣,海鲜,42,烤鸡胸配土豆泥,西式简餐,0,considered,0.6361,0.6161,train,normal
585,午餐,3,84,正常,兴奋,雨,家人,不关心,不吃辣,海鲜,37,番茄肉酱意面,西式简餐,0,considered,0.6261,0.6023,train,normal
586,早餐,2,49,想吃好点,开心,雨,一个人,严格控制,重辣,海鲜,46,燕麦牛奶粥,早餐粥点,1,chosen,0.6914,0.7287,train,normal
586,早餐,2,49,想吃好点,开心,雨,一个人,严格控制,重辣,海鲜,46,燕麦牛奶粥,早餐粥点,1,chosen,0.6914,0.7189,train,normal
586,早餐,2,49,想吃好点,开心,雨,一个人,严格控制,重辣,海鲜,46,燕麦牛奶粥,早餐粥点,1,chosen,0.6914,0.6788,train,normal
586,早餐,2,49,想吃好点,开心,雨,一个人,严格控制,重辣,海鲜,44,小笼包+豆浆,早餐粥点,0,considered,0.6552,0.6564,train,normal
586,早餐,2,49,想吃好点,开心,雨,一个人,严格控制,重辣,海鲜,43,皮蛋瘦肉粥+油条,早餐粥点,0,considered,0.6518,0.6509,train,normal
587,晚餐,2,58,正常,低落,热,朋友,不关心,重辣,"海鲜,乳制品",19,麻辣烫,火锅麻辣烫,1,chosen,0.6773,0.6598,train,normal
587,晚餐,2,58,正常,低落,热,朋友,不关心,重辣,"海鲜,乳制品",19,麻辣烫,火锅麻辣烫,1,chosen,0.6773,0.6243,train,normal
587,晚餐,2,58,正常,低落,热,朋友,不关心,重辣,"海鲜,乳制品",19,麻辣烫,火锅麻辣烫,1,chosen,0.6773,0.7172,train,normal
587,晚餐,2,58,正常,低落,热,朋友,不关心,重辣,"海鲜,乳制品",23,冒菜,火锅麻辣烫,0,considered,0.6433,0.6844,train,normal
587,晚餐,2,58,正常,低落,热,朋友,不关心,重辣,"海鲜,乳制品",24,菌汤火锅,火锅麻辣烫,0,considered,0.5219,0.5478,train,normal
588,下午加餐,3,104,不差钱,一般,晴,家人,想健康,重辣,海鲜,32,藜麦牛油果碗,轻食健康,1,chosen,0.6567,0.6124,test,normal
588,下午加餐,3,104,不差钱,一般,晴,家人,想健康,重辣,海鲜,32,藜麦牛油果碗,轻食健康,1,chosen,0.6567,0.6478,test,normal
588,下午加餐,3,104,不差钱,一般,晴,家人,想健康,重辣,海鲜,32,藜麦牛油果碗,轻食健康,1,chosen,0.6567,0.6847,test,normal
589,下午加餐,3,26,想吃好点,疲惫,热,朋友,随便,中辣,乳制品,32,藜麦牛油果碗,轻食健康,1,chosen,0.7023,0.6153,train,normal
589,下午加餐,3,26,想吃好点,疲惫,热,朋友,随便,中辣,乳制品,32,藜麦牛油果碗,轻食健康,1,chosen,0.7023,0.7242,train,normal
589,下午加餐,3,26,想吃好点,疲惫,热,朋友,随便,中辣,乳制品,31,鸡胸肉沙拉,轻食健康,1,chosen,0.6423,0.6413,train,normal
590,晚餐,4,74,正常,疲惫,热,一个人,随便,不吃辣,,9,炸酱面,面食粉面,1,chosen,0.5815,0.618,train,normal
590,晚餐,4,74,正常,疲惫,热,一个人,随便,不吃辣,,9,炸酱面,面食粉面,1,chosen,0.5815,0.5721,train,normal
590,晚餐,4,74,正常,疲惫,热,一个人,随便,不吃辣,,9,炸酱面,面食粉面,1,chosen,0.5815,0.5808,train,normal
590,晚餐,4,74,正常,疲惫,热,一个人,随便,不吃辣,,6,兰州牛肉面,面食粉面,0,considered,0.4525,0.4085,train,normal
590,晚餐,4,74,正常,疲惫,热,一个人,随便,不吃辣,,8,番茄鸡蛋面,面食粉面,0,considered,0.4438,0.4684,train,normal
591,午餐,2,57,想吃好点,一般,热,朋友,不关心,重辣,乳制品,15,宫保鸡丁+米饭,家常炒菜,1,chosen,0.609,0.632,train,normal
591,午餐,2,57,想吃好点,一般,热,朋友,不关心,重辣,乳制品,15,宫保鸡丁+米饭,家常炒菜,1,chosen,0.609,0.5258,train,normal
591,午餐,2,57,想吃好点,一般,热,朋友,不关心,重辣,乳制品,19,麻辣烫,火锅麻辣烫,1,chosen,0.6232,0.6506,train,normal
592,早餐,5,34,正常,一般,阴,家人,想健康,中辣,,11,云南小锅米线,面食粉面,1,chosen,0.632,0.684,val,normal
592,早餐,5,34,正常,一般,阴,家人,想健康,中辣,,11,云南小锅米线,面食粉面,1,chosen,0.632,0.6892,val,normal
592,早餐,5,34,正常,一般,阴,家人,想健康,中辣,,11,云南小锅米线,面食粉面,1,chosen,0.632,0.6262,val,normal
592,早餐,5,34,正常,一般,阴,家人,想健康,中辣,,6,兰州牛肉面,面食粉面,0,considered,0.6214,0.6562,val,normal
592,早餐,5,34,正常,一般,阴,家人,想健康,中辣,,8,番茄鸡蛋面,面食粉面,0,considered,0.5872,0.5257,val,normal
593,午餐,2,56,想吃好点,开心,雪,一个人,不关心,重辣,,19,麻辣烫,火锅麻辣烫,1,chosen,0.6378,0.6624,test,snow
593,午餐,2,56,想吃好点,开心,雪,一个人,不关心,重辣,,23,冒菜,火锅麻辣烫,1,chosen,0.5993,0.6134,test,snow
593,午餐,2,56,想吃好点,开心,雪,一个人,不关心,重辣,,19,麻辣烫,火锅麻辣烫,1,chosen,0.6378,0.6137,test,snow
594,午餐,4,34,想吃好点,一般,冷,一个人,想健康,不吃辣,,42,烤鸡胸配土豆泥,西式简餐,1,chosen,0.5836,0.5941,val,normal
594,午餐,4,34,想吃好点,一般,冷,一个人,想健康,不吃辣,,42,烤鸡胸配土豆泥,西式简餐,1,chosen,0.5836,0.5942,val,normal
594,午餐,4,34,想吃好点,一般,冷,一个人,想健康,不吃辣,,42,烤鸡胸配土豆泥,西式简餐,1,chosen,0.5836,0.5676,val,normal
594,午餐,4,34,想吃好点,一般,冷,一个人,想健康,不吃辣,,37,番茄肉酱意面,西式简餐,0,considered,0.5738,0.5499,val,normal
594,午餐,4,34,想吃好点,一般,冷,一个人,想健康,不吃辣,,40,奶油蘑菇汤+面包,西式简餐,0,considered,0.5738,0.5514,val,normal
595,早餐,3,38,不差钱,疲惫,阴,同事,严格控制,重辣,麸质,46,燕麦牛奶粥,早餐粥点,1,chosen,0.7136,0.7624,train,normal
595,早餐,3,38,不差钱,疲惫,阴,同事,严格控制,重辣,麸质,44,小笼包+豆浆,早餐粥点,1,chosen,0.6942,0.6775,train,normal
595,早餐,3,38,不差钱,疲惫,阴,同事,严格控制,重辣,麸质,46,燕麦牛奶粥,早餐粥点,1,chosen,0.7136,0.6941,train,normal
595,早餐,3,38,不差钱,疲惫,阴,同事,严格控制,重辣,麸质,44,小笼包+豆浆,早餐粥点,0,considered,0.6942,0.657,train,normal
595,早餐,3,38,不差钱,疲惫,阴,同事,严格控制,重辣,麸质,43,皮蛋瘦肉粥+油条,早餐粥点,0,considered,0.692,0.7332,train,normal
596,午餐,1,24,正常,兴奋,晴,朋友,不关心,中辣,,26,烤鸡翅,烧烤小吃,1,chosen,0.5774,0.5849,train,normal
596,午餐,1,24,正常,兴奋,晴,朋友,不关心,中辣,,26,烤鸡翅,烧烤小吃,1,chosen,0.5774,0.5645,train,normal
596,午餐,1,24,正常,兴奋,晴,朋友,不关心,中辣,,26,烤鸡翅,烧烤小吃,1,chosen,0.5774,0.5958,train,normal
597,午餐,5,36,省着点,开心,热,一个人,随便,微辣,麸质,6,兰州牛肉面,面食粉面,1,chosen,0.5039,0.4783,test,normal
597,午餐,5,36,省着点,开心,热,一个人,随便,微辣,麸质,45,杂粮煎饼果子,早餐粥点,1,chosen,0.5088,0.5491,test,normal
597,午餐,5,36,省着点,开心,热,一个人,随便,微辣,麸质,9,炸酱面,面食粉面,1,chosen,0.5411,0.4921,test,normal
598,午餐,3,87,正常,压力大,晴,约会,严格控制,不吃辣,,42,烤鸡胸配土豆泥,西式简餐,1,chosen,0.6981,0.7174,train,normal
598,午餐,3,87,正常,压力大,晴,约会,严格控制,不吃辣,,42,烤鸡胸配土豆泥,西式简餐,1,chosen,0.6981,0.6638,train,normal
598,午餐,3,87,正常,压力大,晴,约会,严格控制,不吃辣,,42,烤鸡胸配土豆泥,西式简餐,1,chosen,0.6981,0.6647,train,normal
599,早餐,5,42,省着点,一般,晴,同事,不关心,中辣,,43,皮蛋瘦肉粥+油条,早餐粥点,1,chosen,0.58,0.6099,train,normal
599,早餐,5,42,省着点,一般,晴,同事,不关心,中辣,,43,皮蛋瘦肉粥+油条,早餐粥点,1,chosen,0.58,0.5769,train,normal
599,早餐,5,42,省着点,一般,晴,同事,不关心,中辣,,43,皮蛋瘦肉粥+油条,早餐粥点,1,chosen,0.58,0.6117,train,normal
599,早餐,5,42,省着点,一般,晴,同事,不关心,中辣,,44,小笼包+豆浆,早餐粥点,0,considered,0.58,0.5929,train,normal
599,早餐,5,42,省着点,一般,晴,同事,不关心,中辣,,45,杂粮煎饼果子,早餐粥点,0,considered,0.5711,0.5591,train,normal
600,早餐,4,90,想吃好点,低落,热,一个人,不关心,中辣,,11,云南小锅米线,面食粉面,1,chosen,0.5534,0.5772,train,normal
600,早餐,4,90,想吃好点,低落,热,一个人,不关心,中辣,,11,云南小锅米线,面食粉面,1,chosen,0.5534,0.5438,train,normal
600,早餐,4,90,想吃好点,低落,热,一个人,不关心,中辣,,11,云南小锅米线,面食粉面,1,chosen,0.5534,0.5382,train,normal
600,早餐,4,90,想吃好点,低落,热,一个人,不关心,中辣,,6,兰州牛肉面,面食粉面,0,considered,0.5344,0.5389,train,normal
600,早餐,4,90,想吃好点,低落,热,一个人,不关心,中辣,,8,番茄鸡蛋面,面食粉面,0,considered,0.5161,0.4563,train,normal
601,夜宵,2,68,正常,开心,冷,家人,不关心,微辣,,26,烤鸡翅,烧烤小吃,1,chosen,0.6335,0.6149,train,normal
601,夜宵,2,68,正常,开心,冷,家人,不关心,微辣,,28,烤冷面,烧烤小吃,1,chosen,0.6503,0.6381,train,normal
601,夜宵,2,68,正常,开心,冷,家人,不关心,微辣,,28,烤冷面,烧烤小吃,1,chosen,0.6503,0.6356,train,normal
602,午餐,3,25,正常,压力大,热,朋友,想健康,中辣,麸质,15,宫保鸡丁+米饭,家常炒菜,1,chosen,0.7086,0.6601,train,normal
602,午餐,3,25,正常,压力大,热,朋友,想健康,中辣,麸质,26,烤鸡翅,烧烤小吃,1,chosen,0.6641,0.6398,train,normal
602,午餐,3,25,正常,压力大,热,朋友,想健康,中辣,麸质,15,宫保鸡丁+米饭,家常炒菜,1,chosen,0.7086,0.674,train,normal
603,下午加餐,4,15,省着点,一般,雨,约会,不关心,微辣,麸质,36,希腊酸奶坚果碗,轻食健康,1,chosen,0.5901,0.5902,val,normal
603,下午加餐,4,15,省着点,一般,雨,约会,不关心,微辣,麸质,36,希腊酸奶坚果碗,轻食健康,1,chosen,0.5901,0.5537,val,normal
603,下午加餐,4,15,省着点,一般,雨,约会,不关心,微辣,麸质,36,希腊酸奶坚果碗,轻食健康,1,chosen,0.5901,0.5674,val,normal
604,晚餐,3,15,正常,开心,热,一个人,随便,中辣,,9,炸酱面,面食粉面,1,chosen,0.5275,0.5005,val,normal
604,晚餐,3,15,正常,开心,热,一个人,随便,中辣,,9,炸酱面,面食粉面,1,chosen,0.5275,0.494,val,normal
604,晚餐,3,15,正常,开心,热,一个人,随便,中辣,,9,炸酱面,面食粉面,1,chosen,0.5275,0.5465,val,normal
605,午餐,3,15,正常,一般,雪,一个人,想健康,微辣,,6,兰州牛肉面,面食粉面,1,chosen,0.6433,0.6044,test,snow
605,午餐,3,15,正常,一般,雪,一个人,想健康,微辣,,40,奶油蘑菇汤+面包,西式简餐,1,chosen,0.6207,0.6064,test,snow
605,午餐,3,15,正常,一般,雪,一个人,想健康,微辣,,6,兰州牛肉面,面食粉面,1,chosen,0.6433,0.6701,test,snow
606,晚餐,3,48,不差钱,一般,热,一个人,想健康,不吃辣,素食,24,菌汤火锅,火锅麻辣烫,1,chosen,0.5527,0.545,train,normal
606,晚餐,3,48,不差钱,一般,热,一个人,想健康,不吃辣,素食,24,菌汤火锅,火锅麻辣烫,1,chosen,0.5527,0.5038,train,normal
606,晚餐,3,48,不差钱,一般,热,一个人,想健康,不吃辣,素食,24,菌汤火锅,火锅麻辣烫,1,chosen,0.5527,0.5641,train,normal
607,夜宵,4,64,省着点,疲惫,冷,同事,随便,重辣,,28,烤冷面,烧烤小吃,1,chosen,0.6805,0.6988,train,normal
607,夜宵,4,64,省着点,疲惫,冷,同事,随便,重辣,,27,烤茄子,烧烤小吃,1,chosen,0.6627,0.6357,train,normal
607,夜宵,4,64,省着点,疲惫,冷,同事,随便,重辣,,28,烤冷面,烧烤小吃,1,chosen,0.6805,0.7161,train,normal
608,午餐,2,75,想吃好点,压力大,晴,同事,不关心,重辣,,19,麻辣烫,火锅麻辣烫,1,chosen,0.5856,0.5514,train,normal
608,午餐,2,75,想吃好点,压力大,晴,同事,不关心,重辣,,19,麻辣烫,火锅麻辣烫,1,chosen,0.5856,0.613,train,normal
608,午餐,2,75,想吃好点,压力大,晴,同事,不关心,重辣,,19,麻辣烫,火锅麻辣烫,1,chosen,0.5856,0.542,train,normal
608,午餐,2,75,想吃好点,压力大,晴,同事,不关心,重辣,,23,冒菜,火锅麻辣烫,0,considered,0.5449,0.6077,train,normal
608,午餐,2,75,想吃好点,压力大,晴,同事,不关心,重辣,,20,清汤火锅,火锅麻辣烫,0,considered,0.5262,0.5422,train,normal
609,早餐,4,59,正常,开心,雪,朋友,不关心,中辣,,11,云南小锅米线,面食粉面,1,chosen,0.73,0.7406,test,snow
609,早餐,4,59,正常,开心,雪,朋友,不关心,中辣,,11,云南小锅米线,面食粉面,1,chosen,0.73,0.7574,test,snow
609,早餐,4,59,正常,开心,雪,朋友,不关心,中辣,,11,云南小锅米线,面食粉面,1,chosen,0.73,0.7732,test,snow
610,午餐,3,73,想吃好点,一般,晴,朋友,随便,不吃辣,,42,烤鸡胸配土豆泥,西式简餐,1,chosen,0.5904,0.5871,train,normal
610,午餐,3,73,想吃好点,一般,晴,朋友,随便,不吃辣,,18,地三鲜+米饭,家常炒菜,1,chosen,0.5743,0.5743,train,normal
610,午餐,3,73,想吃好点,一般,晴,朋友,随便,不吃辣,,42,烤鸡胸配土豆泥,西式简餐,1,chosen,0.5904,0.5903,train,normal
610,午餐,3,73,想吃好点,一般,晴,朋友,随便,不吃辣,,40,奶油蘑菇汤+面包,西式简餐,0,considered,0.5836,0.6538,train,normal
610,午餐,3,73,想吃好点,一般,晴,朋友,随便,不吃辣,,37,番茄肉酱意面,西式简餐,0,considered,0.5768,0.5447,train,normal
611,午餐,5,48,正常,低落,晴,同事,想健康,微辣,,6,兰州牛肉面,面食粉面,1,chosen,0.6011,0.6425,train,normal
611,午餐,5,48,正常,低落,晴,同事,想健康,微辣,,2,青椒肉丝盖饭,中式快餐盖饭,1,chosen,0.6011,0.5608,train,normal
611,午餐,5,48,正常,低落,晴,同事,想健康,微辣,,2,青椒肉丝盖饭,中式快餐盖饭,1,chosen,0.6011,0.6917,train,normal
611,午餐,5,48,正常,低落,晴,同事,想健康,微辣,,4,咖喱鸡排饭,中式快餐盖饭,0,considered,0.5801,0.564,train,normal
611,午餐,5,48,正常,低落,晴,同事,想健康,微辣,,1,黄焖鸡米饭,中式快餐盖饭,0,considered,0.5801,0.6347,train,normal
612,早餐,3,67,省着点,兴奋,雨,一个人,随便,中辣,,46,燕麦牛奶粥,早餐粥点,1,chosen,0.6304,0.6245,train,normal
612,早餐,3,67,省着点,兴奋,雨,一个人,随便,中辣,,46,燕麦牛奶粥,早餐粥点,1,chosen,0.6304,0.6217,train,normal
612,早餐,3,67,省着点,兴奋,雨,一个人,随便,中辣,,44,小笼包+豆浆,早餐粥点,1,chosen,0.6304,0.5936,train,normal
613,夜宵,4,89,想吃好点,疲惫,阴,同事,不关心,重辣,素食,19,麻辣烫,火锅麻辣烫,1,chosen,0.6325,0.6107,train,normal
613,夜宵,4,89,想吃好点,疲惫,阴,同事,不关心,重辣,素食,19,麻辣烫,火锅麻辣烫,1,chosen,0.6325,0.6717,train,normal
613,夜宵,4,89,想吃好点,疲惫,阴,同事,不关心,重辣,素食,19,麻辣烫,火锅麻辣烫,1,chosen,0.6325,0.6379,train,normal
614,夜宵,4,54,想吃好点,开心,冷,一个人,随便,不吃辣,,24,菌汤火锅,火锅麻辣烫,1,chosen,0.5704,0.5935,train,normal
614,夜宵,4,54,想吃好点,开心,冷,一个人,随便,不吃辣,,24,菌汤火锅,火锅麻辣烫,1,chosen,0.5704,0.5993,train,normal
614,夜宵,4,54,想吃好点,开心,冷,一个人,随便,不吃辣,,24,菌汤火锅,火锅麻辣烫,1,chosen,0.5704,0.5909,train,normal
615,晚餐,3,32,正常,疲惫,雨,同事,不关心,不吃辣,,37,番茄肉酱意面,西式简餐,1,chosen,0.612,0.6424,train,normal
615,晚餐,3,32,正常,疲惫,雨,同事,不关心,不吃辣,,40,奶油蘑菇汤+面包,西式简餐,1,chosen,0.6348,0.5527,train,normal
615,晚餐,3,32,正常,疲惫,雨,同事,不关心,不吃辣,,18,地三鲜+米饭,家常炒菜,1,chosen,0.6092,0.6129,train,normal
616,晚餐,3,62,正常,开心,晴,朋友,想健康,不吃辣,,42,烤鸡胸配土豆泥,西式简餐,1,chosen,0.6316,0.6024,train,normal
616,晚餐,3,62,正常,开心,晴,朋友,想健康,不吃辣,,42,烤鸡胸配土豆泥,西式简餐,1,chosen,0.6316,0.6322,train,normal
616,晚餐,3,62,正常,开心,晴,朋友,想健康,不吃辣,,42,烤鸡胸配土豆泥,西式简餐,1,chosen,0.6316,0.6177,train,normal
616,晚餐,3,62,正常,开心,晴,朋友,想健康,不吃辣,,40,奶油蘑菇汤+面包,西式简餐,0,considered,0.6243,0.6839,train,normal
616,晚餐,3,62,正常,开心,晴,朋友,想健康,不吃辣,,37,番茄肉酱意面,西式简餐,0,considered,0.6141,0.6032,train,normal
617,午餐,1,70,正常,疲惫,热,同事,不关心,重辣,,19,麻辣烫,火锅麻辣烫,1,chosen,0.5688,0.6381,train,normal
617,午餐,1,70,正常,疲惫,热,同事,不关心,重辣,,19,麻辣烫,火锅麻辣烫,1,chosen,0.5688,0.5437,train,normal
617,午餐,1,70,正常,疲惫,热,同事,不关心,重辣,,19,麻辣烫,火锅麻辣烫,1,chosen,0.5688,0.604,train,normal
618,晚餐,3,15,正常,兴奋,雪,约会,想健康,中辣,,11,云南小锅米线,面食粉面,1,chosen,0.7586,0.7603,test,snow
618,晚餐,3,15,正常,兴奋,雪,约会,想健康,中辣,,11,云南小锅米线,面食粉面,1,chosen,0.7586,0.7672,test,snow
618,晚餐,3,15,正常,兴奋,雪,约会,想健康,中辣,,11,云南小锅米线,面食粉面,1,chosen,0.7586,0.7555,test,snow
618,晚餐,3,15,正常,兴奋,雪,约会,想健康,中辣,,6,兰州牛肉面,面食粉面,0,considered,0.7523,0.7846,test,snow
618,晚餐,3,15,正常,兴奋,雪,约会,想健康,中辣,,9,炸酱面,面食粉面,0,considered,0.6687,0.6433,test,snow
619,晚餐,2,30,正常,一般,热,家人,不关心,重辣,海鲜,19,麻辣烫,火锅麻辣烫,1,chosen,0.6091,0.6234,train,normal
619,晚餐,2,30,正常,一般,热,家人,不关心,重辣,海鲜,19,麻辣烫,火锅麻辣烫,1,chosen,0.6091,0.6227,train,normal
619,晚餐,2,30,正常,一般,热,家人,不关心,重辣,海鲜,19,麻辣烫,火锅麻辣烫,1,chosen,0.6091,0.5804,train,normal
620,晚餐,2,51,省着点,开心,冷,约会,随便,重辣,乳制品,19,麻辣烫,火锅麻辣烫,1,chosen,0.6567,0.6834,test,normal
620,晚餐,2,51,省着点,开心,冷,约会,随便,重辣,乳制品,19,麻辣烫,火锅麻辣烫,1,chosen,0.6567,0.6652,test,normal
620,晚餐,2,51,省着点,开心,冷,约会,随便,重辣,乳制品,19,麻辣烫,火锅麻辣烫,1,chosen,0.6567,0.643,test,normal
621,晚餐,4,44,想吃好点,一般,冷,朋友,严格控制,微辣,,42,烤鸡胸配土豆泥,西式简餐,1,chosen,0.6837,0.6805,train,normal
621,晚餐,4,44,想吃好点,一般,冷,朋友,严格控制,微辣,,6,兰州牛肉面,面食粉面,1,chosen,0.6555,0.7311,train,normal
621,晚餐,4,44,想吃好点,一般,冷,朋友,严格控制,微辣,,2,青椒肉丝盖饭,中式快餐盖饭,1,chosen,0.6609,0.7167,train,normal
622,午餐,1,26,正常,一般,冷,一个人,不关心,不吃辣,,40,奶油蘑菇汤+面包,西式简餐,1,chosen,0.4901,0.4488,train,normal
622,午餐,1,26,正常,一般,冷,一个人,不关心,不吃辣,,40,奶油蘑菇汤+面包,西式简餐,1,chosen,0.4901,0.4817,train,normal
622,午餐,1,26,正常,一般,冷,一个人,不关心,不吃辣,,40,奶油蘑菇汤+面包,西式简餐,1,chosen,0.4901,0.4895,train,normal
623,午餐,3,54,正常,兴奋,阴,一个人,严格控制,中辣,"海鲜,乳制品",15,宫保鸡丁+米饭,家常炒菜,1,chosen,0.5802,0.5694,train,normal
623,午餐,3,54,正常,兴奋,阴,一个人,严格控制,中辣,"海鲜,乳制品",15,宫保鸡丁+米饭,家常炒菜,1,chosen,0.5802,0.6029,train,normal
623,午餐,3,54,正常,兴奋,阴,一个人,严格控制,中辣,"海鲜,乳制品",15,宫保鸡丁+米饭,家常炒菜,1,chosen,0.5802,0.5935,train,normal
623,午餐,3,54,正常,兴奋,阴,一个人,严格控制,中辣,"海鲜,乳制品",12,西红柿炒蛋+米饭,家常炒菜,0,considered,0.5513,0.4804,train,normal
623,午餐,3,54,正常,兴奋,阴,一个人,严格控制,中辣,"海鲜,乳制品",17,蒜蓉西兰花+米饭,家常炒菜,0,considered,0.5513,0.6089,train,normal
624,午餐,3,85,正常,兴奋,雨,同事,不关心,不吃辣,,40,奶油蘑菇汤+面包,西式简餐,1,chosen,0.5926,0.5443,train,normal
624,午餐,3,85,正常,兴奋,雨,同事,不关心,不吃辣,,40,奶油蘑菇汤+面包,西式简餐,1,chosen,0.5926,0.6093,train,normal
624,午餐,3,85,正常,兴奋,雨,同事,不关心,不吃辣,,40,奶油蘑菇汤+面包,西式简餐,1,chosen,0.5926,0.5498,train,normal
624,午餐,3,85,正常,兴奋,雨,同事,不关心,不吃辣,,42,烤鸡胸配土豆泥,西式简餐,0,considered,0.5755,0.5706,train,normal
624,午餐,3,85,正常,兴奋,雨,同事,不关心,不吃辣,,37,番茄肉酱意面,西式简餐,0,considered,0.569,0.5308,train,normal
625,早餐,4,86,正常,低落,晴,朋友,不关心,中辣,,11,云南小锅米线,面食粉面,1,chosen,0.6445,0.6559,train,normal
625,早餐,4,86,正常,低落,晴,朋友,不关心,中辣,,11,云南小锅米线,面食粉面,1,chosen,0.6445,0.6207,train,normal
625,早餐,4,86,正常,低落,晴,朋友,不关心,中辣,,11,云南小锅米线,面食粉面,1,chosen,0.6445,0.7191,train,normal
625,早餐,4,86,正常,低落,晴,朋友,不关心,中辣,,6,兰州牛肉面,面食粉面,0,considered,0.6174,0.62,train,normal
625,早餐,4,86,正常,低落,晴,朋友,不关心,中辣,,8,番茄鸡蛋面,面食粉面,0,considered,0.5709,0.5819,train,normal
626,午餐,2,80,省着点,开心,阴,一个人,不关心,重辣,素食,19,麻辣烫,火锅麻辣烫,1,chosen,0.4975,0.4793,train,normal
626,午餐,2,80,省着点,开心,阴,一个人,不关心,重辣,素食,19,麻辣烫,火锅麻辣烫,1,chosen,0.4975,0.4664,train,normal
626,午餐,2,80,省着点,开心,阴,一个人,不关心,重辣,素食,19,麻辣烫,火锅麻辣烫,1,chosen,0.4975,0.5042,train,normal
627,早餐,4,47,想吃好点,开心,阴,朋友,不关心,中辣,,11,云南小锅米线,面食粉面,1,chosen,0.6061,0.5662,train,normal
627,早餐,4,47,想吃好点,开心,阴,朋友,不关心,中辣,,11,云南小锅米线,面食粉面,1,chosen,0.6061,0.6396,train,normal
627,早餐,4,47,想吃好点,开心,阴,朋友,不关心,中辣,,11,云南小锅米线,面食粉面,1,chosen,0.6061,0.6227,train,normal
627,早餐,4,47,想吃好点,开心,阴,朋友,不关心,中辣,,6,兰州牛肉面,面食粉面,0,considered,0.59,0.5653,train,normal
627,早餐,4,47,想吃好点,开心,阴,朋友,不关心,中辣,,8,番茄鸡蛋面,面食粉面,0,considered,0.5562,0.5671,train,normal
628,晚餐,5,88,不差钱,开心,晴,一个人,严格控制,中辣,,42,烤鸡胸配土豆泥,西式简餐,1,chosen,0.5443,0.5642,train,normal
628,晚餐,5,88,不差钱,开心,晴,一个人,严格控制,中辣,,24,菌汤火锅,火锅麻辣烫,1,chosen,0.5781,0.5465,train,normal
628,晚餐,5,88,不差钱,开心,晴,一个人,严格控制,中辣,,24,菌汤火锅,火锅麻辣烫,1,chosen,0.5781,0.5853,train,normal
629,早餐,4,31,想吃好点,兴奋,冷,家人,不关心,中辣,,11,云南小锅米线,面食粉面,1,chosen,0.6408,0.6712,train,normal
629,早餐,4,31,想吃好点,兴奋,冷,家人,不关心,中辣,,11,云南小锅米线,面食粉面,1,chosen,0.6408,0.6352,train,normal
629,早餐,4,31,想吃好点,兴奋,冷,家人,不关心,中辣,,11,云南小锅米线,面食粉面,1,chosen,0.6408,0.6309,train,normal
630,午餐,4,70,正常,一般,雨,朋友,随便,微辣,"海鲜,乳制品",18,地三鲜+米饭,家常炒菜,1,chosen,0.6453,0.5984,train,normal
630,午餐,4,70,正常,一般,雨,朋友,随便,微辣,"海鲜,乳制品",18,地三鲜+米饭,家常炒菜,1,chosen,0.6453,0.6318,train,normal
630,午餐,4,70,正常,一般,雨,朋友,随便,微辣,"海鲜,乳制品",18,地三鲜+米饭,家常炒菜,1,chosen,0.6453,0.6996,train,normal
631,午餐,2,72,正常,压力大,雨,朋友,想健康,中辣,,15,宫保鸡丁+米饭,家常炒菜,1,chosen,0.7321,0.7156,train,normal
631,午餐,2,72,正常,压力大,雨,朋友,想健康,中辣,,15,宫保鸡丁+米饭,家常炒菜,1,chosen,0.7321,0.7286,train,normal
631,午餐,2,72,正常,压力大,雨,朋友,想健康,中辣,,15,宫保鸡丁+米饭,家常炒菜,1,chosen,0.7321,0.7172,train,normal
632,午餐,2,75,正常,开心,阴,朋友,不关心,不吃辣,"海鲜,乳制品",42,烤鸡胸配土豆泥,西式简餐,1,chosen,0.5654,0.5585,test,normal
632,午餐,2,75,正常,开心,阴,朋友,不关心,不吃辣,"海鲜,乳制品",42,烤鸡胸配土豆泥,西式简餐,1,chosen,0.5654,0.6195,test,normal
632,午餐,2,75,正常,开心,阴,朋友,不关心,不吃辣,"海鲜,乳制品",42,烤鸡胸配土豆泥,西式简餐,1,chosen,0.5654,0.5605,test,normal
632,午餐,2,75,正常,开心,阴,朋友,不关心,不吃辣,"海鲜,乳制品",37,番茄肉酱意面,西式简餐,0,considered,0.5576,0.5409,test,normal
632,午餐,2,75,正常,开心,阴,朋友,不关心,不吃辣,"海鲜,乳制品",38,香煎牛排,西式简餐,0,considered,0.4857,0.4542,test,normal
633,夜宵,5,23,省着点,疲惫,阴,同事,严格控制,不吃辣,,8,番茄鸡蛋面,面食粉面,1,chosen,0.6338,0.7041,train,normal
633,夜宵,5,23,省着点,疲惫,阴,同事,严格控制,不吃辣,,8,番茄鸡蛋面,面食粉面,1,chosen,0.6338,0.6361,train,normal
633,夜宵,5,23,省着点,疲惫,阴,同事,严格控制,不吃辣,,8,番茄鸡蛋面,面食粉面,1,chosen,0.6338,0.6543,train,normal
633,夜宵,5,23,省着点,疲惫,阴,同事,严格控制,不吃辣,,9,炸酱面,面食粉面,0,considered,0.5951,0.6231,train,normal
633,夜宵,5,23,省着点,疲惫,阴,同事,严格控制,不吃辣,,6,兰州牛肉面,面食粉面,0,considered,0.5684,0.5699,train,normal
634,晚餐,3,25,正常,压力大,晴,一个人,随便,微辣,,40,奶油蘑菇汤+面包,西式简餐,1,chosen,0.5444,0.4701,train,normal
634,晚餐,3,25,正常,压力大,晴,一个人,随便,微辣,,40,奶油蘑菇汤+面包,西式简餐,1,chosen,0.5444,0.5384,train,normal
634,晚餐,3,25,正常,压力大,晴,一个人,随便,微辣,,40,奶油蘑菇汤+面包,西式简餐,1,chosen,0.5444,0.5275,train,normal
635,晚餐,4,34,正常,开心,阴,同事,随便,不吃辣,"海鲜,乳制品",18,地三鲜+米饭,家常炒菜,1,chosen,0.5559,0.5229,train,normal
635,晚餐,4,34,正常,开心,阴,同事,随便,不吃辣,"海鲜,乳制品",18,地三鲜+米饭,家常炒菜,1,chosen,0.5559,0.6075,train,normal
635,晚餐,4,34,正常,开心,阴,同事,随便,不吃辣,"海鲜,乳制品",18,地三鲜+米饭,家常炒菜,1,chosen,0.5559,0.541,train,normal
636,早餐,4,41,想吃好点,压力大,雨,家人,想健康,不吃辣,,42,烤鸡胸配土豆泥,西式简餐,1,chosen,0.6492,0.6562,val,normal
636,早餐,4,41,想吃好点,压力大,雨,家人,想健康,不吃辣,,44,小笼包+豆浆,早餐粥点,1,chosen,0.699,0.7204,val,normal
636,早餐,4,41,想吃好点,压力大,雨,家人,想健康,不吃辣,,44,小笼包+豆浆,早餐粥点,1,chosen,0.699,0.6277,val,normal
637,夜宵,3,35,省着点,开心,阴,一个人,不关心,不吃辣,,8,番茄鸡蛋面,面食粉面,1,chosen,0.5298,0.4985,test,normal
637,夜宵,3,35,省着点,开心,阴,一个人,不关心,不吃辣,,8,番茄鸡蛋面,面食粉面,1,chosen,0.5298,0.5246,test,normal
637,夜宵,3,35,省着点,开心,阴,一个人,不关心,不吃辣,,8,番茄鸡蛋面,面食粉面,1,chosen,0.5298,0.5152,test,normal
637,夜宵,3,35,省着点,开心,阴,一个人,不关心,不吃辣,,9,炸酱面,面食粉面,0,considered,0.4707,0.5035,test,normal
637,夜宵,3,35,省着点,开心,阴,一个人,不关心,不吃辣,,6,兰州牛肉面,面食粉面,0,considered,0.4435,0.4532,test,normal
638,早餐,4,60,正常,疲惫,晴,家人,不关心,重辣,麸质,44,小笼包+豆浆,早餐粥点,1,chosen,0.6359,0.6215,val,normal
638,早餐,4,60,正常,疲惫,晴,家人,不关心,重辣,麸质,11,云南小锅米线,面食粉面,1,chosen,0.6411,0.676,val,normal
638,早餐,4,60,正常,疲惫,晴,家人,不关心,重辣,麸质,11,云南小锅米线,面食粉面,1,chosen,0.6411,0.6878,val,normal
639,夜宵,5,31,正常,一般,阴,家人,严格控制,微辣,,6,兰州牛肉面,面食粉面,1,chosen,0.6517,0.6179,train,normal
639,夜宵,5,31,正常,一般,阴,家人,严格控制,微辣,,6,兰州牛肉面,面食粉面,1,chosen,0.6517,0.6637,train,normal
639,夜宵,5,31,正常,一般,阴,家人,严格控制,微辣,,2,青椒肉丝盖饭,中式快餐盖饭,1,chosen,0.6164,0.6439,train,normal
639,夜宵,5,31,正常,一般,阴,家人,严格控制,微辣,,8,番茄鸡蛋面,面食粉面,0,considered,0.5895,0.5685,train,normal
639,夜宵,5,31,正常,一般,阴,家人,严格控制,微辣,,9,炸酱面,面食粉面,0,considered,0.5794,0.5894,train,normal
640,夜宵,4,42,正常,一般,雨,家人,想健康,重辣,素食,11,云南小锅米线,面食粉面,1,chosen,0.7037,0.6969,train,normal
640,夜宵,4,42,正常,一般,雨,家人,想健康,重辣,素食,11,云南小锅米线,面食粉面,1,chosen,0.7037,0.7117,train,normal
640,夜宵,4,42,正常,一般,雨,家人,想健康,重辣,素食,11,云南小锅米线,面食粉面,1,chosen,0.7037,0.7098,train,normal
641,晚餐,4,34,省着点,一般,热,同事,不关心,中辣,,9,炸酱面,面食粉面,1,chosen,0.5726,0.5633,train,normal
641,晚餐,4,34,省着点,一般,热,同事,不关心,中辣,,9,炸酱面,面食粉面,1,chosen,0.5726,0.5978,train,normal
641,晚餐,4,34,省着点,一般,热,同事,不关心,中辣,,9,炸酱面,面食粉面,1,chosen,0.5726,0.5325,train,normal
641,晚餐,4,34,省着点,一般,热,同事,不关心,中辣,,11,云南小锅米线,面食粉面,0,considered,0.5367,0.5627,train,normal
641,晚餐,4,34,省着点,一般,热,同事,不关心,中辣,,6,兰州牛肉面,面食粉面,0,considered,0.5354,0.5483,train,normal
642,晚餐,2,83,不差钱,兴奋,雨,同事,不关心,中辣,,26,烤鸡翅,烧烤小吃,1,chosen,0.577,0.571,train,normal
642,晚餐,2,83,不差钱,兴奋,雨,同事,不关心,中辣,,26,烤鸡翅,烧烤小吃,1,chosen,0.577,0.5536,train,normal
642,晚餐,2,83,不差钱,兴奋,雨,同事,不关心,中辣,,26,烤鸡翅,烧烤小吃,1,chosen,0.577,0.6173,train,normal
643,晚餐,1,50,想吃好点,兴奋,晴,家人,不关心,微辣,,42,烤鸡胸配土豆泥,西式简餐,1,chosen,0.5509,0.5213,train,normal
643,晚餐,1,50,想吃好点,兴奋,晴,家人,不关心,微辣,,42,烤鸡胸配土豆泥,西式简餐,1,chosen,0.5509,0.5902,train,normal
643,晚餐,1,50,想吃好点,兴奋,晴,家人,不关心,微辣,,42,烤鸡胸配土豆泥,西式简餐,1,chosen,0.5509,0.5604,train,normal
643,晚餐,1,50,想吃好点,兴奋,晴,家人,不关心,微辣,,40,奶油蘑菇汤+面包,西式简餐,0,considered,0.5352,0.5831,train,normal
643,晚餐,1,50,想吃好点,兴奋,晴,家人,不关心,微辣,,37,番茄肉酱意面,西式简餐,0,considered,0.5314,0.4854,train,normal
644,夜宵,4,46,正常,一般,热,同事,随便,中辣,素食,27,烤茄子,烧烤小吃,1,chosen,0.5898,0.5117,test,normal
644,夜宵,4,46,正常,一般,热,同事,随便,中辣,素食,27,烤茄子,烧烤小吃,1,chosen,0.5898,0.5323,test,normal
644,夜宵,4,46,正常,一般,热,同事,随便,中辣,素食,27,烤茄子,烧烤小吃,1,chosen,0.5898,0.5167,test,normal
644,夜宵,4,46,正常,一般,热,同事,随便,中辣,素食,28,烤冷面,烧烤小吃,0,considered,0.5778,0.6029,test,normal
644,夜宵,4,46,正常,一般,热,同事,随便,中辣,素食,30,铁板豆腐,烧烤小吃,0,considered,0.5762,0.5882,test,normal
645,晚餐,3,23,想吃好点,一般,冷,一个人,不关心,中辣,,15,宫保鸡丁+米饭,家常炒菜,1,chosen,0.5635,0.5428,val,normal
645,晚餐,3,23,想吃好点,一般,冷,一个人,不关心,中辣,,15,宫保鸡丁+米饭,家常炒菜,1,chosen,0.5635,0.5453,val,normal
645,晚餐,3,23,想吃好点,一般,冷,一个人,不关心,中辣,,15,宫保鸡丁+米饭,家常炒菜,1,chosen,0.5635,0.5528,val,normal
646,晚餐,4,26,正常,一般,阴,朋友,不关心,不吃辣,,18,地三鲜+米饭,家常炒菜,1,chosen,0.5906,0.622,train,normal
646,晚餐,4,26,正常,一般,阴,朋友,不关心,不吃辣,,18,地三鲜+米饭,家常炒菜,1,chosen,0.5906,0.607,train,normal
646,晚餐,4,26,正常,一般,阴,朋友,不关心,不吃辣,,18,地三鲜+米饭,家常炒菜,1,chosen,0.5906,0.5338,train,normal
646,晚餐,4,26,正常,一般,阴,朋友,不关心,不吃辣,,12,西红柿炒蛋+米饭,家常炒菜,0,considered,0.4771,0.4795,train,normal
646,晚餐,4,26,正常,一般,阴,朋友,不关心,不吃辣,,17,蒜蓉西兰花+米饭,家常炒菜,0,considered,0.4744,0.4816,train,normal
647,晚餐,3,19,想吃好点,疲惫,雨,家人,想健康,不吃辣,素食,40,奶油蘑菇汤+面包,西式简餐,1,chosen,0.6927,0.6247,val,normal
647,晚餐,3,19,想吃好点,疲惫,雨,家人,想健康,不吃辣,素食,40,奶油蘑菇汤+面包,西式简餐,1,chosen,0.6927,0.7008,val,normal
647,晚餐,3,19,想吃好点,疲惫,雨,家人,想健康,不吃辣,素食,40,奶油蘑菇汤+面包,西式简餐,1,chosen,0.6927,0.738,val,normal
647,晚餐,3,19,想吃好点,疲惫,雨,家人,想健康,不吃辣,素食,37,番茄肉酱意面,西式简餐,0,considered,0.6633,0.6809,val,normal
647,晚餐,3,19,想吃好点,疲惫,雨,家人,想健康,不吃辣,素食,41,玛格丽特披萨,西式简餐,0,considered,0.567,0.5485,val,normal
648,夜宵,1,15,正常,疲惫,阴,家人,不关心,微辣,,28,烤冷面,烧烤小吃,1,chosen,0.6193,0.597,train,normal
648,夜宵,1,15,正常,疲惫,阴,家人,不关心,微辣,,28,烤冷面,烧烤小吃,1,chosen,0.6193,0.632,train,normal
648,夜宵,1,15,正常,疲惫,阴,家人,不关心,微辣,,28,烤冷面,烧烤小吃,1,chosen,0.6193,0.6026,train,normal
648,夜宵,1,15,正常,疲惫,阴,家人,不关心,微辣,,30,铁板豆腐,烧烤小吃,0,considered,0.5665,0.5762,train,normal
648,夜宵,1,15,正常,疲惫,阴,家人,不关心,微辣,,27,烤茄子,烧烤小吃,0,considered,0.5585,0.5789,train,normal
649,夜宵,4,52,想吃好点,一般,热,朋友,想健康,不吃辣,,24,菌汤火锅,火锅麻辣烫,1,chosen,0.6401,0.6128,test,normal
649,夜宵,4,52,想吃好点,一般,热,朋友,想健康,不吃辣,,24,菌汤火锅,火锅麻辣烫,1,chosen,0.6401,0.6491,test,normal
649,夜宵,4,52,想吃好点,一般,热,朋友,想健康,不吃辣,,24,菌汤火锅,火锅麻辣烫,1,chosen,0.6401,0.5882,test,normal
649,夜宵,4,52,想吃好点,一般,热,朋友,想健康,不吃辣,,20,清汤火锅,火锅麻辣烫,0,considered,0.5894,0.6386,test,normal
649,夜宵,4,52,想吃好点,一般,热,朋友,想健康,不吃辣,,22,关东煮,火锅麻辣烫,0,considered,0.3976,0.4723,test,normal
650,下午加餐,3,48,正常,一般,雪,约会,想健康,不吃辣,,34,全麦鸡肉三明治,轻食健康,1,chosen,0.7378,0.7116,test,snow
650,下午加餐,3,48,正常,一般,雪,约会,想健康,不吃辣,,34,全麦鸡肉三明治,轻食健康,1,chosen,0.7378,0.701,test,snow
650,下午加餐,3,48,正常,一般,雪,约会,想健康,不吃辣,,32,藜麦牛油果碗,轻食健康,1,chosen,0.7079,0.6962,test,snow
650,下午加餐,3,48,正常,一般,雪,约会,想健康,不吃辣,,35,水煮时蔬+溏心蛋,轻食健康,0,considered,0.7128,0.7465,test,snow
650,下午加餐,3,48,正常,一般,雪,约会,想健康,不吃辣,,32,藜麦牛油果碗,轻食健康,0,considered,0.7079,0.7102,test,snow
651,晚餐,5,52,省着点,一般,阴,一个人,不关心,重辣,,7,重庆小面,面食粉面,1,chosen,0.5052,0.5535,train,normal
651,晚餐,5,52,省着点,一般,阴,一个人,不关心,重辣,,7,重庆小面,面食粉面,1,chosen,0.5052,0.4662,train,normal
651,晚餐,5,52,省着点,一般,阴,一个人,不关心,重辣,,7,重庆小面,面食粉面,1,chosen,0.5052,0.5168,train,normal
652,午餐,5,15,正常,兴奋,冷,家人,不关心,微辣,素食,6,兰州牛肉面,面食粉面,1,chosen,0.6228,0.647,test,normal
652,午餐,5,15,正常,兴奋,冷,家人,不关心,微辣,素食,6,兰州牛肉面,面食粉面,1,chosen,0.6228,0.5927,test,normal
652,午餐,5,15,正常,兴奋,冷,家人,不关心,微辣,素食,40,奶油蘑菇汤+面包,西式简餐,1,chosen,0.606,0.6153,test,normal
653,午餐,4,55,正常,低落,晴,一个人,随便,不吃辣,,18,地三鲜+米饭,家常炒菜,1,chosen,0.5259,0.4744,train,normal
653,午餐,4,55,正常,低落,晴,一个人,随便,不吃辣,,18,地三鲜+米饭,家常炒菜,1,chosen,0.5259,0.5454,train,normal
653,午餐,4,55,正常,低落,晴,一个人,随便,不吃辣,,18,地三鲜+米饭,家常炒菜,1,chosen,0.5259,0.4745,train,normal
653,午餐,4,55,正常,低落,晴,一个人,随便,不吃辣,,17,蒜蓉西兰花+米饭,家常炒菜,0,considered,0.4258,0.4632,train,normal
653,午餐,4,55,正常,低落,晴,一个人,随便,不吃辣,,12,西红柿炒蛋+米饭,家常炒菜,0,considered,0.4258,0.3128,train,normal
654,晚餐,3,42,正常,一般,晴,家人,想健康,不吃辣,,42,烤鸡胸配土豆泥,西式简餐,1,chosen,0.6202,0.5747,train,normal
654,晚餐,3,42,正常,一般,晴,家人,想健康,不吃辣,,42,烤鸡胸配土豆泥,西式简餐,1,chosen,0.6202,0.5821,train,normal
654,晚餐,3,42,正常,一般,晴,家人,想健康,不吃辣,,42,烤鸡胸配土豆泥,西式简餐,1,chosen,0.6202,0.5795,train,normal
654,晚餐,3,42,正常,一般,晴,家人,想健康,不吃辣,,40,奶油蘑菇汤+面包,西式简餐,0,considered,0.6129,0.6151,train,normal
654,晚餐,3,42,正常,一般,晴,家人,想健康,不吃辣,,37,番茄肉酱意面,西式简餐,0,considered,0.6027,0.5552,train,normal
655,早餐,2,72,正常,一般,雪,一个人,不关心,重辣,,44,小笼包+豆浆,早餐粥点,1,chosen,0.6753,0.6651,test,snow
655,早餐,2,72,正常,一般,雪,一个人,不关心,重辣,,44,小笼包+豆浆,早餐粥点,1,chosen,0.6753,0.695,test,snow
655,早餐,2,72,正常,一般,雪,一个人,不关心,重辣,,44,小笼包+豆浆,早餐粥点,1,chosen,0.6753,0.6807,test,snow
655,早餐,2,72,正常,一般,雪,一个人,不关心,重辣,,46,燕麦牛奶粥,早餐粥点,0,considered,0.6742,0.6598,test,snow
655,早餐,2,72,正常,一般,雪,一个人,不关心,重辣,,43,皮蛋瘦肉粥+油条,早餐粥点,0,considered,0.6704,0.6606,test,snow
656,晚餐,3,100,正常,疲惫,雨,一个人,想健康,中辣,"海鲜,乳制品",15,宫保鸡丁+米饭,家常炒菜,1,chosen,0.6543,0.7643,test,normal
656,晚餐,3,100,正常,疲惫,雨,一个人,想健康,中辣,"海鲜,乳制品",15,宫保鸡丁+米饭,家常炒菜,1,chosen,0.6543,0.6853,test,normal
656,晚餐,3,100,正常,疲惫,雨,一个人,想健康,中辣,"海鲜,乳制品",15,宫保鸡丁+米饭,家常炒菜,1,chosen,0.6543,0.649,test,normal
657,午餐,4,30,不差钱,开心,雨,约会,想健康,中辣,,15,宫保鸡丁+米饭,家常炒菜,1,chosen,0.7202,0.7533,val,normal
657,午餐,4,30,不差钱,开心,雨,约会,想健康,中辣,,15,宫保鸡丁+米饭,家常炒菜,1,chosen,0.7202,0.7222,val,normal
657,午餐,4,30,不差钱,开心,雨,约会,想健康,中辣,,15,宫保鸡丁+米饭,家常炒菜,1,chosen,0.7202,0.7064,val,normal
657,午餐,4,30,不差钱,开心,雨,约会,想健康,中辣,,18,地三鲜+米饭,家常炒菜,0,considered,0.6791,0.7033,val,normal
657,午餐,4,30,不差钱,开心,雨,约会,想健康,中辣,,13,麻婆豆腐+米饭,家常炒菜,0,considered,0.6288,0.5418,val,normal
658,午餐,3,48,不差钱,压力大,热,一个人,想健康,微辣,,38,香煎牛排,西式简餐,1,chosen,0.5632,0.5629,val,normal
658,午餐,3,48,不差钱,压力大,热,一个人,想健康,微辣,,24,菌汤火锅,火锅麻辣烫,1,chosen,0.5972,0.5888,val,normal
658,午餐,3,48,不差钱,压力大,热,一个人,想健康,微辣,,24,菌汤火锅,火锅麻辣烫,1,chosen,0.5972,0.5932,val,normal
659,早餐,3,80,不差钱,开心,阴,一个人,想健康,不吃辣,,46,燕麦牛奶粥,早餐粥点,1,chosen,0.5929,0.5659,train,normal
659,早餐,3,80,不差钱,开心,阴,一个人,想健康,不吃辣,,8,番茄鸡蛋面,面食粉面,1,chosen,0.5691,0.5443,train,normal
659,早餐,3,80,不差钱,开心,阴,一个人,想健康,不吃辣,,46,燕麦牛奶粥,早餐粥点,1,chosen,0.5929,0.6744,train,normal
659,早餐,3,80,不差钱,开心,阴,一个人,想健康,不吃辣,,44,小笼包+豆浆,早餐粥点,0,considered,0.583,0.5327,train,normal
659,早餐,3,80,不差钱,开心,阴,一个人,想健康,不吃辣,,43,皮蛋瘦肉粥+油条,早餐粥点,0,considered,0.5808,0.5682,train,normal
660,午餐,3,32,正常,一般,冷,朋友,严格控制,中辣,,15,宫保鸡丁+米饭,家常炒菜,1,chosen,0.7215,0.6976,test,normal
660,午餐,3,32,正常,一般,冷,朋友,严格控制,中辣,,15,宫保鸡丁+米饭,家常炒菜,1,chosen,0.7215,0.7535,test,normal
660,午餐,3,32,正常,一般,冷,朋友,严格控制,中辣,,15,宫保鸡丁+米饭,家常炒菜,1,chosen,0.7215,0.7294,test,normal
661,午餐,4,15,省着点,兴奋,热,一个人,不关心,微辣,乳制品,9,炸酱面,面食粉面,1,chosen,0.5385,0.5451,train,normal
661,午餐,4,15,省着点,兴奋,热,一个人,不关心,微辣,乳制品,9,炸酱面,面食粉面,1,chosen,0.5385,0.5275,train,normal
661,午餐,4,15,省着点,兴奋,热,一个人,不关心,微辣,乳制品,9,炸酱面,面食粉面,1,chosen,0.5385,0.5168,train,normal
662,夜宵,2,50,正常,疲惫,阴,朋友,随便,不吃辣,,8,番茄鸡蛋面,面食粉面,1,chosen,0.6172,0.68,train,normal
662,夜宵,2,50,正常,疲惫,阴,朋友,随便,不吃辣,,8,番茄鸡蛋面,面食粉面,1,chosen,0.6172,0.6491,train,normal
662,夜宵,2,50,正常,疲惫,阴,朋友,随便,不吃辣,,37,番茄肉酱意面,西式简餐,1,chosen,0.5832,0.5935,train,normal
663,早餐,1,66,正常,压力大,晴,一个人,不关心,不吃辣,海鲜,46,燕麦牛奶粥,早餐粥点,1,chosen,0.6009,0.5829,val,normal
663,早餐,1,66,正常,压力大,晴,一个人,不关心,不吃辣,海鲜,46,燕麦牛奶粥,早餐粥点,1,chosen,0.6009,0.642,val,normal
663,早餐,1,66,正常,压力大,晴,一个人,不关心,不吃辣,海鲜,46,燕麦牛奶粥,早餐粥点,1,chosen,0.6009,0.6252,val,normal
664,午餐,3,59,正常,开心,阴,同事,随便,不吃辣,素食,40,奶油蘑菇汤+面包,西式简餐,1,chosen,0.5507,0.511,train,normal
664,午餐,3,59,正常,开心,阴,同事,随便,不吃辣,素食,40,奶油蘑菇汤+面包,西式简餐,1,chosen,0.5507,0.5201,train,normal
664,午餐,3,59,正常,开心,阴,同事,随便,不吃辣,素食,40,奶油蘑菇汤+面包,西式简餐,1,chosen,0.5507,0.5821,train,normal
664,午餐,3,59,正常,开心,阴,同事,随便,不吃辣,素食,37,番茄肉酱意面,西式简餐,0,considered,0.5278,0.5174,train,normal
664,午餐,3,59,正常,开心,阴,同事,随便,不吃辣,素食,41,玛格丽特披萨,西式简餐,0,considered,0.4889,0.4089,train,normal
665,下午加餐,4,30,正常,一般,雨,家人,随便,不吃辣,,34,全麦鸡肉三明治,轻食健康,1,chosen,0.6214,0.5951,test,normal
665,下午加餐,4,30,正常,一般,雨,家人,随便,不吃辣,,34,全麦鸡肉三明治,轻食健康,1,chosen,0.6214,0.616,test,normal
665,下午加餐,4,30,正常,一般,雨,家人,随便,不吃辣,,35,水煮时蔬+溏心蛋,轻食健康,1,chosen,0.5594,0.5047,test,normal
666,早餐,4,43,想吃好点,一般,晴,约会,想健康,中辣,,11,云南小锅米线,面食粉面,1,chosen,0.6466,0.6269,train,normal
666,早餐,4,43,想吃好点,一般,晴,约会,想健康,中辣,,44,小笼包+豆浆,早餐粥点,1,chosen,0.6234,0.6448,train,normal
666,早餐,4,43,想吃好点,一般,晴,约会,想健康,中辣,,11,云南小锅米线,面食粉面,1,chosen,0.6466,0.692,train,normal
667,夜宵,4,74,正常,疲惫,热,一个人,想健康,微辣,,6,兰州牛肉面,面食粉面,1,chosen,0.6254,0.6352,train,normal
667,夜宵,4,74,正常,疲惫,热,一个人,想健康,微辣,,6,兰州牛肉面,面食粉面,1,chosen,0.6254,0.5251,train,normal
667,夜宵,4,74,正常,疲惫,热,一个人,想健康,微辣,,6,兰州牛肉面,面食粉面,1,chosen,0.6254,0.6765,train,normal
668,晚餐,3,47,想吃好点,低落,雨,朋友,想健康,微辣,,42,烤鸡胸配土豆泥,西式简餐,1,chosen,0.6882,0.7006,train,normal
668,晚餐,3,47,想吃好点,低落,雨,朋友,想健康,微辣,,42,烤鸡胸配土豆泥,西式简餐,1,chosen,0.6882,0.7214,train,normal
668,晚餐,3,47,想吃好点,低落,雨,朋友,想健康,微辣,,42,烤鸡胸配土豆泥,西式简餐,1,chosen,0.6882,0.6894,train,normal
668,晚餐,3,47,想吃好点,低落,雨,朋友,想健康,微辣,,40,奶油蘑菇汤+面包,西式简餐,0,considered,0.6788,0.7153,train,normal
668,晚餐,3,47,想吃好点,低落,雨,朋友,想健康,微辣,,37,番茄肉酱意面,西式简餐,0,considered,0.6685,0.6538,train,normal
669,夜宵,4,79,不差钱,开心,晴,朋友,随便,不吃辣,,24,菌汤火锅,火锅麻辣烫,1,chosen,0.6425,0.6689,train,normal
669,夜宵,4,79,不差钱,开心,晴,朋友,随便,不吃辣,,24,菌汤火锅,火锅麻辣烫,1,chosen,0.6425,0.7018,train,normal
669,夜宵,4,79,不差钱,开心,晴,朋友,随便,不吃辣,,24,菌汤火锅,火锅麻辣烫,1,chosen,0.6425,0.609,train,normal
669,夜宵,4,79,不差钱,开心,晴,朋友,随便,不吃辣,,20,清汤火锅,火锅麻辣烫,0,considered,0.6425,0.7357,train,normal
669,夜宵,4,79,不差钱,开心,晴,朋友,随便,不吃辣,,19,麻辣烫,火锅麻辣烫,0,considered,0.3756,0.4251,train,normal
670,午餐,3,78,正常,开心,热,朋友,随便,重辣,,13,麻婆豆腐+米饭,家常炒菜,1,chosen,0.6569,0.6603,train,normal
670,午餐,3,78,正常,开心,热,朋友,随便,重辣,,13,麻婆豆腐+米饭,家常炒菜,1,chosen,0.6569,0.6422,train,normal
670,午餐,3,78,正常,开心,热,朋友,随便,重辣,,26,烤鸡翅,烧烤小吃,1,chosen,0.6122,0.6196,train,normal
671,夜宵,3,55,省着点,开心,冷,同事,随便,不吃辣,"海鲜,乳制品",8,番茄鸡蛋面,面食粉面,1,chosen,0.621,0.6274,train,normal
671,夜宵,3,55,省着点,开心,冷,同事,随便,不吃辣,"海鲜,乳制品",8,番茄鸡蛋面,面食粉面,1,chosen,0.621,0.6367,train,normal
671,夜宵,3,55,省着点,开心,冷,同事,随便,不吃辣,"海鲜,乳制品",8,番茄鸡蛋面,面食粉面,1,chosen,0.621,0.6412,train,normal
672,午餐,4,69,省着点,疲惫,晴,朋友,严格控制,中辣,,11,云南小锅米线,面食粉面,1,chosen,0.6757,0.7306,val,normal
672,午餐,4,69,省着点,疲惫,晴,朋友,严格控制,中辣,,11,云南小锅米线,面食粉面,1,chosen,0.6757,0.6718,val,normal
672,午餐,4,69,省着点,疲惫,晴,朋友,严格控制,中辣,,11,云南小锅米线,面食粉面,1,chosen,0.6757,0.6504,val,normal
673,晚餐,3,29,省着点,兴奋,热,同事,不关心,微辣,素食,9,炸酱面,面食粉面,1,chosen,0.5679,0.5582,train,normal
673,晚餐,3,29,省着点,兴奋,热,同事,不关心,微辣,素食,9,炸酱面,面食粉面,1,chosen,0.5679,0.5213,train,normal
673,晚餐,3,29,省着点,兴奋,热,同事,不关心,微辣,素食,9,炸酱面,面食粉面,1,chosen,0.5679,0.5274,train,normal
674,晚餐,5,82,正常,开心,阴,一个人,不关心,中辣,,18,地三鲜+米饭,家常炒菜,1,chosen,0.5188,0.4949,val,normal
674,晚餐,5,82,正常,开心,阴,一个人,不关心,中辣,,15,宫保鸡丁+米饭,家常炒菜,1,chosen,0.5346,0.5656,val,normal
674,晚餐,5,82,正常,开心,阴,一个人,不关心,中辣,,15,宫保鸡丁+米饭,家常炒菜,1,chosen,0.5346,0.5871,val,normal
674,晚餐,5,82,正常,开心,阴,一个人,不关心,中辣,,18,地三鲜+米饭,家常炒菜,0,considered,0.5188,0.4964,val,normal
674,晚餐,5,82,正常,开心,阴,一个人,不关心,中辣,,13,麻婆豆腐+米饭,家常炒菜,0,considered,0.4495,0.4373,val,normal
675,晚餐,3,36,正常,一般,热,一个人,严格控制,重辣,,13,麻婆豆腐+米饭,家常炒菜,1,chosen,0.5843,0.601,train,normal
675,晚餐,3,36,正常,一般,热,一个人,严格控制,重辣,,13,麻婆豆腐+米饭,家常炒菜,1,chosen,0.5843,0.5294,train,normal
675,晚餐,3,36,正常,一般,热,一个人,严格控制,重辣,,13,麻婆豆腐+米饭,家常炒菜,1,chosen,0.5843,0.5744,train,normal
675,晚餐,3,36,正常,一般,热,一个人,严格控制,重辣,,15,宫保鸡丁+米饭,家常炒菜,0,considered,0.5764,0.6001,train,normal
675,晚餐,3,36,正常,一般,热,一个人,严格控制,重辣,,12,西红柿炒蛋+米饭,家常炒菜,0,considered,0.5504,0.5487,train,normal
676,夜宵,4,22,正常,疲惫,晴,家人,想健康,重辣,乳制品,7,重庆小面,面食粉面,1,chosen,0.6942,0.7539,train,normal
676,夜宵,4,22,正常,疲惫,晴,家人,想健康,重辣,乳制品,26,烤鸡翅,烧烤小吃,1,chosen,0.7304,0.7498,train,normal
676,夜宵,4,22,正常,疲惫,晴,家人,想健康,重辣,乳制品,26,烤鸡翅,烧烤小吃,1,chosen,0.7304,0.7389,train,normal
676,夜宵,4,22,正常,疲惫,晴,家人,想健康,重辣,乳制品,27,烤茄子,烧烤小吃,0,considered,0.6664,0.6893,train,normal
676,夜宵,4,22,正常,疲惫,晴,家人,想健康,重辣,乳制品,30,铁板豆腐,烧烤小吃,0,considered,0.6383,0.6617,train,normal
677,午餐,2,93,正常,疲惫,冷,一个人,不关心,重辣,,19,麻辣烫,火锅麻辣烫,1,chosen,0.6064,0.603,val,normal
677,午餐,2,93,正常,疲惫,冷,一个人,不关心,重辣,,19,麻辣烫,火锅麻辣烫,1,chosen,0.6064,0.593,val,normal
677,午餐,2,93,正常,疲惫,冷,一个人,不关心,重辣,,19,麻辣烫,火锅麻辣烫,1,chosen,0.6064,0.6565,val,normal
678,夜宵,3,53,想吃好点,压力大,雨,同事,不关心,微辣,素食,28,烤冷面,烧烤小吃,1,chosen,0.6963,0.713,train,normal
678,夜宵,3,53,想吃好点,压力大,雨,同事,不关心,微辣,素食,28,烤冷面,烧烤小吃,1,chosen,0.6963,0.6747,train,normal
678,夜宵,3,53,想吃好点,压力大,雨,同事,不关心,微辣,素食,28,烤冷面,烧烤小吃,1,chosen,0.6963,0.7524,train,normal
679,下午加餐,4,61,省着点,压力大,雨,家人,严格控制,中辣,,34,全麦鸡肉三明治,轻食健康,1,chosen,0.7101,0.7903,val,normal
679,下午加餐,4,61,省着点,压力大,雨,家人,严格控制,中辣,,34,全麦鸡肉三明治,轻食健康,1,chosen,0.7101,0.775,val,normal
679,下午加餐,4,61,省着点,压力大,雨,家人,严格控制,中辣,,43,皮蛋瘦肉粥+油条,早餐粥点,1,chosen,0.6344,0.6221,val,normal
680,午餐,3,72,想吃好点,开心,晴,朋友,想健康,不吃辣,,42,烤鸡胸配土豆泥,西式简餐,1,chosen,0.6409,0.6618,val,normal
680,午餐,3,72,想吃好点,开心,晴,朋友,想健康,不吃辣,,20,清汤火锅,火锅麻辣烫,1,chosen,0.6267,0.6072,val,normal
680,午餐,3,72,想吃好点,开心,晴,朋友,想健康,不吃辣,,42,烤鸡胸配土豆泥,西式简餐,1,chosen,0.6409,0.6444,val,normal
680,午餐,3,72,想吃好点,开心,晴,朋友,想健康,不吃辣,,40,奶油蘑菇汤+面包,西式简餐,0,considered,0.6243,0.7058,val,normal
680,午餐,3,72,想吃好点,开心,晴,朋友,想健康,不吃辣,,37,番茄肉酱意面,西式简餐,0,considered,0.6176,0.6347,val,normal
681,午餐,4,31,正常,疲惫,阴,同事,严格控制,中辣,,40,奶油蘑菇汤+面包,西式简餐,1,chosen,0.6148,0.676,train,normal
681,午餐,4,31,正常,疲惫,阴,同事,严格控制,中辣,,15,宫保鸡丁+米饭,家常炒菜,1,chosen,0.6469,0.6338,train,normal
681,午餐,4,31,正常,疲惫,阴,同事,严格控制,中辣,,15,宫保鸡丁+米饭,家常炒菜,1,chosen,0.6469,0.6597,train,normal
682,午餐,5,22,想吃好点,一般,晴,一个人,随便,不吃辣,素食,40,奶油蘑菇汤+面包,西式简餐,1,chosen,0.4963,0.4838,train,normal
682,午餐,5,22,想吃好点,一般,晴,一个人,随便,不吃辣,素食,40,奶油蘑菇汤+面包,西式简餐,1,chosen,0.4963,0.4852,train,normal
682,午餐,5,22,想吃好点,一般,晴,一个人,随便,不吃辣,素食,40,奶油蘑菇汤+面包,西式简餐,1,chosen,0.4963,0.4308,train,normal
683,下午加餐,5,47,不差钱,兴奋,冷,一个人,不关心,中辣,,33,三文鱼沙拉,轻食健康,1,chosen,0.5037,0.4884,train,normal
683,下午加餐,5,47,不差钱,兴奋,冷,一个人,不关心,中辣,,33,三文鱼沙拉,轻食健康,1,chosen,0.5037,0.4629,train,normal
683,下午加餐,5,47,不差钱,兴奋,冷,一个人,不关心,中辣,,33,三文鱼沙拉,轻食健康,1,chosen,0.5037,0.4533,train,normal
684,午餐,2,44,省着点,压力大,晴,一个人,随便,不吃辣,,9,炸酱面,面食粉面,1,chosen,0.4926,0.4648,train,normal
684,午餐,2,44,省着点,压力大,晴,一个人,随便,不吃辣,,9,炸酱面,面食粉面,1,chosen,0.4926,0.4686,train,normal
684,午餐,2,44,省着点,压力大,晴,一个人,随便,不吃辣,,12,西红柿炒蛋+米饭,家常炒菜,1,chosen,0.4664,0.4511,train,normal
685,夜宵,4,64,正常,疲惫,阴,朋友,想健康,中辣,乳制品,26,烤鸡翅,烧烤小吃,1,chosen,0.7413,0.7359,test,normal
685,夜宵,4,64,正常,疲惫,阴,朋友,想健康,中辣,乳制品,26,烤鸡翅,烧烤小吃,1,chosen,0.7413,0.7612,test,normal
685,夜宵,4,64,正常,疲惫,阴,朋友,想健康,中辣,乳制品,26,烤鸡翅,烧烤小吃,1,chosen,0.7413,0.7314,test,normal
686,晚餐,3,38,想吃好点,一般,热,朋友,不关心,微辣,海鲜,42,烤鸡胸配土豆泥,西式简餐,1,chosen,0.5984,0.6001,train,normal
686,晚餐,3,38,想吃好点,一般,热,朋友,不关心,微辣,海鲜,42,烤鸡胸配土豆泥,西式简餐,1,chosen,0.5984,0.6392,train,normal
686,晚餐,3,38,想吃好点,一般,热,朋友,不关心,微辣,海鲜,42,烤鸡胸配土豆泥,西式简餐,1,chosen,0.5984,0.5782,train,normal
687,晚餐,3,41,正常,疲惫,雪,朋友,不关心,中辣,,15,宫保鸡丁+米饭,家常炒菜,1,chosen,0.7911,0.8136,test,snow
687,晚餐,3,41,正常,疲惫,雪,朋友,不关心,中辣,,25,烤羊肉串,烧烤小吃,1,chosen,0.7417,0.7758,test,snow
687,晚餐,3,41,正常,疲惫,雪,朋友,不关心,中辣,,15,宫保鸡丁+米饭,家常炒菜,1,chosen,0.7911,0.7826,test,snow
687,晚餐,3,41,正常,疲惫,雪,朋友,不关心,中辣,,18,地三鲜+米饭,家常炒菜,0,considered,0.7373,0.7366,test,snow
687,晚餐,3,41,正常,疲惫,雪,朋友,不关心,中辣,,13,麻婆豆腐+米饭,家常炒菜,0,considered,0.7073,0.6929,test,snow
688,早餐,3,62,省着点,低落,雪,同事,想健康,不吃辣,素食,46,燕麦牛奶粥,早餐粥点,1,chosen,0.7807,0.8031,test,snow
688,早餐,3,62,省着点,低落,雪,同事,想健康,不吃辣,素食,34,全麦鸡肉三明治,轻食健康,1,chosen,0.6461,0.6111,test,snow
688,早餐,3,62,省着点,低落,雪,同事,想健康,不吃辣,素食,46,燕麦牛奶粥,早餐粥点,1,chosen,0.7807,0.7719,test,snow
689,早餐,4,49,想吃好点,低落,阴,约会,不关心,重辣,,7,重庆小面,面食粉面,1,chosen,0.655,0.6886,train,normal
689,早餐,4,49,想吃好点,低落,阴,约会,不关心,重辣,,7,重庆小面,面食粉面,1,chosen,0.655,0.6458,train,normal
689,早餐,4,49,想吃好点,低落,阴,约会,不关心,重辣,,7,重庆小面,面食粉面,1,chosen,0.655,0.6101,train,normal
690,夜宵,4,82,正常,疲惫,晴,家人,不关心,不吃辣,,37,番茄肉酱意面,西式简餐,1,chosen,0.624,0.6192,test,normal
690,夜宵,4,82,正常,疲惫,晴,家人,不关心,不吃辣,,37,番茄肉酱意面,西式简餐,1,chosen,0.624,0.6531,test,normal
690,夜宵,4,82,正常,疲惫,晴,家人,不关心,不吃辣,,37,番茄肉酱意面,西式简餐,1,chosen,0.624,0.6204,test,normal
691,晚餐,2,54,不差钱,开心,晴,约会,不关心,微辣,,24,菌汤火锅,火锅麻辣烫,1,chosen,0.6055,0.5899,train,normal
691,晚餐,2,54,不差钱,开心,晴,约会,不关心,微辣,,24,菌汤火锅,火锅麻辣烫,1,chosen,0.6055,0.5984,train,normal
691,晚餐,2,54,不差钱,开心,晴,约会,不关心,微辣,,38,香煎牛排,西式简餐,1,chosen,0.5983,0.5499,train,normal
692,午餐,1,92,正常,疲惫,热,一个人,随便,不吃辣,,9,炸酱面,面食粉面,1,chosen,0.5136,0.5008,train,normal
692,午餐,1,92,正常,疲惫,热,一个人,随便,不吃辣,,9,炸酱面,面食粉面,1,chosen,0.5136,0.6015,train,normal
692,午餐,1,92,正常,疲惫,热,一个人,随便,不吃辣,,9,炸酱面,面食粉面,1,chosen,0.5136,0.5424,train,normal
693,晚餐,3,32,省着点,开心,冷,家人,想健康,不吃辣,,40,奶油蘑菇汤+面包,西式简餐,1,chosen,0.6296,0.6221,test,normal
693,晚餐,3,32,省着点,开心,冷,家人,想健康,不吃辣,,40,奶油蘑菇汤+面包,西式简餐,1,chosen,0.6296,0.5802,test,normal
693,晚餐,3,32,省着点,开心,冷,家人,想健康,不吃辣,,40,奶油蘑菇汤+面包,西式简餐,1,chosen,0.6296,0.716,test,normal
693,晚餐,3,32,省着点,开心,冷,家人,想健康,不吃辣,,42,烤鸡胸配土豆泥,西式简餐,0,considered,0.5994,0.5862,test,normal
693,晚餐,3,32,省着点,开心,冷,家人,想健康,不吃辣,,37,番茄肉酱意面,西式简餐,0,considered,0.5848,0.5817,test,normal
694,下午加餐,2,20,省着点,压力大,晴,朋友,想健康,中辣,,34,全麦鸡肉三明治,轻食健康,1,chosen,0.6677,0.7109,train,normal
694,下午加餐,2,20,省着点,压力大,晴,朋友,想健康,中辣,,34,全麦鸡肉三明治,轻食健康,1,chosen,0.6677,0.7051,train,normal
694,下午加餐,2,20,省着点,压力大,晴,朋友,想健康,中辣,,34,全麦鸡肉三明治,轻食健康,1,chosen,0.6677,0.6894,train,normal
695,晚餐,1,33,正常,疲惫,阴,家人,想健康,不吃辣,,42,烤鸡胸配土豆泥,西式简餐,1,chosen,0.614,0.7147,train,normal
695,晚餐,1,33,正常,疲惫,阴,家人,想健康,不吃辣,,37,番茄肉酱意面,西式简餐,1,chosen,0.6002,0.5985,train,normal
695,晚餐,1,33,正常,疲惫,阴,家人,想健康,不吃辣,,42,烤鸡胸配土豆泥,西式简餐,1,chosen,0.614,0.6364,train,normal
696,晚餐,4,52,正常,低落,晴,一个人,随便,微辣,"海鲜,乳制品",18,地三鲜+米饭,家常炒菜,1,chosen,0.5259,0.549,train,normal
696,晚餐,4,52,正常,低落,晴,一个人,随便,微辣,"海鲜,乳制品",18,地三鲜+米饭,家常炒菜,1,chosen,0.5259,0.5501,train,normal
696,晚餐,4,52,正常,低落,晴,一个人,随便,微辣,"海鲜,乳制品",18,地三鲜+米饭,家常炒菜,1,chosen,0.5259,0.5222,train,normal
696,晚餐,4,52,正常,低落,晴,一个人,随便,微辣,"海鲜,乳制品",15,宫保鸡丁+米饭,家常炒菜,0,considered,0.4709,0.4225,train,normal
696,晚餐,4,52,正常,低落,晴,一个人,随便,微辣,"海鲜,乳制品",12,西红柿炒蛋+米饭,家常炒菜,0,considered,0.4258,0.4647,train,normal
697,午餐,3,16,正常,开心,热,朋友,随便,不吃辣,,9,炸酱面,面食粉面,1,chosen,0.6062,0.5787,test,normal
697,午餐,3,16,正常,开心,热,朋友,随便,不吃辣,,9,炸酱面,面食粉面,1,chosen,0.6062,0.5799,test,normal
697,午餐,3,16,正常,开心,热,朋友,随便,不吃辣,,9,炸酱面,面食粉面,1,chosen,0.6062,0.573,test,normal
698,晚餐,3,32,省着点,疲惫,晴,同事,严格控制,微辣,,6,兰州牛肉面,面食粉面,1,chosen,0.6207,0.6266,train,normal
698,晚餐,3,32,省着点,疲惫,晴,同事,严格控制,微辣,,6,兰州牛肉面,面食粉面,1,chosen,0.6207,0.6046,train,normal
698,晚餐,3,32,省着点,疲惫,晴,同事,严格控制,微辣,,6,兰州牛肉面,面食粉面,1,chosen,0.6207,0.6157,train,normal
699,午餐,5,20,正常,疲惫,冷,同事,想健康,不吃辣,"海鲜,乳制品",0,番茄牛腩饭,中式快餐盖饭,1,chosen,0.6524,0.6647,train,normal
699,午餐,5,20,正常,疲惫,冷,同事,想健康,不吃辣,"海鲜,乳制品",0,番茄牛腩饭,中式快餐盖饭,1,chosen,0.6524,0.6097,train,normal
699,午餐,5,20,正常,疲惫,冷,同事,想健康,不吃辣,"海鲜,乳制品",18,地三鲜+米饭,家常炒菜,1,chosen,0.6391,0.6173,train,normal
700,午餐,2,36,正常,压力大,阴,同事,不关心,微辣,,40,奶油蘑菇汤+面包,西式简餐,1,chosen,0.5602,0.5918,train,normal
700,午餐,2,36,正常,压力大,阴,同事,不关心,微辣,,40,奶油蘑菇汤+面包,西式简餐,1,chosen,0.5602,0.5939,train,normal
700,午餐,2,36,正常,压力大,阴,同事,不关心,微辣,,40,奶油蘑菇汤+面包,西式简餐,1,chosen,0.5602,0.5412,train,normal
700,午餐,2,36,正常,压力大,阴,同事,不关心,微辣,,42,烤鸡胸配土豆泥,西式简餐,0,considered,0.5415,0.5596,train,normal
700,午餐,2,36,正常,压力大,阴,同事,不关心,微辣,,37,番茄肉酱意面,西式简餐,0,considered,0.541,0.5973,train,normal
701,夜宵,3,53,正常,低落,热,一个人,想健康,中辣,"海鲜,乳制品",26,烤鸡翅,烧烤小吃,1,chosen,0.6606,0.6532,train,normal
701,夜宵,3,53,正常,低落,热,一个人,想健康,中辣,"海鲜,乳制品",26,烤鸡翅,烧烤小吃,1,chosen,0.6606,0.6415,train,normal
701,夜宵,3,53,正常,低落,热,一个人,想健康,中辣,"海鲜,乳制品",26,烤鸡翅,烧烤小吃,1,chosen,0.6606,0.6664,train,normal
702,午餐,2,66,正常,低落,晴,一个人,严格控制,重辣,,13,麻婆豆腐+米饭,家常炒菜,1,chosen,0.601,0.6181,train,normal
702,午餐,2,66,正常,低落,晴,一个人,严格控制,重辣,,13,麻婆豆腐+米饭,家常炒菜,1,chosen,0.601,0.6366,train,normal
702,午餐,2,66,正常,低落,晴,一个人,严格控制,重辣,,13,麻婆豆腐+米饭,家常炒菜,1,chosen,0.601,0.6484,train,normal
703,午餐,3,15,正常,疲惫,雨,一个人,不关心,重辣,,19,麻辣烫,火锅麻辣烫,1,chosen,0.5995,0.6337,train,normal
703,午餐,3,15,正常,疲惫,雨,一个人,不关心,重辣,,19,麻辣烫,火锅麻辣烫,1,chosen,0.5995,0.6617,train,normal
703,午餐,3,15,正常,疲惫,雨,一个人,不关心,重辣,,19,麻辣烫,火锅麻辣烫,1,chosen,0.5995,0.5527,train,normal
703,午餐,3,15,正常,疲惫,雨,一个人,不关心,重辣,,23,冒菜,火锅麻辣烫,0,considered,0.5527,0.5806,train,normal
703,午餐,3,15,正常,疲惫,雨,一个人,不关心,重辣,,22,关东煮,火锅麻辣烫,0,considered,0.4824,0.4604,train,normal
704,晚餐,4,75,省着点,压力大,热,一个人,想健康,中辣,"海鲜,乳制品",9,炸酱面,面食粉面,1,chosen,0.6108,0.5776,train,normal
704,晚餐,4,75,省着点,压力大,热,一个人,想健康,中辣,"海鲜,乳制品",9,炸酱面,面食粉面,1,chosen,0.6108,0.6115,train,normal
704,晚餐,4,75,省着点,压力大,热,一个人,想健康,中辣,"海鲜,乳制品",9,炸酱面,面食粉面,1,chosen,0.6108,0.5641,train,normal
705,夜宵,4,22,正常,疲惫,晴,家人,不关心,微辣,麸质,6,兰州牛肉面,面食粉面,1,chosen,0.6547,0.643,train,normal
705,夜宵,4,22,正常,疲惫,晴,家人,不关心,微辣,麸质,6,兰州牛肉面,面食粉面,1,chosen,0.6547,0.6643,train,normal
705,夜宵,4,22,正常,疲惫,晴,家人,不关心,微辣,麸质,6,兰州牛肉面,面食粉面,1,chosen,0.6547,0.6525,train,normal
706,晚餐,4,63,正常,疲惫,阴,家人,不关心,中辣,,37,番茄肉酱意面,西式简餐,1,chosen,0.6388,0.6223,train,normal
706,晚餐,4,63,正常,疲惫,阴,家人,不关心,中辣,,15,宫保鸡丁+米饭,家常炒菜,1,chosen,0.6654,0.6576,train,normal
706,晚餐,4,63,正常,疲惫,阴,家人,不关心,中辣,,15,宫保鸡丁+米饭,家常炒菜,1,chosen,0.6654,0.7296,train,normal
706,晚餐,4,63,正常,疲惫,阴,家人,不关心,中辣,,18,地三鲜+米饭,家常炒菜,0,considered,0.6496,0.6568,train,normal
706,晚餐,4,63,正常,疲惫,阴,家人,不关心,中辣,,13,麻婆豆腐+米饭,家常炒菜,0,considered,0.5762,0.5957,train,normal
707,晚餐,3,34,省着点,压力大,雨,家人,随便,中辣,,11,云南小锅米线,面食粉面,1,chosen,0.667,0.7288,train,normal
707,晚餐,3,34,省着点,压力大,雨,家人,随便,中辣,,11,云南小锅米线,面食粉面,1,chosen,0.667,0.6376,train,normal
707,晚餐,3,34,省着点,压力大,雨,家人,随便,中辣,,15,宫保鸡丁+米饭,家常炒菜,1,chosen,0.6511,0.679,train,normal
707,晚餐,3,34,省着点,压力大,雨,家人,随便,中辣,,6,兰州牛肉面,面食粉面,0,considered,0.6564,0.6432,train,normal
707,晚餐,3,34,省着点,压力大,雨,家人,随便,中辣,,9,炸酱面,面食粉面,0,considered,0.6463,0.6282,train,normal
708,晚餐,3,64,正常,兴奋,阴,朋友,想健康,微辣,,42,烤鸡胸配土豆泥,西式简餐,1,chosen,0.635,0.6377,train,normal
708,晚餐,3,64,正常,兴奋,阴,朋友,想健康,微辣,,42,烤鸡胸配土豆泥,西式简餐,1,chosen,0.635,0.6966,train,normal
708,晚餐,3,64,正常,兴奋,阴,朋友,想健康,微辣,,40,奶油蘑菇汤+面包,西式简餐,1,chosen,0.6188,0.5988,train,normal
709,夜宵,5,25,正常,低落,冷,家人,不关心,不吃辣,,40,奶油蘑菇汤+面包,西式简餐,1,chosen,0.6354,0.6353,val,normal
709,夜宵,5,25,正常,低落,冷,家人,不关心,不吃辣,,40,奶油蘑菇汤+面包,西式简餐,1,chosen,0.6354,0.6245,val,normal
709,夜宵,5,25,正常,低落,冷,家人,不关心,不吃辣,,40,奶油蘑菇汤+面包,西式简餐,1,chosen,0.6354,0.5894,val,normal
709,夜宵,5,25,正常,低落,冷,家人,不关心,不吃辣,,37,番茄肉酱意面,西式简餐,0,considered,0.624,0.742,val,normal
709,夜宵,5,25,正常,低落,冷,家人,不关心,不吃辣,,42,烤鸡胸配土豆泥,西式简餐,0,considered,0.6045,0.6171,val,normal
710,午餐,2,42,正常,一般,阴,一个人,不关心,不吃辣,,40,奶油蘑菇汤+面包,西式简餐,1,chosen,0.4691,0.4564,train,normal
710,午餐,2,42,正常,一般,阴,一个人,不关心,不吃辣,,40,奶油蘑菇汤+面包,西式简餐,1,chosen,0.4691,0.475,train,normal
710,午餐,2,42,正常,一般,阴,一个人,不关心,不吃辣,,40,奶油蘑菇汤+面包,西式简餐,1,chosen,0.4691,0.4689,train,normal
710,午餐,2,42,正常,一般,阴,一个人,不关心,不吃辣,,42,烤鸡胸配土豆泥,西式简餐,0,considered,0.4599,0.4654,train,normal
710,午餐,2,42,正常,一般,阴,一个人,不关心,不吃辣,,37,番茄肉酱意面,西式简餐,0,considered,0.4521,0.4469,train,normal
711,下午加餐,4,44,正常,开心,雨,同事,想健康,重辣,,36,希腊酸奶坚果碗,轻食健康,1,chosen,0.6559,0.6652,train,normal
711,下午加餐,4,44,正常,开心,雨,同事,想健康,重辣,,34,全麦鸡肉三明治,轻食健康,1,chosen,0.6667,0.6705,train,normal
711,下午加餐,4,44,正常,开心,雨,同事,想健康,重辣,,34,全麦鸡肉三明治,轻食健康,1,chosen,0.6667,0.6798,train,normal
711,下午加餐,4,44,正常,开心,雨,同事,想健康,重辣,,32,藜麦牛油果碗,轻食健康,0,considered,0.6564,0.6415,train,normal
711,下午加餐,4,44,正常,开心,雨,同事,想健康,重辣,,36,希腊酸奶坚果碗,轻食健康,0,considered,0.6559,0.6596,train,normal
712,夜宵,3,34,省着点,一般,晴,朋友,随便,不吃辣,,8,番茄鸡蛋面,面食粉面,1,chosen,0.572,0.5525,test,normal
712,夜宵,3,34,省着点,一般,晴,朋友,随便,不吃辣,,8,番茄鸡蛋面,面食粉面,1,chosen,0.572,0.5237,test,normal
712,夜宵,3,34,省着点,一般,晴,朋友,随便,不吃辣,,8,番茄鸡蛋面,面食粉面,1,chosen,0.572,0.5715,test,normal
713,晚餐,1,68,想吃好点,一般,热,朋友,随便,重辣,,19,麻辣烫,火锅麻辣烫,1,chosen,0.596,0.6075,train,normal
713,晚餐,1,68,想吃好点,一般,热,朋友,随便,重辣,,19,麻辣烫,火锅麻辣烫,1,chosen,0.596,0.6108,train,normal
713,晚餐,1,68,想吃好点,一般,热,朋友,随便,重辣,,19,麻辣烫,火锅麻辣烫,1,chosen,0.596,0.5972,train,normal
714,午餐,2,46,省着点,一般,阴,朋友,想健康,不吃辣,,9,炸酱面,面食粉面,1,chosen,0.5492,0.5407,train,normal
714,午餐,2,46,省着点,一般,阴,朋友,想健康,不吃辣,,9,炸酱面,面食粉面,1,chosen,0.5492,0.5245,train,normal
714,午餐,2,46,省着点,一般,阴,朋友,想健康,不吃辣,,9,炸酱面,面食粉面,1,chosen,0.5492,0.5653,train,normal
715,午餐,2,58,不差钱,低落,雪,一个人,随便,重辣,素食,19,麻辣烫,火锅麻辣烫,1,chosen,0.6596,0.6651,test,snow
715,午餐,2,58,不差钱,低落,雪,一个人,随便,重辣,素食,19,麻辣烫,火锅麻辣烫,1,chosen,0.6596,0.6249,test,snow
715,午餐,2,58,不差钱,低落,雪,一个人,随便,重辣,素食,19,麻辣烫,火锅麻辣烫,1,chosen,0.6596,0.7441,test,snow
715,午餐,2,58,不差钱,低落,雪,一个人,随便,重辣,素食,23,冒菜,火锅麻辣烫,0,considered,0.6218,0.6945,test,snow
715,午餐,2,58,不差钱,低落,雪,一个人,随便,重辣,素食,24,菌汤火锅,火锅麻辣烫,0,considered,0.593,0.6044,test,snow
716,夜宵,5,47,正常,低落,阴,约会,随便,微辣,,6,兰州牛肉面,面食粉面,1,chosen,0.6599,0.6712,train,normal
716,夜宵,5,47,正常,低落,阴,约会,随便,微辣,,6,兰州牛肉面,面食粉面,1,chosen,0.6599,0.6899,train,normal
716,夜宵,5,47,正常,低落,阴,约会,随便,微辣,,6,兰州牛肉面,面食粉面,1,chosen,0.6599,0.6604,train,normal
716,夜宵,5,47,正常,低落,阴,约会,随便,微辣,,11,云南小锅米线,面食粉面,0,considered,0.5885,0.6346,train,normal
716,夜宵,5,47,正常,低落,阴,约会,随便,微辣,,9,炸酱面,面食粉面,0,considered,0.5784,0.5886,train,normal
717,午餐,5,89,正常,开心,阴,朋友,想健康,微辣,"海鲜,乳制品",42,烤鸡胸配土豆泥,西式简餐,1,chosen,0.6316,0.5998,train,normal
717,午餐,5,89,正常,开心,阴,朋友,想健康,微辣,"海鲜,乳制品",42,烤鸡胸配土豆泥,西式简餐,1,chosen,0.6316,0.6494,train,normal
717,午餐,5,89,正常,开心,阴,朋友,想健康,微辣,"海鲜,乳制品",42,烤鸡胸配土豆泥,西式简餐,1,chosen,0.6316,0.6364,train,normal
717,午餐,5,89,正常,开心,阴,朋友,想健康,微辣,"海鲜,乳制品",37,番茄肉酱意面,西式简餐,0,considered,0.6277,0.6498,train,normal
717,午餐,5,89,正常,开心,阴,朋友,想健康,微辣,"海鲜,乳制品",38,香煎牛排,西式简餐,0,considered,0.531,0.5168,train,normal
718,早餐,1,81,正常,疲惫,阴,家人,严格控制,不吃辣,麸质,46,燕麦牛奶粥,早餐粥点,1,chosen,0.7034,0.7328,train,normal
718,早餐,1,81,正常,疲惫,阴,家人,严格控制,不吃辣,麸质,46,燕麦牛奶粥,早餐粥点,1,chosen,0.7034,0.7142,train,normal
718,早餐,1,81,正常,疲惫,阴,家人,严格控制,不吃辣,麸质,46,燕麦牛奶粥,早餐粥点,1,chosen,0.7034,0.7001,train,normal
719,夜宵,5,24,正常,开心,雨,朋友,想健康,微辣,,6,兰州牛肉面,面食粉面,1,chosen,0.7099,0.7195,val,normal
719,夜宵,5,24,正常,开心,雨,朋友,想健康,微辣,,6,兰州牛肉面,面食粉面,1,chosen,0.7099,0.7273,val,normal
719,夜宵,5,24,正常,开心,雨,朋友,想健康,微辣,,6,兰州牛肉面,面食粉面,1,chosen,0.7099,0.7271,val,normal
719,夜宵,5,24,正常,开心,雨,朋友,想健康,微辣,,9,炸酱面,面食粉面,0,considered,0.6401,0.6111,val,normal
719,夜宵,5,24,正常,开心,雨,朋友,想健康,微辣,,11,云南小锅米线,面食粉面,0,considered,0.6329,0.6654,val,normal
720,午餐,3,71,想吃好点,疲惫,阴,一个人,想健康,微辣,,42,烤鸡胸配土豆泥,西式简餐,1,chosen,0.5836,0.5743,val,normal
720,午餐,3,71,想吃好点,疲惫,阴,一个人,想健康,微辣,,6,兰州牛肉面,面食粉面,1,chosen,0.5675,0.6042,val,normal
720,午餐,3,71,想吃好点,疲惫,阴,一个人,想健康,微辣,,42,烤鸡胸配土豆泥,西式简餐,1,chosen,0.5836,0.5649,val,normal
721,午餐,2,81,正常,开心,晴,家人,不关心,微辣,乳制品,42,烤鸡胸配土豆泥,西式简餐,1,chosen,0.5654,0.6129,train,normal
721,午餐,2,81,正常,开心,晴,家人,不关心,微辣,乳制品,42,烤鸡胸配土豆泥,西式简餐,1,chosen,0.5654,0.5767,train,normal
721,午餐,2,81,正常,开心,晴,家人,不关心,微辣,乳制品,42,烤鸡胸配土豆泥,西式简餐,1,chosen,0.5654,0.5279,train,normal
721,午餐,2,81,正常,开心,晴,家人,不关心,微辣,乳制品,37,番茄肉酱意面,西式简餐,0,considered,0.5576,0.5391,train,normal
721,午餐,2,81,正常,开心,晴,家人,不关心,微辣,乳制品,38,香煎牛排,西式简餐,0,considered,0.4857,0.4837,train,normal
722,夜宵,2,107,想吃好点,疲惫,雪,家人,随便,微辣,,28,烤冷面,烧烤小吃,1,chosen,0.7515,0.8037,test,snow
722,夜宵,2,107,想吃好点,疲惫,雪,家人,随便,微辣,,28,烤冷面,烧烤小吃,1,chosen,0.7515,0.6979,test,snow
722,夜宵,2,107,想吃好点,疲惫,雪,家人,随便,微辣,,6,兰州牛肉面,面食粉面,1,chosen,0.7332,0.7793,test,snow
723,晚餐,4,44,正常,一般,雨,同事,不关心,重辣,,13,麻婆豆腐+米饭,家常炒菜,1,chosen,0.6058,0.6284,val,normal
723,晚餐,4,44,正常,一般,雨,同事,不关心,重辣,,13,麻婆豆腐+米饭,家常炒菜,1,chosen,0.6058,0.5705,val,normal
723,晚餐,4,44,正常,一般,雨,同事,不关心,重辣,,13,麻婆豆腐+米饭,家常炒菜,1,chosen,0.6058,0.6933,val,normal
724,晚餐,5,15,省着点,开心,热,同事,想健康,微辣,,9,炸酱面,面食粉面,1,chosen,0.6134,0.6331,test,normal
724,晚餐,5,15,省着点,开心,热,同事,想健康,微辣,,9,炸酱面,面食粉面,1,chosen,0.6134,0.6544,test,normal
724,晚餐,5,15,省着点,开心,热,同事,想健康,微辣,,9,炸酱面,面食粉面,1,chosen,0.6134,0.6144,test,normal
725,夜宵,3,38,正常,一般,热,约会,不关心,中辣,海鲜,26,烤鸡翅,烧烤小吃,1,chosen,0.6988,0.6603,test,normal
725,夜宵,3,38,正常,一般,热,约会,不关心,中辣,海鲜,26,烤鸡翅,烧烤小吃,1,chosen,0.6988,0.7198,test,normal
725,夜宵,3,38,正常,一般,热,约会,不关心,中辣,海鲜,26,烤鸡翅,烧烤小吃,1,chosen,0.6988,0.7838,test,normal
726,夜宵,4,46,不差钱,开心,冷,一个人,想健康,微辣,,24,菌汤火锅,火锅麻辣烫,1,chosen,0.6297,0.5865,train,normal
726,夜宵,4,46,不差钱,开心,冷,一个人,想健康,微辣,,24,菌汤火锅,火锅麻辣烫,1,chosen,0.6297,0.633,train,normal
726,夜宵,4,46,不差钱,开心,冷,一个人,想健康,微辣,,24,菌汤火锅,火锅麻辣烫,1,chosen,0.6297,0.6591,train,normal
726,夜宵,4,46,不差钱,开心,冷,一个人,想健康,微辣,,20,清汤火锅,火锅麻辣烫,0,considered,0.5804,0.5778,train,normal
726,夜宵,4,46,不差钱,开心,冷,一个人,想健康,微辣,,22,关东煮,火锅麻辣烫,0,considered,0.4927,0.5021,train,normal
727,夜宵,4,66,正常,开心,冷,家人,不关心,微辣,麸质,6,兰州牛肉面,面食粉面,1,chosen,0.6661,0.6584,train,normal
727,夜宵,4,66,正常,开心,冷,家人,不关心,微辣,麸质,6,兰州牛肉面,面食粉面,1,chosen,0.6661,0.7259,train,normal
727,夜宵,4,66,正常,开心,冷,家人,不关心,微辣,麸质,2,青椒肉丝盖饭,中式快餐盖饭,1,chosen,0.6308,0.5818,train,normal
728,晚餐,2,82,正常,疲惫,雪,同事,随便,不吃辣,,40,奶油蘑菇汤+面包,西式简餐,1,chosen,0.6751,0.6133,test,snow
728,晚餐,2,82,正常,疲惫,雪,同事,随便,不吃辣,,40,奶油蘑菇汤+面包,西式简餐,1,chosen,0.6751,0.7107,test,snow
728,晚餐,2,82,正常,疲惫,雪,同事,随便,不吃辣,,40,奶油蘑菇汤+面包,西式简餐,1,chosen,0.6751,0.6489,test,snow
729,夜宵,3,80,省着点,低落,晴,朋友,随便,中辣,,30,铁板豆腐,烧烤小吃,1,chosen,0.6746,0.6802,val,normal
729,夜宵,3,80,省着点,低落,晴,朋友,随便,中辣,,30,铁板豆腐,烧烤小吃,1,chosen,0.6746,0.6951,val,normal
729,夜宵,3,80,省着点,低落,晴,朋友,随便,中辣,,30,铁板豆腐,烧烤小吃,1,chosen,0.6746,0.6327,val,normal
730,下午加餐,3,41,正常,兴奋,晴,约会,不关心,中辣,,34,全麦鸡肉三明治,轻食健康,1,chosen,0.6307,0.6417,val,normal
730,下午加餐,3,41,正常,兴奋,晴,约会,不关心,中辣,,34,全麦鸡肉三明治,轻食健康,1,chosen,0.6307,0.64,val,normal
730,下午加餐,3,41,正常,兴奋,晴,约会,不关心,中辣,,33,三文鱼沙拉,轻食健康,1,chosen,0.5966,0.5671,val,normal
730,下午加餐,3,41,正常,兴奋,晴,约会,不关心,中辣,,32,藜麦牛油果碗,轻食健康,0,considered,0.616,0.6108,val,normal
730,下午加餐,3,41,正常,兴奋,晴,约会,不关心,中辣,,36,希腊酸奶坚果碗,轻食健康,0,considered,0.6158,0.6158,val,normal
731,晚餐,2,38,省着点,兴奋,阴,朋友,随便,不吃辣,,9,炸酱面,面食粉面,1,chosen,0.5288,0.4962,train,normal
731,晚餐,2,38,省着点,兴奋,阴,朋友,随便,不吃辣,,9,炸酱面,面食粉面,1,chosen,0.5288,0.5169,train,normal
731,晚餐,2,38,省着点,兴奋,阴,朋友,随便,不吃辣,,9,炸酱面,面食粉面,1,chosen,0.5288,0.5097,train,normal
731,晚餐,2,38,省着点,兴奋,阴,朋友,随便,不吃辣,,8,番茄鸡蛋面,面食粉面,0,considered,0.4863,0.4769,train,normal
731,晚餐,2,38,省着点,兴奋,阴,朋友,随便,不吃辣,,6,兰州牛肉面,面食粉面,0,considered,0.4549,0.4434,train,normal
732,晚餐,3,45,省着点,开心,晴,朋友,随便,不吃辣,,9,炸酱面,面食粉面,1,chosen,0.5585,0.4997,train,normal
732,晚餐,3,45,省着点,开心,晴,朋友,随便,不吃辣,,9,炸酱面,面食粉面,1,chosen,0.5585,0.5552,train,normal
732,晚餐,3,45,省着点,开心,晴,朋友,随便,不吃辣,,9,炸酱面,面食粉面,1,chosen,0.5585,0.5131,train,normal
733,午餐,2,36,正常,一般,阴,家人,不关心,重辣,,19,麻辣烫,火锅麻辣烫,1,chosen,0.6011,0.6074,train,normal
733,午餐,2,36,正常,一般,阴,家人,不关心,重辣,,19,麻辣烫,火锅麻辣烫,1,chosen,0.6011,0.644,train,normal
733,午餐,2,36,正常,一般,阴,家人,不关心,重辣,,19,麻辣烫,火锅麻辣烫,1,chosen,0.6011,0.5092,train,normal
733,午餐,2,36,正常,一般,阴,家人,不关心,重辣,,23,冒菜,火锅麻辣烫,0,considered,0.5672,0.5662,train,normal
733,午餐,2,36,正常,一般,阴,家人,不关心,重辣,,22,关东煮,火锅麻辣烫,0,considered,0.4242,0.4129,train,normal
734,早餐,4,58,正常,疲惫,阴,朋友,想健康,微辣,,6,兰州牛肉面,面食粉面,1,chosen,0.675,0.6925,train,normal
734,早餐,4,58,正常,疲惫,阴,朋友,想健康,微辣,,44,小笼包+豆浆,早餐粥点,1,chosen,0.6653,0.6481,train,normal
734,早餐,4,58,正常,疲惫,阴,朋友,想健康,微辣,,6,兰州牛肉面,面食粉面,1,chosen,0.675,0.6694,train,normal
735,午餐,1,50,省着点,开心,雪,一个人,随便,重辣,,19,麻辣烫,火锅麻辣烫,1,chosen,0.5852,0.5629,test,snow
735,午餐,1,50,省着点,开心,雪,一个人,随便,重辣,,7,重庆小面,面食粉面,1,chosen,0.5771,0.6449,test,snow
735,午餐,1,50,省着点,开心,雪,一个人,随便,重辣,,19,麻辣烫,火锅麻辣烫,1,chosen,0.5852,0.5214,test,snow
736,夜宵,2,55,正常,一般,晴,家人,不关心,微辣,,28,烤冷面,烧烤小吃,1,chosen,0.5946,0.5503,train,normal
736,夜宵,2,55,正常,一般,晴,家人,不关心,微辣,,28,烤冷面,烧烤小吃,1,chosen,0.5946,0.6038,train,normal
736,夜宵,2,55,正常,一般,晴,家人,不关心,微辣,,28,烤冷面,烧烤小吃,1,chosen,0.5946,0.5942,train,normal
737,午餐,2,15,想吃好点,压力大,阴,一个人,随便,重辣,乳制品,19,麻辣烫,火锅麻辣烫,1,chosen,0.5362,0.4872,train,normal
737,午餐,2,15,想吃好点,压力大,阴,一个人,随便,重辣,乳制品,19,麻辣烫,火锅麻辣烫,1,chosen,0.5362,0.5049,train,normal
737,午餐,2,15,想吃好点,压力大,阴,一个人,随便,重辣,乳制品,19,麻辣烫,火锅麻辣烫,1,chosen,0.5362,0.5717,train,normal
738,夜宵,3,87,正常,开心,晴,同事,想健康,不吃辣,,42,烤鸡胸配土豆泥,西式简餐,1,chosen,0.5562,0.5458,train,normal
738,夜宵,3,87,正常,开心,晴,同事,想健康,不吃辣,,8,番茄鸡蛋面,面食粉面,1,chosen,0.609,0.6009,train,normal
738,夜宵,3,87,正常,开心,晴,同事,想健康,不吃辣,,8,番茄鸡蛋面,面食粉面,1,chosen,0.609,0.6834,train,normal
739,夜宵,3,34,正常,疲惫,晴,同事,随便,不吃辣,,8,番茄鸡蛋面,面食粉面,1,chosen,0.6104,0.6111,train,normal
739,夜宵,3,34,正常,疲惫,晴,同事,随便,不吃辣,,28,烤冷面,烧烤小吃,1,chosen,0.5656,0.5927,train,normal
739,夜宵,3,34,正常,疲惫,晴,同事,随便,不吃辣,,8,番茄鸡蛋面,面食粉面,1,chosen,0.6104,0.5708,train,normal
739,夜宵,3,34,正常,疲惫,晴,同事,随便,不吃辣,,9,炸酱面,面食粉面,0,considered,0.5541,0.5636,train,normal
739,夜宵,3,34,正常,疲惫,晴,同事,随便,不吃辣,,6,兰州牛肉面,面食粉面,0,considered,0.5281,0.5198,train,normal
740,夜宵,4,48,想吃好点,压力大,冷,一个人,严格控制,重辣,,26,烤鸡翅,烧烤小吃,1,chosen,0.6921,0.6643,train,normal
740,夜宵,4,48,想吃好点,压力大,冷,一个人,严格控制,重辣,,26,烤鸡翅,烧烤小吃,1,chosen,0.6921,0.6652,train,normal
740,夜宵,4,48,想吃好点,压力大,冷,一个人,严格控制,重辣,,26,烤鸡翅,烧烤小吃,1,chosen,0.6921,0.6795,train,normal
741,晚餐,4,26,省着点,低落,阴,一个人,想健康,微辣,,2,青椒肉丝盖饭,中式快餐盖饭,1,chosen,0.5532,0.5819,train,normal
741,晚餐,4,26,省着点,低落,阴,一个人,想健康,微辣,,2,青椒肉丝盖饭,中式快餐盖饭,1,chosen,0.5532,0.5709,train,normal
741,晚餐,4,26,省着点,低落,阴,一个人,想健康,微辣,,2,青椒肉丝盖饭,中式快餐盖饭,1,chosen,0.5532,0.4751,train,normal
742,早餐,4,72,正常,一般,冷,朋友,随便,微辣,乳制品,45,杂粮煎饼果子,早餐粥点,1,chosen,0.6419,0.6205,train,normal
742,早餐,4,72,正常,一般,冷,朋友,随便,微辣,乳制品,45,杂粮煎饼果子,早餐粥点,1,chosen,0.6419,0.6236,train,normal
742,早餐,4,72,正常,一般,冷,朋友,随便,微辣,乳制品,45,杂粮煎饼果子,早餐粥点,1,chosen,0.6419,0.6003,train,normal
743,午餐,3,28,想吃好点,低落,晴,一个人,不关心,中辣,乳制品,26,烤鸡翅,烧烤小吃,1,chosen,0.538,0.5609,train,normal
743,午餐,3,28,想吃好点,低落,晴,一个人,不关心,中辣,乳制品,15,宫保鸡丁+米饭,家常炒菜,1,chosen,0.564,0.5747,train,normal
743,午餐,3,28,想吃好点,低落,晴,一个人,不关心,中辣,乳制品,15,宫保鸡丁+米饭,家常炒菜,1,chosen,0.564,0.5182,train,normal
744,午餐,3,32,省着点,开心,晴,一个人,不关心,不吃辣,,9,炸酱面,面食粉面,1,chosen,0.4793,0.5215,train,normal
744,午餐,3,32,省着点,开心,晴,一个人,不关心,不吃辣,,9,炸酱面,面食粉面,1,chosen,0.4793,0.5214,train,normal
744,午餐,3,32,省着点,开心,晴,一个人,不关心,不吃辣,,9,炸酱面,面食粉面,1,chosen,0.4793,0.476,train,normal
745,夜宵,4,59,想吃好点,兴奋,晴,家人,不关心,微辣,,24,菌汤火锅,火锅麻辣烫,1,chosen,0.6168,0.5868,train,normal
745,夜宵,4,59,想吃好点,兴奋,晴,家人,不关心,微辣,,24,菌汤火锅,火锅麻辣烫,1,chosen,0.6168,0.6228,train,normal
745,夜宵,4,59,想吃好点,兴奋,晴,家人,不关心,微辣,,24,菌汤火锅,火锅麻辣烫,1,chosen,0.6168,0.5573,train,normal
745,夜宵,4,59,想吃好点,兴奋,晴,家人,不关心,微辣,,20,清汤火锅,火锅麻辣烫,0,considered,0.5818,0.6007,train,normal
745,夜宵,4,59,想吃好点,兴奋,晴,家人,不关心,微辣,,19,麻辣烫,火锅麻辣烫,0,considered,0.4685,0.4612,train,normal
746,午餐,3,59,想吃好点,疲惫,热,一个人,随便,中辣,,15,宫保鸡丁+米饭,家常炒菜,1,chosen,0.5794,0.6253,train,normal
746,午餐,3,59,想吃好点,疲惫,热,一个人,随便,中辣,,15,宫保鸡丁+米饭,家常炒菜,1,chosen,0.5794,0.4778,train,normal
746,午餐,3,59,想吃好点,疲惫,热,一个人,随便,中辣,,9,炸酱面,面食粉面,1,chosen,0.5565,0.5836,train,normal
746,午餐,3,59,想吃好点,疲惫,热,一个人,随便,中辣,,18,地三鲜+米饭,家常炒菜,0,considered,0.5364,0.5676,train,normal
746,午餐,3,59,想吃好点,疲惫,热,一个人,随便,中辣,,14,清蒸鲈鱼+米饭,家常炒菜,0,considered,0.5097,0.4614,train,normal
747,午餐,4,22,想吃好点,开心,晴,同事,不关心,微辣,,40,奶油蘑菇汤+面包,西式简餐,1,chosen,0.5507,0.527,val,normal
747,午餐,4,22,想吃好点,开心,晴,同事,不关心,微辣,,40,奶油蘑菇汤+面包,西式简餐,1,chosen,0.5507,0.601,val,normal
747,午餐,4,22,想吃好点,开心,晴,同事,不关心,微辣,,40,奶油蘑菇汤+面包,西式简餐,1,chosen,0.5507,0.487,val,normal
748,晚餐,3,46,省着点,开心,阴,家人,不关心,不吃辣,,9,炸酱面,面食粉面,1,chosen,0.5585,0.5259,train,normal
748,晚餐,3,46,省着点,开心,阴,家人,不关心,不吃辣,,9,炸酱面,面食粉面,1,chosen,0.5585,0.573,train,normal
748,晚餐,3,46,省着点,开心,阴,家人,不关心,不吃辣,,9,炸酱面,面食粉面,1,chosen,0.5585,0.5861,train,normal
749,午餐,3,51,正常,开心,雨,同事,严格控制,中辣,,15,宫保鸡丁+米饭,家常炒菜,1,chosen,0.654,0.6706,train,normal
749,午餐,3,51,正常,开心,雨,同事,严格控制,中辣,,15,宫保鸡丁+米饭,家常炒菜,1,chosen,0.654,0.6112,train,normal
749,午餐,3,51,正常,开心,雨,同事,严格控制,中辣,,6,兰州牛肉面,面食粉面,1,chosen,0.6364,0.6337,train,normal
750,晚餐,2,16,正常,疲惫,雪,一个人,想健康,不吃辣,,12,西红柿炒蛋+米饭,家常炒菜,1,chosen,0.6496,0.6708,test,snow
750,晚餐,2,16,正常,疲惫,雪,一个人,想健康,不吃辣,,40,奶油蘑菇汤+面包,西式简餐,1,chosen,0.6456,0.6595,test,snow
750,晚餐,2,16,正常,疲惫,雪,一个人,想健康,不吃辣,,17,蒜蓉西兰花+米饭,家常炒菜,1,chosen,0.6575,0.5924,test,snow
750,晚餐,2,16,正常,疲惫,雪,一个人,想健康,不吃辣,,12,西红柿炒蛋+米饭,家常炒菜,0,considered,0.6496,0.6528,test,snow
750,晚餐,2,16,正常,疲惫,雪,一个人,想健康,不吃辣,,18,地三鲜+米饭,家常炒菜,0,considered,0.5986,0.5837,test,snow
751,早餐,2,65,想吃好点,压力大,晴,同事,想健康,微辣,,46,燕麦牛奶粥,早餐粥点,1,chosen,0.6846,0.6972,train,normal
751,早餐,2,65,想吃好点,压力大,晴,同事,想健康,微辣,,46,燕麦牛奶粥,早餐粥点,1,chosen,0.6846,0.64,train,normal
751,早餐,2,65,想吃好点,压力大,晴,同事,想健康,微辣,,46,燕麦牛奶粥,早餐粥点,1,chosen,0.6846,0.7221,train,normal
752,晚餐,5,44,省着点,压力大,晴,同事,严格控制,重辣,麸质,2,青椒肉丝盖饭,中式快餐盖饭,1,chosen,0.6244,0.5852,train,normal
752,晚餐,5,44,省着点,压力大,晴,同事,严格控制,重辣,麸质,2,青椒肉丝盖饭,中式快餐盖饭,1,chosen,0.6244,0.6709,train,normal
752,晚餐,5,44,省着点,压力大,晴,同事,严格控制,重辣,麸质,2,青椒肉丝盖饭,中式快餐盖饭,1,chosen,0.6244,0.6711,train,normal
753,夜宵,3,20,正常,一般,热,同事,想健康,不吃辣,乳制品,8,番茄鸡蛋面,面食粉面,1,chosen,0.6094,0.5667,train,normal
753,夜宵,3,20,正常,一般,热,同事,想健康,不吃辣,乳制品,8,番茄鸡蛋面,面食粉面,1,chosen,0.6094,0.5779,train,normal
753,夜宵,3,20,正常,一般,热,同事,想健康,不吃辣,乳制品,8,番茄鸡蛋面,面食粉面,1,chosen,0.6094,0.6224,train,normal
754,午餐,5,50,正常,开心,晴,一个人,严格控制,中辣,,15,宫保鸡丁+米饭,家常炒菜,1,chosen,0.5798,0.6052,train,normal
754,午餐,5,50,正常,开心,晴,一个人,严格控制,中辣,,15,宫保鸡丁+米饭,家常炒菜,1,chosen,0.5798,0.6131,train,normal
754,午餐,5,50,正常,开心,晴,一个人,严格控制,中辣,,2,青椒肉丝盖饭,中式快餐盖饭,1,chosen,0.546,0.5789,train,normal
754,午餐,5,50,正常,开心,晴,一个人,严格控制,中辣,,17,蒜蓉西兰花+米饭,家常炒菜,0,considered,0.4994,0.462,train,normal
754,午餐,5,50,正常,开心,晴,一个人,严格控制,中辣,,12,西红柿炒蛋+米饭,家常炒菜,0,considered,0.4994,0.491,train,normal
755,午餐,2,36,想吃好点,一般,热,家人,不关心,重辣,,19,麻辣烫,火锅麻辣烫,1,chosen,0.6069,0.6101,val,normal
755,午餐,2,36,想吃好点,一般,热,家人,不关心,重辣,,19,麻辣烫,火锅麻辣烫,1,chosen,0.6069,0.6581,val,normal
755,午餐,2,36,想吃好点,一般,热,家人,不关心,重辣,,13,麻婆豆腐+米饭,家常炒菜,1,chosen,0.5997,0.6261,val,normal
755,午餐,2,36,想吃好点,一般,热,家人,不关心,重辣,,23,冒菜,火锅麻辣烫,0,considered,0.5752,0.545,val,normal
755,午餐,2,36,想吃好点,一般,热,家人,不关心,重辣,,24,菌汤火锅,火锅麻辣烫,0,considered,0.4811,0.5143,val,normal
756,午餐,4,25,省着点,一般,热,一个人,不关心,重辣,,9,炸酱面,面食粉面,1,chosen,0.5296,0.5186,val,normal
756,午餐,4,25,省着点,一般,热,一个人,不关心,重辣,,9,炸酱面,面食粉面,1,chosen,0.5296,0.5228,val,normal
756,午餐,4,25,省着点,一般,热,一个人,不关心,重辣,,9,炸酱面,面食粉面,1,chosen,0.5296,0.485,val,normal
756,午餐,4,25,省着点,一般,热,一个人,不关心,重辣,,7,重庆小面,面食粉面,0,considered,0.5132,0.547,val,normal
756,午餐,4,25,省着点,一般,热,一个人,不关心,重辣,,10,螺蛳粉,面食粉面,0,considered,0.5132,0.4938,val,normal
757,夜宵,2,66,正常,一般,热,一个人,随便,微辣,麸质,28,烤冷面,烧烤小吃,1,chosen,0.5583,0.5813,val,normal
757,夜宵,2,66,正常,一般,热,一个人,随便,微辣,麸质,28,烤冷面,烧烤小吃,1,chosen,0.5583,0.6013,val,normal
757,夜宵,2,66,正常,一般,热,一个人,随便,微辣,麸质,6,兰州牛肉面,面食粉面,1,chosen,0.511,0.4845,val,normal
758,晚餐,4,42,想吃好点,低落,阴,家人,不关心,中辣,素食,18,地三鲜+米饭,家常炒菜,1,chosen,0.62,0.581,train,normal
758,晚餐,4,42,想吃好点,低落,阴,家人,不关心,中辣,素食,18,地三鲜+米饭,家常炒菜,1,chosen,0.62,0.591,train,normal
758,晚餐,4,42,想吃好点,低落,阴,家人,不关心,中辣,素食,18,地三鲜+米饭,家常炒菜,1,chosen,0.62,0.6918,train,normal
759,夜宵,5,76,不差钱,兴奋,晴,朋友,想健康,不吃辣,,40,奶油蘑菇汤+面包,西式简餐,1,chosen,0.586,0.5732,test,normal
759,夜宵,5,76,不差钱,兴奋,晴,朋友,想健康,不吃辣,,24,菌汤火锅,火锅麻辣烫,1,chosen,0.6919,0.6421,test,normal
759,夜宵,5,76,不差钱,兴奋,晴,朋友,想健康,不吃辣,,24,菌汤火锅,火锅麻辣烫,1,chosen,0.6919,0.706,test,normal
760,夜宵,2,24,省着点,疲惫,晴,家人,不关心,微辣,海鲜,28,烤冷面,烧烤小吃,1,chosen,0.6572,0.6764,val,normal
760,夜宵,2,24,省着点,疲惫,晴,家人,不关心,微辣,海鲜,28,烤冷面,烧烤小吃,1,chosen,0.6572,0.6402,val,normal
760,夜宵,2,24,省着点,疲惫,晴,家人,不关心,微辣,海鲜,28,烤冷面,烧烤小吃,1,chosen,0.6572,0.6053,val,normal
761,晚餐,4,37,正常,一般,热,同事,不关心,中辣,"海鲜,乳制品",9,炸酱面,面食粉面,1,chosen,0.5726,0.5718,test,normal
761,晚餐,4,37,正常,一般,热,同事,不关心,中辣,"海鲜,乳制品",9,炸酱面,面食粉面,1,chosen,0.5726,0.5993,test,normal
761,晚餐,4,37,正常,一般,热,同事,不关心,中辣,"海鲜,乳制品",9,炸酱面,面食粉面,1,chosen,0.5726,0.585,test,normal
761,晚餐,4,37,正常,一般,热,同事,不关心,中辣,"海鲜,乳制品",11,云南小锅米线,面食粉面,0,considered,0.5416,0.5109,test,normal
761,晚餐,4,37,正常,一般,热,同事,不关心,中辣,"海鲜,乳制品",6,兰州牛肉面,面食粉面,0,considered,0.5404,0.5283,test,normal
762,午餐,5,75,不差钱,低落,雨,同事,不关心,中辣,,15,宫保鸡丁+米饭,家常炒菜,1,chosen,0.623,0.6046,val,normal
762,午餐,5,75,不差钱,低落,雨,同事,不关心,中辣,,15,宫保鸡丁+米饭,家常炒菜,1,chosen,0.623,0.5684,val,normal
762,午餐,5,75,不差钱,低落,雨,同事,不关心,中辣,,15,宫保鸡丁+米饭,家常炒菜,1,chosen,0.623,0.5846,val,normal
763,夜宵,4,39,想吃好点,一般,热,朋友,不关心,微辣,,6,兰州牛肉面,面食粉面,1,chosen,0.6109,0.6434,train,normal
763,夜宵,4,39,想吃好点,一般,热,朋友,不关心,微辣,,6,兰州牛肉面,面食粉面,1,chosen,0.6109,0.6211,train,normal
763,夜宵,4,39,想吃好点,一般,热,朋友,不关心,微辣,,6,兰州牛肉面,面食粉面,1,chosen,0.6109,0.6237,train,normal
764,夜宵,4,69,正常,压力大,雪,家人,想健康,不吃辣,,42,烤鸡胸配土豆泥,西式简餐,1,chosen,0.7684,0.8009,test,snow
764,夜宵,4,69,正常,压力大,雪,家人,想健康,不吃辣,,42,烤鸡胸配土豆泥,西式简餐,1,chosen,0.7684,0.7657,test,snow
764,夜宵,4,69,正常,压力大,雪,家人,想健康,不吃辣,,42,烤鸡胸配土豆泥,西式简餐,1,chosen,0.7684,0.773,test,snow
765,早餐,2,52,正常,兴奋,晴,一个人,不关心,不吃辣,,43,皮蛋瘦肉粥+油条,早餐粥点,1,chosen,0.5615,0.5488,val,normal
765,早餐,2,52,正常,兴奋,晴,一个人,不关心,不吃辣,,44,小笼包+豆浆,早餐粥点,1,chosen,0.5694,0.5754,val,normal
765,早餐,2,52,正常,兴奋,晴,一个人,不关心,不吃辣,,44,小笼包+豆浆,早餐粥点,1,chosen,0.5694,0.5616,val,normal
766,晚餐,1,43,想吃好点,开心,热,同事,随便,中辣,,26,烤鸡翅,烧烤小吃,1,chosen,0.5259,0.4891,train,normal
766,晚餐,1,43,想吃好点,开心,热,同事,随便,中辣,,26,烤鸡翅,烧烤小吃,1,chosen,0.5259,0.5459,train,normal
766,晚餐,1,43,想吃好点,开心,热,同事,随便,中辣,,26,烤鸡翅,烧烤小吃,1,chosen,0.5259,0.4746,train,normal
766,晚餐,1,43,想吃好点,开心,热,同事,随便,中辣,,25,烤羊肉串,烧烤小吃,0,considered,0.4987,0.4924,train,normal
766,晚餐,1,43,想吃好点,开心,热,同事,随便,中辣,,30,铁板豆腐,烧烤小吃,0,considered,0.4817,0.4751,train,normal
767,夜宵,2,69,正常,压力大,冷,家人,想健康,不吃辣,,8,番茄鸡蛋面,面食粉面,1,chosen,0.7045,0.6937,train,normal
767,夜宵,2,69,正常,压力大,冷,家人,想健康,不吃辣,,8,番茄鸡蛋面,面食粉面,1,chosen,0.7045,0.6972,train,normal
767,夜宵,2,69,正常,压力大,冷,家人,想健康,不吃辣,,8,番茄鸡蛋面,面食粉面,1,chosen,0.7045,0.6937,train,normal
768,早餐,3,40,正常,低落,热,朋友,想健康,重辣,,7,重庆小面,面食粉面,1,chosen,0.698,0.6742,train,normal
768,早餐,3,40,正常,低落,热,朋友,想健康,重辣,,7,重庆小面,面食粉面,1,chosen,0.698,0.7354,train,normal
768,早餐,3,40,正常,低落,热,朋友,想健康,重辣,,7,重庆小面,面食粉面,1,chosen,0.698,0.6442,train,normal
769,晚餐,5,38,省着点,开心,雨,朋友,想健康,中辣,,11,云南小锅米线,面食粉面,1,chosen,0.6803,0.7284,train,normal
769,晚餐,5,38,省着点,开心,雨,朋友,想健康,中辣,,11,云南小锅米线,面食粉面,1,chosen,0.6803,0.6921,train,normal
769,晚餐,5,38,省着点,开心,雨,朋友,想健康,中辣,,11,云南小锅米线,面食粉面,1,chosen,0.6803,0.6505,train,normal
770,夜宵,3,70,正常,一般,晴,约会,想健康,微辣,,6,兰州牛肉面,面食粉面,1,chosen,0.6694,0.6146,train,normal
770,夜宵,3,70,正常,一般,晴,约会,想健康,微辣,,6,兰州牛肉面,面食粉面,1,chosen,0.6694,0.6777,train,normal
770,夜宵,3,70,正常,一般,晴,约会,想健康,微辣,,8,番茄鸡蛋面,面食粉面,1,chosen,0.6319,0.6233,train,normal
770,夜宵,3,70,正常,一般,晴,约会,想健康,微辣,,8,番茄鸡蛋面,面食粉面,0,considered,0.6319,0.6559,train,normal
770,夜宵,3,70,正常,一般,晴,约会,想健康,微辣,,11,云南小锅米线,面食粉面,0,considered,0.5869,0.5425,train,normal
771,午餐,5,61,想吃好点,一般,雪,一个人,想健康,不吃辣,,37,番茄肉酱意面,西式简餐,1,chosen,0.6404,0.607,test,snow
771,午餐,5,61,想吃好点,一般,雪,一个人,想健康,不吃辣,,42,烤鸡胸配土豆泥,西式简餐,1,chosen,0.6502,0.597,test,snow
771,午餐,5,61,想吃好点,一般,雪,一个人,想健康,不吃辣,,42,烤鸡胸配土豆泥,西式简餐,1,chosen,0.6502,0.7008,test,snow
772,晚餐,2,73,不差钱,疲惫,冷,家人,想健康,微辣,,24,菌汤火锅,火锅麻辣烫,1,chosen,0.7257,0.7146,train,normal
772,晚餐,2,73,不差钱,疲惫,冷,家人,想健康,微辣,,24,菌汤火锅,火锅麻辣烫,1,chosen,0.7257,0.6623,train,normal
772,晚餐,2,73,不差钱,疲惫,冷,家人,想健康,微辣,,37,番茄肉酱意面,西式简餐,1,chosen,0.6682,0.7083,train,normal
773,夜宵,3,31,不差钱,压力大,热,约会,不关心,不吃辣,海鲜,42,烤鸡胸配土豆泥,西式简餐,1,chosen,0.6421,0.7179,train,normal
773,夜宵,3,31,不差钱,压力大,热,约会,不关心,不吃辣,海鲜,42,烤鸡胸配土豆泥,西式简餐,1,chosen,0.6421,0.697,train,normal
773,夜宵,3,31,不差钱,压力大,热,约会,不关心,不吃辣,海鲜,42,烤鸡胸配土豆泥,西式简餐,1,chosen,0.6421,0.6457,train,normal
773,夜宵,3,31,不差钱,压力大,热,约会,不关心,不吃辣,海鲜,37,番茄肉酱意面,西式简餐,0,considered,0.6348,0.6682,train,normal
773,夜宵,3,31,不差钱,压力大,热,约会,不关心,不吃辣,海鲜,40,奶油蘑菇汤+面包,西式简餐,0,considered,0.6306,0.6419,train,normal
774,下午加餐,1,85,不差钱,一般,热,家人,随便,不吃辣,,33,三文鱼沙拉,轻食健康,1,chosen,0.6646,0.6899,train,normal
774,下午加餐,1,85,不差钱,一般,热,家人,随便,不吃辣,,33,三文鱼沙拉,轻食健康,1,chosen,0.6646,0.6716,train,normal
774,下午加餐,1,85,不差钱,一般,热,家人,随便,不吃辣,,33,三文鱼沙拉,轻食健康,1,chosen,0.6646,0.6599,train,normal
775,下午加餐,3,76,想吃好点,疲惫,晴,一个人,想健康,微辣,,32,藜麦牛油果碗,轻食健康,1,chosen,0.6533,0.6971,train,normal
775,下午加餐,3,76,想吃好点,疲惫,晴,一个人,想健康,微辣,,32,藜麦牛油果碗,轻食健康,1,chosen,0.6533,0.6897,train,normal
775,下午加餐,3,76,想吃好点,疲惫,晴,一个人,想健康,微辣,,32,藜麦牛油果碗,轻食健康,1,chosen,0.6533,0.7552,train,normal
776,晚餐,2,59,正常,开心,雨,一个人,想健康,重辣,,13,麻婆豆腐+米饭,家常炒菜,1,chosen,0.6019,0.6348,train,normal
776,晚餐,2,59,正常,开心,雨,一个人,想健康,重辣,,13,麻婆豆腐+米饭,家常炒菜,1,chosen,0.6019,0.6436,train,normal
776,晚餐,2,59,正常,开心,雨,一个人,想健康,重辣,,13,麻婆豆腐+米饭,家常炒菜,1,chosen,0.6019,0.6046,train,normal
777,午餐,4,34,省着点,开心,热,一个人,严格控制,重辣,"海鲜,乳制品",13,麻婆豆腐+米饭,家常炒菜,1,chosen,0.568,0.5404,val,normal
777,午餐,4,34,省着点,开心,热,一个人,严格控制,重辣,"海鲜,乳制品",9,炸酱面,面食粉面,1,chosen,0.5685,0.5537,val,normal
777,午餐,4,34,省着点,开心,热,一个人,严格控制,重辣,"海鲜,乳制品",9,炸酱面,面食粉面,1,chosen,0.5685,0.6227,val,normal
777,午餐,4,34,省着点,开心,热,一个人,严格控制,重辣,"海鲜,乳制品",11,云南小锅米线,面食粉面,0,considered,0.557,0.5519,val,normal
777,午餐,4,34,省着点,开心,热,一个人,严格控制,重辣,"海鲜,乳制品",7,重庆小面,面食粉面,0,considered,0.552,0.5795,val,normal
778,午餐,3,24,正常,开心,晴,朋友,随便,不吃辣,,40,奶油蘑菇汤+面包,西式简餐,1,chosen,0.595,0.5765,val,normal
778,午餐,3,24,正常,开心,晴,朋友,随便,不吃辣,,40,奶油蘑菇汤+面包,西式简餐,1,chosen,0.595,0.5736,val,normal
778,午餐,3,24,正常,开心,晴,朋友,随便,不吃辣,,40,奶油蘑菇汤+面包,西式简餐,1,chosen,0.595,0.5365,val,normal
779,夜宵,3,55,省着点,低落,晴,同事,想健康,不吃辣,,6,兰州牛肉面,面食粉面,1,chosen,0.5438,0.504,train,normal
779,夜宵,3,55,省着点,低落,晴,同事,想健康,不吃辣,,8,番茄鸡蛋面,面食粉面,1,chosen,0.6136,0.6591,train,normal
779,夜宵,3,55,省着点,低落,晴,同事,想健康,不吃辣,,8,番茄鸡蛋面,面食粉面,1,chosen,0.6136,0.7007,train,normal
780,午餐,4,68,省着点,开心,热,朋友,随便,微辣,,9,炸酱面,面食粉面,1,chosen,0.6202,0.6336,train,normal
780,午餐,4,68,省着点,开心,热,朋友,随便,微辣,,9,炸酱面,面食粉面,1,chosen,0.6202,0.6184,train,normal
780,午餐,4,68,省着点,开心,热,朋友,随便,微辣,,9,炸酱面,面食粉面,1,chosen,0.6202,0.5332,train,normal
781,晚餐,4,46,想吃好点,一般,热,一个人,想健康,微辣,素食,9,炸酱面,面食粉面,1,chosen,0.5476,0.5581,train,normal
781,晚餐,4,46,想吃好点,一般,热,一个人,想健康,微辣,素食,9,炸酱面,面食粉面,1,chosen,0.5476,0.5403,train,normal
781,晚餐,4,46,想吃好点,一般,热,一个人,想健康,微辣,素食,9,炸酱面,面食粉面,1,chosen,0.5476,0.5638,train,normal
781,晚餐,4,46,想吃好点,一般,热,一个人,想健康,微辣,素食,6,兰州牛肉面,面食粉面,0,considered,0.5274,0.5399,train,normal
781,晚餐,4,46,想吃好点,一般,热,一个人,想健康,微辣,素食,11,云南小锅米线,面食粉面,0,considered,0.4422,0.4736,train,normal
782,晚餐,1,85,想吃好点,一般,热,同事,不关心,不吃辣,,34,全麦鸡肉三明治,轻食健康,1,chosen,0.5006,0.5232,val,normal
782,晚餐,1,85,想吃好点,一般,热,同事,不关心,不吃辣,,34,全麦鸡肉三明治,轻食健康,1,chosen,0.5006,0.4985,val,normal
782,晚餐,1,85,想吃好点,一般,热,同事,不关心,不吃辣,,34,全麦鸡肉三明治,轻食健康,1,chosen,0.5006,0.4795,val,normal
782,晚餐,1,85,想吃好点,一般,热,同事,不关心,不吃辣,,33,三文鱼沙拉,轻食健康,0,considered,0.4693,0.4775,val,normal
782,晚餐,1,85,想吃好点,一般,热,同事,不关心,不吃辣,,35,水煮时蔬+溏心蛋,轻食健康,0,considered,0.4626,0.4718,val,normal
783,晚餐,3,38,想吃好点,开心,冷,同事,不关心,不吃辣,,40,奶油蘑菇汤+面包,西式简餐,1,chosen,0.5988,0.6642,train,normal
783,晚餐,3,38,想吃好点,开心,冷,同事,不关心,不吃辣,,40,奶油蘑菇汤+面包,西式简餐,1,chosen,0.5988,0.6104,train,normal
783,晚餐,3,38,想吃好点,开心,冷,同事,不关心,不吃辣,,40,奶油蘑菇汤+面包,西式简餐,1,chosen,0.5988,0.5625,train,normal
784,晚餐,5,15,正常,开心,阴,约会,不关心,中辣,,2,青椒肉丝盖饭,中式快餐盖饭,1,chosen,0.5929,0.5903,train,normal
784,晚餐,5,15,正常,开心,阴,约会,不关心,中辣,,11,云南小锅米线,面食粉面,1,chosen,0.6072,0.5906,train,normal
784,晚餐,5,15,正常,开心,阴,约会,不关心,中辣,,15,宫保鸡丁+米饭,家常炒菜,1,chosen,0.5981,0.6,train,normal
785,早餐,3,18,正常,兴奋,晴,一个人,随便,中辣,,44,小笼包+豆浆,早餐粥点,1,chosen,0.583,0.5911,train,normal
785,早餐,3,18,正常,兴奋,晴,一个人,随便,中辣,,44,小笼包+豆浆,早餐粥点,1,chosen,0.583,0.5813,train,normal
785,早餐,3,18,正常,兴奋,晴,一个人,随便,中辣,,44,小笼包+豆浆,早餐粥点,1,chosen,0.583,0.5132,train,normal
786,夜宵,3,73,想吃好点,疲惫,雨,朋友,随便,重辣,素食,19,麻辣烫,火锅麻辣烫,1,chosen,0.7539,0.7886,train,normal
786,夜宵,3,73,想吃好点,疲惫,雨,朋友,随便,重辣,素食,19,麻辣烫,火锅麻辣烫,1,chosen,0.7539,0.8105,train,normal
786,夜宵,3,73,想吃好点,疲惫,雨,朋友,随便,重辣,素食,19,麻辣烫,火锅麻辣烫,1,chosen,0.7539,0.7206,train,normal
787,午餐,4,80,省着点,开心,晴,同事,严格控制,微辣,麸质,2,青椒肉丝盖饭,中式快餐盖饭,1,chosen,0.584,0.6147,train,normal
787,午餐,4,80,省着点,开心,晴,同事,严格控制,微辣,麸质,45,杂粮煎饼果子,早餐粥点,1,chosen,0.5712,0.5797,train,normal
787,午餐,4,80,省着点,开心,晴,同事,严格控制,微辣,麸质,2,青椒肉丝盖饭,中式快餐盖饭,1,chosen,0.584,0.5621,train,normal
788,晚餐,2,30,省着点,一般,雨,朋友,不关心,微辣,,45,杂粮煎饼果子,早餐粥点,1,chosen,0.5725,0.6128,train,normal
788,晚餐,2,30,省着点,一般,雨,朋友,不关心,微辣,,6,兰州牛肉面,面食粉面,1,chosen,0.5865,0.6169,train,normal
788,晚餐,2,30,省着点,一般,雨,朋友,不关心,微辣,,6,兰州牛肉面,面食粉面,1,chosen,0.5865,0.5837,train,normal
788,晚餐,2,30,省着点,一般,雨,朋友,不关心,微辣,,9,炸酱面,面食粉面,0,considered,0.5673,0.5282,train,normal
788,晚餐,2,30,省着点,一般,雨,朋友,不关心,微辣,,8,番茄鸡蛋面,面食粉面,0,considered,0.5248,0.5485,train,normal
789,晚餐,1,15,想吃好点,一般,热,朋友,想健康,中辣,海鲜,26,烤鸡翅,烧烤小吃,1,chosen,0.5804,0.5918,train,normal
789,晚餐,1,15,想吃好点,一般,热,朋友,想健康,中辣,海鲜,26,烤鸡翅,烧烤小吃,1,chosen,0.5804,0.5981,train,normal
789,晚餐,1,15,想吃好点,一般,热,朋友,想健康,中辣,海鲜,26,烤鸡翅,烧烤小吃,1,chosen,0.5804,0.5126,train,normal
789,晚餐,1,15,想吃好点,一般,热,朋友,想健康,中辣,海鲜,30,铁板豆腐,烧烤小吃,0,considered,0.5277,0.536,train,normal
789,晚餐,1,15,想吃好点,一般,热,朋友,想健康,中辣,海鲜,27,烤茄子,烧烤小吃,0,considered,0.5139,0.5231,train,normal
790,夜宵,5,85,正常,开心,冷,朋友,不关心,不吃辣,麸质,42,烤鸡胸配土豆泥,西式简餐,1,chosen,0.6259,0.5846,test,normal
790,夜宵,5,85,正常,开心,冷,朋友,不关心,不吃辣,麸质,42,烤鸡胸配土豆泥,西式简餐,1,chosen,0.6259,0.6447,test,normal
790,夜宵,5,85,正常,开心,冷,朋友,不关心,不吃辣,麸质,42,烤鸡胸配土豆泥,西式简餐,1,chosen,0.6259,0.6837,test,normal
790,夜宵,5,85,正常,开心,冷,朋友,不关心,不吃辣,麸质,38,香煎牛排,西式简餐,0,considered,0.4924,0.3992,test,normal
790,夜宵,5,85,正常,开心,冷,朋友,不关心,不吃辣,麸质,37,番茄肉酱意面,西式简餐,0,considered,0.0,0.057,test,normal
791,早餐,2,92,正常,疲惫,冷,一个人,想健康,微辣,海鲜,46,燕麦牛奶粥,早餐粥点,1,chosen,0.6979,0.6258,test,normal
791,早餐,2,92,正常,疲惫,冷,一个人,想健康,微辣,海鲜,46,燕麦牛奶粥,早餐粥点,1,chosen,0.6979,0.7025,test,normal
791,早餐,2,92,正常,疲惫,冷,一个人,想健康,微辣,海鲜,46,燕麦牛奶粥,早餐粥点,1,chosen,0.6979,0.7073,test,normal
791,早餐,2,92,正常,疲惫,冷,一个人,想健康,微辣,海鲜,44,小笼包+豆浆,早餐粥点,0,considered,0.6898,0.6748,test,normal
791,早餐,2,92,正常,疲惫,冷,一个人,想健康,微辣,海鲜,43,皮蛋瘦肉粥+油条,早餐粥点,0,considered,0.6849,0.7219,test,normal
792,午餐,2,23,想吃好点,疲惫,晴,家人,随便,重辣,,19,麻辣烫,火锅麻辣烫,1,chosen,0.6433,0.7013,val,normal
792,午餐,2,23,想吃好点,疲惫,晴,家人,随便,重辣,,19,麻辣烫,火锅麻辣烫,1,chosen,0.6433,0.6524,val,normal
792,午餐,2,23,想吃好点,疲惫,晴,家人,随便,重辣,,19,麻辣烫,火锅麻辣烫,1,chosen,0.6433,0.6052,val,normal
792,午餐,2,23,想吃好点,疲惫,晴,家人,随便,重辣,,23,冒菜,火锅麻辣烫,0,considered,0.5926,0.6155,val,normal
792,午餐,2,23,想吃好点,疲惫,晴,家人,随便,重辣,,20,清汤火锅,火锅麻辣烫,0,considered,0.4885,0.5055,val,normal
793,晚餐,2,72,省着点,开心,晴,朋友,不关心,重辣,,19,麻辣烫,火锅麻辣烫,1,chosen,0.6011,0.6543,val,normal
793,晚餐,2,72,省着点,开心,晴,朋友,不关心,重辣,,19,麻辣烫,火锅麻辣烫,1,chosen,0.6011,0.5748,val,normal
793,晚餐,2,72,省着点,开心,晴,朋友,不关心,重辣,,19,麻辣烫,火锅麻辣烫,1,chosen,0.6011,0.6272,val,normal
794,晚餐,2,76,正常,开心,热,一个人,不关心,重辣,,19,麻辣烫,火锅麻辣烫,1,chosen,0.5333,0.5417,train,normal
794,晚餐,2,76,正常,开心,热,一个人,不关心,重辣,,26,烤鸡翅,烧烤小吃,1,chosen,0.5167,0.5526,train,normal
794,晚餐,2,76,正常,开心,热,一个人,不关心,重辣,,19,麻辣烫,火锅麻辣烫,1,chosen,0.5333,0.5121,train,normal
794,晚餐,2,76,正常,开心,热,一个人,不关心,重辣,,23,冒菜,火锅麻辣烫,0,considered,0.4925,0.4834,train,normal
794,晚餐,2,76,正常,开心,热,一个人,不关心,重辣,,24,菌汤火锅,火锅麻辣烫,0,considered,0.4207,0.432,train,normal
795,午餐,2,76,想吃好点,开心,冷,同事,想健康,微辣,,42,烤鸡胸配土豆泥,西式简餐,1,chosen,0.6013,0.6013,test,normal
795,午餐,2,76,想吃好点,开心,冷,同事,想健康,微辣,,42,烤鸡胸配土豆泥,西式简餐,1,chosen,0.6013,0.5889,test,normal
795,午餐,2,76,想吃好点,开心,冷,同事,想健康,微辣,,42,烤鸡胸配土豆泥,西式简餐,1,chosen,0.6013,0.5879,test,normal
796,午餐,2,15,想吃好点,兴奋,晴,一个人,随便,中辣,麸质,26,烤鸡翅,烧烤小吃,1,chosen,0.4973,0.4882,test,normal
796,午餐,2,15,想吃好点,兴奋,晴,一个人,随便,中辣,麸质,26,烤鸡翅,烧烤小吃,1,chosen,0.4973,0.4799,test,normal
796,午餐,2,15,想吃好点,兴奋,晴,一个人,随便,中辣,麸质,26,烤鸡翅,烧烤小吃,1,chosen,0.4973,0.5116,test,normal
797,午餐,3,54,省着点,开心,晴,一个人,想健康,中辣,,11,云南小锅米线,面食粉面,1,chosen,0.5429,0.5415,train,normal
797,午餐,3,54,省着点,开心,晴,一个人,想健康,中辣,,11,云南小锅米线,面食粉面,1,chosen,0.5429,0.5243,train,normal
797,午餐,3,54,省着点,开心,晴,一个人,想健康,中辣,,11,云南小锅米线,面食粉面,1,chosen,0.5429,0.5845,train,normal
798,午餐,3,50,想吃好点,疲惫,阴,同事,随便,微辣,海鲜,40,奶油蘑菇汤+面包,西式简餐,1,chosen,0.5874,0.492,val,normal
798,午餐,3,50,想吃好点,疲惫,阴,同事,随便,微辣,海鲜,40,奶油蘑菇汤+面包,西式简餐,1,chosen,0.5874,0.6148,val,normal
798,午餐,3,50,想吃好点,疲惫,阴,同事,随便,微辣,海鲜,40,奶油蘑菇汤+面包,西式简餐,1,chosen,0.5874,0.6366,val,normal
799,午餐,3,51,正常,一般,晴,朋友,不关心,微辣,麸质,42,烤鸡胸配土豆泥,西式简餐,1,chosen,0.5811,0.6154,test,normal
799,午餐,3,51,正常,一般,晴,朋友,不关心,微辣,麸质,42,烤鸡胸配土豆泥,西式简餐,1,chosen,0.5811,0.6147,test,normal
799,午餐,3,51,正常,一般,晴,朋友,不关心,微辣,麸质,42,烤鸡胸配土豆泥,西式简餐,1,chosen,0.5811,0.5619,test,normal
800,晚餐,4,84,省着点,疲惫,阴,一个人,不关心,中辣,,45,杂粮煎饼果子,早餐粥点,1,chosen,0.5412,0.5202,train,normal
800,晚餐,4,84,省着点,疲惫,阴,一个人,不关心,中辣,,45,杂粮煎饼果子,早餐粥点,1,chosen,0.5412,0.5395,train,normal
800,晚餐,4,84,省着点,疲惫,阴,一个人,不关心,中辣,,45,杂粮煎饼果子,早餐粥点,1,chosen,0.5412,0.5283,train,normal
800,晚餐,4,84,省着点,疲惫,阴,一个人,不关心,中辣,,43,皮蛋瘦肉粥+油条,早餐粥点,0,considered,0.4424,0.412,train,normal
800,晚餐,4,84,省着点,疲惫,阴,一个人,不关心,中辣,,44,小笼包+豆浆,早餐粥点,0,considered,0.4424,0.4535,train,normal
801,午餐,5,63,正常,开心,晴,约会,不关心,中辣,,15,宫保鸡丁+米饭,家常炒菜,1,chosen,0.6524,0.6325,train,normal
801,午餐,5,63,正常,开心,晴,约会,不关心,中辣,,15,宫保鸡丁+米饭,家常炒菜,1,chosen,0.6524,0.6426,train,normal
801,午餐,5,63,正常,开心,晴,约会,不关心,中辣,,15,宫保鸡丁+米饭,家常炒菜,1,chosen,0.6524,0.6663,train,normal
802,午餐,2,22,省着点,开心,晴,同事,不关心,重辣,,19,麻辣烫,火锅麻辣烫,1,chosen,0.5272,0.5428,train,normal
802,午餐,2,22,省着点,开心,晴,同事,不关心,重辣,,19,麻辣烫,火锅麻辣烫,1,chosen,0.5272,0.5358,train,normal
802,午餐,2,22,省着点,开心,晴,同事,不关心,重辣,,19,麻辣烫,火锅麻辣烫,1,chosen,0.5272,0.5237,train,normal
802,午餐,2,22,省着点,开心,晴,同事,不关心,重辣,,23,冒菜,火锅麻辣烫,0,considered,0.4534,0.4582,train,normal
802,午餐,2,22,省着点,开心,晴,同事,不关心,重辣,,22,关东煮,火锅麻辣烫,0,considered,0.4457,0.5067,train,normal
803,午餐,3,79,想吃好点,疲惫,晴,同事,想健康,中辣,,15,宫保鸡丁+米饭,家常炒菜,1,chosen,0.6408,0.6236,train,normal
803,午餐,3,79,想吃好点,疲惫,晴,同事,想健康,中辣,,15,宫保鸡丁+米饭,家常炒菜,1,chosen,0.6408,0.6593,train,normal
803,午餐,3,79,想吃好点,疲惫,晴,同事,想健康,中辣,,15,宫保鸡丁+米饭,家常炒菜,1,chosen,0.6408,0.6477,train,normal
803,午餐,3,79,想吃好点,疲惫,晴,同事,想健康,中辣,,12,西红柿炒蛋+米饭,家常炒菜,0,considered,0.5935,0.6008,train,normal
803,午餐,3,79,想吃好点,疲惫,晴,同事,想健康,中辣,,17,蒜蓉西兰花+米饭,家常炒菜,0,considered,0.589,0.5559,train,normal
804,早餐,5,89,想吃好点,一般,雨,朋友,不关心,重辣,,7,重庆小面,面食粉面,1,chosen,0.6431,0.6742,test,normal
804,早餐,5,89,想吃好点,一般,雨,朋友,不关心,重辣,,7,重庆小面,面食粉面,1,chosen,0.6431,0.6484,test,normal
804,早餐,5,89,想吃好点,一般,雨,朋友,不关心,重辣,,7,重庆小面,面食粉面,1,chosen,0.6431,0.6257,test,normal
805,晚餐,3,78,正常,疲惫,雨,同事,随便,微辣,,40,奶油蘑菇汤+面包,西式简餐,1,chosen,0.6348,0.6567,train,normal
805,晚餐,3,78,正常,疲惫,雨,同事,随便,微辣,,37,番茄肉酱意面,西式简餐,1,chosen,0.612,0.6067,train,normal
805,晚餐,3,78,正常,疲惫,雨,同事,随便,微辣,,40,奶油蘑菇汤+面包,西式简餐,1,chosen,0.6348,0.6528,train,normal
806,晚餐,5,15,正常,开心,阴,朋友,想健康,中辣,,11,云南小锅米线,面食粉面,1,chosen,0.6335,0.6395,val,normal
806,晚餐,5,15,正常,开心,阴,朋友,想健康,中辣,,11,云南小锅米线,面食粉面,1,chosen,0.6335,0.6293,val,normal
806,晚餐,5,15,正常,开心,阴,朋友,想健康,中辣,,2,青椒肉丝盖饭,中式快餐盖饭,1,chosen,0.6138,0.5882,val,normal
807,午餐,3,44,正常,一般,阴,一个人,不关心,中辣,素食,11,云南小锅米线,面食粉面,1,chosen,0.4973,0.4991,train,normal
807,午餐,3,44,正常,一般,阴,一个人,不关心,中辣,素食,11,云南小锅米线,面食粉面,1,chosen,0.4973,0.4151,train,normal
807,午餐,3,44,正常,一般,阴,一个人,不关心,中辣,素食,11,云南小锅米线,面食粉面,1,chosen,0.4973,0.4706,train,normal
808,早餐,2,88,想吃好点,开心,阴,约会,随便,中辣,"海鲜,乳制品",11,云南小锅米线,面食粉面,1,chosen,0.5918,0.5496,test,normal
808,早餐,2,88,想吃好点,开心,阴,约会,随便,中辣,"海鲜,乳制品",44,小笼包+豆浆,早餐粥点,1,chosen,0.6252,0.6246,test,normal
808,早餐,2,88,想吃好点,开心,阴,约会,随便,中辣,"海鲜,乳制品",44,小笼包+豆浆,早餐粥点,1,chosen,0.6252,0.6454,test,normal
809,晚餐,4,94,想吃好点,一般,晴,家人,想健康,微辣,,42,烤鸡胸配土豆泥,西式简餐,1,chosen,0.6295,0.6377,val,normal
809,晚餐,4,94,想吃好点,一般,晴,家人,想健康,微辣,,42,烤鸡胸配土豆泥,西式简餐,1,chosen,0.6295,0.6867,val,normal
809,晚餐,4,94,想吃好点,一般,晴,家人,想健康,微辣,,42,烤鸡胸配土豆泥,西式简餐,1,chosen,0.6295,0.665,val,normal
810,晚餐,3,59,省着点,低落,晴,一个人,不关心,微辣,乳制品,6,兰州牛肉面,面食粉面,1,chosen,0.5141,0.5447,test,normal
810,晚餐,3,59,省着点,低落,晴,一个人,不关心,微辣,乳制品,6,兰州牛肉面,面食粉面,1,chosen,0.5141,0.4826,test,normal
810,晚餐,3,59,省着点,低落,晴,一个人,不关心,微辣,乳制品,6,兰州牛肉面,面食粉面,1,chosen,0.5141,0.5118,test,normal
811,晚餐,2,51,想吃好点,兴奋,热,同事,随便,中辣,海鲜,26,烤鸡翅,烧烤小吃,1,chosen,0.5535,0.5395,train,normal
811,晚餐,2,51,想吃好点,兴奋,热,同事,随便,中辣,海鲜,26,烤鸡翅,烧烤小吃,1,chosen,0.5535,0.5806,train,normal
811,晚餐,2,51,想吃好点,兴奋,热,同事,随便,中辣,海鲜,26,烤鸡翅,烧烤小吃,1,chosen,0.5535,0.5488,train,normal
812,午餐,4,45,正常,兴奋,晴,同事,想健康,中辣,,15,宫保鸡丁+米饭,家常炒菜,1,chosen,0.6045,0.5332,train,normal
812,午餐,4,45,正常,兴奋,晴,同事,想健康,中辣,,15,宫保鸡丁+米饭,家常炒菜,1,chosen,0.6045,0.5783,train,normal
812,午餐,4,45,正常,兴奋,晴,同事,想健康,中辣,,15,宫保鸡丁+米饭,家常炒菜,1,chosen,0.6045,0.6803,train,normal
813,晚餐,5,15,正常,兴奋,晴,约会,想健康,中辣,,11,云南小锅米线,面食粉面,1,chosen,0.6438,0.5456,train,normal
813,晚餐,5,15,正常,兴奋,晴,约会,想健康,中辣,,11,云南小锅米线,面食粉面,1,chosen,0.6438,0.6889,train,normal
813,晚餐,5,15,正常,兴奋,晴,约会,想健康,中辣,,11,云南小锅米线,面食粉面,1,chosen,0.6438,0.7396,train,normal
814,午餐,5,38,想吃好点,低落,晴,同事,想健康,重辣,,13,麻婆豆腐+米饭,家常炒菜,1,chosen,0.6471,0.6195,train,normal
814,午餐,5,38,想吃好点,低落,晴,同事,想健康,重辣,,13,麻婆豆腐+米饭,家常炒菜,1,chosen,0.6471,0.6705,train,normal
814,午餐,5,38,想吃好点,低落,晴,同事,想健康,重辣,,13,麻婆豆腐+米饭,家常炒菜,1,chosen,0.6471,0.6835,train,normal
815,夜宵,3,82,想吃好点,一般,冷,一个人,想健康,中辣,,26,烤鸡翅,烧烤小吃,1,chosen,0.66,0.5883,train,normal
815,夜宵,3,82,想吃好点,一般,冷,一个人,想健康,中辣,,26,烤鸡翅,烧烤小吃,1,chosen,0.66,0.6636,train,normal
815,夜宵,3,82,想吃好点,一般,冷,一个人,想健康,中辣,,26,烤鸡翅,烧烤小吃,1,chosen,0.66,0.6603,train,normal
816,下午加餐,3,27,正常,开心,晴,朋友,不关心,不吃辣,麸质,32,藜麦牛油果碗,轻食健康,1,chosen,0.6148,0.6391,train,normal
816,下午加餐,3,27,正常,开心,晴,朋友,不关心,不吃辣,麸质,31,鸡胸肉沙拉,轻食健康,1,chosen,0.5773,0.5845,train,normal
816,下午加餐,3,27,正常,开心,晴,朋友,不关心,不吃辣,麸质,32,藜麦牛油果碗,轻食健康,1,chosen,0.6148,0.6348,train,normal
817,夜宵,4,27,省着点,压力大,晴,朋友,严格控制,中辣,乳制品,30,铁板豆腐,烧烤小吃,1,chosen,0.6732,0.6454,train,normal
817,夜宵,4,27,省着点,压力大,晴,朋友,严格控制,中辣,乳制品,11,云南小锅米线,面食粉面,1,chosen,0.7164,0.7514,train,normal
817,夜宵,4,27,省着点,压力大,晴,朋友,严格控制,中辣,乳制品,11,云南小锅米线,面食粉面,1,chosen,0.7164,0.7177,train,normal
818,早餐,3,32,想吃好点,一般,晴,一个人,想健康,中辣,,46,燕麦牛奶粥,早餐粥点,1,chosen,0.6002,0.6217,train,normal
818,早餐,3,32,想吃好点,一般,晴,一个人,想健康,中辣,,46,燕麦牛奶粥,早餐粥点,1,chosen,0.6002,0.5499,train,normal
818,早餐,3,32,想吃好点,一般,晴,一个人,想健康,中辣,,46,燕麦牛奶粥,早餐粥点,1,chosen,0.6002,0.6221,train,normal
819,晚餐,2,49,想吃好点,一般,热,朋友,不关心,不吃辣,,42,烤鸡胸配土豆泥,西式简餐,1,chosen,0.5712,0.558,train,normal
819,晚餐,2,49,想吃好点,一般,热,朋友,不关心,不吃辣,,42,烤鸡胸配土豆泥,西式简餐,1,chosen,0.5712,0.5656,train,normal
819,晚餐,2,49,想吃好点,一般,热,朋友,不关心,不吃辣,,42,烤鸡胸配土豆泥,西式简餐,1,chosen,0.5712,0.6264,train,normal
820,下午加餐,3,50,正常,压力大,雨,一个人,随便,重辣,,34,全麦鸡肉三明治,轻食健康,1,chosen,0.6519,0.629,train,normal
820,下午加餐,3,50,正常,压力大,雨,一个人,随便,重辣,,34,全麦鸡肉三明治,轻食健康,1,chosen,0.6519,0.6985,train,normal
820,下午加餐,3,50,正常,压力大,雨,一个人,随便,重辣,,32,藜麦牛油果碗,轻食健康,1,chosen,0.6317,0.6793,train,normal
821,午餐,5,82,不差钱,疲惫,阴,同事,不关心,微辣,"海鲜,乳制品",37,番茄肉酱意面,西式简餐,1,chosen,0.5744,0.5412,train,normal
821,午餐,5,82,不差钱,疲惫,阴,同事,不关心,微辣,"海鲜,乳制品",37,番茄肉酱意面,西式简餐,1,chosen,0.5744,0.565,train,normal
821,午餐,5,82,不差钱,疲惫,阴,同事,不关心,微辣,"海鲜,乳制品",37,番茄肉酱意面,西式简餐,1,chosen,0.5744,0.5432,train,normal
822,晚餐,3,88,想吃好点,开心,雨,一个人,随便,微辣,,40,奶油蘑菇汤+面包,西式简餐,1,chosen,0.5551,0.5202,train,normal
822,晚餐,3,88,想吃好点,开心,雨,一个人,随便,微辣,,40,奶油蘑菇汤+面包,西式简餐,1,chosen,0.5551,0.6119,train,normal
822,晚餐,3,88,想吃好点,开心,雨,一个人,随便,微辣,,6,兰州牛肉面,面食粉面,1,chosen,0.5391,0.5332,train,normal
822,晚餐,3,88,想吃好点,开心,雨,一个人,随便,微辣,,42,烤鸡胸配土豆泥,西式简餐,0,considered,0.548,0.5317,train,normal
822,晚餐,3,88,想吃好点,开心,雨,一个人,随便,微辣,,37,番茄肉酱意面,西式简餐,0,considered,0.538,0.5674,train,normal
823,午餐,4,79,不差钱,压力大,冷,同事,随便,中辣,海鲜,15,宫保鸡丁+米饭,家常炒菜,1,chosen,0.6348,0.6159,train,normal
823,午餐,4,79,不差钱,压力大,冷,同事,随便,中辣,海鲜,15,宫保鸡丁+米饭,家常炒菜,1,chosen,0.6348,0.7046,train,normal
823,午餐,4,79,不差钱,压力大,冷,同事,随便,中辣,海鲜,15,宫保鸡丁+米饭,家常炒菜,1,chosen,0.6348,0.5997,train,normal
824,下午加餐,4,79,正常,一般,晴,一个人,随便,微辣,,36,希腊酸奶坚果碗,轻食健康,1,chosen,0.5296,0.5162,train,normal
824,下午加餐,4,79,正常,一般,晴,一个人,随便,微辣,,36,希腊酸奶坚果碗,轻食健康,1,chosen,0.5296,0.4479,train,normal
824,下午加餐,4,79,正常,一般,晴,一个人,随便,微辣,,36,希腊酸奶坚果碗,轻食健康,1,chosen,0.5296,0.4817,train,normal
825,夜宵,4,34,想吃好点,开心,晴,一个人,不关心,不吃辣,麸质,42,烤鸡胸配土豆泥,西式简餐,1,chosen,0.4929,0.4687,test,normal
825,夜宵,4,34,想吃好点,开心,晴,一个人,不关心,不吃辣,麸质,42,烤鸡胸配土豆泥,西式简餐,1,chosen,0.4929,0.53,test,normal
825,夜宵,4,34,想吃好点,开心,晴,一个人,不关心,不吃辣,麸质,9,炸酱面,面食粉面,1,chosen,0.4729,0.4434,test,normal
826,午餐,4,38,省着点,一般,晴,朋友,不关心,中辣,,11,云南小锅米线,面食粉面,1,chosen,0.5823,0.5574,train,normal
826,午餐,4,38,省着点,一般,晴,朋友,不关心,中辣,,2,青椒肉丝盖饭,中式快餐盖饭,1,chosen,0.5717,0.5823,train,normal
826,午餐,4,38,省着点,一般,晴,朋友,不关心,中辣,,11,云南小锅米线,面食粉面,1,chosen,0.5823,0.5578,train,normal
827,夜宵,3,67,不差钱,压力大,阴,约会,随便,微辣,,24,菌汤火锅,火锅麻辣烫,1,chosen,0.6993,0.7541,train,normal
827,夜宵,3,67,不差钱,压力大,阴,约会,随便,微辣,,24,菌汤火锅,火锅麻辣烫,1,chosen,0.6993,0.6364,train,normal
827,夜宵,3,67,不差钱,压力大,阴,约会,随便,微辣,,24,菌汤火锅,火锅麻辣烫,1,chosen,0.6993,0.6511,train,normal
827,夜宵,3,67,不差钱,压力大,阴,约会,随便,微辣,,20,清汤火锅,火锅麻辣烫,0,considered,0.6914,0.644,train,normal
827,夜宵,3,67,不差钱,压力大,阴,约会,随便,微辣,,22,关东煮,火锅麻辣烫,0,considered,0.5411,0.4991,train,normal
828,午餐,5,85,正常,开心,阴,家人,不关心,重辣,,23,冒菜,火锅麻辣烫,1,chosen,0.6329,0.6487,train,normal
828,午餐,5,85,正常,开心,阴,家人,不关心,重辣,,23,冒菜,火锅麻辣烫,1,chosen,0.6329,0.6329,train,normal
828,午餐,5,85,正常,开心,阴,家人,不关心,重辣,,23,冒菜,火锅麻辣烫,1,chosen,0.6329,0.597,train,normal
828,午餐,5,85,正常,开心,阴,家人,不关心,重辣,,19,麻辣烫,火锅麻辣烫,0,considered,0.6261,0.5483,train,normal
828,午餐,5,85,正常,开心,阴,家人,不关心,重辣,,24,菌汤火锅,火锅麻辣烫,0,considered,0.5203,0.5231,train,normal
829,午餐,1,20,想吃好点,一般,阴,同事,随便,中辣,麸质,26,烤鸡翅,烧烤小吃,1,chosen,0.5064,0.4992,train,normal
829,午餐,1,20,想吃好点,一般,阴,同事,随便,中辣,麸质,26,烤鸡翅,烧烤小吃,1,chosen,0.5064,0.51,train,normal
829,午餐,1,20,想吃好点,一般,阴,同事,随便,中辣,麸质,25,烤羊肉串,烧烤小吃,1,chosen,0.4793,0.4667,train,normal
830,晚餐,1,52,省着点,低落,晴,朋友,随便,不吃辣,素食,9,炸酱面,面食粉面,1,chosen,0.5112,0.5672,val,normal
830,晚餐,1,52,省着点,低落,晴,朋友,随便,不吃辣,素食,9,炸酱面,面食粉面,1,chosen,0.5112,0.541,val,normal
830,晚餐,1,52,省着点,低落,晴,朋友,随便,不吃辣,素食,9,炸酱面,面食粉面,1,chosen,0.5112,0.5298,val,normal
831,晚餐,4,39,正常,压力大,雨,约会,严格控制,微辣,"海鲜,乳制品",2,青椒肉丝盖饭,中式快餐盖饭,1,chosen,0.7394,0.7209,train,normal
831,晚餐,4,39,正常,压力大,雨,约会,严格控制,微辣,"海鲜,乳制品",2,青椒肉丝盖饭,中式快餐盖饭,1,chosen,0.7394,0.6995,train,normal
831,晚餐,4,39,正常,压力大,雨,约会,严格控制,微辣,"海鲜,乳制品",2,青椒肉丝盖饭,中式快餐盖饭,1,chosen,0.7394,0.7582,train,normal
831,晚餐,4,39,正常,压力大,雨,约会,严格控制,微辣,"海鲜,乳制品",0,番茄牛腩饭,中式快餐盖饭,0,considered,0.6299,0.6639,train,normal
831,晚餐,4,39,正常,压力大,雨,约会,严格控制,微辣,"海鲜,乳制品",1,黄焖鸡米饭,中式快餐盖饭,0,considered,0.6227,0.6687,train,normal
832,晚餐,1,15,省着点,一般,晴,约会,随便,微辣,"海鲜,乳制品",6,兰州牛肉面,面食粉面,1,chosen,0.5302,0.5438,train,normal
832,晚餐,1,15,省着点,一般,晴,约会,随便,微辣,"海鲜,乳制品",6,兰州牛肉面,面食粉面,1,chosen,0.5302,0.5453,train,normal
832,晚餐,1,15,省着点,一般,晴,约会,随便,微辣,"海鲜,乳制品",6,兰州牛肉面,面食粉面,1,chosen,0.5302,0.5146,train,normal
833,午餐,3,64,不差钱,疲惫,晴,约会,想健康,微辣,,24,菌汤火锅,火锅麻辣烫,1,chosen,0.7148,0.7103,val,normal
833,午餐,3,64,不差钱,疲惫,晴,约会,想健康,微辣,,24,菌汤火锅,火锅麻辣烫,1,chosen,0.7148,0.743,val,normal
833,午餐,3,64,不差钱,疲惫,晴,约会,想健康,微辣,,24,菌汤火锅,火锅麻辣烫,1,chosen,0.7148,0.7114,val,normal
834,早餐,2,59,正常,一般,阴,一个人,想健康,微辣,,46,燕麦牛奶粥,早餐粥点,1,chosen,0.6083,0.6001,train,normal
834,早餐,2,59,正常,一般,阴,一个人,想健康,微辣,,46,燕麦牛奶粥,早餐粥点,1,chosen,0.6083,0.5535,train,normal
834,早餐,2,59,正常,一般,阴,一个人,想健康,微辣,,46,燕麦牛奶粥,早餐粥点,1,chosen,0.6083,0.6257,train,normal
834,早餐,2,59,正常,一般,阴,一个人,想健康,微辣,,44,小笼包+豆浆,早餐粥点,0,considered,0.5898,0.5763,train,normal
834,早餐,2,59,正常,一般,阴,一个人,想健康,微辣,,43,皮蛋瘦肉粥+油条,早餐粥点,0,considered,0.5849,0.5656,train,normal
835,晚餐,2,57,正常,疲惫,热,一个人,不关心,中辣,,15,宫保鸡丁+米饭,家常炒菜,1,chosen,0.5522,0.5823,train,normal
835,晚餐,2,57,正常,疲惫,热,一个人,不关心,中辣,,15,宫保鸡丁+米饭,家常炒菜,1,chosen,0.5522,0.5547,train,normal
835,晚餐,2,57,正常,疲惫,热,一个人,不关心,中辣,,15,宫保鸡丁+米饭,家常炒菜,1,chosen,0.5522,0.5678,train,normal
836,早餐,5,73,想吃好点,一般,晴,朋友,不关心,中辣,,11,云南小锅米线,面食粉面,1,chosen,0.5947,0.6526,val,normal
836,早餐,5,73,想吃好点,一般,晴,朋友,不关心,中辣,,11,云南小锅米线,面食粉面,1,chosen,0.5947,0.5669,val,normal
836,早餐,5,73,想吃好点,一般,晴,朋友,不关心,中辣,,11,云南小锅米线,面食粉面,1,chosen,0.5947,0.5691,val,normal
836,早餐,5,73,想吃好点,一般,晴,朋友,不关心,中辣,,6,兰州牛肉面,面食粉面,0,considered,0.5786,0.5575,val,normal
836,早餐,5,73,想吃好点,一般,晴,朋友,不关心,中辣,,8,番茄鸡蛋面,面食粉面,0,considered,0.535,0.4782,val,normal
837,晚餐,3,55,想吃好点,疲惫,雨,家人,随便,中辣,"海鲜,乳制品",15,宫保鸡丁+米饭,家常炒菜,1,chosen,0.7092,0.7298,train,normal
837,晚餐,3,55,想吃好点,疲惫,雨,家人,随便,中辣,"海鲜,乳制品",15,宫保鸡丁+米饭,家常炒菜,1,chosen,0.7092,0.7447,train,normal
837,晚餐,3,55,想吃好点,疲惫,雨,家人,随便,中辣,"海鲜,乳制品",18,地三鲜+米饭,家常炒菜,1,chosen,0.6663,0.6751,train,normal
838,夜宵,4,15,想吃好点,低落,雨,一个人,不关心,微辣,,6,兰州牛肉面,面食粉面,1,chosen,0.598,0.5849,train,normal
838,夜宵,4,15,想吃好点,低落,雨,一个人,不关心,微辣,,6,兰州牛肉面,面食粉面,1,chosen,0.598,0.6037,train,normal
838,夜宵,4,15,想吃好点,低落,雨,一个人,不关心,微辣,,6,兰州牛肉面,面食粉面,1,chosen,0.598,0.6191,train,normal
839,早餐,3,94,省着点,兴奋,热,一个人,随便,中辣,,8,番茄鸡蛋面,面食粉面,1,chosen,0.5688,0.5753,train,normal
839,早餐,3,94,省着点,兴奋,热,一个人,随便,中辣,,8,番茄鸡蛋面,面食粉面,1,chosen,0.5688,0.5483,train,normal
839,早餐,3,94,省着点,兴奋,热,一个人,随便,中辣,,43,皮蛋瘦肉粥+油条,早餐粥点,1,chosen,0.588,0.6097,train,normal
839,早餐,3,94,省着点,兴奋,热,一个人,随便,中辣,,44,小笼包+豆浆,早餐粥点,0,considered,0.591,0.5476,train,normal
839,早餐,3,94,省着点,兴奋,热,一个人,随便,中辣,,43,皮蛋瘦肉粥+油条,早餐粥点,0,considered,0.588,0.579,train,normal
840,晚餐,4,72,正常,开心,晴,家人,想健康,微辣,乳制品,42,烤鸡胸配土豆泥,西式简餐,1,chosen,0.6316,0.6444,train,normal
840,晚餐,4,72,正常,开心,晴,家人,想健康,微辣,乳制品,42,烤鸡胸配土豆泥,西式简餐,1,chosen,0.6316,0.556,train,normal
840,晚餐,4,72,正常,开心,晴,家人,想健康,微辣,乳制品,42,烤鸡胸配土豆泥,西式简餐,1,chosen,0.6316,0.7035,train,normal
840,晚餐,4,72,正常,开心,晴,家人,想健康,微辣,乳制品,37,番茄肉酱意面,西式简餐,0,considered,0.6277,0.6234,train,normal
840,晚餐,4,72,正常,开心,晴,家人,想健康,微辣,乳制品,38,香煎牛排,西式简餐,0,considered,0.531,0.5377,train,normal
841,午餐,2,63,不差钱,开心,晴,约会,想健康,微辣,素食,40,奶油蘑菇汤+面包,西式简餐,1,chosen,0.6029,0.5571,train,normal
841,午餐,2,63,不差钱,开心,晴,约会,想健康,微辣,素食,24,菌汤火锅,火锅麻辣烫,1,chosen,0.6682,0.6771,train,normal
841,午餐,2,63,不差钱,开心,晴,约会,想健康,微辣,素食,24,菌汤火锅,火锅麻辣烫,1,chosen,0.6682,0.6854,train,normal
842,晚餐,3,40,正常,疲惫,晴,朋友,严格控制,微辣,乳制品,42,烤鸡胸配土豆泥,西式简餐,1,chosen,0.6744,0.6892,val,normal
842,晚餐,3,40,正常,疲惫,晴,朋友,严格控制,微辣,乳制品,42,烤鸡胸配土豆泥,西式简餐,1,chosen,0.6744,0.6991,val,normal
842,晚餐,3,40,正常,疲惫,晴,朋友,严格控制,微辣,乳制品,42,烤鸡胸配土豆泥,西式简餐,1,chosen,0.6744,0.7012,val,normal
842,晚餐,3,40,正常,疲惫,晴,朋友,严格控制,微辣,乳制品,37,番茄肉酱意面,西式简餐,0,considered,0.6526,0.6826,val,normal
842,晚餐,3,40,正常,疲惫,晴,朋友,严格控制,微辣,乳制品,38,香煎牛排,西式简餐,0,considered,0.4789,0.4955,val,normal
843,早餐,4,51,省着点,一般,雨,同事,严格控制,重辣,"海鲜,乳制品",43,皮蛋瘦肉粥+油条,早餐粥点,1,chosen,0.6807,0.6152,train,normal
843,早餐,4,51,省着点,一般,雨,同事,严格控制,重辣,"海鲜,乳制品",44,小笼包+豆浆,早餐粥点,1,chosen,0.6807,0.5965,train,normal
843,早餐,4,51,省着点,一般,雨,同事,严格控制,重辣,"海鲜,乳制品",43,皮蛋瘦肉粥+油条,早餐粥点,1,chosen,0.6807,0.6613,train,normal
843,早餐,4,51,省着点,一般,雨,同事,严格控制,重辣,"海鲜,乳制品",44,小笼包+豆浆,早餐粥点,0,considered,0.6807,0.6545,train,normal
843,早餐,4,51,省着点,一般,雨,同事,严格控制,重辣,"海鲜,乳制品",45,杂粮煎饼果子,早餐粥点,0,considered,0.6459,0.5662,train,normal
844,晚餐,2,35,不差钱,开心,热,约会,随便,微辣,,42,烤鸡胸配土豆泥,西式简餐,1,chosen,0.5977,0.582,val,normal
844,晚餐,2,35,不差钱,开心,热,约会,随便,微辣,,38,香煎牛排,西式简餐,1,chosen,0.6064,0.5809,val,normal
844,晚餐,2,35,不差钱,开心,热,约会,随便,微辣,,38,香煎牛排,西式简餐,1,chosen,0.6064,0.6169,val,normal
845,夜宵,2,48,想吃好点,兴奋,热,朋友,随便,微辣,乳制品,26,烤鸡翅,烧烤小吃,1,chosen,0.6047,0.6418,val,normal
845,夜宵,2,48,想吃好点,兴奋,热,朋友,随便,微辣,乳制品,26,烤鸡翅,烧烤小吃,1,chosen,0.6047,0.5867,val,normal
845,夜宵,2,48,想吃好点,兴奋,热,朋友,随便,微辣,乳制品,26,烤鸡翅,烧烤小吃,1,chosen,0.6047,0.6241,val,normal
846,夜宵,4,55,不差钱,疲惫,晴,家人,随便,不吃辣,,24,菌汤火锅,火锅麻辣烫,1,chosen,0.6657,0.6549,train,normal
846,夜宵,4,55,不差钱,疲惫,晴,家人,随便,不吃辣,,24,菌汤火锅,火锅麻辣烫,1,chosen,0.6657,0.6471,train,normal
846,夜宵,4,55,不差钱,疲惫,晴,家人,随便,不吃辣,,24,菌汤火锅,火锅麻辣烫,1,chosen,0.6657,0.6548,train,normal
846,夜宵,4,55,不差钱,疲惫,晴,家人,随便,不吃辣,,20,清汤火锅,火锅麻辣烫,0,considered,0.6202,0.6082,train,normal
846,夜宵,4,55,不差钱,疲惫,晴,家人,随便,不吃辣,,19,麻辣烫,火锅麻辣烫,0,considered,0.3923,0.4103,train,normal
847,晚餐,3,47,想吃好点,开心,阴,朋友,想健康,重辣,,15,宫保鸡丁+米饭,家常炒菜,1,chosen,0.6787,0.6666,train,normal
847,晚餐,3,47,想吃好点,开心,阴,朋友,想健康,重辣,,13,麻婆豆腐+米饭,家常炒菜,1,chosen,0.6857,0.6822,train,normal
847,晚餐,3,47,想吃好点,开心,阴,朋友,想健康,重辣,,13,麻婆豆腐+米饭,家常炒菜,1,chosen,0.6857,0.6489,train,normal
848,晚餐,4,47,省着点,压力大,晴,一个人,不关心,中辣,乳制品,45,杂粮煎饼果子,早餐粥点,1,chosen,0.5412,0.5174,train,normal
848,晚餐,4,47,省着点,压力大,晴,一个人,不关心,中辣,乳制品,45,杂粮煎饼果子,早餐粥点,1,chosen,0.5412,0.5522,train,normal
848,晚餐,4,47,省着点,压力大,晴,一个人,不关心,中辣,乳制品,45,杂粮煎饼果子,早餐粥点,1,chosen,0.5412,0.5021,train,normal
848,晚餐,4,47,省着点,压力大,晴,一个人,不关心,中辣,乳制品,43,皮蛋瘦肉粥+油条,早餐粥点,0,considered,0.4424,0.4016,train,normal
848,晚餐,4,47,省着点,压力大,晴,一个人,不关心,中辣,乳制品,44,小笼包+豆浆,早餐粥点,0,considered,0.4424,0.397,train,normal
849,晚餐,3,47,想吃好点,疲惫,冷,同事,随便,不吃辣,麸质,42,烤鸡胸配土豆泥,西式简餐,1,chosen,0.6261,0.641,train,normal
849,晚餐,3,47,想吃好点,疲惫,冷,同事,随便,不吃辣,麸质,42,烤鸡胸配土豆泥,西式简餐,1,chosen,0.6261,0.635,train,normal
849,晚餐,3,47,想吃好点,疲惫,冷,同事,随便,不吃辣,麸质,42,烤鸡胸配土豆泥,西式简餐,1,chosen,0.6261,0.6804,train,normal
850,午餐,4,29,正常,疲惫,晴,一个人,想健康,重辣,,13,麻婆豆腐+米饭,家常炒菜,1,chosen,0.6184,0.6014,train,normal
850,午餐,4,29,正常,疲惫,晴,一个人,想健康,重辣,,13,麻婆豆腐+米饭,家常炒菜,1,chosen,0.6184,0.5928,train,normal
850,午餐,4,29,正常,疲惫,晴,一个人,想健康,重辣,,13,麻婆豆腐+米饭,家常炒菜,1,chosen,0.6184,0.5907,train,normal
851,早餐,4,41,想吃好点,开心,阴,朋友,严格控制,重辣,麸质,11,云南小锅米线,面食粉面,1,chosen,0.6513,0.6518,test,normal
851,早餐,4,41,想吃好点,开心,阴,朋友,严格控制,重辣,麸质,11,云南小锅米线,面食粉面,1,chosen,0.6513,0.6472,test,normal
851,早餐,4,41,想吃好点,开心,阴,朋友,严格控制,重辣,麸质,6,兰州牛肉面,面食粉面,1,chosen,0.6352,0.6683,test,normal
852,早餐,1,35,想吃好点,一般,晴,朋友,不关心,中辣,,44,小笼包+豆浆,早餐粥点,1,chosen,0.5667,0.5058,val,normal
852,早餐,1,35,想吃好点,一般,晴,朋友,不关心,中辣,,43,皮蛋瘦肉粥+油条,早餐粥点,1,chosen,0.566,0.5624,val,normal
852,早餐,1,35,想吃好点,一般,晴,朋友,不关心,中辣,,44,小笼包+豆浆,早餐粥点,1,chosen,0.5667,0.5823,val,normal
853,晚餐,3,31,省着点,一般,阴,家人,随便,重辣,,13,麻婆豆腐+米饭,家常炒菜,1,chosen,0.5934,0.5931,test,normal
853,晚餐,3,31,省着点,一般,阴,家人,随便,重辣,,13,麻婆豆腐+米饭,家常炒菜,1,chosen,0.5934,0.57,test,normal
853,晚餐,3,31,省着点,一般,阴,家人,随便,重辣,,13,麻婆豆腐+米饭,家常炒菜,1,chosen,0.5934,0.5346,test,normal
854,夜宵,4,15,省着点,一般,热,家人,想健康,不吃辣,,9,炸酱面,面食粉面,1,chosen,0.6251,0.6912,val,normal
854,夜宵,4,15,省着点,一般,热,家人,想健康,不吃辣,,9,炸酱面,面食粉面,1,chosen,0.6251,0.5644,val,normal
854,夜宵,4,15,省着点,一般,热,家人,想健康,不吃辣,,9,炸酱面,面食粉面,1,chosen,0.6251,0.6487,val,normal
855,午餐,3,15,想吃好点,低落,热,一个人,想健康,不吃辣,麸质,9,炸酱面,面食粉面,1,chosen,0.5525,0.5155,train,normal
855,午餐,3,15,想吃好点,低落,热,一个人,想健康,不吃辣,麸质,9,炸酱面,面食粉面,1,chosen,0.5525,0.5819,train,normal
855,午餐,3,15,想吃好点,低落,热,一个人,想健康,不吃辣,麸质,9,炸酱面,面食粉面,1,chosen,0.5525,0.5155,train,normal
856,下午加餐,4,29,正常,疲惫,雨,同事,随便,微辣,乳制品,34,全麦鸡肉三明治,轻食健康,1,chosen,0.6578,0.6938,train,normal
856,下午加餐,4,29,正常,疲惫,雨,同事,随便,微辣,乳制品,34,全麦鸡肉三明治,轻食健康,1,chosen,0.6578,0.6991,train,normal
856,下午加餐,4,29,正常,疲惫,雨,同事,随便,微辣,乳制品,34,全麦鸡肉三明治,轻食健康,1,chosen,0.6578,0.644,train,normal
856,下午加餐,4,29,正常,疲惫,雨,同事,随便,微辣,乳制品,32,藜麦牛油果碗,轻食健康,0,considered,0.6376,0.6651,train,normal
856,下午加餐,4,29,正常,疲惫,雨,同事,随便,微辣,乳制品,35,水煮时蔬+溏心蛋,轻食健康,0,considered,0.6,0.5953,train,normal
857,夜宵,3,69,正常,一般,晴,一个人,想健康,微辣,,6,兰州牛肉面,面食粉面,1,chosen,0.5692,0.5353,test,normal
857,夜宵,3,69,正常,一般,晴,一个人,想健康,微辣,,6,兰州牛肉面,面食粉面,1,chosen,0.5692,0.5052,test,normal
857,夜宵,3,69,正常,一般,晴,一个人,想健康,微辣,,30,铁板豆腐,烧烤小吃,1,chosen,0.5187,0.5358,test,normal
858,夜宵,4,67,不差钱,疲惫,热,约会,随便,微辣,,24,菌汤火锅,火锅麻辣烫,1,chosen,0.7073,0.7388,train,normal
858,夜宵,4,67,不差钱,疲惫,热,约会,随便,微辣,,24,菌汤火锅,火锅麻辣烫,1,chosen,0.7073,0.7552,train,normal
858,夜宵,4,67,不差钱,疲惫,热,约会,随便,微辣,,24,菌汤火锅,火锅麻辣烫,1,chosen,0.7073,0.6868,train,normal
859,夜宵,4,47,不差钱,一般,冷,朋友,随便,重辣,,26,烤鸡翅,烧烤小吃,1,chosen,0.7102,0.7101,train,normal
859,夜宵,4,47,不差钱,一般,冷,朋友,随便,重辣,,26,烤鸡翅,烧烤小吃,1,chosen,0.7102,0.6984,train,normal
859,夜宵,4,47,不差钱,一般,冷,朋友,随便,重辣,,26,烤鸡翅,烧烤小吃,1,chosen,0.7102,0.725,train,normal
860,午餐,3,70,想吃好点,一般,热,同事,想健康,不吃辣,,9,炸酱面,面食粉面,1,chosen,0.5769,0.6282,train,normal
860,午餐,3,70,想吃好点,一般,热,同事,想健康,不吃辣,,9,炸酱面,面食粉面,1,chosen,0.5769,0.6164,train,normal
860,午餐,3,70,想吃好点,一般,热,同事,想健康,不吃辣,,9,炸酱面,面食粉面,1,chosen,0.5769,0.5616,train,normal
861,晚餐,2,71,不差钱,一般,晴,一个人,想健康,中辣,"海鲜,乳制品",24,菌汤火锅,火锅麻辣烫,1,chosen,0.539,0.5996,train,normal
861,晚餐,2,71,不差钱,一般,晴,一个人,想健康,中辣,"海鲜,乳制品",24,菌汤火锅,火锅麻辣烫,1,chosen,0.539,0.5584,train,normal
861,晚餐,2,71,不差钱,一般,晴,一个人,想健康,中辣,"海鲜,乳制品",24,菌汤火锅,火锅麻辣烫,1,chosen,0.539,0.5775,train,normal
862,午餐,2,49,省着点,低落,阴,同事,随便,重辣,,19,麻辣烫,火锅麻辣烫,1,chosen,0.5676,0.5492,train,normal
862,午餐,2,49,省着点,低落,阴,同事,随便,重辣,,19,麻辣烫,火锅麻辣烫,1,chosen,0.5676,0.6086,train,normal
862,午餐,2,49,省着点,低落,阴,同事,随便,重辣,,19,麻辣烫,火锅麻辣烫,1,chosen,0.5676,0.6077,train,normal
863,晚餐,4,83,不差钱,低落,热,朋友,想健康,微辣,海鲜,42,烤鸡胸配土豆泥,西式简餐,1,chosen,0.6474,0.6425,train,normal
863,晚餐,4,83,不差钱,低落,热,朋友,想健康,微辣,海鲜,24,菌汤火锅,火锅麻辣烫,1,chosen,0.6732,0.6636,train,normal
863,晚餐,4,83,不差钱,低落,热,朋友,想健康,微辣,海鲜,24,菌汤火锅,火锅麻辣烫,1,chosen,0.6732,0.6581,train,normal
863,晚餐,4,83,不差钱,低落,热,朋友,想健康,微辣,海鲜,20,清汤火锅,火锅麻辣烫,0,considered,0.6634,0.6793,train,normal
863,晚餐,4,83,不差钱,低落,热,朋友,想健康,微辣,海鲜,23,冒菜,火锅麻辣烫,0,considered,0.5116,0.4693,train,normal
864,夜宵,5,15,想吃好点,一般,雪,一个人,随便,不吃辣,素食,40,奶油蘑菇汤+面包,西式简餐,1,chosen,0.5765,0.5275,test,snow
864,夜宵,5,15,想吃好点,一般,雪,一个人,随便,不吃辣,素食,40,奶油蘑菇汤+面包,西式简餐,1,chosen,0.5765,0.5108,test,snow
864,夜宵,5,15,想吃好点,一般,雪,一个人,随便,不吃辣,素食,40,奶油蘑菇汤+面包,西式简餐,1,chosen,0.5765,0.6209,test,snow
865,下午加餐,3,45,不差钱,兴奋,雨,一个人,想健康,微辣,"海鲜,乳制品",32,藜麦牛油果碗,轻食健康,1,chosen,0.6524,0.5786,test,normal
865,下午加餐,3,45,不差钱,兴奋,雨,一个人,想健康,微辣,"海鲜,乳制品",32,藜麦牛油果碗,轻食健康,1,chosen,0.6524,0.6104,test,normal
865,下午加餐,3,45,不差钱,兴奋,雨,一个人,想健康,微辣,"海鲜,乳制品",34,全麦鸡肉三明治,轻食健康,1,chosen,0.6427,0.6833,test,normal
865,下午加餐,3,45,不差钱,兴奋,雨,一个人,想健康,微辣,"海鲜,乳制品",34,全麦鸡肉三明治,轻食健康,0,considered,0.6427,0.6841,test,normal
865,下午加餐,3,45,不差钱,兴奋,雨,一个人,想健康,微辣,"海鲜,乳制品",35,水煮时蔬+溏心蛋,轻食健康,0,considered,0.6374,0.677,test,normal
866,午餐,4,77,省着点,疲惫,雪,朋友,随便,中辣,,11,云南小锅米线,面食粉面,1,chosen,0.7453,0.7701,test,snow
866,午餐,4,77,省着点,疲惫,雪,朋友,随便,中辣,,11,云南小锅米线,面食粉面,1,chosen,0.7453,0.7744,test,snow
866,午餐,4,77,省着点,疲惫,雪,朋友,随便,中辣,,11,云南小锅米线,面食粉面,1,chosen,0.7453,0.7325,test,snow
867,晚餐,2,44,正常,开心,晴,朋友,想健康,不吃辣,,42,烤鸡胸配土豆泥,西式简餐,1,chosen,0.6045,0.6306,train,normal
867,晚餐,2,44,正常,开心,晴,朋友,想健康,不吃辣,,42,烤鸡胸配土豆泥,西式简餐,1,chosen,0.6045,0.6281,train,normal
867,晚餐,2,44,正常,开心,晴,朋友,想健康,不吃辣,,37,番茄肉酱意面,西式简餐,1,chosen,0.587,0.5602,train,normal
868,夜宵,5,15,正常,压力大,雨,一个人,想健康,微辣,,6,兰州牛肉面,面食粉面,1,chosen,0.6648,0.6846,train,normal
868,夜宵,5,15,正常,压力大,雨,一个人,想健康,微辣,,6,兰州牛肉面,面食粉面,1,chosen,0.6648,0.6055,train,normal
868,夜宵,5,15,正常,压力大,雨,一个人,想健康,微辣,,6,兰州牛肉面,面食粉面,1,chosen,0.6648,0.5862,train,normal
869,午餐,3,26,正常,疲惫,阴,家人,不关心,微辣,"海鲜,乳制品",37,番茄肉酱意面,西式简餐,1,chosen,0.6144,0.5974,train,normal
869,午餐,3,26,正常,疲惫,阴,家人,不关心,微辣,"海鲜,乳制品",37,番茄肉酱意面,西式简餐,1,chosen,0.6144,0.6087,train,normal
869,午餐,3,26,正常,疲惫,阴,家人,不关心,微辣,"海鲜,乳制品",37,番茄肉酱意面,西式简餐,1,chosen,0.6144,0.6509,train,normal
869,午餐,3,26,正常,疲惫,阴,家人,不关心,微辣,"海鲜,乳制品",42,烤鸡胸配土豆泥,西式简餐,0,considered,0.6047,0.6203,train,normal
869,午餐,3,26,正常,疲惫,阴,家人,不关心,微辣,"海鲜,乳制品",38,香煎牛排,西式简餐,0,considered,0.5086,0.5564,train,normal
870,午餐,3,56,正常,一般,阴,一个人,不关心,不吃辣,海鲜,40,奶油蘑菇汤+面包,西式简餐,1,chosen,0.4963,0.5073,val,normal
870,午餐,3,56,正常,一般,阴,一个人,不关心,不吃辣,海鲜,40,奶油蘑菇汤+面包,西式简餐,1,chosen,0.4963,0.5592,val,normal
870,午餐,3,56,正常,一般,阴,一个人,不关心,不吃辣,海鲜,40,奶油蘑菇汤+面包,西式简餐,1,chosen,0.4963,0.4928,val,normal
870,午餐,3,56,正常,一般,阴,一个人,不关心,不吃辣,海鲜,42,烤鸡胸配土豆泥,西式简餐,0,considered,0.487,0.48,val,normal
870,午餐,3,56,正常,一般,阴,一个人,不关心,不吃辣,海鲜,37,番茄肉酱意面,西式简餐,0,considered,0.4793,0.4535,val,normal
871,午餐,4,97,省着点,低落,雨,朋友,随便,中辣,,11,云南小锅米线,面食粉面,1,chosen,0.6705,0.6879,train,normal
871,午餐,4,97,省着点,低落,雨,朋友,随便,中辣,,11,云南小锅米线,面食粉面,1,chosen,0.6705,0.6831,train,normal
871,午餐,4,97,省着点,低落,雨,朋友,随便,中辣,,11,云南小锅米线,面食粉面,1,chosen,0.6705,0.72,train,normal
871,午餐,4,97,省着点,低落,雨,朋友,随便,中辣,,6,兰州牛肉面,面食粉面,0,considered,0.6433,0.672,train,normal
871,午餐,4,97,省着点,低落,雨,朋友,随便,中辣,,9,炸酱面,面食粉面,0,considered,0.6265,0.6386,train,normal
872,早餐,5,38,正常,低落,雨,同事,想健康,微辣,,45,杂粮煎饼果子,早餐粥点,1,chosen,0.6667,0.6182,train,normal
872,早餐,5,38,正常,低落,雨,同事,想健康,微辣,,45,杂粮煎饼果子,早餐粥点,1,chosen,0.6667,0.6673,train,normal
872,早餐,5,38,正常,低落,雨,同事,想健康,微辣,,45,杂粮煎饼果子,早餐粥点,1,chosen,0.6667,0.6438,train,normal
873,晚餐,2,26,正常,一般,热,家人,想健康,中辣,素食,9,炸酱面,面食粉面,1,chosen,0.5974,0.5947,train,normal
873,晚餐,2,26,正常,一般,热,家人,想健康,中辣,素食,9,炸酱面,面食粉面,1,chosen,0.5974,0.561,train,normal
873,晚餐,2,26,正常,一般,热,家人,想健康,中辣,素食,9,炸酱面,面食粉面,1,chosen,0.5974,0.6244,train,normal
874,晚餐,4,16,省着点,开心,冷,同事,不关心,不吃辣,,3,台式卤肉饭,中式快餐盖饭,1,chosen,0.5704,0.5932,val,normal
874,晚餐,4,16,省着点,开心,冷,同事,不关心,不吃辣,,3,台式卤肉饭,中式快餐盖饭,1,chosen,0.5704,0.5619,val,normal
874,晚餐,4,16,省着点,开心,冷,同事,不关心,不吃辣,,3,台式卤肉饭,中式快餐盖饭,1,chosen,0.5704,0.5938,val,normal
874,晚餐,4,16,省着点,开心,冷,同事,不关心,不吃辣,,0,番茄牛腩饭,中式快餐盖饭,0,considered,0.5348,0.5357,val,normal
874,晚餐,4,16,省着点,开心,冷,同事,不关心,不吃辣,,2,青椒肉丝盖饭,中式快餐盖饭,0,considered,0.4939,0.4952,val,normal
875,早餐,3,71,想吃好点,疲惫,阴,朋友,随便,不吃辣,素食,44,小笼包+豆浆,早餐粥点,1,chosen,0.6593,0.6435,train,normal
875,早餐,3,71,想吃好点,疲惫,阴,朋友,随便,不吃辣,素食,44,小笼包+豆浆,早餐粥点,1,chosen,0.6593,0.626,train,normal
875,早餐,3,71,想吃好点,疲惫,阴,朋友,随便,不吃辣,素食,44,小笼包+豆浆,早餐粥点,1,chosen,0.6593,0.6664,train,normal
875,早餐,3,71,想吃好点,疲惫,阴,朋友,随便,不吃辣,素食,43,皮蛋瘦肉粥+油条,早餐粥点,0,considered,0.6586,0.6984,train,normal
875,早餐,3,71,想吃好点,疲惫,阴,朋友,随便,不吃辣,素食,46,燕麦牛奶粥,早餐粥点,0,considered,0.6063,0.6014,train,normal
876,晚餐,3,31,省着点,压力大,阴,一个人,严格控制,不吃辣,素食,12,西红柿炒蛋+米饭,家常炒菜,1,chosen,0.5552,0.5627,test,normal
876,晚餐,3,31,省着点,压力大,阴,一个人,严格控制,不吃辣,素食,17,蒜蓉西兰花+米饭,家常炒菜,1,chosen,0.5704,0.5376,test,normal
876,晚餐,3,31,省着点,压力大,阴,一个人,严格控制,不吃辣,素食,17,蒜蓉西兰花+米饭,家常炒菜,1,chosen,0.5704,0.4973,test,normal
877,午餐,3,53,省着点,兴奋,晴,家人,不关心,中辣,"海鲜,乳制品",11,云南小锅米线,面食粉面,1,chosen,0.5804,0.6219,train,normal
877,午餐,3,53,省着点,兴奋,晴,家人,不关心,中辣,"海鲜,乳制品",11,云南小锅米线,面食粉面,1,chosen,0.5804,0.5306,train,normal
877,午餐,3,53,省着点,兴奋,晴,家人,不关心,中辣,"海鲜,乳制品",11,云南小锅米线,面食粉面,1,chosen,0.5804,0.6269,train,normal
877,午餐,3,53,省着点,兴奋,晴,家人,不关心,中辣,"海鲜,乳制品",6,兰州牛肉面,面食粉面,0,considered,0.5698,0.5641,train,normal
877,午餐,3,53,省着点,兴奋,晴,家人,不关心,中辣,"海鲜,乳制品",9,炸酱面,面食粉面,0,considered,0.5559,0.5351,train,normal
878,下午加餐,4,43,正常,开心,雨,约会,不关心,中辣,,34,全麦鸡肉三明治,轻食健康,1,chosen,0.6369,0.5517,test,normal
878,下午加餐,4,43,正常,开心,雨,约会,不关心,中辣,,34,全麦鸡肉三明治,轻食健康,1,chosen,0.6369,0.6562,test,normal
878,下午加餐,4,43,正常,开心,雨,约会,不关心,中辣,,34,全麦鸡肉三明治,轻食健康,1,chosen,0.6369,0.6978,test,normal
878,下午加餐,4,43,正常,开心,雨,约会,不关心,中辣,,32,藜麦牛油果碗,轻食健康,0,considered,0.6143,0.6846,test,normal
878,下午加餐,4,43,正常,开心,雨,约会,不关心,中辣,,36,希腊酸奶坚果碗,轻食健康,0,considered,0.614,0.5969,test,normal
879,午餐,4,83,正常,一般,热,朋友,想健康,微辣,,9,炸酱面,面食粉面,1,chosen,0.6381,0.5873,train,normal
879,午餐,4,83,正常,一般,热,朋友,想健康,微辣,,9,炸酱面,面食粉面,1,chosen,0.6381,0.6593,train,normal
879,午餐,4,83,正常,一般,热,朋友,想健康,微辣,,9,炸酱面,面食粉面,1,chosen,0.6381,0.6574,train,normal
880,夜宵,3,76,想吃好点,一般,晴,家人,想健康,中辣,,26,烤鸡翅,烧烤小吃,1,chosen,0.6964,0.6709,test,normal
880,夜宵,3,76,想吃好点,一般,晴,家人,想健康,中辣,,26,烤鸡翅,烧烤小吃,1,chosen,0.6964,0.7094,test,normal
880,夜宵,3,76,想吃好点,一般,晴,家人,想健康,中辣,,26,烤鸡翅,烧烤小吃,1,chosen,0.6964,0.7018,test,normal
881,晚餐,2,37,省着点,开心,雨,家人,随便,重辣,海鲜,19,麻辣烫,火锅麻辣烫,1,chosen,0.6322,0.6432,train,normal
881,晚餐,2,37,省着点,开心,雨,家人,随便,重辣,海鲜,11,云南小锅米线,面食粉面,1,chosen,0.6032,0.5944,train,normal
881,晚餐,2,37,省着点,开心,雨,家人,随便,重辣,海鲜,19,麻辣烫,火锅麻辣烫,1,chosen,0.6322,0.6017,train,normal
882,午餐,5,51,正常,疲惫,阴,朋友,随便,微辣,麸质,18,地三鲜+米饭,家常炒菜,1,chosen,0.6496,0.6689,train,normal
882,午餐,5,51,正常,疲惫,阴,朋友,随便,微辣,麸质,18,地三鲜+米饭,家常炒菜,1,chosen,0.6496,0.6872,train,normal
882,午餐,5,51,正常,疲惫,阴,朋友,随便,微辣,麸质,18,地三鲜+米饭,家常炒菜,1,chosen,0.6496,0.5951,train,normal
883,夜宵,3,65,省着点,疲惫,热,一个人,随便,中辣,,11,云南小锅米线,面食粉面,1,chosen,0.5893,0.621,train,normal
883,夜宵,3,65,省着点,疲惫,热,一个人,随便,中辣,,28,烤冷面,烧烤小吃,1,chosen,0.6344,0.6544,train,normal
883,夜宵,3,65,省着点,疲惫,热,一个人,随便,中辣,,28,烤冷面,烧烤小吃,1,chosen,0.6344,0.5991,train,normal
883,夜宵,3,65,省着点,疲惫,热,一个人,随便,中辣,,27,烤茄子,烧烤小吃,0,considered,0.6233,0.6199,train,normal
883,夜宵,3,65,省着点,疲惫,热,一个人,随便,中辣,,30,铁板豆腐,烧烤小吃,0,considered,0.6179,0.5849,train,normal
884,午餐,2,33,想吃好点,一般,晴,朋友,随便,微辣,海鲜,42,烤鸡胸配土豆泥,西式简餐,1,chosen,0.5632,0.5034,train,normal
884,午餐,2,33,想吃好点,一般,晴,朋友,随便,微辣,海鲜,42,烤鸡胸配土豆泥,西式简餐,1,chosen,0.5632,0.5401,train,normal
884,午餐,2,33,想吃好点,一般,晴,朋友,随便,微辣,海鲜,42,烤鸡胸配土豆泥,西式简餐,1,chosen,0.5632,0.5505,train,normal
885,午餐,3,64,想吃好点,开心,雨,约会,严格控制,微辣,,42,烤鸡胸配土豆泥,西式简餐,1,chosen,0.7109,0.7633,train,normal
885,午餐,3,64,想吃好点,开心,雨,约会,严格控制,微辣,,42,烤鸡胸配土豆泥,西式简餐,1,chosen,0.7109,0.6446,train,normal
885,午餐,3,64,想吃好点,开心,雨,约会,严格控制,微辣,,42,烤鸡胸配土豆泥,西式简餐,1,chosen,0.7109,0.7213,train,normal
886,晚餐,4,52,不差钱,压力大,冷,家人,不关心,中辣,,15,宫保鸡丁+米饭,家常炒菜,1,chosen,0.6985,0.6929,val,normal
886,晚餐,4,52,不差钱,压力大,冷,家人,不关心,中辣,,15,宫保鸡丁+米饭,家常炒菜,1,chosen,0.6985,0.6831,val,normal
886,晚餐,4,52,不差钱,压力大,冷,家人,不关心,中辣,,15,宫保鸡丁+米饭,家常炒菜,1,chosen,0.6985,0.6899,val,normal
887,夜宵,3,47,想吃好点,一般,阴,一个人,随便,不吃辣,,8,番茄鸡蛋面,面食粉面,1,chosen,0.5063,0.5005,train,normal
887,夜宵,3,47,想吃好点,一般,阴,一个人,随便,不吃辣,,40,奶油蘑菇汤+面包,西式简餐,1,chosen,0.4815,0.4355,train,normal
887,夜宵,3,47,想吃好点,一般,阴,一个人,随便,不吃辣,,8,番茄鸡蛋面,面食粉面,1,chosen,0.5063,0.5036,train,normal
888,夜宵,3,69,不差钱,一般,阴,家人,想健康,不吃辣,,24,菌汤火锅,火锅麻辣烫,1,chosen,0.68,0.6449,test,normal
888,夜宵,3,69,不差钱,一般,阴,家人,想健康,不吃辣,,24,菌汤火锅,火锅麻辣烫,1,chosen,0.68,0.6786,test,normal
888,夜宵,3,69,不差钱,一般,阴,家人,想健康,不吃辣,,24,菌汤火锅,火锅麻辣烫,1,chosen,0.68,0.6804,test,normal
888,夜宵,3,69,不差钱,一般,阴,家人,想健康,不吃辣,,20,清汤火锅,火锅麻辣烫,0,considered,0.6702,0.6789,test,normal
888,夜宵,3,69,不差钱,一般,阴,家人,想健康,不吃辣,,22,关东煮,火锅麻辣烫,0,considered,0.4323,0.4887,test,normal
889,午餐,3,83,不差钱,压力大,冷,朋友,严格控制,微辣,,24,菌汤火锅,火锅麻辣烫,1,chosen,0.7533,0.7243,train,normal
889,午餐,3,83,不差钱,压力大,冷,朋友,严格控制,微辣,,24,菌汤火锅,火锅麻辣烫,1,chosen,0.7533,0.7934,train,normal
889,午餐,3,83,不差钱,压力大,冷,朋友,严格控制,微辣,,24,菌汤火锅,火锅麻辣烫,1,chosen,0.7533,0.7569,train,normal
890,夜宵,1,28,省着点,开心,热,朋友,想健康,重辣,素食,30,铁板豆腐,烧烤小吃,1,chosen,0.6881,0.6585,train,normal
890,夜宵,1,28,省着点,开心,热,朋友,想健康,重辣,素食,30,铁板豆腐,烧烤小吃,1,chosen,0.6881,0.7078,train,normal
890,夜宵,1,28,省着点,开心,热,朋友,想健康,重辣,素食,30,铁板豆腐,烧烤小吃,1,chosen,0.6881,0.6937,train,normal
891,晚餐,2,30,正常,开心,阴,同事,随便,中辣,,26,烤鸡翅,烧烤小吃,1,chosen,0.545,0.4898,test,normal
891,晚餐,2,30,正常,开心,阴,同事,随便,中辣,,26,烤鸡翅,烧烤小吃,1,chosen,0.545,0.5476,test,normal
891,晚餐,2,30,正常,开心,阴,同事,随便,中辣,,26,烤鸡翅,烧烤小吃,1,chosen,0.545,0.5644,test,normal
892,晚餐,3,100,正常,疲惫,阴,朋友,随便,不吃辣,素食,40,奶油蘑菇汤+面包,西式简餐,1,chosen,0.6317,0.6245,train,normal
892,晚餐,3,100,正常,疲惫,阴,朋友,随便,不吃辣,素食,9,炸酱面,面食粉面,1,chosen,0.5989,0.6096,train,normal
892,晚餐,3,100,正常,疲惫,阴,朋友,随便,不吃辣,素食,40,奶油蘑菇汤+面包,西式简餐,1,chosen,0.6317,0.6603,train,normal
892,晚餐,3,100,正常,疲惫,阴,朋友,随便,不吃辣,素食,37,番茄肉酱意面,西式简餐,0,considered,0.6252,0.5675,train,normal
892,晚餐,3,100,正常,疲惫,阴,朋友,随便,不吃辣,素食,41,玛格丽特披萨,西式简餐,0,considered,0.5863,0.5719,train,normal
893,晚餐,1,83,省着点,一般,热,一个人,严格控制,中辣,,34,全麦鸡肉三明治,轻食健康,1,chosen,0.5132,0.5371,train,normal
893,晚餐,1,83,省着点,一般,热,一个人,严格控制,中辣,,34,全麦鸡肉三明治,轻食健康,1,chosen,0.5132,0.5183,train,normal
893,晚餐,1,83,省着点,一般,热,一个人,严格控制,中辣,,34,全麦鸡肉三明治,轻食健康,1,chosen,0.5132,0.4981,train,normal
894,午餐,2,53,正常,开心,晴,约会,不关心,重辣,,19,麻辣烫,火锅麻辣烫,1,chosen,0.6362,0.6305,val,normal
894,午餐,2,53,正常,开心,晴,约会,不关心,重辣,,13,麻婆豆腐+米饭,家常炒菜,1,chosen,0.6291,0.6624,val,normal
894,午餐,2,53,正常,开心,晴,约会,不关心,重辣,,19,麻辣烫,火锅麻辣烫,1,chosen,0.6362,0.6514,val,normal
894,午餐,2,53,正常,开心,晴,约会,不关心,重辣,,23,冒菜,火锅麻辣烫,0,considered,0.6023,0.604,val,normal
894,午餐,2,53,正常,开心,晴,约会,不关心,重辣,,24,菌汤火锅,火锅麻辣烫,0,considered,0.5127,0.5447,val,normal
895,午餐,2,44,想吃好点,压力大,冷,同事,随便,中辣,乳制品,25,烤羊肉串,烧烤小吃,1,chosen,0.5953,0.6086,train,normal
895,午餐,2,44,想吃好点,压力大,冷,同事,随便,中辣,乳制品,15,宫保鸡丁+米饭,家常炒菜,1,chosen,0.6227,0.5875,train,normal
895,午餐,2,44,想吃好点,压力大,冷,同事,随便,中辣,乳制品,15,宫保鸡丁+米饭,家常炒菜,1,chosen,0.6227,0.5248,train,normal
895,午餐,2,44,想吃好点,压力大,冷,同事,随便,中辣,乳制品,12,西红柿炒蛋+米饭,家常炒菜,0,considered,0.5928,0.6055,train,normal
895,午餐,2,44,想吃好点,压力大,冷,同事,随便,中辣,乳制品,17,蒜蓉西兰花+米饭,家常炒菜,0,considered,0.5882,0.5921,train,normal
896,午餐,3,86,想吃好点,兴奋,晴,同事,随便,中辣,,15,宫保鸡丁+米饭,家常炒菜,1,chosen,0.5654,0.5995,train,normal
896,午餐,3,86,想吃好点,兴奋,晴,同事,随便,中辣,,15,宫保鸡丁+米饭,家常炒菜,1,chosen,0.5654,0.5918,train,normal
896,午餐,3,86,想吃好点,兴奋,晴,同事,随便,中辣,,15,宫保鸡丁+米饭,家常炒菜,1,chosen,0.5654,0.603,train,normal
896,午餐,3,86,想吃好点,兴奋,晴,同事,随便,中辣,,18,地三鲜+米饭,家常炒菜,0,considered,0.5232,0.5545,train,normal
896,午餐,3,86,想吃好点,兴奋,晴,同事,随便,中辣,,12,西红柿炒蛋+米饭,家常炒菜,0,considered,0.5054,0.5022,train,normal
897,午餐,2,67,省着点,开心,冷,同事,随便,中辣,,11,云南小锅米线,面食粉面,1,chosen,0.5611,0.538,val,normal
897,午餐,2,67,省着点,开心,冷,同事,随便,中辣,,11,云南小锅米线,面食粉面,1,chosen,0.5611,0.6918,val,normal
897,午餐,2,67,省着点,开心,冷,同事,随便,中辣,,11,云南小锅米线,面食粉面,1,chosen,0.5611,0.6542,val,normal
898,午餐,2,113,省着点,一般,阴,家人,想健康,中辣,,6,兰州牛肉面,面食粉面,1,chosen,0.5728,0.5513,train,normal
898,午餐,2,113,省着点,一般,阴,家人,想健康,中辣,,11,云南小锅米线,面食粉面,1,chosen,0.5834,0.5763,train,normal
898,午餐,2,113,省着点,一般,阴,家人,想健康,中辣,,11,云南小锅米线,面食粉面,1,chosen,0.5834,0.5691,train,normal
899,早餐,4,35,正常,一般,晴,朋友,不关心,微辣,,45,杂粮煎饼果子,早餐粥点,1,chosen,0.5938,0.5894,train,normal
899,早餐,4,35,正常,一般,晴,朋友,不关心,微辣,,45,杂粮煎饼果子,早餐粥点,1,chosen,0.5938,0.6201,train,normal
899,早餐,4,35,正常,一般,晴,朋友,不关心,微辣,,45,杂粮煎饼果子,早餐粥点,1,chosen,0.5938,0.608,train,normal
900,晚餐,3,58,不差钱,一般,阴,家人,不关心,微辣,海鲜,24,菌汤火锅,火锅麻辣烫,1,chosen,0.5978,0.6137,train,normal
900,晚餐,3,58,不差钱,一般,阴,家人,不关心,微辣,海鲜,24,菌汤火锅,火锅麻辣烫,1,chosen,0.5978,0.5614,train,normal
900,晚餐,3,58,不差钱,一般,阴,家人,不关心,微辣,海鲜,24,菌汤火锅,火锅麻辣烫,1,chosen,0.5978,0.5799,train,normal
900,晚餐,3,58,不差钱,一般,阴,家人,不关心,微辣,海鲜,20,清汤火锅,火锅麻辣烫,0,considered,0.5543,0.5414,train,normal
900,晚餐,3,58,不差钱,一般,阴,家人,不关心,微辣,海鲜,19,麻辣烫,火锅麻辣烫,0,considered,0.4076,0.3778,train,normal
901,晚餐,2,67,不差钱,低落,晴,一个人,严格控制,中辣,素食,24,菌汤火锅,火锅麻辣烫,1,chosen,0.5716,0.58,val,normal
901,晚餐,2,67,不差钱,低落,晴,一个人,严格控制,中辣,素食,24,菌汤火锅,火锅麻辣烫,1,chosen,0.5716,0.5572,val,normal
901,晚餐,2,67,不差钱,低落,晴,一个人,严格控制,中辣,素食,12,西红柿炒蛋+米饭,家常炒菜,1,chosen,0.5323,0.5984,val,normal
902,午餐,3,30,想吃好点,开心,晴,同事,随便,微辣,,40,奶油蘑菇汤+面包,西式简餐,1,chosen,0.5507,0.5406,val,normal
902,午餐,3,30,想吃好点,开心,晴,同事,随便,微辣,,40,奶油蘑菇汤+面包,西式简餐,1,chosen,0.5507,0.542,val,normal
902,午餐,3,30,想吃好点,开心,晴,同事,随便,微辣,,37,番茄肉酱意面,西式简餐,1,chosen,0.5312,0.5694,val,normal
902,午餐,3,30,想吃好点,开心,晴,同事,随便,微辣,,42,烤鸡胸配土豆泥,西式简餐,0,considered,0.5412,0.5088,val,normal
902,午餐,3,30,想吃好点,开心,晴,同事,随便,微辣,,37,番茄肉酱意面,西式简餐,0,considered,0.5312,0.5138,val,normal
903,晚餐,4,89,正常,疲惫,阴,朋友,不关心,微辣,"海鲜,乳制品",18,地三鲜+米饭,家常炒菜,1,chosen,0.6496,0.6559,test,normal
903,晚餐,4,89,正常,疲惫,阴,朋友,不关心,微辣,"海鲜,乳制品",18,地三鲜+米饭,家常炒菜,1,chosen,0.6496,0.7094,test,normal
903,晚餐,4,89,正常,疲惫,阴,朋友,不关心,微辣,"海鲜,乳制品",2,青椒肉丝盖饭,中式快餐盖饭,1,chosen,0.6285,0.6635,test,normal
903,晚餐,4,89,正常,疲惫,阴,朋友,不关心,微辣,"海鲜,乳制品",15,宫保鸡丁+米饭,家常炒菜,0,considered,0.5832,0.6384,test,normal
903,晚餐,4,89,正常,疲惫,阴,朋友,不关心,微辣,"海鲜,乳制品",16,红烧肉+米饭,家常炒菜,0,considered,0.5456,0.5192,test,normal
904,夜宵,3,28,正常,一般,阴,一个人,随便,微辣,,22,关东煮,火锅麻辣烫,1,chosen,0.4911,0.4896,train,normal
904,夜宵,3,28,正常,一般,阴,一个人,随便,微辣,,28,烤冷面,烧烤小吃,1,chosen,0.5638,0.5396,train,normal
904,夜宵,3,28,正常,一般,阴,一个人,随便,微辣,,28,烤冷面,烧烤小吃,1,chosen,0.5638,0.5735,train,normal
905,夜宵,4,79,省着点,兴奋,雨,同事,想健康,中辣,麸质,11,云南小锅米线,面食粉面,1,chosen,0.6648,0.675,train,normal
905,夜宵,4,79,省着点,兴奋,雨,同事,想健康,中辣,麸质,11,云南小锅米线,面食粉面,1,chosen,0.6648,0.6343,train,normal
905,夜宵,4,79,省着点,兴奋,雨,同事,想健康,中辣,麸质,6,兰州牛肉面,面食粉面,1,chosen,0.6636,0.6948,train,normal
906,夜宵,4,57,不差钱,低落,晴,家人,不关心,微辣,,24,菌汤火锅,火锅麻辣烫,1,chosen,0.6477,0.644,train,normal
906,夜宵,4,57,不差钱,低落,晴,家人,不关心,微辣,,20,清汤火锅,火锅麻辣烫,1,chosen,0.6022,0.6295,train,normal
906,夜宵,4,57,不差钱,低落,晴,家人,不关心,微辣,,24,菌汤火锅,火锅麻辣烫,1,chosen,0.6477,0.6571,train,normal
906,夜宵,4,57,不差钱,低落,晴,家人,不关心,微辣,,20,清汤火锅,火锅麻辣烫,0,considered,0.6022,0.574,train,normal
906,夜宵,4,57,不差钱,低落,晴,家人,不关心,微辣,,19,麻辣烫,火锅麻辣烫,0,considered,0.4928,0.4521,train,normal
907,午餐,4,41,省着点,一般,冷,家人,不关心,微辣,海鲜,2,青椒肉丝盖饭,中式快餐盖饭,1,chosen,0.6144,0.5922,val,normal
907,午餐,4,41,省着点,一般,冷,家人,不关心,微辣,海鲜,2,青椒肉丝盖饭,中式快餐盖饭,1,chosen,0.6144,0.6488,val,normal
907,午餐,4,41,省着点,一般,冷,家人,不关心,微辣,海鲜,2,青椒肉丝盖饭,中式快餐盖饭,1,chosen,0.6144,0.5814,val,normal
907,午餐,4,41,省着点,一般,冷,家人,不关心,微辣,海鲜,3,台式卤肉饭,中式快餐盖饭,0,considered,0.5925,0.5842,val,normal
907,午餐,4,41,省着点,一般,冷,家人,不关心,微辣,海鲜,1,黄焖鸡米饭,中式快餐盖饭,0,considered,0.5911,0.551,val,normal
908,晚餐,2,41,想吃好点,低落,雨,一个人,想健康,重辣,麸质,13,麻婆豆腐+米饭,家常炒菜,1,chosen,0.64,0.643,train,normal
908,晚餐,2,41,想吃好点,低落,雨,一个人,想健康,重辣,麸质,13,麻婆豆腐+米饭,家常炒菜,1,chosen,0.64,0.6328,train,normal
908,晚餐,2,41,想吃好点,低落,雨,一个人,想健康,重辣,麸质,13,麻婆豆腐+米饭,家常炒菜,1,chosen,0.64,0.6105,train,normal
908,晚餐,2,41,想吃好点,低落,雨,一个人,想健康,重辣,麸质,15,宫保鸡丁+米饭,家常炒菜,0,considered,0.6197,0.6055,train,normal
908,晚餐,2,41,想吃好点,低落,雨,一个人,想健康,重辣,麸质,12,西红柿炒蛋+米饭,家常炒菜,0,considered,0.5591,0.5468,train,normal
909,夜宵,1,54,省着点,一般,阴,一个人,不关心,不吃辣,,8,番茄鸡蛋面,面食粉面,1,chosen,0.4951,0.4529,train,normal
909,夜宵,1,54,省着点,一般,阴,一个人,不关心,不吃辣,,8,番茄鸡蛋面,面食粉面,1,chosen,0.4951,0.4669,train,normal
909,夜宵,1,54,省着点,一般,阴,一个人,不关心,不吃辣,,28,烤冷面,烧烤小吃,1,chosen,0.4407,0.3458,train,normal
909,夜宵,1,54,省着点,一般,阴,一个人,不关心,不吃辣,,9,炸酱面,面食粉面,0,considered,0.4049,0.4209,train,normal
909,夜宵,1,54,省着点,一般,阴,一个人,不关心,不吃辣,,6,兰州牛肉面,面食粉面,0,considered,0.3778,0.3768,train,normal
910,夜宵,3,50,正常,兴奋,雨,朋友,不关心,中辣,海鲜,26,烤鸡翅,烧烤小吃,1,chosen,0.7372,0.8224,test,normal
910,夜宵,3,50,正常,兴奋,雨,朋友,不关心,中辣,海鲜,27,烤茄子,烧烤小吃,1,chosen,0.6975,0.7325,test,normal
910,夜宵,3,50,正常,兴奋,雨,朋友,不关心,中辣,海鲜,26,烤鸡翅,烧烤小吃,1,chosen,0.7372,0.6673,test,normal
911,午餐,2,33,不差钱,压力大,晴,同事,想健康,不吃辣,"海鲜,乳制品",42,烤鸡胸配土豆泥,西式简餐,1,chosen,0.5812,0.6104,train,normal
911,午餐,2,33,不差钱,压力大,晴,同事,想健康,不吃辣,"海鲜,乳制品",42,烤鸡胸配土豆泥,西式简餐,1,chosen,0.5812,0.6523,train,normal
911,午餐,2,33,不差钱,压力大,晴,同事,想健康,不吃辣,"海鲜,乳制品",42,烤鸡胸配土豆泥,西式简餐,1,chosen,0.5812,0.5912,train,normal
912,晚餐,2,38,正常,疲惫,阴,同事,随便,重辣,,19,麻辣烫,火锅麻辣烫,1,chosen,0.5879,0.5906,val,normal
912,晚餐,2,38,正常,疲惫,阴,同事,随便,重辣,,19,麻辣烫,火锅麻辣烫,1,chosen,0.5879,0.5731,val,normal
912,晚餐,2,38,正常,疲惫,阴,同事,随便,重辣,,19,麻辣烫,火锅麻辣烫,1,chosen,0.5879,0.5583,val,normal
913,夜宵,3,45,正常,低落,晴,一个人,想健康,不吃辣,素食,8,番茄鸡蛋面,面食粉面,1,chosen,0.5677,0.6495,val,normal
913,夜宵,3,45,正常,低落,晴,一个人,想健康,不吃辣,素食,17,蒜蓉西兰花+米饭,家常炒菜,1,chosen,0.5137,0.4957,val,normal
913,夜宵,3,45,正常,低落,晴,一个人,想健康,不吃辣,素食,8,番茄鸡蛋面,面食粉面,1,chosen,0.5677,0.5809,val,normal
914,晚餐,4,39,想吃好点,开心,晴,朋友,想健康,微辣,,2,青椒肉丝盖饭,中式快餐盖饭,1,chosen,0.6181,0.6119,train,normal
914,晚餐,4,39,想吃好点,开心,晴,朋友,想健康,微辣,,42,烤鸡胸配土豆泥,西式简餐,1,chosen,0.6409,0.6217,train,normal
914,晚餐,4,39,想吃好点,开心,晴,朋友,想健康,微辣,,42,烤鸡胸配土豆泥,西式简餐,1,chosen,0.6409,0.5703,train,normal
915,早餐,2,44,不差钱,一般,雨,一个人,不关心,中辣,海鲜,46,燕麦牛奶粥,早餐粥点,1,chosen,0.5877,0.5482,train,normal
915,早餐,2,44,不差钱,一般,雨,一个人,不关心,中辣,海鲜,46,燕麦牛奶粥,早餐粥点,1,chosen,0.5877,0.6154,train,normal
915,早餐,2,44,不差钱,一般,雨,一个人,不关心,中辣,海鲜,46,燕麦牛奶粥,早餐粥点,1,chosen,0.5877,0.6422,train,normal
915,早餐,2,44,不差钱,一般,雨,一个人,不关心,中辣,海鲜,44,小笼包+豆浆,早餐粥点,0,considered,0.5798,0.5036,train,normal
915,早餐,2,44,不差钱,一般,雨,一个人,不关心,中辣,海鲜,43,皮蛋瘦肉粥+油条,早餐粥点,0,considered,0.5777,0.6094,train,normal
916,午餐,2,64,正常,开心,雨,一个人,想健康,中辣,素食,11,云南小锅米线,面食粉面,1,chosen,0.5681,0.5691,train,normal
916,午餐,2,64,正常,开心,雨,一个人,想健康,中辣,素食,11,云南小锅米线,面食粉面,1,chosen,0.5681,0.519,train,normal
916,午餐,2,64,正常,开心,雨,一个人,想健康,中辣,素食,11,云南小锅米线,面食粉面,1,chosen,0.5681,0.5825,train,normal
916,午餐,2,64,正常,开心,雨,一个人,想健康,中辣,素食,6,兰州牛肉面,面食粉面,0,considered,0.5602,0.5267,train,normal
916,午餐,2,64,正常,开心,雨,一个人,想健康,中辣,素食,9,炸酱面,面食粉面,0,considered,0.5289,0.573,train,normal
917,午餐,5,50,正常,压力大,晴,朋友,想健康,不吃辣,"海鲜,乳制品",42,烤鸡胸配土豆泥,西式简餐,1,chosen,0.6684,0.6944,train,normal
917,午餐,5,50,正常,压力大,晴,朋友,想健康,不吃辣,"海鲜,乳制品",37,番茄肉酱意面,西式简餐,1,chosen,0.6681,0.639,train,normal
917,午餐,5,50,正常,压力大,晴,朋友,想健康,不吃辣,"海鲜,乳制品",42,烤鸡胸配土豆泥,西式简餐,1,chosen,0.6684,0.7316,train,normal
917,午餐,5,50,正常,压力大,晴,朋友,想健康,不吃辣,"海鲜,乳制品",37,番茄肉酱意面,西式简餐,0,considered,0.6681,0.6725,train,normal
917,午餐,5,50,正常,压力大,晴,朋友,想健康,不吃辣,"海鲜,乳制品",38,香煎牛排,西式简餐,0,considered,0.5604,0.6096,train,normal
918,夜宵,4,64,不差钱,一般,阴,约会,不关心,不吃辣,,24,菌汤火锅,火锅麻辣烫,1,chosen,0.6548,0.6564,train,normal
918,夜宵,4,64,不差钱,一般,阴,约会,不关心,不吃辣,,24,菌汤火锅,火锅麻辣烫,1,chosen,0.6548,0.6301,train,normal
918,夜宵,4,64,不差钱,一般,阴,约会,不关心,不吃辣,,24,菌汤火锅,火锅麻辣烫,1,chosen,0.6548,0.5836,train,normal
919,午餐,2,94,正常,一般,阴,一个人,随便,微辣,,40,奶油蘑菇汤+面包,西式简餐,1,chosen,0.4691,0.4473,train,normal
919,午餐,2,94,正常,一般,阴,一个人,随便,微辣,,40,奶油蘑菇汤+面包,西式简餐,1,chosen,0.4691,0.4804,train,normal
919,午餐,2,94,正常,一般,阴,一个人,随便,微辣,,40,奶油蘑菇汤+面包,西式简餐,1,chosen,0.4691,0.4133,train,normal
920,晚餐,2,15,正常,开心,晴,一个人,想健康,微辣,"海鲜,乳制品",6,兰州牛肉面,面食粉面,1,chosen,0.5128,0.5551,train,normal
920,晚餐,2,15,正常,开心,晴,一个人,想健康,微辣,"海鲜,乳制品",6,兰州牛肉面,面食粉面,1,chosen,0.5128,0.4783,train,normal
920,晚餐,2,15,正常,开心,晴,一个人,想健康,微辣,"海鲜,乳制品",6,兰州牛肉面,面食粉面,1,chosen,0.5128,0.5266,train,normal
921,晚餐,3,37,省着点,一般,阴,约会,想健康,微辣,素食,6,兰州牛肉面,面食粉面,1,chosen,0.6237,0.6811,train,normal
921,晚餐,3,37,省着点,一般,阴,约会,想健康,微辣,素食,6,兰州牛肉面,面食粉面,1,chosen,0.6237,0.6135,train,normal
921,晚餐,3,37,省着点,一般,阴,约会,想健康,微辣,素食,6,兰州牛肉面,面食粉面,1,chosen,0.6237,0.6493,train,normal
922,晚餐,4,43,想吃好点,压力大,晴,同事,严格控制,不吃辣,,42,烤鸡胸配土豆泥,西式简餐,1,chosen,0.6231,0.6457,train,normal
922,晚餐,4,43,想吃好点,压力大,晴,同事,严格控制,不吃辣,,42,烤鸡胸配土豆泥,西式简餐,1,chosen,0.6231,0.6789,train,normal
922,晚餐,4,43,想吃好点,压力大,晴,同事,严格控制,不吃辣,,9,炸酱面,面食粉面,1,chosen,0.5923,0.6144,train,normal
923,午餐,3,34,想吃好点,疲惫,雨,家人,想健康,微辣,海鲜,42,烤鸡胸配土豆泥,西式简餐,1,chosen,0.7179,0.7048,train,normal
923,午餐,3,34,想吃好点,疲惫,雨,家人,想健康,微辣,海鲜,42,烤鸡胸配土豆泥,西式简餐,1,chosen,0.7179,0.6568,train,normal
923,午餐,3,34,想吃好点,疲惫,雨,家人,想健康,微辣,海鲜,42,烤鸡胸配土豆泥,西式简餐,1,chosen,0.7179,0.689,train,normal
924,午餐,2,19,正常,开心,冷,家人,不关心,中辣,,15,宫保鸡丁+米饭,家常炒菜,1,chosen,0.6112,0.6461,test,normal
924,午餐,2,19,正常,开心,冷,家人,不关心,中辣,,26,烤鸡翅,烧烤小吃,1,chosen,0.6347,0.6445,test,normal
924,午餐,2,19,正常,开心,冷,家人,不关心,中辣,,26,烤鸡翅,烧烤小吃,1,chosen,0.6347,0.5922,test,normal
925,晚餐,4,16,想吃好点,开心,雪,一个人,不关心,中辣,,26,烤鸡翅,烧烤小吃,1,chosen,0.6156,0.5945,test,snow
925,晚餐,4,16,想吃好点,开心,雪,一个人,不关心,中辣,,26,烤鸡翅,烧烤小吃,1,chosen,0.6156,0.6181,test,snow
925,晚餐,4,16,想吃好点,开心,雪,一个人,不关心,中辣,,26,烤鸡翅,烧烤小吃,1,chosen,0.6156,0.6247,test,snow
925,晚餐,4,16,想吃好点,开心,雪,一个人,不关心,中辣,,25,烤羊肉串,烧烤小吃,0,considered,0.6077,0.6777,test,snow
925,晚餐,4,16,想吃好点,开心,雪,一个人,不关心,中辣,,29,韩式炸鸡,烧烤小吃,0,considered,0.5365,0.5687,test,snow
926,夜宵,3,15,省着点,一般,晴,朋友,随便,微辣,乳制品,28,烤冷面,烧烤小吃,1,chosen,0.6243,0.6183,train,normal
926,夜宵,3,15,省着点,一般,晴,朋友,随便,微辣,乳制品,28,烤冷面,烧烤小吃,1,chosen,0.6243,0.6405,train,normal
926,夜宵,3,15,省着点,一般,晴,朋友,随便,微辣,乳制品,28,烤冷面,烧烤小吃,1,chosen,0.6243,0.5975,train,normal
927,晚餐,5,41,正常,压力大,雪,朋友,不关心,不吃辣,麸质,18,地三鲜+米饭,家常炒菜,1,chosen,0.7644,0.7421,test,snow
927,晚餐,5,41,正常,压力大,雪,朋友,不关心,不吃辣,麸质,0,番茄牛腩饭,中式快餐盖饭,1,chosen,0.7327,0.6841,test,snow
927,晚餐,5,41,正常,压力大,雪,朋友,不关心,不吃辣,麸质,18,地三鲜+米饭,家常炒菜,1,chosen,0.7644,0.759,test,snow
928,晚餐,3,69,正常,开心,热,一个人,随便,微辣,,9,炸酱面,面食粉面,1,chosen,0.5275,0.5171,train,normal
928,晚餐,3,69,正常,开心,热,一个人,随便,微辣,,9,炸酱面,面食粉面,1,chosen,0.5275,0.4938,train,normal
928,晚餐,3,69,正常,开心,热,一个人,随便,微辣,,9,炸酱面,面食粉面,1,chosen,0.5275,0.5684,train,normal
929,早餐,5,28,正常,开心,雨,朋友,不关心,微辣,素食,45,杂粮煎饼果子,早餐粥点,1,chosen,0.6526,0.6625,train,normal
929,早餐,5,28,正常,开心,雨,朋友,不关心,微辣,素食,45,杂粮煎饼果子,早餐粥点,1,chosen,0.6526,0.6443,train,normal
929,早餐,5,28,正常,开心,雨,朋友,不关心,微辣,素食,45,杂粮煎饼果子,早餐粥点,1,chosen,0.6526,0.6583,train,normal
930,夜宵,5,66,正常,疲惫,晴,朋友,想健康,微辣,素食,6,兰州牛肉面,面食粉面,1,chosen,0.6992,0.6881,train,normal
930,夜宵,5,66,正常,疲惫,晴,朋友,想健康,微辣,素食,6,兰州牛肉面,面食粉面,1,chosen,0.6992,0.7481,train,normal
930,夜宵,5,66,正常,疲惫,晴,朋友,想健康,微辣,素食,6,兰州牛肉面,面食粉面,1,chosen,0.6992,0.6879,train,normal
931,午餐,3,15,正常,疲惫,晴,一个人,不关心,重辣,海鲜,7,重庆小面,面食粉面,1,chosen,0.5504,0.5611,train,normal
931,午餐,3,15,正常,疲惫,晴,一个人,不关心,重辣,海鲜,11,云南小锅米线,面食粉面,1,chosen,0.5454,0.5206,train,normal
931,午餐,3,15,正常,疲惫,晴,一个人,不关心,重辣,海鲜,19,麻辣烫,火锅麻辣烫,1,chosen,0.5521,0.5671,train,normal
932,午餐,2,53,不差钱,疲惫,雨,一个人,想健康,微辣,,24,菌汤火锅,火锅麻辣烫,1,chosen,0.5998,0.6019,train,normal
932,午餐,2,53,不差钱,疲惫,雨,一个人,想健康,微辣,,24,菌汤火锅,火锅麻辣烫,1,chosen,0.5998,0.6119,train,normal
932,午餐,2,53,不差钱,疲惫,雨,一个人,想健康,微辣,,24,菌汤火锅,火锅麻辣烫,1,chosen,0.5998,0.6185,train,normal
933,晚餐,4,30,想吃好点,开心,阴,约会,不关心,微辣,,18,地三鲜+米饭,家常炒菜,1,chosen,0.6366,0.6079,train,normal
933,晚餐,4,30,想吃好点,开心,阴,约会,不关心,微辣,,18,地三鲜+米饭,家常炒菜,1,chosen,0.6366,0.674,train,normal
933,晚餐,4,30,想吃好点,开心,阴,约会,不关心,微辣,,18,地三鲜+米饭,家常炒菜,1,chosen,0.6366,0.6597,train,normal
933,晚餐,4,30,想吃好点,开心,阴,约会,不关心,微辣,,15,宫保鸡丁+米饭,家常炒菜,0,considered,0.5593,0.4979,train,normal
933,晚餐,4,30,想吃好点,开心,阴,约会,不关心,微辣,,12,西红柿炒蛋+米饭,家常炒菜,0,considered,0.5084,0.5358,train,normal
934,晚餐,2,48,想吃好点,开心,冷,约会,想健康,不吃辣,乳制品,42,烤鸡胸配土豆泥,西式简餐,1,chosen,0.6856,0.685,train,normal
934,晚餐,2,48,想吃好点,开心,冷,约会,想健康,不吃辣,乳制品,42,烤鸡胸配土豆泥,西式简餐,1,chosen,0.6856,0.7051,train,normal
934,晚餐,2,48,想吃好点,开心,冷,约会,想健康,不吃辣,乳制品,42,烤鸡胸配土豆泥,西式简餐,1,chosen,0.6856,0.6346,train,normal
935,早餐,4,26,省着点,疲惫,雪,家人,不关心,中辣,,45,杂粮煎饼果子,早餐粥点,1,chosen,0.7658,0.7917,test,snow
935,早餐,4,26,省着点,疲惫,雪,家人,不关心,中辣,,45,杂粮煎饼果子,早餐粥点,1,chosen,0.7658,0.7599,test,snow
935,早餐,4,26,省着点,疲惫,雪,家人,不关心,中辣,,45,杂粮煎饼果子,早餐粥点,1,chosen,0.7658,0.7593,test,snow
936,夜宵,2,57,不差钱,开心,阴,同事,想健康,微辣,素食,8,番茄鸡蛋面,面食粉面,1,chosen,0.5824,0.6083,train,normal
936,夜宵,2,57,不差钱,开心,阴,同事,想健康,微辣,素食,24,菌汤火锅,火锅麻辣烫,1,chosen,0.5971,0.6321,train,normal
936,夜宵,2,57,不差钱,开心,阴,同事,想健康,微辣,素食,20,清汤火锅,火锅麻辣烫,1,chosen,0.5755,0.5975,train,normal
936,夜宵,2,57,不差钱,开心,阴,同事,想健康,微辣,素食,20,清汤火锅,火锅麻辣烫,0,considered,0.5755,0.5636,train,normal
936,夜宵,2,57,不差钱,开心,阴,同事,想健康,微辣,素食,22,关东煮,火锅麻辣烫,0,considered,0.5518,0.5092,train,normal
937,下午加餐,2,32,正常,开心,雪,朋友,严格控制,重辣,乳制品,34,全麦鸡肉三明治,轻食健康,1,chosen,0.7696,0.7173,test,snow
937,下午加餐,2,32,正常,开心,雪,朋友,严格控制,重辣,乳制品,34,全麦鸡肉三明治,轻食健康,1,chosen,0.7696,0.8084,test,snow
937,下午加餐,2,32,正常,开心,雪,朋友,严格控制,重辣,乳制品,33,三文鱼沙拉,轻食健康,1,chosen,0.7301,0.7821,test,snow
938,夜宵,2,22,想吃好点,低落,热,家人,不关心,不吃辣,"海鲜,乳制品",8,番茄鸡蛋面,面食粉面,1,chosen,0.5733,0.5257,train,normal
938,夜宵,2,22,想吃好点,低落,热,家人,不关心,不吃辣,"海鲜,乳制品",8,番茄鸡蛋面,面食粉面,1,chosen,0.5733,0.607,train,normal
938,夜宵,2,22,想吃好点,低落,热,家人,不关心,不吃辣,"海鲜,乳制品",8,番茄鸡蛋面,面食粉面,1,chosen,0.5733,0.5877,train,normal
938,夜宵,2,22,想吃好点,低落,热,家人,不关心,不吃辣,"海鲜,乳制品",9,炸酱面,面食粉面,0,considered,0.5665,0.5989,train,normal
938,夜宵,2,22,想吃好点,低落,热,家人,不关心,不吃辣,"海鲜,乳制品",6,兰州牛肉面,面食粉面,0,considered,0.5148,0.4873,train,normal
939,午餐,4,34,不差钱,开心,晴,家人,不关心,不吃辣,,38,香煎牛排,西式简餐,1,chosen,0.5998,0.6576,val,normal
939,午餐,4,34,不差钱,开心,晴,家人,不关心,不吃辣,,38,香煎牛排,西式简餐,1,chosen,0.5998,0.5871,val,normal
939,午餐,4,34,不差钱,开心,晴,家人,不关心,不吃辣,,38,香煎牛排,西式简餐,1,chosen,0.5998,0.5629,val,normal
940,晚餐,5,46,想吃好点,一般,晴,朋友,严格控制,微辣,,42,烤鸡胸配土豆泥,西式简餐,1,chosen,0.6356,0.5712,train,normal
940,晚餐,5,46,想吃好点,一般,晴,朋友,严格控制,微辣,,42,烤鸡胸配土豆泥,西式简餐,1,chosen,0.6356,0.6833,train,normal
940,晚餐,5,46,想吃好点,一般,晴,朋友,严格控制,微辣,,42,烤鸡胸配土豆泥,西式简餐,1,chosen,0.6356,0.6325,train,normal
941,晚餐,4,37,想吃好点,疲惫,冷,一个人,想健康,不吃辣,,42,烤鸡胸配土豆泥,西式简餐,1,chosen,0.6317,0.6091,val,normal
941,晚餐,4,37,想吃好点,疲惫,冷,一个人,想健康,不吃辣,,42,烤鸡胸配土豆泥,西式简餐,1,chosen,0.6317,0.6259,val,normal
941,晚餐,4,37,想吃好点,疲惫,冷,一个人,想健康,不吃辣,,42,烤鸡胸配土豆泥,西式简餐,1,chosen,0.6317,0.6482,val,normal
941,晚餐,4,37,想吃好点,疲惫,冷,一个人,想健康,不吃辣,,37,番茄肉酱意面,西式简餐,0,considered,0.6256,0.6164,val,normal
941,晚餐,4,37,想吃好点,疲惫,冷,一个人,想健康,不吃辣,,40,奶油蘑菇汤+面包,西式简餐,0,considered,0.6219,0.6196,val,normal
942,夜宵,4,92,正常,低落,冷,一个人,严格控制,微辣,麸质,6,兰州牛肉面,面食粉面,1,chosen,0.6531,0.6514,train,normal
942,夜宵,4,92,正常,低落,冷,一个人,严格控制,微辣,麸质,6,兰州牛肉面,面食粉面,1,chosen,0.6531,0.6837,train,normal
942,夜宵,4,92,正常,低落,冷,一个人,严格控制,微辣,麸质,6,兰州牛肉面,面食粉面,1,chosen,0.6531,0.6679,train,normal
943,晚餐,3,44,省着点,开心,冷,约会,不关心,微辣,,6,兰州牛肉面,面食粉面,1,chosen,0.6441,0.61,train,normal
943,晚餐,3,44,省着点,开心,冷,约会,不关心,微辣,,6,兰州牛肉面,面食粉面,1,chosen,0.6441,0.6612,train,normal
943,晚餐,3,44,省着点,开心,冷,约会,不关心,微辣,,6,兰州牛肉面,面食粉面,1,chosen,0.6441,0.6323,train,normal
943,晚餐,3,44,省着点,开心,冷,约会,不关心,微辣,,9,炸酱面,面食粉面,0,considered,0.5744,0.5658,train,normal
943,晚餐,3,44,省着点,开心,冷,约会,不关心,微辣,,11,云南小锅米线,面食粉面,0,considered,0.5617,0.5422,train,normal
944,晚餐,5,51,正常,兴奋,热,一个人,不关心,微辣,乳制品,9,炸酱面,面食粉面,1,chosen,0.5385,0.5079,test,normal
944,晚餐,5,51,正常,兴奋,热,一个人,不关心,微辣,乳制品,37,番茄肉酱意面,西式简餐,1,chosen,0.5098,0.5185,test,normal
944,晚餐,5,51,正常,兴奋,热,一个人,不关心,微辣,乳制品,9,炸酱面,面食粉面,1,chosen,0.5385,0.5448,test,normal
945,夜宵,3,66,省着点,低落,冷,同事,想健康,微辣,,6,兰州牛肉面,面食粉面,1,chosen,0.685,0.7188,train,normal
945,夜宵,3,66,省着点,低落,冷,同事,想健康,微辣,,2,青椒肉丝盖饭,中式快餐盖饭,1,chosen,0.6307,0.5451,train,normal
945,夜宵,3,66,省着点,低落,冷,同事,想健康,微辣,,6,兰州牛肉面,面食粉面,1,chosen,0.685,0.6283,train,normal
945,夜宵,3,66,省着点,低落,冷,同事,想健康,微辣,,8,番茄鸡蛋面,面食粉面,0,considered,0.6617,0.6525,train,normal
945,夜宵,3,66,省着点,低落,冷,同事,想健康,微辣,,11,云南小锅米线,面食粉面,0,considered,0.6043,0.5792,train,normal
946,夜宵,3,76,不差钱,一般,热,家人,严格控制,微辣,乳制品,24,菌汤火锅,火锅麻辣烫,1,chosen,0.7021,0.7086,train,normal
946,夜宵,3,76,不差钱,一般,热,家人,严格控制,微辣,乳制品,24,菌汤火锅,火锅麻辣烫,1,chosen,0.7021,0.755,train,normal
946,夜宵,3,76,不差钱,一般,热,家人,严格控制,微辣,乳制品,8,番茄鸡蛋面,面食粉面,1,chosen,0.6216,0.5704,train,normal
947,夜宵,2,41,想吃好点,一般,冷,同事,不关心,微辣,,28,烤冷面,烧烤小吃,1,chosen,0.6316,0.6509,train,normal
947,夜宵,2,41,想吃好点,一般,冷,同事,不关心,微辣,,28,烤冷面,烧烤小吃,1,chosen,0.6316,0.6895,train,normal
947,夜宵,2,41,想吃好点,一般,冷,同事,不关心,微辣,,28,烤冷面,烧烤小吃,1,chosen,0.6316,0.6028,train,normal
948,早餐,4,105,省着点,压力大,雨,一个人,随便,不吃辣,,43,皮蛋瘦肉粥+油条,早餐粥点,1,chosen,0.6363,0.6327,train,normal
948,早餐,4,105,省着点,压力大,雨,一个人,随便,不吃辣,,43,皮蛋瘦肉粥+油条,早餐粥点,1,chosen,0.6363,0.5795,train,normal
948,早餐,4,105,省着点,压力大,雨,一个人,随便,不吃辣,,9,炸酱面,面食粉面,1,chosen,0.5479,0.5926,train,normal
949,午餐,5,52,正常,一般,晴,一个人,严格控制,微辣,,2,青椒肉丝盖饭,中式快餐盖饭,1,chosen,0.5346,0.5517,train,normal
949,午餐,5,52,正常,一般,晴,一个人,严格控制,微辣,,2,青椒肉丝盖饭,中式快餐盖饭,1,chosen,0.5346,0.5341,train,normal
949,午餐,5,52,正常,一般,晴,一个人,严格控制,微辣,,2,青椒肉丝盖饭,中式快餐盖饭,1,chosen,0.5346,0.437,train,normal
950,早餐,5,18,不差钱,低落,雨,一个人,随便,微辣,素食,45,杂粮煎饼果子,早餐粥点,1,chosen,0.5728,0.5329,train,normal
950,早餐,5,18,不差钱,低落,雨,一个人,随便,微辣,素食,45,杂粮煎饼果子,早餐粥点,1,chosen,0.5728,0.5655,train,normal
950,早餐,5,18,不差钱,低落,雨,一个人,随便,微辣,素食,43,皮蛋瘦肉粥+油条,早餐粥点,1,chosen,0.5635,0.5468,train,normal
950,早餐,5,18,不差钱,低落,雨,一个人,随便,微辣,素食,44,小笼包+豆浆,早餐粥点,0,considered,0.5656,0.5677,train,normal
950,早餐,5,18,不差钱,低落,雨,一个人,随便,微辣,素食,43,皮蛋瘦肉粥+油条,早餐粥点,0,considered,0.5635,0.5221,train,normal
951,晚餐,3,55,不差钱,压力大,热,朋友,想健康,微辣,海鲜,24,菌汤火锅,火锅麻辣烫,1,chosen,0.6893,0.7115,test,normal
951,晚餐,3,55,不差钱,压力大,热,朋友,想健康,微辣,海鲜,24,菌汤火锅,火锅麻辣烫,1,chosen,0.6893,0.6699,test,normal
951,晚餐,3,55,不差钱,压力大,热,朋友,想健康,微辣,海鲜,24,菌汤火锅,火锅麻辣烫,1,chosen,0.6893,0.7182,test,normal
952,早餐,4,31,想吃好点,开心,晴,一个人,严格控制,微辣,海鲜,46,燕麦牛奶粥,早餐粥点,1,chosen,0.5934,0.5596,train,normal
952,早餐,4,31,想吃好点,开心,晴,一个人,严格控制,微辣,海鲜,46,燕麦牛奶粥,早餐粥点,1,chosen,0.5934,0.6458,train,normal
952,早餐,4,31,想吃好点,开心,晴,一个人,严格控制,微辣,海鲜,46,燕麦牛奶粥,早餐粥点,1,chosen,0.5934,0.6039,train,normal
952,早餐,4,31,想吃好点,开心,晴,一个人,严格控制,微辣,海鲜,44,小笼包+豆浆,早餐粥点,0,considered,0.5843,0.4966,train,normal
952,早餐,4,31,想吃好点,开心,晴,一个人,严格控制,微辣,海鲜,43,皮蛋瘦肉粥+油条,早餐粥点,0,considered,0.5809,0.5783,train,normal
953,晚餐,5,27,想吃好点,一般,雨,家人,严格控制,重辣,,13,麻婆豆腐+米饭,家常炒菜,1,chosen,0.7114,0.7541,train,normal
953,晚餐,5,27,想吃好点,一般,雨,家人,严格控制,重辣,,13,麻婆豆腐+米饭,家常炒菜,1,chosen,0.7114,0.6931,train,normal
953,晚餐,5,27,想吃好点,一般,雨,家人,严格控制,重辣,,13,麻婆豆腐+米饭,家常炒菜,1,chosen,0.7114,0.71,train,normal
954,晚餐,3,75,省着点,开心,晴,朋友,不关心,微辣,乳制品,6,兰州牛肉面,面食粉面,1,chosen,0.5777,0.5874,train,normal
954,晚餐,3,75,省着点,开心,晴,朋友,不关心,微辣,乳制品,6,兰州牛肉面,面食粉面,1,chosen,0.5777,0.578,train,normal
954,晚餐,3,75,省着点,开心,晴,朋友,不关心,微辣,乳制品,6,兰州牛肉面,面食粉面,1,chosen,0.5777,0.5662,train,normal
955,下午加餐,4,39,正常,一般,雪,朋友,想健康,不吃辣,,34,全麦鸡肉三明治,轻食健康,1,chosen,0.6929,0.6659,test,snow
955,下午加餐,4,39,正常,一般,雪,朋友,想健康,不吃辣,,34,全麦鸡肉三明治,轻食健康,1,chosen,0.6929,0.7001,test,snow
955,下午加餐,4,39,正常,一般,雪,朋友,想健康,不吃辣,,34,全麦鸡肉三明治,轻食健康,1,chosen,0.6929,0.7173,test,snow
955,下午加餐,4,39,正常,一般,雪,朋友,想健康,不吃辣,,32,藜麦牛油果碗,轻食健康,0,considered,0.6708,0.6539,test,snow
955,下午加餐,4,39,正常,一般,雪,朋友,想健康,不吃辣,,36,希腊酸奶坚果碗,轻食健康,0,considered,0.6608,0.603,test,snow
956,早餐,4,32,正常,开心,热,朋友,不关心,中辣,,11,云南小锅米线,面食粉面,1,chosen,0.6232,0.6535,train,normal
956,早餐,4,32,正常,开心,热,朋友,不关心,中辣,,11,云南小锅米线,面食粉面,1,chosen,0.6232,0.6849,train,normal
956,早餐,4,32,正常,开心,热,朋友,不关心,中辣,,11,云南小锅米线,面食粉面,1,chosen,0.6232,0.5962,train,normal
957,下午加餐,4,29,正常,一般,雨,家人,不关心,不吃辣,,35,水煮时蔬+溏心蛋,轻食健康,1,chosen,0.5594,0.5782,train,normal
957,下午加餐,4,29,正常,一般,雨,家人,不关心,不吃辣,,34,全麦鸡肉三明治,轻食健康,1,chosen,0.6214,0.5485,train,normal
957,下午加餐,4,29,正常,一般,雨,家人,不关心,不吃辣,,34,全麦鸡肉三明治,轻食健康,1,chosen,0.6214,0.6357,train,normal
958,早餐,3,36,省着点,一般,雨,一个人,不关心,中辣,,46,燕麦牛奶粥,早餐粥点,1,chosen,0.6215,0.541,val,normal
958,早餐,3,36,省着点,一般,雨,一个人,不关心,中辣,,46,燕麦牛奶粥,早餐粥点,1,chosen,0.6215,0.612,val,normal
958,早餐,3,36,省着点,一般,雨,一个人,不关心,中辣,,46,燕麦牛奶粥,早餐粥点,1,chosen,0.6215,0.6265,val,normal
959,午餐,2,34,正常,一般,晴,家人,不关心,重辣,,19,麻辣烫,火锅麻辣烫,1,chosen,0.6011,0.5705,train,normal
959,午餐,2,34,正常,一般,晴,家人,不关心,重辣,,19,麻辣烫,火锅麻辣烫,1,chosen,0.6011,0.6215,train,normal
959,午餐,2,34,正常,一般,晴,家人,不关心,重辣,,19,麻辣烫,火锅麻辣烫,1,chosen,0.6011,0.5498,train,normal
959,午餐,2,34,正常,一般,晴,家人,不关心,重辣,,23,冒菜,火锅麻辣烫,0,considered,0.5672,0.5807,train,normal
959,午餐,2,34,正常,一般,晴,家人,不关心,重辣,,22,关东煮,火锅麻辣烫,0,considered,0.4242,0.417,train,normal
960,晚餐,1,19,省着点,疲惫,阴,一个人,严格控制,不吃辣,乳制品,12,西红柿炒蛋+米饭,家常炒菜,1,chosen,0.5241,0.5251,train,normal
960,晚餐,1,19,省着点,疲惫,阴,一个人,严格控制,不吃辣,乳制品,17,蒜蓉西兰花+米饭,家常炒菜,1,chosen,0.5433,0.6098,train,normal
960,晚餐,1,19,省着点,疲惫,阴,一个人,严格控制,不吃辣,乳制品,17,蒜蓉西兰花+米饭,家常炒菜,1,chosen,0.5433,0.5798,train,normal
960,晚餐,1,19,省着点,疲惫,阴,一个人,严格控制,不吃辣,乳制品,12,西红柿炒蛋+米饭,家常炒菜,0,considered,0.5241,0.5451,train,normal
960,晚餐,1,19,省着点,疲惫,阴,一个人,严格控制,不吃辣,乳制品,14,清蒸鲈鱼+米饭,家常炒菜,0,considered,0.4113,0.4198,train,normal
961,午餐,3,44,正常,一般,阴,朋友,不关心,微辣,"海鲜,乳制品",42,烤鸡胸配土豆泥,西式简餐,1,chosen,0.5811,0.58,val,normal
961,午餐,3,44,正常,一般,阴,朋友,不关心,微辣,"海鲜,乳制品",42,烤鸡胸配土豆泥,西式简餐,1,chosen,0.5811,0.6417,val,normal
961,午餐,3,44,正常,一般,阴,朋友,不关心,微辣,"海鲜,乳制品",42,烤鸡胸配土豆泥,西式简餐,1,chosen,0.5811,0.5857,val,normal
961,午餐,3,44,正常,一般,阴,朋友,不关心,微辣,"海鲜,乳制品",37,番茄肉酱意面,西式简餐,0,considered,0.5734,0.5623,val,normal
961,午餐,3,44,正常,一般,阴,朋友,不关心,微辣,"海鲜,乳制品",38,香煎牛排,西式简餐,0,considered,0.5015,0.5209,val,normal
962,早餐,4,15,想吃好点,低落,冷,家人,想健康,中辣,,11,云南小锅米线,面食粉面,1,chosen,0.7075,0.6915,train,normal
962,早餐,4,15,想吃好点,低落,冷,家人,想健康,中辣,,44,小笼包+豆浆,早餐粥点,1,chosen,0.6571,0.6484,train,normal
962,早餐,4,15,想吃好点,低落,冷,家人,想健康,中辣,,11,云南小锅米线,面食粉面,1,chosen,0.7075,0.6867,train,normal
963,夜宵,4,31,想吃好点,疲惫,晴,约会,想健康,不吃辣,海鲜,42,烤鸡胸配土豆泥,西式简餐,1,chosen,0.6818,0.6951,train,normal
963,夜宵,4,31,想吃好点,疲惫,晴,约会,想健康,不吃辣,海鲜,9,炸酱面,面食粉面,1,chosen,0.6297,0.6697,train,normal
963,夜宵,4,31,想吃好点,疲惫,晴,约会,想健康,不吃辣,海鲜,42,烤鸡胸配土豆泥,西式简餐,1,chosen,0.6818,0.6477,train,normal
964,早餐,2,69,正常,一般,雨,同事,想健康,重辣,,46,燕麦牛奶粥,早餐粥点,1,chosen,0.6987,0.7484,train,normal
964,早餐,2,69,正常,一般,雨,同事,想健康,重辣,,46,燕麦牛奶粥,早餐粥点,1,chosen,0.6987,0.7081,train,normal
964,早餐,2,69,正常,一般,雨,同事,想健康,重辣,,46,燕麦牛奶粥,早餐粥点,1,chosen,0.6987,0.6899,train,normal
965,午餐,3,15,想吃好点,低落,雪,同事,随便,重辣,,19,麻辣烫,火锅麻辣烫,1,chosen,0.7017,0.8023,test,snow
965,午餐,3,15,想吃好点,低落,雪,同事,随便,重辣,,19,麻辣烫,火锅麻辣烫,1,chosen,0.7017,0.7146,test,snow
965,午餐,3,15,想吃好点,低落,雪,同事,随便,重辣,,19,麻辣烫,火锅麻辣烫,1,chosen,0.7017,0.7291,test,snow
965,午餐,3,15,想吃好点,低落,雪,同事,随便,重辣,,23,冒菜,火锅麻辣烫,0,considered,0.6511,0.603,test,snow
965,午餐,3,15,想吃好点,低落,雪,同事,随便,重辣,,22,关东煮,火锅麻辣烫,0,considered,0.5636,0.5798,test,snow
966,夜宵,3,71,不差钱,一般,雨,同事,想健康,中辣,,26,烤鸡翅,烧烤小吃,1,chosen,0.6797,0.6791,train,normal
966,夜宵,3,71,不差钱,一般,雨,同事,想健康,中辣,,6,兰州牛肉面,面食粉面,1,chosen,0.6344,0.6008,train,normal
966,夜宵,3,71,不差钱,一般,雨,同事,想健康,中辣,,26,烤鸡翅,烧烤小吃,1,chosen,0.6797,0.7168,train,normal
967,晚餐,2,15,省着点,兴奋,晴,朋友,不关心,重辣,"海鲜,乳制品",7,重庆小面,面食粉面,1,chosen,0.574,0.6034,val,normal
967,晚餐,2,15,省着点,兴奋,晴,朋友,不关心,重辣,"海鲜,乳制品",7,重庆小面,面食粉面,1,chosen,0.574,0.5793,val,normal
967,晚餐,2,15,省着点,兴奋,晴,朋友,不关心,重辣,"海鲜,乳制品",7,重庆小面,面食粉面,1,chosen,0.574,0.5943,val,normal
967,晚餐,2,15,省着点,兴奋,晴,朋友,不关心,重辣,"海鲜,乳制品",11,云南小锅米线,面食粉面,0,considered,0.5597,0.5408,val,normal
967,晚餐,2,15,省着点,兴奋,晴,朋友,不关心,重辣,"海鲜,乳制品",6,兰州牛肉面,面食粉面,0,considered,0.548,0.496,val,normal
968,下午加餐,2,54,正常,低落,冷,同事,不关心,中辣,,34,全麦鸡肉三明治,轻食健康,1,chosen,0.6269,0.6419,train,normal
968,下午加餐,2,54,正常,低落,冷,同事,不关心,中辣,,34,全麦鸡肉三明治,轻食健康,1,chosen,0.6269,0.6323,train,normal
968,下午加餐,2,54,正常,低落,冷,同事,不关心,中辣,,34,全麦鸡肉三明治,轻食健康,1,chosen,0.6269,0.6936,train,normal
969,午餐,3,60,正常,一般,晴,一个人,不关心,不吃辣,,18,地三鲜+米饭,家常炒菜,1,chosen,0.4802,0.4346,test,normal
969,午餐,3,60,正常,一般,晴,一个人,不关心,不吃辣,,40,奶油蘑菇汤+面包,西式简餐,1,chosen,0.4963,0.5086,test,normal
969,午餐,3,60,正常,一般,晴,一个人,不关心,不吃辣,,40,奶油蘑菇汤+面包,西式简餐,1,chosen,0.4963,0.4268,test,normal
970,午餐,2,54,正常,开心,阴,一个人,随便,微辣,,40,奶油蘑菇汤+面包,西式简餐,1,chosen,0.4806,0.4319,train,normal
970,午餐,2,54,正常,开心,阴,一个人,随便,微辣,,40,奶油蘑菇汤+面包,西式简餐,1,chosen,0.4806,0.5122,train,normal
970,午餐,2,54,正常,开心,阴,一个人,随便,微辣,,40,奶油蘑菇汤+面包,西式简餐,1,chosen,0.4806,0.4287,train,normal
970,午餐,2,54,正常,开心,阴,一个人,随便,微辣,,42,烤鸡胸配土豆泥,西式简餐,0,considered,0.4713,0.5313,train,normal
970,午餐,2,54,正常,开心,阴,一个人,随便,微辣,,37,番茄肉酱意面,西式简餐,0,considered,0.4636,0.4451,train,normal
971,夜宵,4,26,正常,开心,阴,朋友,不关心,不吃辣,"海鲜,乳制品",37,番茄肉酱意面,西式简餐,1,chosen,0.5727,0.6325,train,normal
971,夜宵,4,26,正常,开心,阴,朋友,不关心,不吃辣,"海鲜,乳制品",37,番茄肉酱意面,西式简餐,1,chosen,0.5727,0.4735,train,normal
971,夜宵,4,26,正常,开心,阴,朋友,不关心,不吃辣,"海鲜,乳制品",37,番茄肉酱意面,西式简餐,1,chosen,0.5727,0.6139,train,normal
972,下午加餐,3,41,不差钱,低落,晴,一个人,不关心,中辣,素食,34,全麦鸡肉三明治,轻食健康,1,chosen,0.5536,0.5677,train,normal
972,下午加餐,3,41,不差钱,低落,晴,一个人,不关心,中辣,素食,34,全麦鸡肉三明治,轻食健康,1,chosen,0.5536,0.5529,train,normal
972,下午加餐,3,41,不差钱,低落,晴,一个人,不关心,中辣,素食,33,三文鱼沙拉,轻食健康,1,chosen,0.5759,0.5767,train,normal
973,夜宵,3,40,正常,压力大,雨,朋友,不关心,中辣,,26,烤鸡翅,烧烤小吃,1,chosen,0.7594,0.8272,val,normal
973,夜宵,3,40,正常,压力大,雨,朋友,不关心,中辣,,26,烤鸡翅,烧烤小吃,1,chosen,0.7594,0.8188,val,normal
973,夜宵,3,40,正常,压力大,雨,朋友,不关心,中辣,,28,烤冷面,烧烤小吃,1,chosen,0.7128,0.7046,val,normal
973,夜宵,3,40,正常,压力大,雨,朋友,不关心,中辣,,27,烤茄子,烧烤小吃,0,considered,0.7323,0.6734,val,normal
973,夜宵,3,40,正常,压力大,雨,朋友,不关心,中辣,,30,铁板豆腐,烧烤小吃,0,considered,0.7179,0.6848,val,normal
974,晚餐,4,47,正常,疲惫,热,同事,想健康,微辣,素食,9,炸酱面,面食粉面,1,chosen,0.6538,0.7033,train,normal
974,晚餐,4,47,正常,疲惫,热,同事,想健康,微辣,素食,9,炸酱面,面食粉面,1,chosen,0.6538,0.6294,train,normal
974,晚餐,4,47,正常,疲惫,热,同事,想健康,微辣,素食,9,炸酱面,面食粉面,1,chosen,0.6538,0.5892,train,normal
975,夜宵,1,58,想吃好点,一般,晴,一个人,随便,中辣,,30,铁板豆腐,烧烤小吃,1,chosen,0.5688,0.5434,train,normal
975,夜宵,1,58,想吃好点,一般,晴,一个人,随便,中辣,,30,铁板豆腐,烧烤小吃,1,chosen,0.5688,0.5115,train,normal
975,夜宵,1,58,想吃好点,一般,晴,一个人,随便,中辣,,30,铁板豆腐,烧烤小吃,1,chosen,0.5688,0.5637,train,normal
975,夜宵,1,58,想吃好点,一般,晴,一个人,随便,中辣,,27,烤茄子,烧烤小吃,0,considered,0.5598,0.5335,train,normal
975,夜宵,1,58,想吃好点,一般,晴,一个人,随便,中辣,,26,烤鸡翅,烧烤小吃,0,considered,0.5553,0.5347,train,normal
976,早餐,3,25,想吃好点,开心,阴,一个人,想健康,微辣,海鲜,46,燕麦牛奶粥,早餐粥点,1,chosen,0.604,0.6329,val,normal
976,早餐,3,25,想吃好点,开心,阴,一个人,想健康,微辣,海鲜,46,燕麦牛奶粥,早餐粥点,1,chosen,0.604,0.6828,val,normal
976,早餐,3,25,想吃好点,开心,阴,一个人,想健康,微辣,海鲜,46,燕麦牛奶粥,早餐粥点,1,chosen,0.604,0.56,val,normal
977,晚餐,2,36,正常,压力大,阴,同事,不关心,重辣,,19,麻辣烫,火锅麻辣烫,1,chosen,0.5879,0.6373,train,normal
977,晚餐,2,36,正常,压力大,阴,同事,不关心,重辣,,19,麻辣烫,火锅麻辣烫,1,chosen,0.5879,0.6178,train,normal
977,晚餐,2,36,正常,压力大,阴,同事,不关心,重辣,,19,麻辣烫,火锅麻辣烫,1,chosen,0.5879,0.6147,train,normal
978,午餐,3,51,正常,低落,热,约会,不关心,不吃辣,素食,40,奶油蘑菇汤+面包,西式简餐,1,chosen,0.6338,0.6427,train,normal
978,午餐,3,51,正常,低落,热,约会,不关心,不吃辣,素食,41,玛格丽特披萨,西式简餐,1,chosen,0.5847,0.569,train,normal
978,午餐,3,51,正常,低落,热,约会,不关心,不吃辣,素食,40,奶油蘑菇汤+面包,西式简餐,1,chosen,0.6338,0.6265,train,normal
979,夜宵,2,46,正常,疲惫,雪,约会,不关心,不吃辣,,12,西红柿炒蛋+米饭,家常炒菜,1,chosen,0.7028,0.7166,test,snow
979,夜宵,2,46,正常,疲惫,雪,约会,不关心,不吃辣,,8,番茄鸡蛋面,面食粉面,1,chosen,0.7557,0.7288,test,snow
979,夜宵,2,46,正常,疲惫,雪,约会,不关心,不吃辣,,8,番茄鸡蛋面,面食粉面,1,chosen,0.7557,0.7384,test,snow
980,晚餐,4,103,不差钱,疲惫,晴,约会,严格控制,重辣,麸质,24,菌汤火锅,火锅麻辣烫,1,chosen,0.7289,0.6707,train,normal
980,晚餐,4,103,不差钱,疲惫,晴,约会,严格控制,重辣,麸质,24,菌汤火锅,火锅麻辣烫,1,chosen,0.7289,0.7004,train,normal
980,晚餐,4,103,不差钱,疲惫,晴,约会,严格控制,重辣,麸质,24,菌汤火锅,火锅麻辣烫,1,chosen,0.7289,0.6781,train,normal
981,晚餐,3,78,正常,开心,阴,朋友,不关心,重辣,,13,麻婆豆腐+米饭,家常炒菜,1,chosen,0.6488,0.7139,val,normal
981,晚餐,3,78,正常,开心,阴,朋友,不关心,重辣,,13,麻婆豆腐+米饭,家常炒菜,1,chosen,0.6488,0.5896,val,normal
981,晚餐,3,78,正常,开心,阴,朋友,不关心,重辣,,13,麻婆豆腐+米饭,家常炒菜,1,chosen,0.6488,0.6089,val,normal
981,晚餐,3,78,正常,开心,阴,朋友,不关心,重辣,,15,宫保鸡丁+米饭,家常炒菜,0,considered,0.6396,0.5837,val,normal
981,晚餐,3,78,正常,开心,阴,朋友,不关心,重辣,,18,地三鲜+米饭,家常炒菜,0,considered,0.5857,0.5851,val,normal
982,午餐,1,21,正常,一般,热,一个人,不关心,中辣,海鲜,26,烤鸡翅,烧烤小吃,1,chosen,0.4781,0.4596,test,normal
982,午餐,1,21,正常,一般,热,一个人,不关心,中辣,海鲜,26,烤鸡翅,烧烤小吃,1,chosen,0.4781,0.5349,test,normal
982,午餐,1,21,正常,一般,热,一个人,不关心,中辣,海鲜,26,烤鸡翅,烧烤小吃,1,chosen,0.4781,0.5208,test,normal
982,午餐,1,21,正常,一般,热,一个人,不关心,中辣,海鲜,30,铁板豆腐,烧烤小吃,0,considered,0.4514,0.489,test,normal
982,午餐,1,21,正常,一般,热,一个人,不关心,中辣,海鲜,25,烤羊肉串,烧烤小吃,0,considered,0.4417,0.5014,test,normal
983,早餐,2,86,正常,一般,晴,朋友,想健康,中辣,"海鲜,乳制品",8,番茄鸡蛋面,面食粉面,1,chosen,0.6378,0.6191,val,normal
983,早餐,2,86,正常,一般,晴,朋友,想健康,中辣,"海鲜,乳制品",8,番茄鸡蛋面,面食粉面,1,chosen,0.6378,0.6196,val,normal
983,早餐,2,86,正常,一般,晴,朋友,想健康,中辣,"海鲜,乳制品",8,番茄鸡蛋面,面食粉面,1,chosen,0.6378,0.5977,val,normal
984,下午加餐,4,89,不差钱,压力大,热,家人,想健康,微辣,"海鲜,乳制品",32,藜麦牛油果碗,轻食健康,1,chosen,0.7056,0.7022,train,normal
984,下午加餐,4,89,不差钱,压力大,热,家人,想健康,微辣,"海鲜,乳制品",32,藜麦牛油果碗,轻食健康,1,chosen,0.7056,0.7011,train,normal
984,下午加餐,4,89,不差钱,压力大,热,家人,想健康,微辣,"海鲜,乳制品",32,藜麦牛油果碗,轻食健康,1,chosen,0.7056,0.6803,train,normal
985,午餐,3,15,想吃好点,兴奋,阴,朋友,随便,不吃辣,,37,番茄肉酱意面,西式简餐,1,chosen,0.5314,0.5196,train,normal
985,午餐,3,15,想吃好点,兴奋,阴,朋友,随便,不吃辣,,40,奶油蘑菇汤+面包,西式简餐,1,chosen,0.5579,0.5294,train,normal
985,午餐,3,15,想吃好点,兴奋,阴,朋友,随便,不吃辣,,40,奶油蘑菇汤+面包,西式简餐,1,chosen,0.5579,0.543,train,normal
986,夜宵,4,37,想吃好点,低落,晴,朋友,不关心,微辣,乳制品,6,兰州牛肉面,面食粉面,1,chosen,0.6325,0.6867,train,normal
986,夜宵,4,37,想吃好点,低落,晴,朋友,不关心,微辣,乳制品,42,烤鸡胸配土豆泥,西式简餐,1,chosen,0.5941,0.5842,train,normal
986,夜宵,4,37,想吃好点,低落,晴,朋友,不关心,微辣,乳制品,37,番茄肉酱意面,西式简餐,1,chosen,0.5941,0.5589,train,normal
987,午餐,2,44,想吃好点,疲惫,雪,同事,不关心,不吃辣,海鲜,40,奶油蘑菇汤+面包,西式简餐,1,chosen,0.6751,0.6408,test,snow
987,午餐,2,44,想吃好点,疲惫,雪,同事,不关心,不吃辣,海鲜,40,奶油蘑菇汤+面包,西式简餐,1,chosen,0.6751,0.6525,test,snow
987,午餐,2,44,想吃好点,疲惫,雪,同事,不关心,不吃辣,海鲜,40,奶油蘑菇汤+面包,西式简餐,1,chosen,0.6751,0.6479,test,snow
987,午餐,2,44,想吃好点,疲惫,雪,同事,不关心,不吃辣,海鲜,42,烤鸡胸配土豆泥,西式简餐,0,considered,0.6656,0.6784,test,snow
987,午餐,2,44,想吃好点,疲惫,雪,同事,不关心,不吃辣,海鲜,37,番茄肉酱意面,西式简餐,0,considered,0.6593,0.6428,test,snow
988,晚餐,5,74,正常,一般,阴,朋友,不关心,重辣,,23,冒菜,火锅麻辣烫,1,chosen,0.6378,0.6461,train,normal
988,晚餐,5,74,正常,一般,阴,朋友,不关心,重辣,,23,冒菜,火锅麻辣烫,1,chosen,0.6378,0.6081,train,normal
988,晚餐,5,74,正常,一般,阴,朋友,不关心,重辣,,23,冒菜,火锅麻辣烫,1,chosen,0.6378,0.645,train,normal
989,下午加餐,4,70,省着点,一般,雨,家人,不关心,中辣,,34,全麦鸡肉三明治,轻食健康,1,chosen,0.6012,0.5767,val,normal
989,下午加餐,4,70,省着点,一般,雨,家人,不关心,中辣,,34,全麦鸡肉三明治,轻食健康,1,chosen,0.6012,0.5833,val,normal
989,下午加餐,4,70,省着点,一般,雨,家人,不关心,中辣,,34,全麦鸡肉三明治,轻食健康,1,chosen,0.6012,0.6101,val,normal
990,晚餐,3,15,正常,疲惫,晴,家人,想健康,重辣,"海鲜,乳制品",7,重庆小面,面食粉面,1,chosen,0.6534,0.7016,val,normal
990,晚餐,3,15,正常,疲惫,晴,家人,想健康,重辣,"海鲜,乳制品",13,麻婆豆腐+米饭,家常炒菜,1,chosen,0.6677,0.6779,val,normal
990,晚餐,3,15,正常,疲惫,晴,家人,想健康,重辣,"海鲜,乳制品",7,重庆小面,面食粉面,1,chosen,0.6534,0.6184,val,normal
991,午餐,3,49,省着点,疲惫,晴,朋友,不关心,中辣,,11,云南小锅米线,面食粉面,1,chosen,0.6305,0.6103,test,normal
991,午餐,3,49,省着点,疲惫,晴,朋友,不关心,中辣,,11,云南小锅米线,面食粉面,1,chosen,0.6305,0.6188,test,normal
991,午餐,3,49,省着点,疲惫,晴,朋友,不关心,中辣,,11,云南小锅米线,面食粉面,1,chosen,0.6305,0.657,test,normal
992,午餐,4,51,正常,压力大,雪,同事,不关心,中辣,,15,宫保鸡丁+米饭,家常炒菜,1,chosen,0.7165,0.6743,test,snow
992,午餐,4,51,正常,压力大,雪,同事,不关心,中辣,,15,宫保鸡丁+米饭,家常炒菜,1,chosen,0.7165,0.6528,test,snow
992,午餐,4,51,正常,压力大,雪,同事,不关心,中辣,,15,宫保鸡丁+米饭,家常炒菜,1,chosen,0.7165,0.785,test,snow
992,午餐,4,51,正常,压力大,雪,同事,不关心,中辣,,18,地三鲜+米饭,家常炒菜,0,considered,0.7074,0.6696,test,snow
992,午餐,4,51,正常,压力大,雪,同事,不关心,中辣,,13,麻婆豆腐+米饭,家常炒菜,0,considered,0.6282,0.6245,test,snow
993,晚餐,1,28,想吃好点,疲惫,晴,朋友,不关心,微辣,,40,奶油蘑菇汤+面包,西式简餐,1,chosen,0.5774,0.5918,train,normal
993,晚餐,1,28,想吃好点,疲惫,晴,朋友,不关心,微辣,,41,玛格丽特披萨,西式简餐,1,chosen,0.5578,0.523,train,normal
993,晚餐,1,28,想吃好点,疲惫,晴,朋友,不关心,微辣,,40,奶油蘑菇汤+面包,西式简餐,1,chosen,0.5774,0.6002,train,normal
993,晚餐,1,28,想吃好点,疲惫,晴,朋友,不关心,微辣,,37,番茄肉酱意面,西式简餐,0,considered,0.5714,0.4847,train,normal
993,晚餐,1,28,想吃好点,疲惫,晴,朋友,不关心,微辣,,42,烤鸡胸配土豆泥,西式简餐,0,considered,0.5676,0.5879,train,normal
994,下午加餐,2,58,想吃好点,一般,雨,约会,想健康,微辣,,33,三文鱼沙拉,轻食健康,1,chosen,0.7019,0.7015,train,normal
994,下午加餐,2,58,想吃好点,一般,雨,约会,想健康,微辣,,33,三文鱼沙拉,轻食健康,1,chosen,0.7019,0.6685,train,normal
994,下午加餐,2,58,想吃好点,一般,雨,约会,想健康,微辣,,33,三文鱼沙拉,轻食健康,1,chosen,0.7019,0.6741,train,normal
994,下午加餐,2,58,想吃好点,一般,雨,约会,想健康,微辣,,32,藜麦牛油果碗,轻食健康,0,considered,0.7019,0.6707,train,normal
994,下午加餐,2,58,想吃好点,一般,雨,约会,想健康,微辣,,34,全麦鸡肉三明治,轻食健康,0,considered,0.7008,0.6831,train,normal
995,晚餐,3,70,想吃好点,开心,晴,同事,想健康,中辣,"海鲜,乳制品",15,宫保鸡丁+米饭,家常炒菜,1,chosen,0.6041,0.5875,train,normal
995,晚餐,3,70,想吃好点,开心,晴,同事,想健康,中辣,"海鲜,乳制品",15,宫保鸡丁+米饭,家常炒菜,1,chosen,0.6041,0.6629,train,normal
995,晚餐,3,70,想吃好点,开心,晴,同事,想健康,中辣,"海鲜,乳制品",15,宫保鸡丁+米饭,家常炒菜,1,chosen,0.6041,0.6166,train,normal
996,午餐,4,53,正常,疲惫,雪,家人,随便,中辣,海鲜,15,宫保鸡丁+米饭,家常炒菜,1,chosen,0.7802,0.788,test,snow
996,午餐,4,53,正常,疲惫,雪,家人,随便,中辣,海鲜,37,番茄肉酱意面,西式简餐,1,chosen,0.7536,0.724,test,snow
996,午餐,4,53,正常,疲惫,雪,家人,随便,中辣,海鲜,15,宫保鸡丁+米饭,家常炒菜,1,chosen,0.7802,0.7186,test,snow
996,午餐,4,53,正常,疲惫,雪,家人,随便,中辣,海鲜,18,地三鲜+米饭,家常炒菜,0,considered,0.7644,0.854,test,snow
996,午餐,4,53,正常,疲惫,雪,家人,随便,中辣,海鲜,13,麻婆豆腐+米饭,家常炒菜,0,considered,0.691,0.725,test,snow
997,午餐,3,77,正常,开心,热,一个人,严格控制,微辣,,9,炸酱面,面食粉面,1,chosen,0.5549,0.6205,train,normal
997,午餐,3,77,正常,开心,热,一个人,严格控制,微辣,,12,西红柿炒蛋+米饭,家常炒菜,1,chosen,0.5581,0.5664,train,normal
997,午餐,3,77,正常,开心,热,一个人,严格控制,微辣,,12,西红柿炒蛋+米饭,家常炒菜,1,chosen,0.5581,0.558,train,normal
998,晚餐,3,114,不差钱,疲惫,阴,家人,随便,微辣,乳制品,24,菌汤火锅,火锅麻辣烫,1,chosen,0.6422,0.6262,val,normal
998,晚餐,3,114,不差钱,疲惫,阴,家人,随便,微辣,乳制品,24,菌汤火锅,火锅麻辣烫,1,chosen,0.6422,0.6898,val,normal
998,晚餐,3,114,不差钱,疲惫,阴,家人,随便,微辣,乳制品,24,菌汤火锅,火锅麻辣烫,1,chosen,0.6422,0.6602,val,normal
998,晚餐,3,114,不差钱,疲惫,阴,家人,随便,微辣,乳制品,20,清汤火锅,火锅麻辣烫,0,considered,0.6422,0.5913,val,normal
998,晚餐,3,114,不差钱,疲惫,阴,家人,随便,微辣,乳制品,19,麻辣烫,火锅麻辣烫,0,considered,0.4521,0.4442,val,normal
999,午餐,1,61,想吃好点,开心,雨,约会,随便,微辣,,42,烤鸡胸配土豆泥,西式简餐,1,chosen,0.6114,0.6342,train,normal
999,午餐,1,61,想吃好点,开心,雨,约会,随便,微辣,,40,奶油蘑菇汤+面包,西式简餐,1,chosen,0.6118,0.6677,train,normal
999,午餐,1,61,想吃好点,开心,雨,约会,随便,微辣,,18,地三鲜+米饭,家常炒菜,1,chosen,0.5989,0.633,train,normal
1000,晚餐,5,86,正常,一般,冷,朋友,随便,中辣,乳制品,18,地三鲜+米饭,家常炒菜,1,chosen,0.6496,0.6654,val,normal
1000,晚餐,5,86,正常,一般,冷,朋友,随便,中辣,乳制品,15,宫保鸡丁+米饭,家常炒菜,1,chosen,0.6763,0.6198,val,normal
1000,晚餐,5,86,正常,一般,冷,朋友,随便,中辣,乳制品,15,宫保鸡丁+米饭,家常炒菜,1,chosen,0.6763,0.6092,val,normal
1001,午餐,5,15,省着点,一般,阴,家人,想健康,不吃辣,,9,炸酱面,面食粉面,1,chosen,0.5856,0.6769,train,normal
1001,午餐,5,15,省着点,一般,阴,家人,想健康,不吃辣,,9,炸酱面,面食粉面,1,chosen,0.5856,0.575,train,normal
1001,午餐,5,15,省着点,一般,阴,家人,想健康,不吃辣,,9,炸酱面,面食粉面,1,chosen,0.5856,0.6336,train,normal
1002,晚餐,3,59,想吃好点,一般,阴,家人,想健康,中辣,素食,24,菌汤火锅,火锅麻辣烫,1,chosen,0.6205,0.6479,train,normal
1002,晚餐,3,59,想吃好点,一般,阴,家人,想健康,中辣,素食,11,云南小锅米线,面食粉面,1,chosen,0.6064,0.6163,train,normal
1002,晚餐,3,59,想吃好点,一般,阴,家人,想健康,中辣,素食,24,菌汤火锅,火锅麻辣烫,1,chosen,0.6205,0.6393,train,normal
1003,午餐,4,87,正常,一般,阴,家人,随便,中辣,,15,宫保鸡丁+米饭,家常炒菜,1,chosen,0.6173,0.57,train,normal
1003,午餐,4,87,正常,一般,阴,家人,随便,中辣,,40,奶油蘑菇汤+面包,西式简餐,1,chosen,0.5836,0.5478,train,normal
1003,午餐,4,87,正常,一般,阴,家人,随便,中辣,,15,宫保鸡丁+米饭,家常炒菜,1,chosen,0.6173,0.63,train,normal
1003,午餐,4,87,正常,一般,阴,家人,随便,中辣,,18,地三鲜+米饭,家常炒菜,0,considered,0.6015,0.5814,train,normal
1003,午餐,4,87,正常,一般,阴,家人,随便,中辣,,13,麻婆豆腐+米饭,家常炒菜,0,considered,0.528,0.4672,train,normal
1004,午餐,3,94,不差钱,开心,阴,一个人,不关心,微辣,海鲜,24,菌汤火锅,火锅麻辣烫,1,chosen,0.5151,0.4912,val,normal
1004,午餐,3,94,不差钱,开心,阴,一个人,不关心,微辣,海鲜,24,菌汤火锅,火锅麻辣烫,1,chosen,0.5151,0.4837,val,normal
1004,午餐,3,94,不差钱,开心,阴,一个人,不关心,微辣,海鲜,24,菌汤火锅,火锅麻辣烫,1,chosen,0.5151,0.5006,val,normal
1005,午餐,2,23,想吃好点,疲惫,冷,家人,随便,重辣,,19,麻辣烫,火锅麻辣烫,1,chosen,0.6914,0.7236,train,normal
1005,午餐,2,23,想吃好点,疲惫,冷,家人,随便,重辣,,19,麻辣烫,火锅麻辣烫,1,chosen,0.6914,0.6322,train,normal
1005,午餐,2,23,想吃好点,疲惫,冷,家人,随便,重辣,,19,麻辣烫,火锅麻辣烫,1,chosen,0.6914,0.7079,train,normal
1005,午餐,2,23,想吃好点,疲惫,冷,家人,随便,重辣,,23,冒菜,火锅麻辣烫,0,considered,0.6407,0.604,train,normal
1005,午餐,2,23,想吃好点,疲惫,冷,家人,随便,重辣,,20,清汤火锅,火锅麻辣烫,0,considered,0.5366,0.533,train,normal
1006,晚餐,5,38,正常,压力大,阴,同事,随便,不吃辣,麸质,18,地三鲜+米饭,家常炒菜,1,chosen,0.5926,0.5319,train,normal
1006,晚餐,5,38,正常,压力大,阴,同事,随便,不吃辣,麸质,18,地三鲜+米饭,家常炒菜,1,chosen,0.5926,0.6143,train,normal
1006,晚餐,5,38,正常,压力大,阴,同事,随便,不吃辣,麸质,18,地三鲜+米饭,家常炒菜,1,chosen,0.5926,0.5728,train,normal
1006,晚餐,5,38,正常,压力大,阴,同事,随便,不吃辣,麸质,17,蒜蓉西兰花+米饭,家常炒菜,0,considered,0.494,0.4338,train,normal
1006,晚餐,5,38,正常,压力大,阴,同事,随便,不吃辣,麸质,12,西红柿炒蛋+米饭,家常炒菜,0,considered,0.494,0.535,train,normal
1007,早餐,4,43,省着点,疲惫,雨,家人,不关心,重辣,,45,杂粮煎饼果子,早餐粥点,1,chosen,0.6984,0.694,test,normal
1007,早餐,4,43,省着点,疲惫,雨,家人,不关心,重辣,,45,杂粮煎饼果子,早餐粥点,1,chosen,0.6984,0.6852,test,normal
1007,早餐,4,43,省着点,疲惫,雨,家人,不关心,重辣,,43,皮蛋瘦肉粥+油条,早餐粥点,1,chosen,0.686,0.6871,test,normal
1008,早餐,5,36,省着点,一般,热,一个人,不关心,不吃辣,海鲜,43,皮蛋瘦肉粥+油条,早餐粥点,1,chosen,0.5451,0.5816,train,normal
1008,早餐,5,36,省着点,一般,热,一个人,不关心,不吃辣,海鲜,43,皮蛋瘦肉粥+油条,早餐粥点,1,chosen,0.5451,0.5529,train,normal
1008,早餐,5,36,省着点,一般,热,一个人,不关心,不吃辣,海鲜,43,皮蛋瘦肉粥+油条,早餐粥点,1,chosen,0.5451,0.6077,train,normal
1009,午餐,3,61,正常,疲惫,冷,一个人,不关心,重辣,,13,麻婆豆腐+米饭,家常炒菜,1,chosen,0.6274,0.6325,val,normal
1009,午餐,3,61,正常,疲惫,冷,一个人,不关心,重辣,,13,麻婆豆腐+米饭,家常炒菜,1,chosen,0.6274,0.6378,val,normal
1009,午餐,3,61,正常,疲惫,冷,一个人,不关心,重辣,,13,麻婆豆腐+米饭,家常炒菜,1,chosen,0.6274,0.6469,val,normal
1010,晚餐,2,32,正常,疲惫,雨,家人,不关心,不吃辣,,9,炸酱面,面食粉面,1,chosen,0.6191,0.6115,test,normal
1010,晚餐,2,32,正常,疲惫,雨,家人,不关心,不吃辣,,18,地三鲜+米饭,家常炒菜,1,chosen,0.6391,0.6381,test,normal
1010,晚餐,2,32,正常,疲惫,雨,家人,不关心,不吃辣,,40,奶油蘑菇汤+面包,西式简餐,1,chosen,0.652,0.6548,test,normal
1011,晚餐,5,62,正常,开心,热,同事,不关心,不吃辣,"海鲜,乳制品",9,炸酱面,面食粉面,1,chosen,0.584,0.608,val,normal
1011,晚餐,5,62,正常,开心,热,同事,不关心,不吃辣,"海鲜,乳制品",9,炸酱面,面食粉面,1,chosen,0.584,0.5719,val,normal
1011,晚餐,5,62,正常,开心,热,同事,不关心,不吃辣,"海鲜,乳制品",9,炸酱面,面食粉面,1,chosen,0.584,0.6223,val,normal
1012,夜宵,5,26,省着点,疲惫,热,同事,严格控制,不吃辣,,9,炸酱面,面食粉面,1,chosen,0.6432,0.5873,train,normal
1012,夜宵,5,26,省着点,疲惫,热,同事,严格控制,不吃辣,,9,炸酱面,面食粉面,1,chosen,0.6432,0.6286,train,normal
1012,夜宵,5,26,省着点,疲惫,热,同事,严格控制,不吃辣,,9,炸酱面,面食粉面,1,chosen,0.6432,0.6049,train,normal
1012,夜宵,5,26,省着点,疲惫,热,同事,严格控制,不吃辣,,8,番茄鸡蛋面,面食粉面,0,considered,0.6419,0.632,train,normal
1012,夜宵,5,26,省着点,疲惫,热,同事,严格控制,不吃辣,,6,兰州牛肉面,面食粉面,0,considered,0.5764,0.5561,train,normal
1013,午餐,3,15,想吃好点,一般,热,家人,随便,中辣,乳制品,9,炸酱面,面食粉面,1,chosen,0.5794,0.6556,test,normal
1013,午餐,3,15,想吃好点,一般,热,家人,随便,中辣,乳制品,9,炸酱面,面食粉面,1,chosen,0.5794,0.6431,test,normal
1013,午餐,3,15,想吃好点,一般,热,家人,随便,中辣,乳制品,9,炸酱面,面食粉面,1,chosen,0.5794,0.626,test,normal
1014,午餐,3,46,省着点,开心,冷,同事,不关心,中辣,海鲜,40,奶油蘑菇汤+面包,西式简餐,1,chosen,0.5559,0.6313,val,normal
1014,午餐,3,46,省着点,开心,冷,同事,不关心,中辣,海鲜,11,云南小锅米线,面食粉面,1,chosen,0.5882,0.6079,val,normal
1014,午餐,3,46,省着点,开心,冷,同事,不关心,中辣,海鲜,11,云南小锅米线,面食粉面,1,chosen,0.5882,0.6504,val,normal
1015,午餐,2,47,想吃好点,兴奋,晴,约会,不关心,微辣,,42,烤鸡胸配土豆泥,西式简餐,1,chosen,0.6017,0.6145,val,normal
1015,午餐,2,47,想吃好点,兴奋,晴,约会,不关心,微辣,,42,烤鸡胸配土豆泥,西式简餐,1,chosen,0.6017,0.6135,val,normal
1015,午餐,2,47,想吃好点,兴奋,晴,约会,不关心,微辣,,42,烤鸡胸配土豆泥,西式简餐,1,chosen,0.6017,0.5648,val,normal
1016,午餐,5,93,不差钱,低落,热,家人,不关心,不吃辣,,24,菌汤火锅,火锅麻辣烫,1,chosen,0.6243,0.6089,train,normal
1016,午餐,5,93,不差钱,低落,热,家人,不关心,不吃辣,,20,清汤火锅,火锅麻辣烫,1,chosen,0.6243,0.6273,train,normal
1016,午餐,5,93,不差钱,低落,热,家人,不关心,不吃辣,,24,菌汤火锅,火锅麻辣烫,1,chosen,0.6243,0.5552,train,normal
1016,午餐,5,93,不差钱,低落,热,家人,不关心,不吃辣,,20,清汤火锅,火锅麻辣烫,0,considered,0.6243,0.6416,train,normal
1016,午餐,5,93,不差钱,低落,热,家人,不关心,不吃辣,,23,冒菜,火锅麻辣烫,0,considered,0.3841,0.4279,train,normal
1017,晚餐,4,31,想吃好点,一般,雨,朋友,严格控制,不吃辣,,42,烤鸡胸配土豆泥,西式简餐,1,chosen,0.671,0.6557,train,normal
1017,晚餐,4,31,想吃好点,一般,雨,朋友,严格控制,不吃辣,,42,烤鸡胸配土豆泥,西式简餐,1,chosen,0.671,0.6453,train,normal
1017,晚餐,4,31,想吃好点,一般,雨,朋友,严格控制,不吃辣,,42,烤鸡胸配土豆泥,西式简餐,1,chosen,0.671,0.6664,train,normal
1018,晚餐,4,68,想吃好点,低落,阴,朋友,想健康,重辣,,13,麻婆豆腐+米饭,家常炒菜,1,chosen,0.7261,0.6826,train,normal
1018,晚餐,4,68,想吃好点,低落,阴,朋友,想健康,重辣,,13,麻婆豆腐+米饭,家常炒菜,1,chosen,0.7261,0.7404,train,normal
1018,晚餐,4,68,想吃好点,低落,阴,朋友,想健康,重辣,,13,麻婆豆腐+米饭,家常炒菜,1,chosen,0.7261,0.7719,train,normal
1019,午餐,4,32,正常,压力大,阴,同事,严格控制,中辣,麸质,15,宫保鸡丁+米饭,家常炒菜,1,chosen,0.6469,0.5986,val,normal
1019,午餐,4,32,正常,压力大,阴,同事,严格控制,中辣,麸质,15,宫保鸡丁+米饭,家常炒菜,1,chosen,0.6469,0.6485,val,normal
1019,午餐,4,32,正常,压力大,阴,同事,严格控制,中辣,麸质,15,宫保鸡丁+米饭,家常炒菜,1,chosen,0.6469,0.6541,val,normal
1019,午餐,4,32,正常,压力大,阴,同事,严格控制,中辣,麸质,12,西红柿炒蛋+米饭,家常炒菜,0,considered,0.5965,0.6169,val,normal
1019,午餐,4,32,正常,压力大,阴,同事,严格控制,中辣,麸质,17,蒜蓉西兰花+米饭,家常炒菜,0,considered,0.5965,0.5764,val,normal
1020,早餐,3,18,正常,兴奋,雨,一个人,严格控制,微辣,,46,燕麦牛奶粥,早餐粥点,1,chosen,0.7046,0.711,train,normal
1020,早餐,3,18,正常,兴奋,雨,一个人,严格控制,微辣,,46,燕麦牛奶粥,早餐粥点,1,chosen,0.7046,0.7051,train,normal
1020,早餐,3,18,正常,兴奋,雨,一个人,严格控制,微辣,,46,燕麦牛奶粥,早餐粥点,1,chosen,0.7046,0.722,train,normal
1021,下午加餐,2,69,正常,一般,阴,同事,随便,中辣,,31,鸡胸肉沙拉,轻食健康,1,chosen,0.6096,0.6409,train,normal
1021,下午加餐,2,69,正常,一般,阴,同事,随便,中辣,,31,鸡胸肉沙拉,轻食健康,1,chosen,0.6096,0.6296,train,normal
1021,下午加餐,2,69,正常,一般,阴,同事,随便,中辣,,31,鸡胸肉沙拉,轻食健康,1,chosen,0.6096,0.6101,train,normal
1021,下午加餐,2,69,正常,一般,阴,同事,随便,中辣,,36,希腊酸奶坚果碗,轻食健康,0,considered,0.6096,0.6021,train,normal
1021,下午加餐,2,69,正常,一般,阴,同事,随便,中辣,,34,全麦鸡肉三明治,轻食健康,0,considered,0.6096,0.5662,train,normal
1022,夜宵,3,62,省着点,疲惫,雨,一个人,不关心,中辣,素食,28,烤冷面,烧烤小吃,1,chosen,0.6738,0.6875,train,normal
1022,夜宵,3,62,省着点,疲惫,雨,一个人,不关心,中辣,素食,28,烤冷面,烧烤小吃,1,chosen,0.6738,0.6625,train,normal
1022,夜宵,3,62,省着点,疲惫,雨,一个人,不关心,中辣,素食,28,烤冷面,烧烤小吃,1,chosen,0.6738,0.6829,train,normal
1023,夜宵,4,84,正常,兴奋,阴,朋友,想健康,不吃辣,,42,烤鸡胸配土豆泥,西式简餐,1,chosen,0.6202,0.6207,train,normal
1023,夜宵,4,84,正常,兴奋,阴,朋友,想健康,不吃辣,,42,烤鸡胸配土豆泥,西式简餐,1,chosen,0.6202,0.5825,train,normal
1023,夜宵,4,84,正常,兴奋,阴,朋友,想健康,不吃辣,,42,烤鸡胸配土豆泥,西式简餐,1,chosen,0.6202,0.5678,train,normal
1024,午餐,5,36,省着点,低落,热,家人,不关心,不吃辣,海鲜,40,奶油蘑菇汤+面包,西式简餐,1,chosen,0.5672,0.5847,val,normal
1024,午餐,5,36,省着点,低落,热,家人,不关心,不吃辣,海鲜,9,炸酱面,面食粉面,1,chosen,0.6273,0.6159,val,normal
1024,午餐,5,36,省着点,低落,热,家人,不关心,不吃辣,海鲜,9,炸酱面,面食粉面,1,chosen,0.6273,0.6441,val,normal
1025,午餐,3,79,正常,一般,晴,朋友,想健康,不吃辣,海鲜,42,烤鸡胸配土豆泥,西式简餐,1,chosen,0.6202,0.6697,train,normal
1025,午餐,3,79,正常,一般,晴,朋友,想健康,不吃辣,海鲜,42,烤鸡胸配土豆泥,西式简餐,1,chosen,0.6202,0.5914,train,normal
1025,午餐,3,79,正常,一般,晴,朋友,想健康,不吃辣,海鲜,42,烤鸡胸配土豆泥,西式简餐,1,chosen,0.6202,0.5965,train,normal
1026,早餐,4,41,正常,低落,晴,朋友,不关心,微辣,乳制品,45,杂粮煎饼果子,早餐粥点,1,chosen,0.6234,0.6362,train,normal
1026,早餐,4,41,正常,低落,晴,朋友,不关心,微辣,乳制品,45,杂粮煎饼果子,早餐粥点,1,chosen,0.6234,0.5934,train,normal
1026,早餐,4,41,正常,低落,晴,朋友,不关心,微辣,乳制品,45,杂粮煎饼果子,早餐粥点,1,chosen,0.6234,0.5803,train,normal
1027,晚餐,2,15,正常,兴奋,阴,朋友,不关心,中辣,,11,云南小锅米线,面食粉面,1,chosen,0.5647,0.5637,train,normal
1027,晚餐,2,15,正常,兴奋,阴,朋友,不关心,中辣,,26,烤鸡翅,烧烤小吃,1,chosen,0.582,0.6292,train,normal
1027,晚餐,2,15,正常,兴奋,阴,朋友,不关心,中辣,,26,烤鸡翅,烧烤小吃,1,chosen,0.582,0.5785,train,normal
1027,晚餐,2,15,正常,兴奋,阴,朋友,不关心,中辣,,25,烤羊肉串,烧烤小吃,0,considered,0.5392,0.5995,train,normal
1027,晚餐,2,15,正常,兴奋,阴,朋友,不关心,中辣,,30,铁板豆腐,烧烤小吃,0,considered,0.5129,0.4852,train,normal
1028,晚餐,4,73,想吃好点,一般,阴,朋友,想健康,微辣,,24,菌汤火锅,火锅麻辣烫,1,chosen,0.6205,0.6073,test,normal
1028,晚餐,4,73,想吃好点,一般,阴,朋友,想健康,微辣,,42,烤鸡胸配土豆泥,西式简餐,1,chosen,0.6295,0.608,test,normal
1028,晚餐,4,73,想吃好点,一般,阴,朋友,想健康,微辣,,42,烤鸡胸配土豆泥,西式简餐,1,chosen,0.6295,0.5931,test,normal
1029,夜宵,4,88,不差钱,开心,阴,朋友,不关心,微辣,乳制品,24,菌汤火锅,火锅麻辣烫,1,chosen,0.6425,0.7025,train,normal
1029,夜宵,4,88,不差钱,开心,阴,朋友,不关心,微辣,乳制品,24,菌汤火锅,火锅麻辣烫,1,chosen,0.6425,0.6882,train,normal
1029,夜宵,4,88,不差钱,开心,阴,朋友,不关心,微辣,乳制品,24,菌汤火锅,火锅麻辣烫,1,chosen,0.6425,0.6412,train,normal
1029,夜宵,4,88,不差钱,开心,阴,朋友,不关心,微辣,乳制品,20,清汤火锅,火锅麻辣烫,0,considered,0.6425,0.6248,train,normal
1029,夜宵,4,88,不差钱,开心,阴,朋友,不关心,微辣,乳制品,19,麻辣烫,火锅麻辣烫,0,considered,0.4687,0.4116,train,normal
1030,夜宵,4,34,想吃好点,一般,晴,同事,想健康,中辣,,26,烤鸡翅,烧烤小吃,1,chosen,0.6481,0.6674,test,normal
1030,夜宵,4,34,想吃好点,一般,晴,同事,想健康,中辣,,26,烤鸡翅,烧烤小吃,1,chosen,0.6481,0.6794,test,normal
1030,夜宵,4,34,想吃好点,一般,晴,同事,想健康,中辣,,26,烤鸡翅,烧烤小吃,1,chosen,0.6481,0.6787,test,normal
1031,晚餐,4,70,正常,一般,晴,朋友,不关心,中辣,,15,宫保鸡丁+米饭,家常炒菜,1,chosen,0.6281,0.6399,val,normal
1031,晚餐,4,70,正常,一般,晴,朋友,不关心,中辣,,15,宫保鸡丁+米饭,家常炒菜,1,chosen,0.6281,0.6067,val,normal
1031,晚餐,4,70,正常,一般,晴,朋友,不关心,中辣,,37,番茄肉酱意面,西式简餐,1,chosen,0.587,0.5846,val,normal
1032,晚餐,3,39,想吃好点,疲惫,冷,家人,随便,中辣,,42,烤鸡胸配土豆泥,西式简餐,1,chosen,0.6867,0.6455,train,normal
1032,晚餐,3,39,想吃好点,疲惫,冷,家人,随便,中辣,,15,宫保鸡丁+米饭,家常炒菜,1,chosen,0.7136,0.6798,train,normal
1032,晚餐,3,39,想吃好点,疲惫,冷,家人,随便,中辣,,15,宫保鸡丁+米饭,家常炒菜,1,chosen,0.7136,0.7387,train,normal
1033,午餐,2,45,不差钱,疲惫,阴,一个人,想健康,微辣,,24,菌汤火锅,火锅麻辣烫,1,chosen,0.5637,0.5648,train,normal
1033,午餐,2,45,不差钱,疲惫,阴,一个人,想健康,微辣,,24,菌汤火锅,火锅麻辣烫,1,chosen,0.5637,0.5573,train,normal
1033,午餐,2,45,不差钱,疲惫,阴,一个人,想健康,微辣,,24,菌汤火锅,火锅麻辣烫,1,chosen,0.5637,0.5561,train,normal
1034,午餐,4,80,正常,开心,晴,家人,严格控制,微辣,乳制品,42,烤鸡胸配土豆泥,西式简餐,1,chosen,0.6377,0.6586,train,normal
1034,午餐,4,80,正常,开心,晴,家人,严格控制,微辣,乳制品,42,烤鸡胸配土豆泥,西式简餐,1,chosen,0.6377,0.6113,train,normal
1034,午餐,4,80,正常,开心,晴,家人,严格控制,微辣,乳制品,42,烤鸡胸配土豆泥,西式简餐,1,chosen,0.6377,0.5908,train,normal
1034,午餐,4,80,正常,开心,晴,家人,严格控制,微辣,乳制品,37,番茄肉酱意面,西式简餐,0,considered,0.6258,0.5316,train,normal
1034,午餐,4,80,正常,开心,晴,家人,严格控制,微辣,乳制品,38,香煎牛排,西式简餐,0,considered,0.4496,0.5124,train,normal
1035,晚餐,5,15,正常,兴奋,阴,家人,想健康,不吃辣,乳制品,37,番茄肉酱意面,西式简餐,1,chosen,0.5709,0.5486,test,normal
1035,晚餐,5,15,正常,兴奋,阴,家人,想健康,不吃辣,乳制品,9,炸酱面,面食粉面,1,chosen,0.5945,0.6019,test,normal
1035,晚餐,5,15,正常,兴奋,阴,家人,想健康,不吃辣,乳制品,9,炸酱面,面食粉面,1,chosen,0.5945,0.5733,test,normal
1036,晚餐,3,31,想吃好点,低落,冷,同事,随便,中辣,,15,宫保鸡丁+米饭,家常炒菜,1,chosen,0.6425,0.6758,train,normal
1036,晚餐,3,31,想吃好点,低落,冷,同事,随便,中辣,,15,宫保鸡丁+米饭,家常炒菜,1,chosen,0.6425,0.6742,train,normal
1036,晚餐,3,31,想吃好点,低落,冷,同事,随便,中辣,,15,宫保鸡丁+米饭,家常炒菜,1,chosen,0.6425,0.5713,train,normal
1037,下午加餐,4,45,正常,一般,晴,一个人,随便,重辣,"海鲜,乳制品",34,全麦鸡肉三明治,轻食健康,1,chosen,0.5296,0.5407,train,normal
1037,下午加餐,4,45,正常,一般,晴,一个人,随便,重辣,"海鲜,乳制品",34,全麦鸡肉三明治,轻食健康,1,chosen,0.5296,0.506,train,normal
1037,下午加餐,4,45,正常,一般,晴,一个人,随便,重辣,"海鲜,乳制品",34,全麦鸡肉三明治,轻食健康,1,chosen,0.5296,0.5289,train,normal
1038,早餐,3,30,省着点,开心,晴,同事,想健康,重辣,,44,小笼包+豆浆,早餐粥点,1,chosen,0.654,0.6759,train,normal
1038,早餐,3,30,省着点,开心,晴,同事,想健康,重辣,,46,燕麦牛奶粥,早餐粥点,1,chosen,0.6697,0.6906,train,normal
1038,早餐,3,30,省着点,开心,晴,同事,想健康,重辣,,45,杂粮煎饼果子,早餐粥点,1,chosen,0.5982,0.5883,train,normal
1039,晚餐,4,15,正常,疲惫,冷,一个人,随便,微辣,,6,兰州牛肉面,面食粉面,1,chosen,0.5857,0.5997,train,normal
1039,晚餐,4,15,正常,疲惫,冷,一个人,随便,微辣,,45,杂粮煎饼果子,早餐粥点,1,chosen,0.5786,0.5799,train,normal
1039,晚餐,4,15,正常,疲惫,冷,一个人,随便,微辣,,6,兰州牛肉面,面食粉面,1,chosen,0.5857,0.6361,train,normal
1040,午餐,3,22,想吃好点,压力大,冷,约会,随便,不吃辣,,37,番茄肉酱意面,西式简餐,1,chosen,0.6738,0.7202,train,normal
1040,午餐,3,22,想吃好点,压力大,冷,约会,随便,不吃辣,,40,奶油蘑菇汤+面包,西式简餐,1,chosen,0.6996,0.6798,train,normal
1040,午餐,3,22,想吃好点,压力大,冷,约会,随便,不吃辣,,40,奶油蘑菇汤+面包,西式简餐,1,chosen,0.6996,0.6953,train,normal
1041,晚餐,4,63,不差钱,兴奋,晴,一个人,严格控制,中辣,,24,菌汤火锅,火锅麻辣烫,1,chosen,0.5785,0.5506,train,normal
1041,晚餐,4,63,不差钱,兴奋,晴,一个人,严格控制,中辣,,24,菌汤火锅,火锅麻辣烫,1,chosen,0.5785,0.63,train,normal
1041,晚餐,4,63,不差钱,兴奋,晴,一个人,严格控制,中辣,,24,菌汤火锅,火锅麻辣烫,1,chosen,0.5785,0.5687,train,normal
1041,晚餐,4,63,不差钱,兴奋,晴,一个人,严格控制,中辣,,20,清汤火锅,火锅麻辣烫,0,considered,0.5607,0.606,train,normal
1041,晚餐,4,63,不差钱,兴奋,晴,一个人,严格控制,中辣,,22,关东煮,火锅麻辣烫,0,considered,0.3945,0.3777,train,normal
1042,下午加餐,4,43,正常,一般,阴,家人,想健康,重辣,麸质,32,藜麦牛油果碗,轻食健康,1,chosen,0.619,0.5641,train,normal
1042,下午加餐,4,43,正常,一般,阴,家人,想健康,重辣,麸质,32,藜麦牛油果碗,轻食健康,1,chosen,0.619,0.6354,train,normal
1042,下午加餐,4,43,正常,一般,阴,家人,想健康,重辣,麸质,32,藜麦牛油果碗,轻食健康,1,chosen,0.619,0.5645,train,normal
1042,下午加餐,4,43,正常,一般,阴,家人,想健康,重辣,麸质,36,希腊酸奶坚果碗,轻食健康,0,considered,0.609,0.6614,train,normal
1042,下午加餐,4,43,正常,一般,阴,家人,想健康,重辣,麸质,33,三文鱼沙拉,轻食健康,0,considered,0.58,0.6408,train,normal
1043,午餐,1,48,不差钱,一般,热,一个人,不关心,重辣,,19,麻辣烫,火锅麻辣烫,1,chosen,0.4738,0.4882,train,normal
1043,午餐,1,48,不差钱,一般,热,一个人,不关心,重辣,,19,麻辣烫,火锅麻辣烫,1,chosen,0.4738,0.4402,train,normal
1043,午餐,1,48,不差钱,一般,热,一个人,不关心,重辣,,19,麻辣烫,火锅麻辣烫,1,chosen,0.4738,0.4567,train,normal
1044,晚餐,5,15,正常,压力大,雨,同事,不关心,不吃辣,乳制品,3,台式卤肉饭,中式快餐盖饭,1,chosen,0.6237,0.6352,train,normal
1044,晚餐,5,15,正常,压力大,雨,同事,不关心,不吃辣,乳制品,3,台式卤肉饭,中式快餐盖饭,1,chosen,0.6237,0.5974,train,normal
1044,晚餐,5,15,正常,压力大,雨,同事,不关心,不吃辣,乳制品,3,台式卤肉饭,中式快餐盖饭,1,chosen,0.6237,0.6005,train,normal
1045,下午加餐,2,27,省着点,兴奋,雨,家人,随便,不吃辣,麸质,32,藜麦牛油果碗,轻食健康,1,chosen,0.573,0.5599,test,normal
1045,下午加餐,2,27,省着点,兴奋,雨,家人,随便,不吃辣,麸质,36,希腊酸奶坚果碗,轻食健康,1,chosen,0.636,0.6481,test,normal
1045,下午加餐,2,27,省着点,兴奋,雨,家人,随便,不吃辣,麸质,31,鸡胸肉沙拉,轻食健康,1,chosen,0.5955,0.59,test,normal
1045,下午加餐,2,27,省着点,兴奋,雨,家人,随便,不吃辣,麸质,35,水煮时蔬+溏心蛋,轻食健康,0,considered,0.6183,0.5874,test,normal
1045,下午加餐,2,27,省着点,兴奋,雨,家人,随便,不吃辣,麸质,31,鸡胸肉沙拉,轻食健康,0,considered,0.5955,0.5634,test,normal
1046,下午加餐,5,63,正常,开心,热,同事,随便,微辣,乳制品,34,全麦鸡肉三明治,轻食健康,1,chosen,0.6012,0.6166,train,normal
1046,下午加餐,5,63,正常,开心,热,同事,随便,微辣,乳制品,34,全麦鸡肉三明治,轻食健康,1,chosen,0.6012,0.5301,train,normal
1046,下午加餐,5,63,正常,开心,热,同事,随便,微辣,乳制品,32,藜麦牛油果碗,轻食健康,1,chosen,0.5919,0.5751,train,normal
1046,下午加餐,5,63,正常,开心,热,同事,随便,微辣,乳制品,32,藜麦牛油果碗,轻食健康,0,considered,0.5919,0.5943,train,normal
1046,下午加餐,5,63,正常,开心,热,同事,随便,微辣,乳制品,31,鸡胸肉沙拉,轻食健康,0,considered,0.5566,0.58,train,normal
1047,晚餐,3,53,正常,开心,晴,约会,想健康,中辣,海鲜,15,宫保鸡丁+米饭,家常炒菜,1,chosen,0.6915,0.6693,train,normal
1047,晚餐,3,53,正常,开心,晴,约会,想健康,中辣,海鲜,15,宫保鸡丁+米饭,家常炒菜,1,chosen,0.6915,0.7067,train,normal
1047,晚餐,3,53,正常,开心,晴,约会,想健康,中辣,海鲜,15,宫保鸡丁+米饭,家常炒菜,1,chosen,0.6915,0.6398,train,normal
1048,下午加餐,5,47,正常,一般,雨,一个人,想健康,重辣,,34,全麦鸡肉三明治,轻食健康,1,chosen,0.589,0.5906,train,normal
1048,下午加餐,5,47,正常,一般,雨,一个人,想健康,重辣,,34,全麦鸡肉三明治,轻食健康,1,chosen,0.589,0.5549,train,normal
1048,下午加餐,5,47,正常,一般,雨,一个人,想健康,重辣,,34,全麦鸡肉三明治,轻食健康,1,chosen,0.589,0.5956,train,normal
1049,晚餐,4,63,不差钱,一般,阴,一个人,想健康,微辣,海鲜,24,菌汤火锅,火锅麻辣烫,1,chosen,0.5526,0.5417,val,normal
1049,晚餐,4,63,不差钱,一般,阴,一个人,想健康,微辣,海鲜,24,菌汤火锅,火锅麻辣烫,1,chosen,0.5526,0.5508,val,normal
1049,晚餐,4,63,不差钱,一般,阴,一个人,想健康,微辣,海鲜,24,菌汤火锅,火锅麻辣烫,1,chosen,0.5526,0.6365,val,normal
1049,晚餐,4,63,不差钱,一般,阴,一个人,想健康,微辣,海鲜,20,清汤火锅,火锅麻辣烫,0,considered,0.5428,0.5081,val,normal
1049,晚餐,4,63,不差钱,一般,阴,一个人,想健康,微辣,海鲜,22,关东煮,火锅麻辣烫,0,considered,0.3536,0.4168,val,normal
1050,早餐,2,15,想吃好点,开心,晴,一个人,随便,不吃辣,,46,燕麦牛奶粥,早餐粥点,1,chosen,0.5551,0.5667,train,normal
1050,早餐,2,15,想吃好点,开心,晴,一个人,随便,不吃辣,,46,燕麦牛奶粥,早餐粥点,1,chosen,0.5551,0.5065,train,normal
1050,早餐,2,15,想吃好点,开心,晴,一个人,随便,不吃辣,,46,燕麦牛奶粥,早餐粥点,1,chosen,0.5551,0.6196,train,normal
1051,午餐,3,29,正常,开心,雨,同事,随便,微辣,海鲜,2,青椒肉丝盖饭,中式快餐盖饭,1,chosen,0.5776,0.5604,val,normal
1051,午餐,3,29,正常,开心,雨,同事,随便,微辣,海鲜,40,奶油蘑菇汤+面包,西式简餐,1,chosen,0.5981,0.6329,val,normal
1051,午餐,3,29,正常,开心,雨,同事,随便,微辣,海鲜,18,地三鲜+米饭,家常炒菜,1,chosen,0.5725,0.5733,val,normal
1052,下午加餐,2,35,正常,疲惫,雨,约会,随便,微辣,麸质,32,藜麦牛油果碗,轻食健康,1,chosen,0.6815,0.6818,train,normal
1052,下午加餐,2,35,正常,疲惫,雨,约会,随便,微辣,麸质,32,藜麦牛油果碗,轻食健康,1,chosen,0.6815,0.5806,train,normal
1052,下午加餐,2,35,正常,疲惫,雨,约会,随便,微辣,麸质,35,水煮时蔬+溏心蛋,轻食健康,1,chosen,0.6658,0.6543,train,normal
1053,午餐,4,71,想吃好点,兴奋,阴,一个人,不关心,中辣,,15,宫保鸡丁+米饭,家常炒菜,1,chosen,0.5351,0.5436,train,normal
1053,午餐,4,71,想吃好点,兴奋,阴,一个人,不关心,中辣,,15,宫保鸡丁+米饭,家常炒菜,1,chosen,0.5351,0.5447,train,normal
1053,午餐,4,71,想吃好点,兴奋,阴,一个人,不关心,中辣,,26,烤鸡翅,烧烤小吃,1,chosen,0.5091,0.4669,train,normal
1054,晚餐,5,40,不差钱,疲惫,阴,家人,不关心,重辣,"海鲜,乳制品",23,冒菜,火锅麻辣烫,1,chosen,0.6516,0.6694,test,normal
1054,晚餐,5,40,不差钱,疲惫,阴,家人,不关心,重辣,"海鲜,乳制品",23,冒菜,火锅麻辣烫,1,chosen,0.6516,0.6276,test,normal
1054,晚餐,5,40,不差钱,疲惫,阴,家人,不关心,重辣,"海鲜,乳制品",23,冒菜,火锅麻辣烫,1,chosen,0.6516,0.645,test,normal
1055,午餐,5,44,不差钱,低落,雪,朋友,不关心,不吃辣,,38,香煎牛排,西式简餐,1,chosen,0.7237,0.7471,test,snow
1055,午餐,5,44,不差钱,低落,雪,朋友,不关心,不吃辣,,38,香煎牛排,西式简餐,1,chosen,0.7237,0.6978,test,snow
1055,午餐,5,44,不差钱,低落,雪,朋友,不关心,不吃辣,,38,香煎牛排,西式简餐,1,chosen,0.7237,0.7244,test,snow
1056,早餐,4,52,正常,压力大,热,家人,想健康,中辣,,11,云南小锅米线,面食粉面,1,chosen,0.6882,0.6633,train,normal
1056,早餐,4,52,正常,压力大,热,家人,想健康,中辣,,11,云南小锅米线,面食粉面,1,chosen,0.6882,0.7757,train,normal
1056,早餐,4,52,正常,压力大,热,家人,想健康,中辣,,11,云南小锅米线,面食粉面,1,chosen,0.6882,0.701,train,normal
1057,晚餐,5,76,省着点,一般,雨,同事,不关心,不吃辣,,3,台式卤肉饭,中式快餐盖饭,1,chosen,0.5719,0.6027,train,normal
1057,晚餐,5,76,省着点,一般,雨,同事,不关心,不吃辣,,3,台式卤肉饭,中式快餐盖饭,1,chosen,0.5719,0.6183,train,normal
1057,晚餐,5,76,省着点,一般,雨,同事,不关心,不吃辣,,3,台式卤肉饭,中式快餐盖饭,1,chosen,0.5719,0.5486,train,normal
1058,夜宵,2,55,正常,兴奋,晴,家人,严格控制,微辣,素食,8,番茄鸡蛋面,面食粉面,1,chosen,0.649,0.7038,val,normal
1058,夜宵,2,55,正常,兴奋,晴,家人,严格控制,微辣,素食,8,番茄鸡蛋面,面食粉面,1,chosen,0.649,0.6084,val,normal
1058,夜宵,2,55,正常,兴奋,晴,家人,严格控制,微辣,素食,8,番茄鸡蛋面,面食粉面,1,chosen,0.649,0.7131,val,normal
1058,夜宵,2,55,正常,兴奋,晴,家人,严格控制,微辣,素食,6,兰州牛肉面,面食粉面,0,considered,0.6335,0.622,val,normal
1058,夜宵,2,55,正常,兴奋,晴,家人,严格控制,微辣,素食,11,云南小锅米线,面食粉面,0,considered,0.551,0.5356,val,normal
1059,午餐,4,52,想吃好点,开心,晴,一个人,想健康,微辣,,40,奶油蘑菇汤+面包,西式简餐,1,chosen,0.5371,0.5419,train,normal
1059,午餐,4,52,想吃好点,开心,晴,一个人,想健康,微辣,,42,烤鸡胸配土豆泥,西式简餐,1,chosen,0.5468,0.5236,train,normal
1059,午餐,4,52,想吃好点,开心,晴,一个人,想健康,微辣,,42,烤鸡胸配土豆泥,西式简餐,1,chosen,0.5468,0.5838,train,normal
1059,午餐,4,52,想吃好点,开心,晴,一个人,想健康,微辣,,37,番茄肉酱意面,西式简餐,0,considered,0.5371,0.5424,train,normal
1059,午餐,4,52,想吃好点,开心,晴,一个人,想健康,微辣,,40,奶油蘑菇汤+面包,西式简餐,0,considered,0.5371,0.6005,train,normal
1060,早餐,4,60,省着点,疲惫,晴,同事,严格控制,中辣,,46,燕麦牛奶粥,早餐粥点,1,chosen,0.6968,0.7109,train,normal
1060,早餐,4,60,省着点,疲惫,晴,同事,严格控制,中辣,,46,燕麦牛奶粥,早餐粥点,1,chosen,0.6968,0.6873,train,normal
1060,早餐,4,60,省着点,疲惫,晴,同事,严格控制,中辣,,46,燕麦牛奶粥,早餐粥点,1,chosen,0.6968,0.6805,train,normal
1061,午餐,3,44,想吃好点,兴奋,阴,朋友,不关心,微辣,,42,烤鸡胸配土豆泥,西式简餐,1,chosen,0.6052,0.5712,train,normal
1061,午餐,3,44,想吃好点,兴奋,阴,朋友,不关心,微辣,,42,烤鸡胸配土豆泥,西式简餐,1,chosen,0.6052,0.5711,train,normal
1061,午餐,3,44,想吃好点,兴奋,阴,朋友,不关心,微辣,,42,烤鸡胸配土豆泥,西式简餐,1,chosen,0.6052,0.5765,train,normal
1062,午餐,1,81,不差钱,开心,晴,一个人,想健康,不吃辣,乳制品,42,烤鸡胸配土豆泥,西式简餐,1,chosen,0.4839,0.507,train,normal
1062,午餐,1,81,不差钱,开心,晴,一个人,想健康,不吃辣,乳制品,24,菌汤火锅,火锅麻辣烫,1,chosen,0.5233,0.5359,train,normal
1062,午餐,1,81,不差钱,开心,晴,一个人,想健康,不吃辣,乳制品,24,菌汤火锅,火锅麻辣烫,1,chosen,0.5233,0.5181,train,normal
1062,午餐,1,81,不差钱,开心,晴,一个人,想健康,不吃辣,乳制品,20,清汤火锅,火锅麻辣烫,0,considered,0.5135,0.504,train,normal
1062,午餐,1,81,不差钱,开心,晴,一个人,想健康,不吃辣,乳制品,22,关东煮,火锅麻辣烫,0,considered,0.3285,0.3277,train,normal
1063,晚餐,3,20,正常,开心,热,同事,随便,重辣,,19,麻辣烫,火锅麻辣烫,1,chosen,0.5765,0.5458,train,normal
1063,晚餐,3,20,正常,开心,热,同事,随便,重辣,,19,麻辣烫,火锅麻辣烫,1,chosen,0.5765,0.6066,train,normal
1063,晚餐,3,20,正常,开心,热,同事,随便,重辣,,19,麻辣烫,火锅麻辣烫,1,chosen,0.5765,0.6248,train,normal
1064,午餐,3,52,省着点,兴奋,冷,一个人,不关心,微辣,海鲜,6,兰州牛肉面,面食粉面,1,chosen,0.5415,0.525,val,normal
1064,午餐,3,52,省着点,兴奋,冷,一个人,不关心,微辣,海鲜,6,兰州牛肉面,面食粉面,1,chosen,0.5415,0.5437,val,normal
1064,午餐,3,52,省着点,兴奋,冷,一个人,不关心,微辣,海鲜,6,兰州牛肉面,面食粉面,1,chosen,0.5415,0.5368,val,normal
1065,晚餐,4,53,想吃好点,低落,阴,朋友,不关心,中辣,麸质,15,宫保鸡丁+米饭,家常炒菜,1,chosen,0.6689,0.686,train,normal
1065,晚餐,4,53,想吃好点,低落,阴,朋友,不关心,中辣,麸质,15,宫保鸡丁+米饭,家常炒菜,1,chosen,0.6689,0.6665,train,normal
1065,晚餐,4,53,想吃好点,低落,阴,朋友,不关心,中辣,麸质,15,宫保鸡丁+米饭,家常炒菜,1,chosen,0.6689,0.7333,train,normal
1066,夜宵,2,85,不差钱,一般,冷,家人,不关心,不吃辣,海鲜,24,菌汤火锅,火锅麻辣烫,1,chosen,0.6657,0.6453,train,normal
1066,夜宵,2,85,不差钱,一般,冷,家人,不关心,不吃辣,海鲜,24,菌汤火锅,火锅麻辣烫,1,chosen,0.6657,0.6503,train,normal
1066,夜宵,2,85,不差钱,一般,冷,家人,不关心,不吃辣,海鲜,24,菌汤火锅,火锅麻辣烫,1,chosen,0.6657,0.6735,train,normal
1067,早餐,3,28,正常,一般,阴,同事,严格控制,中辣,素食,46,燕麦牛奶粥,早餐粥点,1,chosen,0.6913,0.6888,train,normal
1067,早餐,3,28,正常,一般,阴,同事,严格控制,中辣,素食,46,燕麦牛奶粥,早餐粥点,1,chosen,0.6913,0.7333,train,normal
1067,早餐,3,28,正常,一般,阴,同事,严格控制,中辣,素食,8,番茄鸡蛋面,面食粉面,1,chosen,0.663,0.6912,train,normal
1067,早餐,3,28,正常,一般,阴,同事,严格控制,中辣,素食,44,小笼包+豆浆,早餐粥点,0,considered,0.6704,0.7011,train,normal
1067,早餐,3,28,正常,一般,阴,同事,严格控制,中辣,素食,43,皮蛋瘦肉粥+油条,早餐粥点,0,considered,0.6655,0.7256,train,normal
1068,午餐,3,20,想吃好点,疲惫,冷,一个人,不关心,微辣,,40,奶油蘑菇汤+面包,西式简餐,1,chosen,0.5926,0.577,train,normal
1068,午餐,3,20,想吃好点,疲惫,冷,一个人,不关心,微辣,,40,奶油蘑菇汤+面包,西式简餐,1,chosen,0.5926,0.6155,train,normal
1068,午餐,3,20,想吃好点,疲惫,冷,一个人,不关心,微辣,,42,烤鸡胸配土豆泥,西式简餐,1,chosen,0.561,0.589,train,normal
1069,午餐,3,56,正常,疲惫,阴,一个人,想健康,中辣,,42,烤鸡胸配土豆泥,西式简餐,1,chosen,0.5743,0.573,val,normal
1069,午餐,3,56,正常,疲惫,阴,一个人,想健康,中辣,,15,宫保鸡丁+米饭,家常炒菜,1,chosen,0.6105,0.5829,val,normal
1069,午餐,3,56,正常,疲惫,阴,一个人,想健康,中辣,,42,烤鸡胸配土豆泥,西式简餐,1,chosen,0.5743,0.5458,val,normal
1069,午餐,3,56,正常,疲惫,阴,一个人,想健康,中辣,,17,蒜蓉西兰花+米饭,家常炒菜,0,considered,0.5506,0.5525,val,normal
1069,午餐,3,56,正常,疲惫,阴,一个人,想健康,中辣,,12,西红柿炒蛋+米饭,家常炒菜,0,considered,0.5506,0.5026,val,normal
1070,早餐,2,39,正常,低落,晴,朋友,随便,中辣,海鲜,11,云南小锅米线,面食粉面,1,chosen,0.6174,0.6911,train,normal
1070,早餐,2,39,正常,低落,晴,朋友,随便,中辣,海鲜,11,云南小锅米线,面食粉面,1,chosen,0.6174,0.6171,train,normal
1070,早餐,2,39,正常,低落,晴,朋友,随便,中辣,海鲜,11,云南小锅米线,面食粉面,1,chosen,0.6174,0.6181,train,normal
1071,早餐,1,37,省着点,低落,雨,同事,想健康,重辣,,46,燕麦牛奶粥,早餐粥点,1,chosen,0.7133,0.7338,train,normal
1071,早餐,1,37,省着点,低落,雨,同事,想健康,重辣,,7,重庆小面,面食粉面,1,chosen,0.6256,0.6283,train,normal
1071,早餐,1,37,省着点,低落,雨,同事,想健康,重辣,,46,燕麦牛奶粥,早餐粥点,1,chosen,0.7133,0.7252,train,normal
1072,午餐,3,33,正常,疲惫,热,朋友,随便,中辣,,15,宫保鸡丁+米饭,家常炒菜,1,chosen,0.6843,0.6514,train,normal
1072,午餐,3,33,正常,疲惫,热,朋友,随便,中辣,,15,宫保鸡丁+米饭,家常炒菜,1,chosen,0.6843,0.6921,train,normal
1072,午餐,3,33,正常,疲惫,热,朋友,随便,中辣,,15,宫保鸡丁+米饭,家常炒菜,1,chosen,0.6843,0.721,train,normal
1073,夜宵,3,54,不差钱,开心,冷,同事,不关心,重辣,海鲜,27,烤茄子,烧烤小吃,1,chosen,0.6493,0.6139,train,normal
1073,夜宵,3,54,不差钱,开心,冷,同事,不关心,重辣,海鲜,26,烤鸡翅,烧烤小吃,1,chosen,0.6625,0.628,train,normal
1073,夜宵,3,54,不差钱,开心,冷,同事,不关心,重辣,海鲜,26,烤鸡翅,烧烤小吃,1,chosen,0.6625,0.6565,train,normal
1074,晚餐,3,69,想吃好点,一般,阴,朋友,想健康,微辣,海鲜,42,烤鸡胸配土豆泥,西式简餐,1,chosen,0.6295,0.6455,train,normal
1074,晚餐,3,69,想吃好点,一般,阴,朋友,想健康,微辣,海鲜,42,烤鸡胸配土豆泥,西式简餐,1,chosen,0.6295,0.626,train,normal
1074,晚餐,3,69,想吃好点,一般,阴,朋友,想健康,微辣,海鲜,42,烤鸡胸配土豆泥,西式简餐,1,chosen,0.6295,0.5709,train,normal
1075,晚餐,2,143,省着点,一般,冷,朋友,想健康,中辣,海鲜,11,云南小锅米线,面食粉面,1,chosen,0.6424,0.6384,train,normal
1075,晚餐,2,143,省着点,一般,冷,朋友,想健康,中辣,海鲜,11,云南小锅米线,面食粉面,1,chosen,0.6424,0.6594,train,normal
1075,晚餐,2,143,省着点,一般,冷,朋友,想健康,中辣,海鲜,2,青椒肉丝盖饭,中式快餐盖饭,1,chosen,0.6182,0.655,train,normal
1076,午餐,3,19,正常,开心,晴,朋友,想健康,微辣,,6,兰州牛肉面,面食粉面,1,chosen,0.6218,0.6101,train,normal
1076,午餐,3,19,正常,开心,晴,朋友,想健康,微辣,,6,兰州牛肉面,面食粉面,1,chosen,0.6218,0.6091,train,normal
1076,午餐,3,19,正常,开心,晴,朋友,想健康,微辣,,2,青椒肉丝盖饭,中式快餐盖饭,1,chosen,0.6136,0.5558,train,normal
1077,下午加餐,3,74,正常,兴奋,热,一个人,随便,微辣,乳制品,34,全麦鸡肉三明治,轻食健康,1,chosen,0.6267,0.5781,train,normal
1077,下午加餐,3,74,正常,兴奋,热,一个人,随便,微辣,乳制品,34,全麦鸡肉三明治,轻食健康,1,chosen,0.6267,0.6699,train,normal
1077,下午加餐,3,74,正常,兴奋,热,一个人,随便,微辣,乳制品,34,全麦鸡肉三明治,轻食健康,1,chosen,0.6267,0.5636,train,normal
1078,夜宵,3,63,想吃好点,开心,阴,一个人,不关心,中辣,"海鲜,乳制品",26,烤鸡翅,烧烤小吃,1,chosen,0.5939,0.5624,train,normal
1078,夜宵,3,63,想吃好点,开心,阴,一个人,不关心,中辣,"海鲜,乳制品",26,烤鸡翅,烧烤小吃,1,chosen,0.5939,0.5152,train,normal
1078,夜宵,3,63,想吃好点,开心,阴,一个人,不关心,中辣,"海鲜,乳制品",26,烤鸡翅,烧烤小吃,1,chosen,0.5939,0.6099,train,normal
1078,夜宵,3,63,想吃好点,开心,阴,一个人,不关心,中辣,"海鲜,乳制品",27,烤茄子,烧烤小吃,0,considered,0.581,0.566,train,normal
1078,夜宵,3,63,想吃好点,开心,阴,一个人,不关心,中辣,"海鲜,乳制品",30,铁板豆腐,烧烤小吃,0,considered,0.5764,0.5483,train,normal
1079,夜宵,5,56,不差钱,疲惫,晴,家人,想健康,中辣,乳制品,24,菌汤火锅,火锅麻辣烫,1,chosen,0.7185,0.6959,val,normal
1079,夜宵,5,56,不差钱,疲惫,晴,家人,想健康,中辣,乳制品,26,烤鸡翅,烧烤小吃,1,chosen,0.701,0.6899,val,normal
1079,夜宵,5,56,不差钱,疲惫,晴,家人,想健康,中辣,乳制品,24,菌汤火锅,火锅麻辣烫,1,chosen,0.7185,0.7287,val,normal
1080,午餐,3,40,正常,一般,雨,同事,严格控制,重辣,,12,西红柿炒蛋+米饭,家常炒菜,1,chosen,0.6328,0.6488,test,normal
1080,午餐,3,40,正常,一般,雨,同事,严格控制,重辣,,13,麻婆豆腐+米饭,家常炒菜,1,chosen,0.651,0.6572,test,normal
1080,午餐,3,40,正常,一般,雨,同事,严格控制,重辣,,13,麻婆豆腐+米饭,家常炒菜,1,chosen,0.651,0.6801,test,normal
1081,夜宵,1,75,想吃好点,兴奋,晴,一个人,想健康,中辣,,30,铁板豆腐,烧烤小吃,1,chosen,0.607,0.659,train,normal
1081,夜宵,1,75,想吃好点,兴奋,晴,一个人,想健康,中辣,,30,铁板豆腐,烧烤小吃,1,chosen,0.607,0.6285,train,normal
1081,夜宵,1,75,想吃好点,兴奋,晴,一个人,想健康,中辣,,30,铁板豆腐,烧烤小吃,1,chosen,0.607,0.653,train,normal
1082,晚餐,2,66,正常,压力大,冷,家人,不关心,不吃辣,素食,40,奶油蘑菇汤+面包,西式简餐,1,chosen,0.6527,0.7017,train,normal
1082,晚餐,2,66,正常,压力大,冷,家人,不关心,不吃辣,素食,40,奶油蘑菇汤+面包,西式简餐,1,chosen,0.6527,0.704,train,normal
1082,晚餐,2,66,正常,压力大,冷,家人,不关心,不吃辣,素食,40,奶油蘑菇汤+面包,西式简餐,1,chosen,0.6527,0.6451,train,normal
1083,午餐,3,80,正常,一般,冷,朋友,想健康,微辣,,42,烤鸡胸配土豆泥,西式简餐,1,chosen,0.6684,0.7338,train,normal
1083,午餐,3,80,正常,一般,冷,朋友,想健康,微辣,,42,烤鸡胸配土豆泥,西式简餐,1,chosen,0.6684,0.6851,train,normal
1083,午餐,3,80,正常,一般,冷,朋友,想健康,微辣,,42,烤鸡胸配土豆泥,西式简餐,1,chosen,0.6684,0.5905,train,normal
1084,下午加餐,4,67,想吃好点,一般,雪,同事,想健康,微辣,乳制品,34,全麦鸡肉三明治,轻食健康,1,chosen,0.687,0.6619,test,snow
1084,下午加餐,4,67,想吃好点,一般,雪,同事,想健康,微辣,乳制品,34,全麦鸡肉三明治,轻食健康,1,chosen,0.687,0.6477,test,snow
1084,下午加餐,4,67,想吃好点,一般,雪,同事,想健康,微辣,乳制品,34,全麦鸡肉三明治,轻食健康,1,chosen,0.687,0.6108,test,snow
1085,午餐,4,73,想吃好点,一般,雪,一个人,随便,中辣,,40,奶油蘑菇汤+面包,西式简餐,1,chosen,0.6111,0.6153,test,snow
1085,午餐,4,73,想吃好点,一般,雪,一个人,随便,中辣,,15,宫保鸡丁+米饭,家常炒菜,1,chosen,0.638,0.6862,test,snow
1085,午餐,4,73,想吃好点,一般,雪,一个人,随便,中辣,,15,宫保鸡丁+米饭,家常炒菜,1,chosen,0.638,0.6434,test,snow
1086,晚餐,3,15,正常,一般,晴,朋友,想健康,重辣,,13,麻婆豆腐+米饭,家常炒菜,1,chosen,0.6358,0.6331,train,normal
1086,晚餐,3,15,正常,一般,晴,朋友,想健康,重辣,,6,兰州牛肉面,面食粉面,1,chosen,0.6103,0.6345,train,normal
1086,晚餐,3,15,正常,一般,晴,朋友,想健康,重辣,,15,宫保鸡丁+米饭,家常炒菜,1,chosen,0.6129,0.5849,train,normal
1087,夜宵,1,83,正常,一般,阴,一个人,不关心,微辣,,28,烤冷面,烧烤小吃,1,chosen,0.5231,0.5604,test,normal
1087,夜宵,1,83,正常,一般,阴,一个人,不关心,微辣,,28,烤冷面,烧烤小吃,1,chosen,0.5231,0.5562,test,normal
1087,夜宵,1,83,正常,一般,阴,一个人,不关心,微辣,,28,烤冷面,烧烤小吃,1,chosen,0.5231,0.4586,test,normal
1087,夜宵,1,83,正常,一般,阴,一个人,不关心,微辣,,30,铁板豆腐,烧烤小吃,0,considered,0.4894,0.4728,test,normal
1087,夜宵,1,83,正常,一般,阴,一个人,不关心,微辣,,27,烤茄子,烧烤小吃,0,considered,0.4758,0.4949,test,normal
1088,午餐,2,15,想吃好点,一般,雨,同事,随便,中辣,,26,烤鸡翅,烧烤小吃,1,chosen,0.5691,0.564,test,normal
1088,午餐,2,15,想吃好点,一般,雨,同事,随便,中辣,,26,烤鸡翅,烧烤小吃,1,chosen,0.5691,0.585,test,normal
1088,午餐,2,15,想吃好点,一般,雨,同事,随便,中辣,,26,烤鸡翅,烧烤小吃,1,chosen,0.5691,0.6078,test,normal
1089,晚餐,3,76,不差钱,压力大,冷,同事,想健康,不吃辣,素食,24,菌汤火锅,火锅麻辣烫,1,chosen,0.6585,0.6462,train,normal
1089,晚餐,3,76,不差钱,压力大,冷,同事,想健康,不吃辣,素食,24,菌汤火锅,火锅麻辣烫,1,chosen,0.6585,0.697,train,normal
1089,晚餐,3,76,不差钱,压力大,冷,同事,想健康,不吃辣,素食,24,菌汤火锅,火锅麻辣烫,1,chosen,0.6585,0.6789,train,normal
1089,晚餐,3,76,不差钱,压力大,冷,同事,想健康,不吃辣,素食,20,清汤火锅,火锅麻辣烫,0,considered,0.6487,0.6428,train,normal
1089,晚餐,3,76,不差钱,压力大,冷,同事,想健康,不吃辣,素食,22,关东煮,火锅麻辣烫,0,considered,0.4469,0.4902,train,normal
1090,早餐,5,26,省着点,疲惫,阴,同事,严格控制,不吃辣,,43,皮蛋瘦肉粥+油条,早餐粥点,1,chosen,0.6852,0.7112,train,normal
1090,早餐,5,26,省着点,疲惫,阴,同事,严格控制,不吃辣,,43,皮蛋瘦肉粥+油条,早餐粥点,1,chosen,0.6852,0.7162,train,normal
1090,早餐,5,26,省着点,疲惫,阴,同事,严格控制,不吃辣,,43,皮蛋瘦肉粥+油条,早餐粥点,1,chosen,0.6852,0.7184,train,normal
1091,夜宵,1,27,省着点,一般,热,朋友,随便,不吃辣,麸质,8,番茄鸡蛋面,面食粉面,1,chosen,0.5528,0.5117,val,normal
1091,夜宵,1,27,省着点,一般,热,朋友,随便,不吃辣,麸质,8,番茄鸡蛋面,面食粉面,1,chosen,0.5528,0.547,val,normal
1091,夜宵,1,27,省着点,一般,热,朋友,随便,不吃辣,麸质,8,番茄鸡蛋面,面食粉面,1,chosen,0.5528,0.5126,val,normal
1092,晚餐,1,83,正常,一般,阴,一个人,不关心,重辣,海鲜,19,麻辣烫,火锅麻辣烫,1,chosen,0.4867,0.489,val,normal
1092,晚餐,1,83,正常,一般,阴,一个人,不关心,重辣,海鲜,26,烤鸡翅,烧烤小吃,1,chosen,0.4701,0.4726,val,normal
1092,晚餐,1,83,正常,一般,阴,一个人,不关心,重辣,海鲜,19,麻辣烫,火锅麻辣烫,1,chosen,0.4867,0.4552,val,normal
1092,晚餐,1,83,正常,一般,阴,一个人,不关心,重辣,海鲜,23,冒菜,火锅麻辣烫,0,considered,0.4459,0.4347,val,normal
1092,晚餐,1,83,正常,一般,阴,一个人,不关心,重辣,海鲜,22,关东煮,火锅麻辣烫,0,considered,0.4039,0.3725,val,normal
1093,夜宵,3,33,正常,开心,热,同事,想健康,微辣,素食,6,兰州牛肉面,面食粉面,1,chosen,0.6317,0.5932,train,normal
1093,夜宵,3,33,正常,开心,热,同事,想健康,微辣,素食,6,兰州牛肉面,面食粉面,1,chosen,0.6317,0.6311,train,normal
1093,夜宵,3,33,正常,开心,热,同事,想健康,微辣,素食,6,兰州牛肉面,面食粉面,1,chosen,0.6317,0.6477,train,normal
1094,晚餐,3,15,正常,兴奋,热,家人,随便,重辣,海鲜,19,麻辣烫,火锅麻辣烫,1,chosen,0.6,0.5689,train,normal
1094,晚餐,3,15,正常,兴奋,热,家人,随便,重辣,海鲜,19,麻辣烫,火锅麻辣烫,1,chosen,0.6,0.5921,train,normal
1094,晚餐,3,15,正常,兴奋,热,家人,随便,重辣,海鲜,19,麻辣烫,火锅麻辣烫,1,chosen,0.6,0.6091,train,normal
1095,午餐,5,23,想吃好点,压力大,冷,家人,严格控制,微辣,,2,青椒肉丝盖饭,中式快餐盖饭,1,chosen,0.7073,0.7242,train,normal
1095,午餐,5,23,想吃好点,压力大,冷,家人,严格控制,微辣,,2,青椒肉丝盖饭,中式快餐盖饭,1,chosen,0.7073,0.7297,train,normal
1095,午餐,5,23,想吃好点,压力大,冷,家人,严格控制,微辣,,2,青椒肉丝盖饭,中式快餐盖饭,1,chosen,0.7073,0.686,train,normal
1096,夜宵,3,60,想吃好点,开心,热,朋友,不关心,中辣,乳制品,26,烤鸡翅,烧烤小吃,1,chosen,0.6974,0.7398,train,normal
1096,夜宵,3,60,想吃好点,开心,热,朋友,不关心,中辣,乳制品,26,烤鸡翅,烧烤小吃,1,chosen,0.6974,0.747,train,normal
1096,夜宵,3,60,想吃好点,开心,热,朋友,不关心,中辣,乳制品,26,烤鸡翅,烧烤小吃,1,chosen,0.6974,0.6944,train,normal
1096,夜宵,3,60,想吃好点,开心,热,朋友,不关心,中辣,乳制品,27,烤茄子,烧烤小吃,0,considered,0.6537,0.6885,train,normal
1096,夜宵,3,60,想吃好点,开心,热,朋友,不关心,中辣,乳制品,25,烤羊肉串,烧烤小吃,0,considered,0.6462,0.609,train,normal
1097,午餐,2,48,省着点,一般,冷,约会,不关心,微辣,,6,兰州牛肉面,面食粉面,1,chosen,0.6056,0.5954,train,normal
1097,午餐,2,48,省着点,一般,冷,约会,不关心,微辣,,6,兰州牛肉面,面食粉面,1,chosen,0.6056,0.6152,train,normal
1097,午餐,2,48,省着点,一般,冷,约会,不关心,微辣,,6,兰州牛肉面,面食粉面,1,chosen,0.6056,0.6024,train,normal
1097,午餐,2,48,省着点,一般,冷,约会,不关心,微辣,,8,番茄鸡蛋面,面食粉面,0,considered,0.5492,0.5453,train,normal
1097,午餐,2,48,省着点,一般,冷,约会,不关心,微辣,,9,炸酱面,面食粉面,0,considered,0.5358,0.5739,train,normal
1098,午餐,2,40,不差钱,一般,热,朋友,随便,重辣,,19,麻辣烫,火锅麻辣烫,1,chosen,0.6046,0.6257,train,normal
1098,午餐,2,40,不差钱,一般,热,朋友,随便,重辣,,19,麻辣烫,火锅麻辣烫,1,chosen,0.6046,0.6706,train,normal
1098,午餐,2,40,不差钱,一般,热,朋友,随便,重辣,,19,麻辣烫,火锅麻辣烫,1,chosen,0.6046,0.5582,train,normal
1099,夜宵,3,56,正常,一般,晴,朋友,想健康,微辣,素食,6,兰州牛肉面,面食粉面,1,chosen,0.6511,0.6908,train,normal
1099,夜宵,3,56,正常,一般,晴,朋友,想健康,微辣,素食,6,兰州牛肉面,面食粉面,1,chosen,0.6511,0.6038,train,normal
1099,夜宵,3,56,正常,一般,晴,朋友,想健康,微辣,素食,6,兰州牛肉面,面食粉面,1,chosen,0.6511,0.6814,train,normal
1100,晚餐,4,71,不差钱,疲惫,晴,家人,不关心,微辣,,20,清汤火锅,火锅麻辣烫,1,chosen,0.6422,0.6305,train,normal
1100,晚餐,4,71,不差钱,疲惫,晴,家人,不关心,微辣,,24,菌汤火锅,火锅麻辣烫,1,chosen,0.6422,0.6668,train,normal
1100,晚餐,4,71,不差钱,疲惫,晴,家人,不关心,微辣,,24,菌汤火锅,火锅麻辣烫,1,chosen,0.6422,0.7019,train,normal
1101,午餐,4,92,不差钱,疲惫,雨,同事,随便,中辣,,15,宫保鸡丁+米饭,家常炒菜,1,chosen,0.6304,0.6142,val,normal
1101,午餐,4,92,不差钱,疲惫,雨,同事,随便,中辣,,15,宫保鸡丁+米饭,家常炒菜,1,chosen,0.6304,0.5922,val,normal
1101,午餐,4,92,不差钱,疲惫,雨,同事,随便,中辣,,15,宫保鸡丁+米饭,家常炒菜,1,chosen,0.6304,0.6286,val,normal
1101,午餐,4,92,不差钱,疲惫,雨,同事,随便,中辣,,18,地三鲜+米饭,家常炒菜,0,considered,0.617,0.6619,val,normal
1101,午餐,4,92,不差钱,疲惫,雨,同事,随便,中辣,,13,麻婆豆腐+米饭,家常炒菜,0,considered,0.54,0.5325,val,normal
1102,夜宵,3,29,想吃好点,低落,晴,一个人,想健康,重辣,,26,烤鸡翅,烧烤小吃,1,chosen,0.6525,0.5943,val,normal
1102,夜宵,3,29,想吃好点,低落,晴,一个人,想健康,重辣,,26,烤鸡翅,烧烤小吃,1,chosen,0.6525,0.6868,val,normal
1102,夜宵,3,29,想吃好点,低落,晴,一个人,想健康,重辣,,26,烤鸡翅,烧烤小吃,1,chosen,0.6525,0.5676,val,normal
1103,晚餐,3,78,省着点,疲惫,雨,一个人,不关心,不吃辣,,9,炸酱面,面食粉面,1,chosen,0.5672,0.5847,train,normal
1103,晚餐,3,78,省着点,疲惫,雨,一个人,不关心,不吃辣,,9,炸酱面,面食粉面,1,chosen,0.5672,0.5724,train,normal
1103,晚餐,3,78,省着点,疲惫,雨,一个人,不关心,不吃辣,,9,炸酱面,面食粉面,1,chosen,0.5672,0.575,train,normal
1104,晚餐,4,48,省着点,压力大,阴,家人,想健康,中辣,素食,11,云南小锅米线,面食粉面,1,chosen,0.6587,0.6649,train,normal
1104,晚餐,4,48,省着点,压力大,阴,家人,想健康,中辣,素食,11,云南小锅米线,面食粉面,1,chosen,0.6587,0.6553,train,normal
1104,晚餐,4,48,省着点,压力大,阴,家人,想健康,中辣,素食,11,云南小锅米线,面食粉面,1,chosen,0.6587,0.6473,train,normal
1104,晚餐,4,48,省着点,压力大,阴,家人,想健康,中辣,素食,6,兰州牛肉面,面食粉面,0,considered,0.6481,0.704,train,normal
1104,晚餐,4,48,省着点,压力大,阴,家人,想健康,中辣,素食,9,炸酱面,面食粉面,0,considered,0.6418,0.6548,train,normal
1105,午餐,3,58,省着点,一般,雨,朋友,随便,微辣,,45,杂粮煎饼果子,早餐粥点,1,chosen,0.5996,0.6105,train,normal
1105,午餐,3,58,省着点,一般,雨,朋友,随便,微辣,,6,兰州牛肉面,面食粉面,1,chosen,0.6137,0.5824,train,normal
1105,午餐,3,58,省着点,一般,雨,朋友,随便,微辣,,6,兰州牛肉面,面食粉面,1,chosen,0.6137,0.57,train,normal
1105,午餐,3,58,省着点,一般,雨,朋友,随便,微辣,,9,炸酱面,面食粉面,0,considered,0.5944,0.5439,train,normal
1105,午餐,3,58,省着点,一般,雨,朋友,随便,微辣,,11,云南小锅米线,面食粉面,0,considered,0.5367,0.5566,train,normal
1106,夜宵,3,68,省着点,开心,冷,朋友,想健康,中辣,素食,30,铁板豆腐,烧烤小吃,1,chosen,0.7282,0.7586,train,normal
1106,夜宵,3,68,省着点,开心,冷,朋友,想健康,中辣,素食,27,烤茄子,烧烤小吃,1,chosen,0.7273,0.7285,train,normal
1106,夜宵,3,68,省着点,开心,冷,朋友,想健康,中辣,素食,30,铁板豆腐,烧烤小吃,1,chosen,0.7282,0.7496,train,normal
1107,早餐,2,27,想吃好点,一般,阴,一个人,想健康,不吃辣,海鲜,46,燕麦牛奶粥,早餐粥点,1,chosen,0.6002,0.675,train,normal
1107,早餐,2,27,想吃好点,一般,阴,一个人,想健康,不吃辣,海鲜,46,燕麦牛奶粥,早餐粥点,1,chosen,0.6002,0.5317,train,normal
1107,早餐,2,27,想吃好点,一般,阴,一个人,想健康,不吃辣,海鲜,46,燕麦牛奶粥,早餐粥点,1,chosen,0.6002,0.5789,train,normal
1107,早餐,2,27,想吃好点,一般,阴,一个人,想健康,不吃辣,海鲜,44,小笼包+豆浆,早餐粥点,0,considered,0.5762,0.6369,train,normal
1107,早餐,2,27,想吃好点,一般,阴,一个人,想健康,不吃辣,海鲜,43,皮蛋瘦肉粥+油条,早餐粥点,0,considered,0.5727,0.6044,train,normal
1108,晚餐,4,60,不差钱,压力大,晴,同事,想健康,中辣,素食,24,菌汤火锅,火锅麻辣烫,1,chosen,0.6104,0.5753,train,normal
1108,晚餐,4,60,不差钱,压力大,晴,同事,想健康,中辣,素食,24,菌汤火锅,火锅麻辣烫,1,chosen,0.6104,0.5868,train,normal
1108,晚餐,4,60,不差钱,压力大,晴,同事,想健康,中辣,素食,24,菌汤火锅,火锅麻辣烫,1,chosen,0.6104,0.5646,train,normal
1108,晚餐,4,60,不差钱,压力大,晴,同事,想健康,中辣,素食,20,清汤火锅,火锅麻辣烫,0,considered,0.6006,0.5077,train,normal
1108,晚餐,4,60,不差钱,压力大,晴,同事,想健康,中辣,素食,23,冒菜,火锅麻辣烫,0,considered,0.5063,0.5251,train,normal
1109,早餐,4,70,想吃好点,兴奋,雨,朋友,想健康,微辣,麸质,6,兰州牛肉面,面食粉面,1,chosen,0.674,0.662,train,normal
1109,早餐,4,70,想吃好点,兴奋,雨,朋友,想健康,微辣,麸质,6,兰州牛肉面,面食粉面,1,chosen,0.674,0.7054,train,normal
1109,早餐,4,70,想吃好点,兴奋,雨,朋友,想健康,微辣,麸质,6,兰州牛肉面,面食粉面,1,chosen,0.674,0.7077,train,normal
1109,早餐,4,70,想吃好点,兴奋,雨,朋友,想健康,微辣,麸质,8,番茄鸡蛋面,面食粉面,0,considered,0.644,0.6357,train,normal
1109,早餐,4,70,想吃好点,兴奋,雨,朋友,想健康,微辣,麸质,9,炸酱面,面食粉面,0,considered,0.602,0.5829,train,normal
1110,夜宵,4,44,想吃好点,开心,冷,约会,想健康,微辣,乳制品,6,兰州牛肉面,面食粉面,1,chosen,0.7198,0.7358,train,normal
1110,夜宵,4,44,想吃好点,开心,冷,约会,想健康,微辣,乳制品,6,兰州牛肉面,面食粉面,1,chosen,0.7198,0.7102,train,normal
1110,夜宵,4,44,想吃好点,开心,冷,约会,想健康,微辣,乳制品,6,兰州牛肉面,面食粉面,1,chosen,0.7198,0.7384,train,normal
1111,晚餐,3,42,省着点,开心,阴,一个人,不关心,微辣,,6,兰州牛肉面,面食粉面,1,chosen,0.4959,0.4814,train,normal
1111,晚餐,3,42,省着点,开心,阴,一个人,不关心,微辣,,6,兰州牛肉面,面食粉面,1,chosen,0.4959,0.5439,train,normal
1111,晚餐,3,42,省着点,开心,阴,一个人,不关心,微辣,,6,兰州牛肉面,面食粉面,1,chosen,0.4959,0.4457,train,normal
1111,晚餐,3,42,省着点,开心,阴,一个人,不关心,微辣,,9,炸酱面,面食粉面,0,considered,0.4793,0.4273,train,normal
1111,晚餐,3,42,省着点,开心,阴,一个人,不关心,微辣,,8,番茄鸡蛋面,面食粉面,0,considered,0.4352,0.353,train,normal
1112,晚餐,2,56,不差钱,开心,阴,朋友,不关心,微辣,,24,菌汤火锅,火锅麻辣烫,1,chosen,0.5897,0.6069,test,normal
1112,晚餐,2,56,不差钱,开心,阴,朋友,不关心,微辣,,24,菌汤火锅,火锅麻辣烫,1,chosen,0.5897,0.6032,test,normal
1112,晚餐,2,56,不差钱,开心,阴,朋友,不关心,微辣,,24,菌汤火锅,火锅麻辣烫,1,chosen,0.5897,0.6185,test,normal
1113,午餐,2,76,想吃好点,疲惫,热,家人,不关心,中辣,麸质,15,宫保鸡丁+米饭,家常炒菜,1,chosen,0.6463,0.6905,train,normal
1113,午餐,2,76,想吃好点,疲惫,热,家人,不关心,中辣,麸质,15,宫保鸡丁+米饭,家常炒菜,1,chosen,0.6463,0.7221,train,normal
1113,午餐,2,76,想吃好点,疲惫,热,家人,不关心,中辣,麸质,15,宫保鸡丁+米饭,家常炒菜,1,chosen,0.6463,0.6358,train,normal
1114,午餐,3,28,正常,开心,雨,一个人,想健康,中辣,麸质,15,宫保鸡丁+米饭,家常炒菜,1,chosen,0.6176,0.6288,train,normal
1114,午餐,3,28,正常,开心,雨,一个人,想健康,中辣,麸质,15,宫保鸡丁+米饭,家常炒菜,1,chosen,0.6176,0.7053,train,normal
1114,午餐,3,28,正常,开心,雨,一个人,想健康,中辣,麸质,15,宫保鸡丁+米饭,家常炒菜,1,chosen,0.6176,0.6135,train,normal
1115,晚餐,4,55,想吃好点,疲惫,晴,一个人,随便,不吃辣,,18,地三鲜+米饭,家常炒菜,1,chosen,0.5556,0.5271,train,normal
1115,晚餐,4,55,想吃好点,疲惫,晴,一个人,随便,不吃辣,,18,地三鲜+米饭,家常炒菜,1,chosen,0.5556,0.588,train,normal
1115,晚餐,4,55,想吃好点,疲惫,晴,一个人,随便,不吃辣,,18,地三鲜+米饭,家常炒菜,1,chosen,0.5556,0.5638,train,normal
1116,午餐,2,29,想吃好点,兴奋,晴,同事,随便,不吃辣,麸质,42,烤鸡胸配土豆泥,西式简餐,1,chosen,0.5174,0.4833,train,normal
1116,午餐,2,29,想吃好点,兴奋,晴,同事,随便,不吃辣,麸质,42,烤鸡胸配土豆泥,西式简餐,1,chosen,0.5174,0.5176,train,normal
1116,午餐,2,29,想吃好点,兴奋,晴,同事,随便,不吃辣,麸质,42,烤鸡胸配土豆泥,西式简餐,1,chosen,0.5174,0.4906,train,normal
1116,午餐,2,29,想吃好点,兴奋,晴,同事,随便,不吃辣,麸质,38,香煎牛排,西式简餐,0,considered,0.4895,0.532,train,normal
1116,午餐,2,29,想吃好点,兴奋,晴,同事,随便,不吃辣,麸质,37,番茄肉酱意面,西式简餐,0,considered,0.0,0.0666,train,normal
1117,晚餐,3,15,正常,开心,晴,朋友,不关心,不吃辣,,40,奶油蘑菇汤+面包,西式简餐,1,chosen,0.5634,0.6338,train,normal
1117,晚餐,3,15,正常,开心,晴,朋友,不关心,不吃辣,,9,炸酱面,面食粉面,1,chosen,0.5541,0.5749,train,normal
1117,晚餐,3,15,正常,开心,晴,朋友,不关心,不吃辣,,40,奶油蘑菇汤+面包,西式简餐,1,chosen,0.5634,0.532,train,normal
1118,晚餐,5,20,正常,一般,阴,同事,想健康,微辣,,2,青椒肉丝盖饭,中式快餐盖饭,1,chosen,0.5715,0.5737,train,normal
1118,晚餐,5,20,正常,一般,阴,同事,想健康,微辣,,2,青椒肉丝盖饭,中式快餐盖饭,1,chosen,0.5715,0.558,train,normal
1118,晚餐,5,20,正常,一般,阴,同事,想健康,微辣,,2,青椒肉丝盖饭,中式快餐盖饭,1,chosen,0.5715,0.5758,train,normal
1119,午餐,4,53,不差钱,压力大,雪,同事,严格控制,不吃辣,,42,烤鸡胸配土豆泥,西式简餐,1,chosen,0.7293,0.7272,test,snow
1119,午餐,4,53,不差钱,压力大,雪,同事,严格控制,不吃辣,,42,烤鸡胸配土豆泥,西式简餐,1,chosen,0.7293,0.7046,test,snow
1119,午餐,4,53,不差钱,压力大,雪,同事,严格控制,不吃辣,,12,西红柿炒蛋+米饭,家常炒菜,1,chosen,0.6919,0.6815,test,snow
1119,午餐,4,53,不差钱,压力大,雪,同事,严格控制,不吃辣,,37,番茄肉酱意面,西式简餐,0,considered,0.7166,0.7428,test,snow
1119,午餐,4,53,不差钱,压力大,雪,同事,严格控制,不吃辣,,40,奶油蘑菇汤+面包,西式简餐,0,considered,0.7116,0.6837,test,snow
1120,早餐,1,89,正常,一般,晴,朋友,想健康,中辣,,46,燕麦牛奶粥,早餐粥点,1,chosen,0.6219,0.6411,train,normal
1120,早餐,1,89,正常,一般,晴,朋友,想健康,中辣,,46,燕麦牛奶粥,早餐粥点,1,chosen,0.6219,0.6642,train,normal
1120,早餐,1,89,正常,一般,晴,朋友,想健康,中辣,,46,燕麦牛奶粥,早餐粥点,1,chosen,0.6219,0.6186,train,normal
1120,早餐,1,89,正常,一般,晴,朋友,想健康,中辣,,44,小笼包+豆浆,早餐粥点,0,considered,0.6097,0.5927,train,normal
1120,早餐,1,89,正常,一般,晴,朋友,想健康,中辣,,43,皮蛋瘦肉粥+油条,早餐粥点,0,considered,0.6075,0.5514,train,normal
1121,午餐,3,67,正常,一般,晴,朋友,随便,中辣,,15,宫保鸡丁+米饭,家常炒菜,1,chosen,0.6281,0.6248,train,normal
1121,午餐,3,67,正常,一般,晴,朋友,随便,中辣,,15,宫保鸡丁+米饭,家常炒菜,1,chosen,0.6281,0.6519,train,normal
1121,午餐,3,67,正常,一般,晴,朋友,随便,中辣,,15,宫保鸡丁+米饭,家常炒菜,1,chosen,0.6281,0.7094,train,normal
1122,晚餐,4,73,想吃好点,开心,热,一个人,想健康,中辣,海鲜,15,宫保鸡丁+米饭,家常炒菜,1,chosen,0.5818,0.5758,val,normal
1122,晚餐,4,73,想吃好点,开心,热,一个人,想健康,中辣,海鲜,15,宫保鸡丁+米饭,家常炒菜,1,chosen,0.5818,0.6252,val,normal
1122,晚餐,4,73,想吃好点,开心,热,一个人,想健康,中辣,海鲜,15,宫保鸡丁+米饭,家常炒菜,1,chosen,0.5818,0.5539,val,normal
1123,晚餐,3,35,正常,疲惫,阴,朋友,严格控制,中辣,,15,宫保鸡丁+米饭,家常炒菜,1,chosen,0.7215,0.6741,train,normal
1123,晚餐,3,35,正常,疲惫,阴,朋友,严格控制,中辣,,15,宫保鸡丁+米饭,家常炒菜,1,chosen,0.7215,0.742,train,normal
1123,晚餐,3,35,正常,疲惫,阴,朋友,严格控制,中辣,,15,宫保鸡丁+米饭,家常炒菜,1,chosen,0.7215,0.7018,train,normal
1123,晚餐,3,35,正常,疲惫,阴,朋友,严格控制,中辣,,12,西红柿炒蛋+米饭,家常炒菜,0,considered,0.6512,0.6011,train,normal
1123,晚餐,3,35,正常,疲惫,阴,朋友,严格控制,中辣,,17,蒜蓉西兰花+米饭,家常炒菜,0,considered,0.6485,0.7033,train,normal
1124,晚餐,4,95,正常,兴奋,晴,一个人,想健康,中辣,,15,宫保鸡丁+米饭,家常炒菜,1,chosen,0.5742,0.5284,train,normal
1124,晚餐,4,95,正常,兴奋,晴,一个人,想健康,中辣,,42,烤鸡胸配土豆泥,西式简餐,1,chosen,0.5409,0.5254,train,normal
1124,晚餐,4,95,正常,兴奋,晴,一个人,想健康,中辣,,15,宫保鸡丁+米饭,家常炒菜,1,chosen,0.5742,0.5931,train,normal
1124,晚餐,4,95,正常,兴奋,晴,一个人,想健康,中辣,,18,地三鲜+米饭,家常炒菜,0,considered,0.5315,0.4689,train,normal
1124,晚餐,4,95,正常,兴奋,晴,一个人,想健康,中辣,,13,麻婆豆腐+米饭,家常炒菜,0,considered,0.486,0.5173,train,normal
1125,下午加餐,5,99,不差钱,疲惫,冷,家人,随便,中辣,,32,藜麦牛油果碗,轻食健康,1,chosen,0.5814,0.5472,train,normal
1125,下午加餐,5,99,不差钱,疲惫,冷,家人,随便,中辣,,32,藜麦牛油果碗,轻食健康,1,chosen,0.5814,0.5873,train,normal
1125,下午加餐,5,99,不差钱,疲惫,冷,家人,随便,中辣,,32,藜麦牛油果碗,轻食健康,1,chosen,0.5814,0.6547,train,normal
1126,晚餐,4,87,想吃好点,开心,晴,一个人,随便,中辣,海鲜,40,奶油蘑菇汤+面包,西式简餐,1,chosen,0.5077,0.4999,train,normal
1126,晚餐,4,87,想吃好点,开心,晴,一个人,随便,中辣,海鲜,15,宫保鸡丁+米饭,家常炒菜,1,chosen,0.5346,0.5088,train,normal
1126,晚餐,4,87,想吃好点,开心,晴,一个人,随便,中辣,海鲜,15,宫保鸡丁+米饭,家常炒菜,1,chosen,0.5346,0.4939,train,normal
1127,晚餐,3,15,正常,开心,冷,约会,想健康,微辣,,6,兰州牛肉面,面食粉面,1,chosen,0.6882,0.6941,train,normal
1127,晚餐,3,15,正常,开心,冷,约会,想健康,微辣,,40,奶油蘑菇汤+面包,西式简餐,1,chosen,0.6646,0.6356,train,normal
1127,晚餐,3,15,正常,开心,冷,约会,想健康,微辣,,6,兰州牛肉面,面食粉面,1,chosen,0.6882,0.7671,train,normal
1128,夜宵,5,24,想吃好点,开心,冷,约会,不关心,微辣,"海鲜,乳制品",6,兰州牛肉面,面食粉面,1,chosen,0.6807,0.6935,train,normal
1128,夜宵,5,24,想吃好点,开心,冷,约会,不关心,微辣,"海鲜,乳制品",6,兰州牛肉面,面食粉面,1,chosen,0.6807,0.6357,train,normal
1128,夜宵,5,24,想吃好点,开心,冷,约会,不关心,微辣,"海鲜,乳制品",2,青椒肉丝盖饭,中式快餐盖饭,1,chosen,0.6454,0.6358,train,normal
1129,午餐,3,50,省着点,一般,晴,朋友,不关心,中辣,海鲜,2,青椒肉丝盖饭,中式快餐盖饭,1,chosen,0.5581,0.5878,train,normal
1129,午餐,3,50,省着点,一般,晴,朋友,不关心,中辣,海鲜,11,云南小锅米线,面食粉面,1,chosen,0.5823,0.5481,train,normal
1129,午餐,3,50,省着点,一般,晴,朋友,不关心,中辣,海鲜,11,云南小锅米线,面食粉面,1,chosen,0.5823,0.5845,train,normal
1130,晚餐,2,15,不差钱,低落,雨,一个人,随便,中辣,,26,烤鸡翅,烧烤小吃,1,chosen,0.5577,0.541,train,normal
1130,晚餐,2,15,不差钱,低落,雨,一个人,随便,中辣,,26,烤鸡翅,烧烤小吃,1,chosen,0.5577,0.5209,train,normal
1130,晚餐,2,15,不差钱,低落,雨,一个人,随便,中辣,,26,烤鸡翅,烧烤小吃,1,chosen,0.5577,0.5509,train,normal
1130,晚餐,2,15,不差钱,低落,雨,一个人,随便,中辣,,25,烤羊肉串,烧烤小吃,0,considered,0.5299,0.4855,train,normal
1130,晚餐,2,15,不差钱,低落,雨,一个人,随便,中辣,,27,烤茄子,烧烤小吃,0,considered,0.4971,0.4673,train,normal
1131,午餐,4,96,省着点,疲惫,雨,一个人,不关心,中辣,,2,青椒肉丝盖饭,中式快餐盖饭,1,chosen,0.5837,0.5823,train,normal
1131,午餐,4,96,省着点,疲惫,雨,一个人,不关心,中辣,,45,杂粮煎饼果子,早餐粥点,1,chosen,0.5886,0.6039,train,normal
1131,午餐,4,96,省着点,疲惫,雨,一个人,不关心,中辣,,11,云南小锅米线,面食粉面,1,chosen,0.5879,0.6108,train,normal
1131,午餐,4,96,省着点,疲惫,雨,一个人,不关心,中辣,,44,小笼包+豆浆,早餐粥点,0,considered,0.4898,0.4684,train,normal
1131,午餐,4,96,省着点,疲惫,雨,一个人,不关心,中辣,,43,皮蛋瘦肉粥+油条,早餐粥点,0,considered,0.4898,0.4457,train,normal
1132,夜宵,4,47,不差钱,疲惫,晴,同事,不关心,不吃辣,"海鲜,乳制品",37,番茄肉酱意面,西式简餐,1,chosen,0.5596,0.5687,train,normal
1132,夜宵,4,47,不差钱,疲惫,晴,同事,不关心,不吃辣,"海鲜,乳制品",24,菌汤火锅,火锅麻辣烫,1,chosen,0.583,0.5786,train,normal
1132,夜宵,4,47,不差钱,疲惫,晴,同事,不关心,不吃辣,"海鲜,乳制品",24,菌汤火锅,火锅麻辣烫,1,chosen,0.583,0.5689,train,normal
1132,夜宵,4,47,不差钱,疲惫,晴,同事,不关心,不吃辣,"海鲜,乳制品",20,清汤火锅,火锅麻辣烫,0,considered,0.5435,0.5802,train,normal
1132,夜宵,4,47,不差钱,疲惫,晴,同事,不关心,不吃辣,"海鲜,乳制品",22,关东煮,火锅麻辣烫,0,considered,0.3827,0.4086,train,normal
1133,午餐,2,43,省着点,开心,晴,朋友,随便,微辣,,6,兰州牛肉面,面食粉面,1,chosen,0.5506,0.5021,test,normal
1133,午餐,2,43,省着点,开心,晴,朋友,随便,微辣,,6,兰州牛肉面,面食粉面,1,chosen,0.5506,0.5208,test,normal
1133,午餐,2,43,省着点,开心,晴,朋友,随便,微辣,,6,兰州牛肉面,面食粉面,1,chosen,0.5506,0.5784,test,normal
1134,下午加餐,4,56,想吃好点,一般,晴,同事,想健康,不吃辣,,32,藜麦牛油果碗,轻食健康,1,chosen,0.6215,0.6186,train,normal
1134,下午加餐,4,56,想吃好点,一般,晴,同事,想健康,不吃辣,,32,藜麦牛油果碗,轻食健康,1,chosen,0.6215,0.6544,train,normal
1134,下午加餐,4,56,想吃好点,一般,晴,同事,想健康,不吃辣,,32,藜麦牛油果碗,轻食健康,1,chosen,0.6215,0.6248,train,normal
1134,下午加餐,4,56,想吃好点,一般,晴,同事,想健康,不吃辣,,33,三文鱼沙拉,轻食健康,0,considered,0.6079,0.5833,train,normal
1134,下午加餐,4,56,想吃好点,一般,晴,同事,想健康,不吃辣,,34,全麦鸡肉三明治,轻食健康,0,considered,0.6071,0.6738,train,normal
1135,午餐,4,43,正常,低落,阴,一个人,想健康,微辣,,2,青椒肉丝盖饭,中式快餐盖饭,1,chosen,0.5581,0.5512,train,normal
1135,午餐,4,43,正常,低落,阴,一个人,想健康,微辣,,2,青椒肉丝盖饭,中式快餐盖饭,1,chosen,0.5581,0.6443,train,normal
1135,午餐,4,43,正常,低落,阴,一个人,想健康,微辣,,2,青椒肉丝盖饭,中式快餐盖饭,1,chosen,0.5581,0.5501,train,normal
1136,午餐,2,16,省着点,一般,雨,约会,想健康,中辣,,11,云南小锅米线,面食粉面,1,chosen,0.6541,0.6983,test,normal
1136,午餐,2,16,省着点,一般,雨,约会,想健康,中辣,,11,云南小锅米线,面食粉面,1,chosen,0.6541,0.6338,test,normal
1136,午餐,2,16,省着点,一般,雨,约会,想健康,中辣,,11,云南小锅米线,面食粉面,1,chosen,0.6541,0.6131,test,normal
1137,晚餐,5,75,省着点,疲惫,雨,朋友,想健康,微辣,海鲜,2,青椒肉丝盖饭,中式快餐盖饭,1,chosen,0.7101,0.7466,train,normal
1137,晚餐,5,75,省着点,疲惫,雨,朋友,想健康,微辣,海鲜,2,青椒肉丝盖饭,中式快餐盖饭,1,chosen,0.7101,0.7342,train,normal
1137,晚餐,5,75,省着点,疲惫,雨,朋友,想健康,微辣,海鲜,2,青椒肉丝盖饭,中式快餐盖饭,1,chosen,0.7101,0.7245,train,normal
1138,晚餐,4,85,正常,一般,阴,约会,不关心,重辣,,23,冒菜,火锅麻辣烫,1,chosen,0.6452,0.6234,test,normal
1138,晚餐,4,85,正常,一般,阴,约会,不关心,重辣,,19,麻辣烫,火锅麻辣烫,1,chosen,0.6384,0.5644,test,normal
1138,晚餐,4,85,正常,一般,阴,约会,不关心,重辣,,23,冒菜,火锅麻辣烫,1,chosen,0.6452,0.6266,test,normal
1139,午餐,4,71,省着点,开心,雪,家人,想健康,重辣,海鲜,13,麻婆豆腐+米饭,家常炒菜,1,chosen,0.7587,0.7506,test,snow
1139,午餐,4,71,省着点,开心,雪,家人,想健康,重辣,海鲜,6,兰州牛肉面,面食粉面,1,chosen,0.7262,0.7316,test,snow
1139,午餐,4,71,省着点,开心,雪,家人,想健康,重辣,海鲜,13,麻婆豆腐+米饭,家常炒菜,1,chosen,0.7587,0.7286,test,snow
1140,早餐,3,41,正常,开心,雨,一个人,严格控制,重辣,,46,燕麦牛奶粥,早餐粥点,1,chosen,0.6995,0.7346,train,normal
1140,早餐,3,41,正常,开心,雨,一个人,严格控制,重辣,,44,小笼包+豆浆,早餐粥点,1,chosen,0.6824,0.6716,train,normal
1140,早餐,3,41,正常,开心,雨,一个人,严格控制,重辣,,46,燕麦牛奶粥,早餐粥点,1,chosen,0.6995,0.6944,train,normal
1141,晚餐,3,93,省着点,低落,晴,朋友,不关心,不吃辣,,9,炸酱面,面食粉面,1,chosen,0.5656,0.6189,val,normal
1141,晚餐,3,93,省着点,低落,晴,朋友,不关心,不吃辣,,9,炸酱面,面食粉面,1,chosen,0.5656,0.5826,val,normal
1141,晚餐,3,93,省着点,低落,晴,朋友,不关心,不吃辣,,9,炸酱面,面食粉面,1,chosen,0.5656,0.5863,val,normal
1142,午餐,3,68,省着点,一般,晴,一个人,想健康,不吃辣,"海鲜,乳制品",8,番茄鸡蛋面,面食粉面,1,chosen,0.4667,0.4439,train,normal
1142,午餐,3,68,省着点,一般,晴,一个人,想健康,不吃辣,"海鲜,乳制品",9,炸酱面,面食粉面,1,chosen,0.4972,0.4929,train,normal
1142,午餐,3,68,省着点,一般,晴,一个人,想健康,不吃辣,"海鲜,乳制品",9,炸酱面,面食粉面,1,chosen,0.4972,0.5521,train,normal
1142,午餐,3,68,省着点,一般,晴,一个人,想健康,不吃辣,"海鲜,乳制品",8,番茄鸡蛋面,面食粉面,0,considered,0.4667,0.5014,train,normal
1142,午餐,3,68,省着点,一般,晴,一个人,想健康,不吃辣,"海鲜,乳制品",6,兰州牛肉面,面食粉面,0,considered,0.4305,0.3917,train,normal
1143,夜宵,5,69,正常,一般,热,朋友,随便,微辣,,6,兰州牛肉面,面食粉面,1,chosen,0.62,0.6086,train,normal
1143,夜宵,5,69,正常,一般,热,朋友,随便,微辣,,9,炸酱面,面食粉面,1,chosen,0.6001,0.5993,train,normal
1143,夜宵,5,69,正常,一般,热,朋友,随便,微辣,,6,兰州牛肉面,面食粉面,1,chosen,0.62,0.5787,train,normal
1143,夜宵,5,69,正常,一般,热,朋友,随便,微辣,,9,炸酱面,面食粉面,0,considered,0.6001,0.5696,train,normal
1143,夜宵,5,69,正常,一般,热,朋友,随便,微辣,,11,云南小锅米线,面食粉面,0,considered,0.543,0.5569,train,normal
1144,夜宵,2,15,正常,开心,热,朋友,随便,微辣,,28,烤冷面,烧烤小吃,1,chosen,0.6156,0.7167,train,normal
1144,夜宵,2,15,正常,开心,热,朋友,随便,微辣,,28,烤冷面,烧烤小吃,1,chosen,0.6156,0.6008,train,normal
1144,夜宵,2,15,正常,开心,热,朋友,随便,微辣,,28,烤冷面,烧烤小吃,1,chosen,0.6156,0.6392,train,normal
1145,晚餐,1,28,正常,疲惫,晴,同事,不关心,重辣,,19,麻辣烫,火锅麻辣烫,1,chosen,0.5607,0.5383,val,normal
1145,晚餐,1,28,正常,疲惫,晴,同事,不关心,重辣,,19,麻辣烫,火锅麻辣烫,1,chosen,0.5607,0.5592,val,normal
1145,晚餐,1,28,正常,疲惫,晴,同事,不关心,重辣,,26,烤鸡翅,烧烤小吃,1,chosen,0.5405,0.5326,val,normal
1146,午餐,3,15,正常,一般,阴,一个人,想健康,微辣,,6,兰州牛肉面,面食粉面,1,chosen,0.5285,0.5188,val,normal
1146,午餐,3,15,正常,一般,阴,一个人,想健康,微辣,,6,兰州牛肉面,面食粉面,1,chosen,0.5285,0.5148,val,normal
1146,午餐,3,15,正常,一般,阴,一个人,想健康,微辣,,6,兰州牛肉面,面食粉面,1,chosen,0.5285,0.5479,val,normal
1147,夜宵,5,42,省着点,低落,阴,同事,严格控制,中辣,,11,云南小锅米线,面食粉面,1,chosen,0.6553,0.6127,val,normal
1147,夜宵,5,42,省着点,低落,阴,同事,严格控制,中辣,,11,云南小锅米线,面食粉面,1,chosen,0.6553,0.6308,val,normal
1147,夜宵,5,42,省着点,低落,阴,同事,严格控制,中辣,,11,云南小锅米线,面食粉面,1,chosen,0.6553,0.6802,val,normal
1148,午餐,3,21,正常,一般,阴,一个人,随便,重辣,素食,19,麻辣烫,火锅麻辣烫,1,chosen,0.5274,0.5271,train,normal
1148,午餐,3,21,正常,一般,阴,一个人,随便,重辣,素食,19,麻辣烫,火锅麻辣烫,1,chosen,0.5274,0.5571,train,normal
1148,午餐,3,21,正常,一般,阴,一个人,随便,重辣,素食,19,麻辣烫,火锅麻辣烫,1,chosen,0.5274,0.5001,train,normal
1149,午餐,3,15,正常,一般,冷,同事,不关心,不吃辣,,40,奶油蘑菇汤+面包,西式简餐,1,chosen,0.5677,0.5432,train,normal
1149,午餐,3,15,正常,一般,冷,同事,不关心,不吃辣,,40,奶油蘑菇汤+面包,西式简餐,1,chosen,0.5677,0.6634,train,normal
1149,午餐,3,15,正常,一般,冷,同事,不关心,不吃辣,,40,奶油蘑菇汤+面包,西式简餐,1,chosen,0.5677,0.6201,train,normal
1149,午餐,3,15,正常,一般,冷,同事,不关心,不吃辣,,37,番茄肉酱意面,西式简餐,0,considered,0.525,0.5351,train,normal
1149,午餐,3,15,正常,一般,冷,同事,不关心,不吃辣,,42,烤鸡胸配土豆泥,西式简餐,0,considered,0.5173,0.5112,train,normal
1150,晚餐,3,60,不差钱,兴奋,雪,家人,严格控制,中辣,,15,宫保鸡丁+米饭,家常炒菜,1,chosen,0.774,0.7926,test,snow
1150,晚餐,3,60,不差钱,兴奋,雪,家人,严格控制,中辣,,11,云南小锅米线,面食粉面,1,chosen,0.7201,0.7197,test,snow
1150,晚餐,3,60,不差钱,兴奋,雪,家人,严格控制,中辣,,15,宫保鸡丁+米饭,家常炒菜,1,chosen,0.774,0.754,test,snow
1150,晚餐,3,60,不差钱,兴奋,雪,家人,严格控制,中辣,,14,清蒸鲈鱼+米饭,家常炒菜,0,considered,0.7318,0.6666,test,snow
1150,晚餐,3,60,不差钱,兴奋,雪,家人,严格控制,中辣,,12,西红柿炒蛋+米饭,家常炒菜,0,considered,0.7073,0.6952,test,snow
1151,午餐,4,51,正常,疲惫,晴,一个人,想健康,中辣,,2,青椒肉丝盖饭,中式快餐盖饭,1,chosen,0.5803,0.5951,train,normal
1151,午餐,4,51,正常,疲惫,晴,一个人,想健康,中辣,,6,兰州牛肉面,面食粉面,1,chosen,0.5766,0.5994,train,normal
1151,午餐,4,51,正常,疲惫,晴,一个人,想健康,中辣,,15,宫保鸡丁+米饭,家常炒菜,1,chosen,0.6105,0.6457,train,normal
1152,下午加餐,4,80,正常,兴奋,雨,约会,随便,微辣,,34,全麦鸡肉三明治,轻食健康,1,chosen,0.6411,0.594,train,normal
1152,下午加餐,4,80,正常,兴奋,雨,约会,随便,微辣,,34,全麦鸡肉三明治,轻食健康,1,chosen,0.6411,0.6995,train,normal
1152,下午加餐,4,80,正常,兴奋,雨,约会,随便,微辣,,34,全麦鸡肉三明治,轻食健康,1,chosen,0.6411,0.6406,train,normal
1152,下午加餐,4,80,正常,兴奋,雨,约会,随便,微辣,,32,藜麦牛油果碗,轻食健康,0,considered,0.6155,0.5651,train,normal
1152,下午加餐,4,80,正常,兴奋,雨,约会,随便,微辣,,36,希腊酸奶坚果碗,轻食健康,0,considered,0.6153,0.6239,train,normal
1153,夜宵,2,29,正常,兴奋,热,朋友,不关心,中辣,,26,烤鸡翅,烧烤小吃,1,chosen,0.6978,0.7361,train,normal
1153,夜宵,2,29,正常,兴奋,热,朋友,不关心,中辣,,26,烤鸡翅,烧烤小吃,1,chosen,0.6978,0.6474,train,normal
1153,夜宵,2,29,正常,兴奋,热,朋友,不关心,中辣,,26,烤鸡翅,烧烤小吃,1,chosen,0.6978,0.7212,train,normal
1153,夜宵,2,29,正常,兴奋,热,朋友,不关心,中辣,,30,铁板豆腐,烧烤小吃,0,considered,0.66,0.6838,train,normal
1153,夜宵,2,29,正常,兴奋,热,朋友,不关心,中辣,,27,烤茄子,烧烤小吃,0,considered,0.6581,0.6688,train,normal
1154,夜宵,4,57,想吃好点,开心,热,家人,想健康,微辣,乳制品,24,菌汤火锅,火锅麻辣烫,1,chosen,0.6713,0.693,train,normal
1154,夜宵,4,57,想吃好点,开心,热,家人,想健康,微辣,乳制品,24,菌汤火锅,火锅麻辣烫,1,chosen,0.6713,0.6747,train,normal
1154,夜宵,4,57,想吃好点,开心,热,家人,想健康,微辣,乳制品,42,烤鸡胸配土豆泥,西式简餐,1,chosen,0.6341,0.6566,train,normal
1155,夜宵,4,27,想吃好点,兴奋,阴,家人,想健康,微辣,,6,兰州牛肉面,面食粉面,1,chosen,0.6454,0.6111,train,normal
1155,夜宵,4,27,想吃好点,兴奋,阴,家人,想健康,微辣,,6,兰州牛肉面,面食粉面,1,chosen,0.6454,0.6377,train,normal
1155,夜宵,4,27,想吃好点,兴奋,阴,家人,想健康,微辣,,6,兰州牛肉面,面食粉面,1,chosen,0.6454,0.6488,train,normal
1155,夜宵,4,27,想吃好点,兴奋,阴,家人,想健康,微辣,,9,炸酱面,面食粉面,0,considered,0.5788,0.5783,train,normal
1155,夜宵,4,27,想吃好点,兴奋,阴,家人,想健康,微辣,,8,番茄鸡蛋面,面食粉面,0,considered,0.567,0.6038,train,normal
1156,午餐,3,92,正常,一般,晴,家人,想健康,中辣,乳制品,15,宫保鸡丁+米饭,家常炒菜,1,chosen,0.6564,0.7238,train,normal
1156,午餐,3,92,正常,一般,晴,家人,想健康,中辣,乳制品,15,宫保鸡丁+米饭,家常炒菜,1,chosen,0.6564,0.5939,train,normal
1156,午餐,3,92,正常,一般,晴,家人,想健康,中辣,乳制品,15,宫保鸡丁+米饭,家常炒菜,1,chosen,0.6564,0.6168,train,normal
1157,早餐,1,44,正常,疲惫,晴,一个人,想健康,不吃辣,海鲜,46,燕麦牛奶粥,早餐粥点,1,chosen,0.6498,0.6817,train,normal
1157,早餐,1,44,正常,疲惫,晴,一个人,想健康,不吃辣,海鲜,46,燕麦牛奶粥,早餐粥点,1,chosen,0.6498,0.6329,train,normal
1157,早餐,1,44,正常,疲惫,晴,一个人,想健康,不吃辣,海鲜,46,燕麦牛奶粥,早餐粥点,1,chosen,0.6498,0.5981,train,normal
1157,早餐,1,44,正常,疲惫,晴,一个人,想健康,不吃辣,海鲜,44,小笼包+豆浆,早餐粥点,0,considered,0.6145,0.6214,train,normal
1157,早餐,1,44,正常,疲惫,晴,一个人,想健康,不吃辣,海鲜,43,皮蛋瘦肉粥+油条,早餐粥点,0,considered,0.6096,0.5847,train,normal
1158,晚餐,4,47,正常,一般,阴,朋友,不关心,微辣,"海鲜,乳制品",18,地三鲜+米饭,家常炒菜,1,chosen,0.6015,0.643,train,normal
1158,晚餐,4,47,正常,一般,阴,朋友,不关心,微辣,"海鲜,乳制品",18,地三鲜+米饭,家常炒菜,1,chosen,0.6015,0.6474,train,normal
1158,晚餐,4,47,正常,一般,阴,朋友,不关心,微辣,"海鲜,乳制品",18,地三鲜+米饭,家常炒菜,1,chosen,0.6015,0.5887,train,normal
1158,晚餐,4,47,正常,一般,阴,朋友,不关心,微辣,"海鲜,乳制品",15,宫保鸡丁+米饭,家常炒菜,0,considered,0.5351,0.5451,train,normal
1158,晚餐,4,47,正常,一般,阴,朋友,不关心,微辣,"海鲜,乳制品",16,红烧肉+米饭,家常炒菜,0,considered,0.4787,0.5166,train,normal
1159,晚餐,5,57,不差钱,开心,晴,朋友,严格控制,微辣,,24,菌汤火锅,火锅麻辣烫,1,chosen,0.6702,0.6338,train,normal
1159,晚餐,5,57,不差钱,开心,晴,朋友,严格控制,微辣,,37,番茄肉酱意面,西式简餐,1,chosen,0.6184,0.6396,train,normal
1159,晚餐,5,57,不差钱,开心,晴,朋友,严格控制,微辣,,24,菌汤火锅,火锅麻辣烫,1,chosen,0.6702,0.6511,train,normal
1160,晚餐,4,95,不差钱,疲惫,晴,一个人,不关心,微辣,素食,18,地三鲜+米饭,家常炒菜,1,chosen,0.5361,0.5765,train,normal
1160,晚餐,4,95,不差钱,疲惫,晴,一个人,不关心,微辣,素食,41,玛格丽特披萨,西式简餐,1,chosen,0.5281,0.4902,train,normal
1160,晚餐,4,95,不差钱,疲惫,晴,一个人,不关心,微辣,素食,24,菌汤火锅,火锅麻辣烫,1,chosen,0.5481,0.5121,train,normal
1160,晚餐,4,95,不差钱,疲惫,晴,一个人,不关心,微辣,素食,20,清汤火锅,火锅麻辣烫,0,considered,0.5481,0.5252,train,normal
1160,晚餐,4,95,不差钱,疲惫,晴,一个人,不关心,微辣,素食,23,冒菜,火锅麻辣烫,0,considered,0.3714,0.3944,train,normal
1161,夜宵,3,83,正常,一般,雨,约会,想健康,不吃辣,"海鲜,乳制品",8,番茄鸡蛋面,面食粉面,1,chosen,0.6793,0.6613,train,normal
1161,夜宵,3,83,正常,一般,雨,约会,想健康,不吃辣,"海鲜,乳制品",8,番茄鸡蛋面,面食粉面,1,chosen,0.6793,0.6454,train,normal
1161,夜宵,3,83,正常,一般,雨,约会,想健康,不吃辣,"海鲜,乳制品",8,番茄鸡蛋面,面食粉面,1,chosen,0.6793,0.6779,train,normal
1162,夜宵,4,54,省着点,疲惫,热,同事,不关心,中辣,海鲜,28,烤冷面,烧烤小吃,1,chosen,0.6404,0.6085,train,normal
1162,夜宵,4,54,省着点,疲惫,热,同事,不关心,中辣,海鲜,28,烤冷面,烧烤小吃,1,chosen,0.6404,0.6833,train,normal
1162,夜宵,4,54,省着点,疲惫,热,同事,不关心,中辣,海鲜,9,炸酱面,面食粉面,1,chosen,0.6158,0.6602,train,normal
1163,晚餐,4,50,想吃好点,开心,阴,朋友,想健康,微辣,,42,烤鸡胸配土豆泥,西式简餐,1,chosen,0.6409,0.593,train,normal
1163,晚餐,4,50,想吃好点,开心,阴,朋友,想健康,微辣,,42,烤鸡胸配土豆泥,西式简餐,1,chosen,0.6409,0.5978,train,normal
1163,晚餐,4,50,想吃好点,开心,阴,朋友,想健康,微辣,,42,烤鸡胸配土豆泥,西式简餐,1,chosen,0.6409,0.6688,train,normal
1164,下午加餐,3,25,正常,低落,冷,一个人,想健康,不吃辣,乳制品,34,全麦鸡肉三明治,轻食健康,1,chosen,0.6231,0.6229,train,normal
1164,下午加餐,3,25,正常,低落,冷,一个人,想健康,不吃辣,乳制品,34,全麦鸡肉三明治,轻食健康,1,chosen,0.6231,0.6422,train,normal
1164,下午加餐,3,25,正常,低落,冷,一个人,想健康,不吃辣,乳制品,34,全麦鸡肉三明治,轻食健康,1,chosen,0.6231,0.6498,train,normal
1165,夜宵,3,24,正常,压力大,雪,同事,随便,微辣,"海鲜,乳制品",28,烤冷面,烧烤小吃,1,chosen,0.7735,0.8184,test,snow
1165,夜宵,3,24,正常,压力大,雪,同事,随便,微辣,"海鲜,乳制品",8,番茄鸡蛋面,面食粉面,1,chosen,0.7252,0.7366,test,snow
1165,夜宵,3,24,正常,压力大,雪,同事,随便,微辣,"海鲜,乳制品",28,烤冷面,烧烤小吃,1,chosen,0.7735,0.7264,test,snow
1165,夜宵,3,24,正常,压力大,雪,同事,随便,微辣,"海鲜,乳制品",27,烤茄子,烧烤小吃,0,considered,0.6783,0.7178,test,snow
1165,夜宵,3,24,正常,压力大,雪,同事,随便,微辣,"海鲜,乳制品",26,烤鸡翅,烧烤小吃,0,considered,0.6746,0.6391,test,snow
1166,夜宵,3,41,正常,压力大,阴,家人,随便,重辣,素食,19,麻辣烫,火锅麻辣烫,1,chosen,0.6925,0.6584,train,normal
1166,夜宵,3,41,正常,压力大,阴,家人,随便,重辣,素食,19,麻辣烫,火锅麻辣烫,1,chosen,0.6925,0.7447,train,normal
1166,夜宵,3,41,正常,压力大,阴,家人,随便,重辣,素食,19,麻辣烫,火锅麻辣烫,1,chosen,0.6925,0.7424,train,normal
1167,下午加餐,5,90,正常,压力大,雪,约会,严格控制,微辣,,12,西红柿炒蛋+米饭,家常炒菜,1,chosen,0.7177,0.693,test,snow
1167,下午加餐,5,90,正常,压力大,雪,约会,严格控制,微辣,,34,全麦鸡肉三明治,轻食健康,1,chosen,0.7434,0.7492,test,snow
1167,下午加餐,5,90,正常,压力大,雪,约会,严格控制,微辣,,34,全麦鸡肉三明治,轻食健康,1,chosen,0.7434,0.7673,test,snow
1168,晚餐,2,59,想吃好点,低落,阴,一个人,随便,重辣,,19,麻辣烫,火锅麻辣烫,1,chosen,0.5634,0.554,train,normal
1168,晚餐,2,59,想吃好点,低落,阴,一个人,随便,重辣,,15,宫保鸡丁+米饭,家常炒菜,1,chosen,0.5368,0.5434,train,normal
1168,晚餐,2,59,想吃好点,低落,阴,一个人,随便,重辣,,19,麻辣烫,火锅麻辣烫,1,chosen,0.5634,0.4704,train,normal
1168,晚餐,2,59,想吃好点,低落,阴,一个人,随便,重辣,,23,冒菜,火锅麻辣烫,0,considered,0.5249,0.524,train,normal
1168,晚餐,2,59,想吃好点,低落,阴,一个人,随便,重辣,,20,清汤火锅,火锅麻辣烫,0,considered,0.483,0.4595,train,normal
1169,午餐,2,19,正常,一般,热,朋友,想健康,不吃辣,,9,炸酱面,面食粉面,1,chosen,0.5974,0.5908,train,normal
1169,午餐,2,19,正常,一般,热,朋友,想健康,不吃辣,,9,炸酱面,面食粉面,1,chosen,0.5974,0.6306,train,normal
1169,午餐,2,19,正常,一般,热,朋友,想健康,不吃辣,,40,奶油蘑菇汤+面包,西式简餐,1,chosen,0.578,0.5604,train,normal
1169,午餐,2,19,正常,一般,热,朋友,想健康,不吃辣,,8,番茄鸡蛋面,面食粉面,0,considered,0.5216,0.5447,train,normal
1169,午餐,2,19,正常,一般,热,朋友,想健康,不吃辣,,6,兰州牛肉面,面食粉面,0,considered,0.4981,0.5642,train,normal
1170,晚餐,5,95,省着点,一般,阴,一个人,严格控制,微辣,,2,青椒肉丝盖饭,中式快餐盖饭,1,chosen,0.5296,0.517,val,normal
1170,晚餐,5,95,省着点,一般,阴,一个人,严格控制,微辣,,2,青椒肉丝盖饭,中式快餐盖饭,1,chosen,0.5296,0.4793,val,normal
1170,晚餐,5,95,省着点,一般,阴,一个人,严格控制,微辣,,2,青椒肉丝盖饭,中式快餐盖饭,1,chosen,0.5296,0.407,val,normal
1170,晚餐,5,95,省着点,一般,阴,一个人,严格控制,微辣,,0,番茄牛腩饭,中式快餐盖饭,0,considered,0.4082,0.33,val,normal
1170,晚餐,5,95,省着点,一般,阴,一个人,严格控制,微辣,,1,黄焖鸡米饭,中式快餐盖饭,0,considered,0.4059,0.4378,val,normal
1171,午餐,2,47,正常,兴奋,冷,朋友,不关心,不吃辣,,18,地三鲜+米饭,家常炒菜,1,chosen,0.6012,0.5858,train,normal
1171,午餐,2,47,正常,兴奋,冷,朋友,不关心,不吃辣,,42,烤鸡胸配土豆泥,西式简餐,1,chosen,0.6169,0.6817,train,normal
1171,午餐,2,47,正常,兴奋,冷,朋友,不关心,不吃辣,,18,地三鲜+米饭,家常炒菜,1,chosen,0.6012,0.6098,train,normal
1172,晚餐,2,58,不差钱,兴奋,阴,一个人,严格控制,微辣,,24,菌汤火锅,火锅麻辣烫,1,chosen,0.5649,0.5543,train,normal
1172,晚餐,2,58,不差钱,兴奋,阴,一个人,严格控制,微辣,,17,蒜蓉西兰花+米饭,家常炒菜,1,chosen,0.529,0.5481,train,normal
1172,晚餐,2,58,不差钱,兴奋,阴,一个人,严格控制,微辣,,24,菌汤火锅,火锅麻辣烫,1,chosen,0.5649,0.5822,train,normal
1172,晚餐,2,58,不差钱,兴奋,阴,一个人,严格控制,微辣,,20,清汤火锅,火锅麻辣烫,0,considered,0.5393,0.5321,train,normal
1172,晚餐,2,58,不差钱,兴奋,阴,一个人,严格控制,微辣,,22,关东煮,火锅麻辣烫,0,considered,0.4587,0.468,train,normal
1173,午餐,3,66,正常,疲惫,阴,约会,不关心,中辣,麸质,15,宫保鸡丁+米饭,家常炒菜,1,chosen,0.6891,0.6834,val,normal
1173,午餐,3,66,正常,疲惫,阴,约会,不关心,中辣,麸质,15,宫保鸡丁+米饭,家常炒菜,1,chosen,0.6891,0.7343,val,normal
1173,午餐,3,66,正常,疲惫,阴,约会,不关心,中辣,麸质,15,宫保鸡丁+米饭,家常炒菜,1,chosen,0.6891,0.7033,val,normal
1174,夜宵,4,47,正常,一般,晴,朋友,不关心,中辣,乳制品,26,烤鸡翅,烧烤小吃,1,chosen,0.6779,0.7105,train,normal
1174,夜宵,4,47,正常,一般,晴,朋友,不关心,中辣,乳制品,26,烤鸡翅,烧烤小吃,1,chosen,0.6779,0.6681,train,normal
1174,夜宵,4,47,正常,一般,晴,朋友,不关心,中辣,乳制品,25,烤羊肉串,烧烤小吃,1,chosen,0.6175,0.6037,train,normal
1175,晚餐,5,48,正常,疲惫,阴,一个人,不关心,中辣,,15,宫保鸡丁+米饭,家常炒菜,1,chosen,0.5714,0.5831,train,normal
1175,晚餐,5,48,正常,疲惫,阴,一个人,不关心,中辣,,15,宫保鸡丁+米饭,家常炒菜,1,chosen,0.5714,0.6444,train,normal
1175,晚餐,5,48,正常,疲惫,阴,一个人,不关心,中辣,,11,云南小锅米线,面食粉面,1,chosen,0.5454,0.5219,train,normal
1176,晚餐,3,15,想吃好点,压力大,晴,朋友,严格控制,重辣,素食,13,麻婆豆腐+米饭,家常炒菜,1,chosen,0.6878,0.6592,train,normal
1176,晚餐,3,15,想吃好点,压力大,晴,朋友,严格控制,重辣,素食,13,麻婆豆腐+米饭,家常炒菜,1,chosen,0.6878,0.6529,train,normal
1176,晚餐,3,15,想吃好点,压力大,晴,朋友,严格控制,重辣,素食,13,麻婆豆腐+米饭,家常炒菜,1,chosen,0.6878,0.7157,train,normal
1177,早餐,4,62,正常,一般,阴,约会,想健康,中辣,,11,云南小锅米线,面食粉面,1,chosen,0.6557,0.6807,train,normal
1177,早餐,4,62,正常,一般,阴,约会,想健康,中辣,,6,兰州牛肉面,面食粉面,1,chosen,0.6451,0.6367,train,normal
1177,早餐,4,62,正常,一般,阴,约会,想健康,中辣,,11,云南小锅米线,面食粉面,1,chosen,0.6557,0.6812,train,normal
1178,下午加餐,5,15,省着点,疲惫,热,朋友,随便,微辣,,34,全麦鸡肉三明治,轻食健康,1,chosen,0.6126,0.6644,test,normal
1178,下午加餐,5,15,省着点,疲惫,热,朋友,随便,微辣,,34,全麦鸡肉三明治,轻食健康,1,chosen,0.6126,0.583,test,normal
1178,下午加餐,5,15,省着点,疲惫,热,朋友,随便,微辣,,34,全麦鸡肉三明治,轻食健康,1,chosen,0.6126,0.5954,test,normal
1178,下午加餐,5,15,省着点,疲惫,热,朋友,随便,微辣,,36,希腊酸奶坚果碗,轻食健康,0,considered,0.6123,0.6194,test,normal
1178,下午加餐,5,15,省着点,疲惫,热,朋友,随便,微辣,,32,藜麦牛油果碗,轻食健康,0,considered,0.5493,0.5924,test,normal
1179,夜宵,4,15,省着点,压力大,晴,同事,随便,中辣,,28,烤冷面,烧烤小吃,1,chosen,0.6323,0.6612,test,normal
1179,夜宵,4,15,省着点,压力大,晴,同事,随便,中辣,,28,烤冷面,烧烤小吃,1,chosen,0.6323,0.5604,test,normal
1179,夜宵,4,15,省着点,压力大,晴,同事,随便,中辣,,28,烤冷面,烧烤小吃,1,chosen,0.6323,0.6309,test,normal
1180,晚餐,5,16,正常,开心,阴,同事,随便,重辣,,11,云南小锅米线,面食粉面,1,chosen,0.545,0.5461,train,normal
1180,晚餐,5,16,正常,开心,阴,同事,随便,重辣,,19,麻辣烫,火锅麻辣烫,1,chosen,0.5527,0.5076,train,normal
1180,晚餐,5,16,正常,开心,阴,同事,随便,重辣,,19,麻辣烫,火锅麻辣烫,1,chosen,0.5527,0.5204,train,normal
1180,晚餐,5,16,正常,开心,阴,同事,随便,重辣,,23,冒菜,火锅麻辣烫,0,considered,0.527,0.5453,train,normal
1180,晚餐,5,16,正常,开心,阴,同事,随便,重辣,,22,关东煮,火锅麻辣烫,0,considered,0.3593,0.3259,train,normal
1181,午餐,1,83,正常,低落,晴,同事,不关心,重辣,,19,麻辣烫,火锅麻辣烫,1,chosen,0.5681,0.6307,test,normal
1181,午餐,1,83,正常,低落,晴,同事,不关心,重辣,,19,麻辣烫,火锅麻辣烫,1,chosen,0.5681,0.5246,test,normal
1181,午餐,1,83,正常,低落,晴,同事,不关心,重辣,,19,麻辣烫,火锅麻辣烫,1,chosen,0.5681,0.5465,test,normal
1182,午餐,2,20,正常,一般,冷,约会,不关心,中辣,,26,烤鸡翅,烧烤小吃,1,chosen,0.6509,0.6504,train,normal
1182,午餐,2,20,正常,一般,冷,约会,不关心,中辣,,26,烤鸡翅,烧烤小吃,1,chosen,0.6509,0.6349,train,normal
1182,午餐,2,20,正常,一般,冷,约会,不关心,中辣,,26,烤鸡翅,烧烤小吃,1,chosen,0.6509,0.6247,train,normal
1183,下午加餐,3,52,正常,疲惫,雨,同事,想健康,重辣,素食,34,全麦鸡肉三明治,轻食健康,1,chosen,0.7339,0.6972,train,normal
1183,下午加餐,3,52,正常,疲惫,雨,同事,想健康,重辣,素食,34,全麦鸡肉三明治,轻食健康,1,chosen,0.7339,0.7836,train,normal
1183,下午加餐,3,52,正常,疲惫,雨,同事,想健康,重辣,素食,33,三文鱼沙拉,轻食健康,1,chosen,0.6878,0.6577,train,normal
1183,下午加餐,3,52,正常,疲惫,雨,同事,想健康,重辣,素食,32,藜麦牛油果碗,轻食健康,0,considered,0.7236,0.7513,train,normal
1183,下午加餐,3,52,正常,疲惫,雨,同事,想健康,重辣,素食,36,希腊酸奶坚果碗,轻食健康,0,considered,0.7231,0.688,train,normal
1184,午餐,3,15,省着点,疲惫,雨,同事,不关心,不吃辣,"海鲜,乳制品",9,炸酱面,面食粉面,1,chosen,0.6101,0.6249,train,normal
1184,午餐,3,15,省着点,疲惫,雨,同事,不关心,不吃辣,"海鲜,乳制品",9,炸酱面,面食粉面,1,chosen,0.6101,0.5738,train,normal
1184,午餐,3,15,省着点,疲惫,雨,同事,不关心,不吃辣,"海鲜,乳制品",9,炸酱面,面食粉面,1,chosen,0.6101,0.6034,train,normal
1185,下午加餐,4,76,正常,疲惫,热,一个人,随便,重辣,,36,希腊酸奶坚果碗,轻食健康,1,chosen,0.6156,0.5876,train,normal
1185,下午加餐,4,76,正常,疲惫,热,一个人,随便,重辣,,36,希腊酸奶坚果碗,轻食健康,1,chosen,0.6156,0.6244,train,normal
1185,下午加餐,4,76,正常,疲惫,热,一个人,随便,重辣,,36,希腊酸奶坚果碗,轻食健康,1,chosen,0.6156,0.5952,train,normal
1186,夜宵,3,78,正常,一般,阴,同事,想健康,不吃辣,,8,番茄鸡蛋面,面食粉面,1,chosen,0.6014,0.6699,test,normal
1186,夜宵,3,78,正常,一般,阴,同事,想健康,不吃辣,,8,番茄鸡蛋面,面食粉面,1,chosen,0.6014,0.5977,test,normal
1186,夜宵,3,78,正常,一般,阴,同事,想健康,不吃辣,,8,番茄鸡蛋面,面食粉面,1,chosen,0.6014,0.5876,test,normal
1186,夜宵,3,78,正常,一般,阴,同事,想健康,不吃辣,,9,炸酱面,面食粉面,0,considered,0.5316,0.462,test,normal
1186,夜宵,3,78,正常,一般,阴,同事,想健康,不吃辣,,6,兰州牛肉面,面食粉面,0,considered,0.5191,0.5302,test,normal
1187,晚餐,3,62,不差钱,疲惫,雨,一个人,严格控制,微辣,海鲜,24,菌汤火锅,火锅麻辣烫,1,chosen,0.6274,0.5915,train,normal
1187,晚餐,3,62,不差钱,疲惫,雨,一个人,严格控制,微辣,海鲜,24,菌汤火锅,火锅麻辣烫,1,chosen,0.6274,0.6339,train,normal
1187,晚餐,3,62,不差钱,疲惫,雨,一个人,严格控制,微辣,海鲜,24,菌汤火锅,火锅麻辣烫,1,chosen,0.6274,0.6056,train,normal
1188,早餐,4,17,正常,兴奋,阴,约会,不关心,中辣,,11,云南小锅米线,面食粉面,1,chosen,0.6255,0.5673,train,normal
1188,早餐,4,17,正常,兴奋,阴,约会,不关心,中辣,,11,云南小锅米线,面食粉面,1,chosen,0.6255,0.5577,train,normal
1188,早餐,4,17,正常,兴奋,阴,约会,不关心,中辣,,11,云南小锅米线,面食粉面,1,chosen,0.6255,0.602,train,normal
1188,早餐,4,17,正常,兴奋,阴,约会,不关心,中辣,,6,兰州牛肉面,面食粉面,0,considered,0.6149,0.6015,train,normal
1188,早餐,4,17,正常,兴奋,阴,约会,不关心,中辣,,8,番茄鸡蛋面,面食粉面,0,considered,0.5942,0.5217,train,normal
1189,晚餐,4,17,正常,开心,雨,一个人,不关心,微辣,,2,青椒肉丝盖饭,中式快餐盖饭,1,chosen,0.5482,0.5141,train,normal
1189,晚餐,4,17,正常,开心,雨,一个人,不关心,微辣,,2,青椒肉丝盖饭,中式快餐盖饭,1,chosen,0.5482,0.5434,train,normal
1189,晚餐,4,17,正常,开心,雨,一个人,不关心,微辣,,2,青椒肉丝盖饭,中式快餐盖饭,1,chosen,0.5482,0.5671,train,normal
1190,午餐,5,54,正常,兴奋,晴,朋友,想健康,不吃辣,乳制品,42,烤鸡胸配土豆泥,西式简餐,1,chosen,0.635,0.6692,val,normal
1190,午餐,5,54,正常,兴奋,晴,朋友,想健康,不吃辣,乳制品,42,烤鸡胸配土豆泥,西式简餐,1,chosen,0.635,0.6651,val,normal
1190,午餐,5,54,正常,兴奋,晴,朋友,想健康,不吃辣,乳制品,18,地三鲜+米饭,家常炒菜,1,chosen,0.6255,0.5925,val,normal
1191,晚餐,5,58,正常,压力大,晴,同事,随便,微辣,麸质,1,黄焖鸡米饭,中式快餐盖饭,1,chosen,0.5842,0.6615,val,normal
1191,晚餐,5,58,正常,压力大,晴,同事,随便,微辣,麸质,18,地三鲜+米饭,家常炒菜,1,chosen,0.5926,0.5647,val,normal
1191,晚餐,5,58,正常,压力大,晴,同事,随便,微辣,麸质,18,地三鲜+米饭,家常炒菜,1,chosen,0.5926,0.5687,val,normal
1192,晚餐,4,65,省着点,疲惫,雪,一个人,想健康,重辣,,13,麻婆豆腐+米饭,家常炒菜,1,chosen,0.7055,0.7382,test,snow
1192,晚餐,4,65,省着点,疲惫,雪,一个人,想健康,重辣,,13,麻婆豆腐+米饭,家常炒菜,1,chosen,0.7055,0.7642,test,snow
1192,晚餐,4,65,省着点,疲惫,雪,一个人,想健康,重辣,,13,麻婆豆腐+米饭,家常炒菜,1,chosen,0.7055,0.7573,test,snow
1193,午餐,5,17,省着点,低落,晴,一个人,严格控制,不吃辣,麸质,9,炸酱面,面食粉面,1,chosen,0.5274,0.5317,train,normal
1193,午餐,5,17,省着点,低落,晴,一个人,严格控制,不吃辣,麸质,9,炸酱面,面食粉面,1,chosen,0.5274,0.476,train,normal
1193,午餐,5,17,省着点,低落,晴,一个人,严格控制,不吃辣,麸质,9,炸酱面,面食粉面,1,chosen,0.5274,0.6317,train,normal
1194,晚餐,4,63,正常,低落,雨,一个人,想健康,微辣,,2,青椒肉丝盖饭,中式快餐盖饭,1,chosen,0.6055,0.608,train,normal
1194,晚餐,4,63,正常,低落,雨,一个人,想健康,微辣,,2,青椒肉丝盖饭,中式快餐盖饭,1,chosen,0.6055,0.637,train,normal
1194,晚餐,4,63,正常,低落,雨,一个人,想健康,微辣,,2,青椒肉丝盖饭,中式快餐盖饭,1,chosen,0.6055,0.6289,train,normal
1195,午餐,3,67,正常,疲惫,热,朋友,随便,微辣,,9,炸酱面,面食粉面,1,chosen,0.647,0.6415,train,normal
1195,午餐,3,67,正常,疲惫,热,朋友,随便,微辣,,9,炸酱面,面食粉面,1,chosen,0.647,0.6731,train,normal
1195,午餐,3,67,正常,疲惫,热,朋友,随便,微辣,,37,番茄肉酱意面,西式简餐,1,chosen,0.6332,0.627,train,normal
1196,早餐,4,22,想吃好点,开心,晴,朋友,随便,中辣,,11,云南小锅米线,面食粉面,1,chosen,0.6061,0.6048,train,normal
1196,早餐,4,22,想吃好点,开心,晴,朋友,随便,中辣,,11,云南小锅米线,面食粉面,1,chosen,0.6061,0.6021,train,normal
1196,早餐,4,22,想吃好点,开心,晴,朋友,随便,中辣,,11,云南小锅米线,面食粉面,1,chosen,0.6061,0.6016,train,normal
1197,晚餐,4,45,正常,一般,热,约会,想健康,微辣,,42,烤鸡胸配土豆泥,西式简餐,1,chosen,0.6519,0.6803,test,normal
1197,晚餐,4,45,正常,一般,热,约会,想健康,微辣,,42,烤鸡胸配土豆泥,西式简餐,1,chosen,0.6519,0.719,test,normal
1197,晚餐,4,45,正常,一般,热,约会,想健康,微辣,,42,烤鸡胸配土豆泥,西式简餐,1,chosen,0.6519,0.6634,test,normal
1198,夜宵,3,15,正常,一般,阴,同事,严格控制,不吃辣,,12,西红柿炒蛋+米饭,家常炒菜,1,chosen,0.5677,0.5527,val,normal
1198,夜宵,3,15,正常,一般,阴,同事,严格控制,不吃辣,,8,番茄鸡蛋面,面食粉面,1,chosen,0.6334,0.5847,val,normal
1198,夜宵,3,15,正常,一般,阴,同事,严格控制,不吃辣,,9,炸酱面,面食粉面,1,chosen,0.5296,0.5314,val,normal
1199,晚餐,2,52,想吃好点,压力大,冷,同事,随便,重辣,乳制品,19,麻辣烫,火锅麻辣烫,1,chosen,0.6338,0.6339,val,normal
1199,晚餐,2,52,想吃好点,压力大,冷,同事,随便,重辣,乳制品,26,烤鸡翅,烧烤小吃,1,chosen,0.6158,0.582,val,normal
1199,晚餐,2,52,想吃好点,压力大,冷,同事,随便,重辣,乳制品,19,麻辣烫,火锅麻辣烫,1,chosen,0.6338,0.6099,val,normal
1200,午餐,4,28,正常,低落,阴,朋友,随便,中辣,,15,宫保鸡丁+米饭,家常炒菜,1,chosen,0.6659,0.6599,test,normal
1200,午餐,4,28,正常,低落,阴,朋友,随便,中辣,,15,宫保鸡丁+米饭,家常炒菜,1,chosen,0.6659,0.6115,test,normal
1200,午餐,4,28,正常,低落,阴,朋友,随便,中辣,,15,宫保鸡丁+米饭,家常炒菜,1,chosen,0.6659,0.615,test,normal
1201,午餐,4,44,正常,一般,阴,朋友,随便,重辣,,23,冒菜,火锅麻辣烫,1,chosen,0.6378,0.6531,train,normal
1201,午餐,4,44,正常,一般,阴,朋友,随便,重辣,,23,冒菜,火锅麻辣烫,1,chosen,0.6378,0.6318,train,normal
1201,午餐,4,44,正常,一般,阴,朋友,随便,重辣,,23,冒菜,火锅麻辣烫,1,chosen,0.6378,0.691,train,normal
1202,下午加餐,3,15,省着点,一般,雨,同事,不关心,中辣,,34,全麦鸡肉三明治,轻食健康,1,chosen,0.6369,0.6121,test,normal
1202,下午加餐,3,15,省着点,一般,雨,同事,不关心,中辣,,34,全麦鸡肉三明治,轻食健康,1,chosen,0.6369,0.627,test,normal
1202,下午加餐,3,15,省着点,一般,雨,同事,不关心,中辣,,34,全麦鸡肉三明治,轻食健康,1,chosen,0.6369,0.6556,test,normal
1202,下午加餐,3,15,省着点,一般,雨,同事,不关心,中辣,,36,希腊酸奶坚果碗,轻食健康,0,considered,0.6298,0.6442,test,normal
1202,下午加餐,3,15,省着点,一般,雨,同事,不关心,中辣,,35,水煮时蔬+溏心蛋,轻食健康,0,considered,0.6157,0.5483,test,normal
1203,晚餐,5,25,正常,开心,阴,一个人,想健康,微辣,,2,青椒肉丝盖饭,中式快餐盖饭,1,chosen,0.5399,0.5177,val,normal
1203,晚餐,5,25,正常,开心,阴,一个人,想健康,微辣,,2,青椒肉丝盖饭,中式快餐盖饭,1,chosen,0.5399,0.4884,val,normal
1203,晚餐,5,25,正常,开心,阴,一个人,想健康,微辣,,2,青椒肉丝盖饭,中式快餐盖饭,1,chosen,0.5399,0.4527,val,normal
1203,晚餐,5,25,正常,开心,阴,一个人,想健康,微辣,,0,番茄牛腩饭,中式快餐盖饭,0,considered,0.5208,0.4897,val,normal
1203,晚餐,5,25,正常,开心,阴,一个人,想健康,微辣,,4,咖喱鸡排饭,中式快餐盖饭,0,considered,0.5189,0.5011,val,normal
1204,午餐,4,15,不差钱,一般,热,同事,随便,不吃辣,,9,炸酱面,面食粉面,1,chosen,0.546,0.6117,train,normal
1204,午餐,4,15,不差钱,一般,热,同事,随便,不吃辣,,9,炸酱面,面食粉面,1,chosen,0.546,0.5292,train,normal
1204,午餐,4,15,不差钱,一般,热,同事,随便,不吃辣,,9,炸酱面,面食粉面,1,chosen,0.546,0.556,train,normal
1205,午餐,2,61,想吃好点,压力大,阴,家人,想健康,微辣,,24,菌汤火锅,火锅麻辣烫,1,chosen,0.6513,0.6852,train,normal
1205,午餐,2,61,想吃好点,压力大,阴,家人,想健康,微辣,,24,菌汤火锅,火锅麻辣烫,1,chosen,0.6513,0.6341,train,normal
1205,午餐,2,61,想吃好点,压力大,阴,家人,想健康,微辣,,24,菌汤火锅,火锅麻辣烫,1,chosen,0.6513,0.6516,train,normal
1205,午餐,2,61,想吃好点,压力大,阴,家人,想健康,微辣,,20,清汤火锅,火锅麻辣烫,0,considered,0.6145,0.6427,train,normal
1205,午餐,2,61,想吃好点,压力大,阴,家人,想健康,微辣,,22,关东煮,火锅麻辣烫,0,considered,0.4853,0.4555,train,normal
1206,晚餐,4,15,想吃好点,低落,阴,家人,想健康,不吃辣,麸质,9,炸酱面,面食粉面,1,chosen,0.5927,0.6264,train,normal
1206,晚餐,4,15,想吃好点,低落,阴,家人,想健康,不吃辣,麸质,9,炸酱面,面食粉面,1,chosen,0.5927,0.6135,train,normal
1206,晚餐,4,15,想吃好点,低落,阴,家人,想健康,不吃辣,麸质,9,炸酱面,面食粉面,1,chosen,0.5927,0.5852,train,normal
1207,午餐,2,86,正常,一般,雨,朋友,不关心,重辣,,19,麻辣烫,火锅麻辣烫,1,chosen,0.6648,0.6689,train,normal
1207,午餐,2,86,正常,一般,雨,朋友,不关心,重辣,,19,麻辣烫,火锅麻辣烫,1,chosen,0.6648,0.7024,train,normal
1207,午餐,2,86,正常,一般,雨,朋友,不关心,重辣,,13,麻婆豆腐+米饭,家常炒菜,1,chosen,0.6577,0.6361,train,normal
1208,午餐,3,69,想吃好点,疲惫,热,朋友,不关心,中辣,,15,宫保鸡丁+米饭,家常炒菜,1,chosen,0.6843,0.6715,train,normal
1208,午餐,3,69,想吃好点,疲惫,热,朋友,不关心,中辣,,15,宫保鸡丁+米饭,家常炒菜,1,chosen,0.6843,0.6907,train,normal
1208,午餐,3,69,想吃好点,疲惫,热,朋友,不关心,中辣,,15,宫保鸡丁+米饭,家常炒菜,1,chosen,0.6843,0.6421,train,normal
1208,午餐,3,69,想吃好点,疲惫,热,朋友,不关心,中辣,,18,地三鲜+米饭,家常炒菜,0,considered,0.6305,0.6337,train,normal
1208,午餐,3,69,想吃好点,疲惫,热,朋友,不关心,中辣,,13,麻婆豆腐+米饭,家常炒菜,0,considered,0.5982,0.5949,train,normal
1209,下午加餐,3,42,正常,一般,晴,一个人,不关心,重辣,麸质,36,希腊酸奶坚果碗,轻食健康,1,chosen,0.5667,0.6154,train,normal
1209,下午加餐,3,42,正常,一般,晴,一个人,不关心,重辣,麸质,36,希腊酸奶坚果碗,轻食健康,1,chosen,0.5667,0.6086,train,normal
1209,下午加餐,3,42,正常,一般,晴,一个人,不关心,重辣,麸质,36,希腊酸奶坚果碗,轻食健康,1,chosen,0.5667,0.5883,train,normal
1210,晚餐,3,42,想吃好点,开心,雨,朋友,随便,不吃辣,海鲜,40,奶油蘑菇汤+面包,西式简餐,1,chosen,0.6424,0.6582,test,normal
1210,晚餐,3,42,想吃好点,开心,雨,朋友,随便,不吃辣,海鲜,40,奶油蘑菇汤+面包,西式简餐,1,chosen,0.6424,0.6476,test,normal
1210,晚餐,3,42,想吃好点,开心,雨,朋友,随便,不吃辣,海鲜,40,奶油蘑菇汤+面包,西式简餐,1,chosen,0.6424,0.6484,test,normal
1210,晚餐,3,42,想吃好点,开心,雨,朋友,随便,不吃辣,海鲜,42,烤鸡胸配土豆泥,西式简餐,0,considered,0.642,0.5914,test,normal
1210,晚餐,3,42,想吃好点,开心,雨,朋友,随便,不吃辣,海鲜,37,番茄肉酱意面,西式简餐,0,considered,0.632,0.6155,test,normal
1211,晚餐,3,33,想吃好点,开心,阴,一个人,不关心,中辣,,15,宫保鸡丁+米饭,家常炒菜,1,chosen,0.5346,0.5228,train,normal
1211,晚餐,3,33,想吃好点,开心,阴,一个人,不关心,中辣,,15,宫保鸡丁+米饭,家常炒菜,1,chosen,0.5346,0.562,train,normal
1211,晚餐,3,33,想吃好点,开心,阴,一个人,不关心,中辣,,15,宫保鸡丁+米饭,家常炒菜,1,chosen,0.5346,0.5042,train,normal
1212,午餐,5,21,正常,疲惫,雨,朋友,不关心,中辣,,15,宫保鸡丁+米饭,家常炒菜,1,chosen,0.6895,0.6707,train,normal
1212,午餐,5,21,正常,疲惫,雨,朋友,不关心,中辣,,15,宫保鸡丁+米饭,家常炒菜,1,chosen,0.6895,0.6836,train,normal
1212,午餐,5,21,正常,疲惫,雨,朋友,不关心,中辣,,15,宫保鸡丁+米饭,家常炒菜,1,chosen,0.6895,0.7472,train,normal
1213,夜宵,4,49,正常,疲惫,晴,同事,不关心,微辣,,28,烤冷面,烧烤小吃,1,chosen,0.6216,0.6331,train,normal
1213,夜宵,4,49,正常,疲惫,晴,同事,不关心,微辣,,28,烤冷面,烧烤小吃,1,chosen,0.6216,0.6321,train,normal
1213,夜宵,4,49,正常,疲惫,晴,同事,不关心,微辣,,28,烤冷面,烧烤小吃,1,chosen,0.6216,0.6944,train,normal
1213,夜宵,4,49,正常,疲惫,晴,同事,不关心,微辣,,26,烤鸡翅,烧烤小吃,0,considered,0.5598,0.5502,train,normal
1213,夜宵,4,49,正常,疲惫,晴,同事,不关心,微辣,,27,烤茄子,烧烤小吃,0,considered,0.5264,0.4903,train,normal
1214,午餐,5,34,不差钱,一般,热,同事,随便,不吃辣,素食,9,炸酱面,面食粉面,1,chosen,0.546,0.5159,train,normal
1214,午餐,5,34,不差钱,一般,热,同事,随便,不吃辣,素食,9,炸酱面,面食粉面,1,chosen,0.546,0.5076,train,normal
1214,午餐,5,34,不差钱,一般,热,同事,随便,不吃辣,素食,9,炸酱面,面食粉面,1,chosen,0.546,0.5266,train,normal
1215,夜宵,5,43,想吃好点,开心,雨,约会,不关心,中辣,,26,烤鸡翅,烧烤小吃,1,chosen,0.736,0.6914,train,normal
1215,夜宵,5,43,想吃好点,开心,雨,约会,不关心,中辣,,26,烤鸡翅,烧烤小吃,1,chosen,0.736,0.7716,train,normal
1215,夜宵,5,43,想吃好点,开心,雨,约会,不关心,中辣,,26,烤鸡翅,烧烤小吃,1,chosen,0.736,0.763,train,normal
1216,晚餐,2,24,正常,开心,热,朋友,随便,中辣,,26,烤鸡翅,烧烤小吃,1,chosen,0.6122,0.6648,train,normal
1216,晚餐,2,24,正常,开心,热,朋友,随便,中辣,,26,烤鸡翅,烧烤小吃,1,chosen,0.6122,0.5833,train,normal
1216,晚餐,2,24,正常,开心,热,朋友,随便,中辣,,26,烤鸡翅,烧烤小吃,1,chosen,0.6122,0.6475,train,normal
1217,晚餐,2,77,不差钱,疲惫,晴,同事,不关心,微辣,,24,菌汤火锅,火锅麻辣烫,1,chosen,0.5479,0.5036,train,normal
1217,晚餐,2,77,不差钱,疲惫,晴,同事,不关心,微辣,,24,菌汤火锅,火锅麻辣烫,1,chosen,0.5479,0.5546,train,normal
1217,晚餐,2,77,不差钱,疲惫,晴,同事,不关心,微辣,,24,菌汤火锅,火锅麻辣烫,1,chosen,0.5479,0.5,train,normal
1217,晚餐,2,77,不差钱,疲惫,晴,同事,不关心,微辣,,20,清汤火锅,火锅麻辣烫,0,considered,0.5479,0.5545,train,normal
1217,晚餐,2,77,不差钱,疲惫,晴,同事,不关心,微辣,,22,关东煮,火锅麻辣烫,0,considered,0.4527,0.4351,train,normal
1218,晚餐,4,91,正常,开心,晴,同事,想健康,微辣,,2,青椒肉丝盖饭,中式快餐盖饭,1,chosen,0.5829,0.6017,train,normal
1218,晚餐,4,91,正常,开心,晴,同事,想健康,微辣,,2,青椒肉丝盖饭,中式快餐盖饭,1,chosen,0.5829,0.569,train,normal
1218,晚餐,4,91,正常,开心,晴,同事,想健康,微辣,,2,青椒肉丝盖饭,中式快餐盖饭,1,chosen,0.5829,0.599,train,normal
1219,下午加餐,4,27,正常,疲惫,雨,家人,随便,中辣,,34,全麦鸡肉三明治,轻食健康,1,chosen,0.6591,0.6665,train,normal
1219,下午加餐,4,27,正常,疲惫,雨,家人,随便,中辣,,34,全麦鸡肉三明治,轻食健康,1,chosen,0.6591,0.6236,train,normal
1219,下午加餐,4,27,正常,疲惫,雨,家人,随便,中辣,,34,全麦鸡肉三明治,轻食健康,1,chosen,0.6591,0.7012,train,normal
1220,晚餐,2,55,想吃好点,一般,晴,朋友,随便,重辣,,19,麻辣烫,火锅麻辣烫,1,chosen,0.6151,0.6229,train,normal
1220,晚餐,2,55,想吃好点,一般,晴,朋友,随便,重辣,,19,麻辣烫,火锅麻辣烫,1,chosen,0.6151,0.5742,train,normal
1220,晚餐,2,55,想吃好点,一般,晴,朋友,随便,重辣,,19,麻辣烫,火锅麻辣烫,1,chosen,0.6151,0.6433,train,normal
1220,晚餐,2,55,想吃好点,一般,晴,朋友,随便,重辣,,23,冒菜,火锅麻辣烫,0,considered,0.5835,0.5737,train,normal
1220,晚餐,2,55,想吃好点,一般,晴,朋友,随便,重辣,,24,菌汤火锅,火锅麻辣烫,0,considered,0.5481,0.5516,train,normal
1221,晚餐,2,62,正常,一般,阴,一个人,不关心,微辣,素食,40,奶油蘑菇汤+面包,西式简餐,1,chosen,0.4691,0.5294,val,normal
1221,晚餐,2,62,正常,一般,阴,一个人,不关心,微辣,素食,40,奶油蘑菇汤+面包,西式简餐,1,chosen,0.4691,0.455,val,normal
1221,晚餐,2,62,正常,一般,阴,一个人,不关心,微辣,素食,6,兰州牛肉面,面食粉面,1,chosen,0.4622,0.471,val,normal
1221,晚餐,2,62,正常,一般,阴,一个人,不关心,微辣,素食,37,番茄肉酱意面,西式简餐,0,considered,0.4521,0.4687,val,normal
1221,晚餐,2,62,正常,一般,阴,一个人,不关心,微辣,素食,41,玛格丽特披萨,西式简餐,0,considered,0.4133,0.3948,val,normal
1222,下午加餐,1,52,省着点,低落,冷,一个人,想健康,微辣,,35,水煮时蔬+溏心蛋,轻食健康,1,chosen,0.5958,0.6241,train,normal
1222,下午加餐,1,52,省着点,低落,冷,一个人,想健康,微辣,,35,水煮时蔬+溏心蛋,轻食健康,1,chosen,0.5958,0.5758,train,normal
1222,下午加餐,1,52,省着点,低落,冷,一个人,想健康,微辣,,35,水煮时蔬+溏心蛋,轻食健康,1,chosen,0.5958,0.589,train,normal
1222,下午加餐,1,52,省着点,低落,冷,一个人,想健康,微辣,,34,全麦鸡肉三明治,轻食健康,0,considered,0.5893,0.6394,train,normal
1222,下午加餐,1,52,省着点,低落,冷,一个人,想健康,微辣,,36,希腊酸奶坚果碗,轻食健康,0,considered,0.5851,0.582,train,normal
1223,下午加餐,4,82,正常,开心,阴,同事,不关心,微辣,,35,水煮时蔬+溏心蛋,轻食健康,1,chosen,0.5357,0.507,train,normal
1223,下午加餐,4,82,正常,开心,阴,同事,不关心,微辣,,36,希腊酸奶坚果碗,轻食健康,1,chosen,0.5802,0.5383,train,normal
1223,下午加餐,4,82,正常,开心,阴,同事,不关心,微辣,,36,希腊酸奶坚果碗,轻食健康,1,chosen,0.5802,0.5929,train,normal
1224,午餐,4,91,正常,一般,晴,同事,严格控制,微辣,麸质,2,青椒肉丝盖饭,中式快餐盖饭,1,chosen,0.5775,0.5641,val,normal
1224,午餐,4,91,正常,一般,晴,同事,严格控制,微辣,麸质,2,青椒肉丝盖饭,中式快餐盖饭,1,chosen,0.5775,0.5994,val,normal
1224,午餐,4,91,正常,一般,晴,同事,严格控制,微辣,麸质,2,青椒肉丝盖饭,中式快餐盖饭,1,chosen,0.5775,0.596,val,normal
1225,午餐,4,52,想吃好点,一般,阴,一个人,不关心,微辣,乳制品,6,兰州牛肉面,面食粉面,1,chosen,0.4803,0.4793,train,normal
1225,午餐,4,52,想吃好点,一般,阴,一个人,不关心,微辣,乳制品,18,地三鲜+米饭,家常炒菜,1,chosen,0.5074,0.5047,train,normal
1225,午餐,4,52,想吃好点,一般,阴,一个人,不关心,微辣,乳制品,18,地三鲜+米饭,家常炒菜,1,chosen,0.5074,0.4837,train,normal
1226,夜宵,1,15,正常,压力大,热,一个人,不关心,不吃辣,,8,番茄鸡蛋面,面食粉面,1,chosen,0.5483,0.5341,train,normal
1226,夜宵,1,15,正常,压力大,热,一个人,不关心,不吃辣,,8,番茄鸡蛋面,面食粉面,1,chosen,0.5483,0.5161,train,normal
1226,夜宵,1,15,正常,压力大,热,一个人,不关心,不吃辣,,9,炸酱面,面食粉面,1,chosen,0.5049,0.5315,train,normal
1227,午餐,2,98,不差钱,压力大,雨,朋友,想健康,微辣,素食,24,菌汤火锅,火锅麻辣烫,1,chosen,0.6938,0.7507,train,normal
1227,午餐,2,98,不差钱,压力大,雨,朋友,想健康,微辣,素食,24,菌汤火锅,火锅麻辣烫,1,chosen,0.6938,0.6668,train,normal
1227,午餐,2,98,不差钱,压力大,雨,朋友,想健康,微辣,素食,24,菌汤火锅,火锅麻辣烫,1,chosen,0.6938,0.6579,train,normal
1228,早餐,4,66,想吃好点,疲惫,晴,家人,不关心,微辣,,45,杂粮煎饼果子,早餐粥点,1,chosen,0.6304,0.6434,train,normal
1228,早餐,4,66,想吃好点,疲惫,晴,家人,不关心,微辣,,45,杂粮煎饼果子,早餐粥点,1,chosen,0.6304,0.6515,train,normal
1228,早餐,4,66,想吃好点,疲惫,晴,家人,不关心,微辣,,45,杂粮煎饼果子,早餐粥点,1,chosen,0.6304,0.6134,train,normal
1229,午餐,3,36,不差钱,开心,雨,约会,随便,微辣,,38,香煎牛排,西式简餐,1,chosen,0.6633,0.636,train,normal
1229,午餐,3,36,不差钱,开心,雨,约会,随便,微辣,,38,香煎牛排,西式简餐,1,chosen,0.6633,0.6748,train,normal
1229,午餐,3,36,不差钱,开心,雨,约会,随便,微辣,,38,香煎牛排,西式简餐,1,chosen,0.6633,0.6576,train,normal
1229,午餐,3,36,不差钱,开心,雨,约会,随便,微辣,,42,烤鸡胸配土豆泥,西式简餐,0,considered,0.6571,0.6818,train,normal
1229,午餐,3,36,不差钱,开心,雨,约会,随便,微辣,,40,奶油蘑菇汤+面包,西式简餐,0,considered,0.6481,0.6127,train,normal
1230,午餐,4,77,不差钱,低落,晴,家人,随便,微辣,,24,菌汤火锅,火锅麻辣烫,1,chosen,0.6163,0.6407,train,normal
1230,午餐,4,77,不差钱,低落,晴,家人,随便,微辣,,24,菌汤火锅,火锅麻辣烫,1,chosen,0.6163,0.5677,train,normal
1230,午餐,4,77,不差钱,低落,晴,家人,随便,微辣,,24,菌汤火锅,火锅麻辣烫,1,chosen,0.6163,0.6756,train,normal
1231,晚餐,2,45,省着点,一般,冷,家人,随便,重辣,素食,19,麻辣烫,火锅麻辣烫,1,chosen,0.6215,0.6138,train,normal
1231,晚餐,2,45,省着点,一般,冷,家人,随便,重辣,素食,7,重庆小面,面食粉面,1,chosen,0.5999,0.6223,train,normal
1231,晚餐,2,45,省着点,一般,冷,家人,随便,重辣,素食,19,麻辣烫,火锅麻辣烫,1,chosen,0.6215,0.6031,train,normal
1232,晚餐,4,43,省着点,一般,晴,家人,随便,微辣,海鲜,2,青椒肉丝盖饭,中式快餐盖饭,1,chosen,0.5663,0.5666,val,normal
1232,晚餐,4,43,省着点,一般,晴,家人,随便,微辣,海鲜,2,青椒肉丝盖饭,中式快餐盖饭,1,chosen,0.5663,0.5332,val,normal
1232,晚餐,4,43,省着点,一般,晴,家人,随便,微辣,海鲜,2,青椒肉丝盖饭,中式快餐盖饭,1,chosen,0.5663,0.5301,val,normal
1232,晚餐,4,43,省着点,一般,晴,家人,随便,微辣,海鲜,3,台式卤肉饭,中式快餐盖饭,0,considered,0.5443,0.5951,val,normal
1232,晚餐,4,43,省着点,一般,晴,家人,随便,微辣,海鲜,1,黄焖鸡米饭,中式快餐盖饭,0,considered,0.543,0.5427,val,normal
1233,下午加餐,3,30,想吃好点,疲惫,阴,同事,想健康,中辣,,32,藜麦牛油果碗,轻食健康,1,chosen,0.6963,0.6677,train,normal
1233,下午加餐,3,30,想吃好点,疲惫,阴,同事,想健康,中辣,,32,藜麦牛油果碗,轻食健康,1,chosen,0.6963,0.6943,train,normal
1233,下午加餐,3,30,想吃好点,疲惫,阴,同事,想健康,中辣,,36,希腊酸奶坚果碗,轻食健康,1,chosen,0.6808,0.7035,train,normal
1233,下午加餐,3,30,想吃好点,疲惫,阴,同事,想健康,中辣,,33,三文鱼沙拉,轻食健康,0,considered,0.6859,0.6432,train,normal
1233,下午加餐,3,30,想吃好点,疲惫,阴,同事,想健康,中辣,,34,全麦鸡肉三明治,轻食健康,0,considered,0.682,0.6687,train,normal
1234,夜宵,3,27,想吃好点,压力大,热,同事,随便,微辣,,28,烤冷面,烧烤小吃,1,chosen,0.6569,0.6571,test,normal
1234,夜宵,3,27,想吃好点,压力大,热,同事,随便,微辣,,28,烤冷面,烧烤小吃,1,chosen,0.6569,0.6583,test,normal
1234,夜宵,3,27,想吃好点,压力大,热,同事,随便,微辣,,28,烤冷面,烧烤小吃,1,chosen,0.6569,0.6233,test,normal
1235,午餐,5,84,想吃好点,低落,雪,朋友,不关心,微辣,,18,地三鲜+米饭,家常炒菜,1,chosen,0.7348,0.6771,test,snow
1235,午餐,5,84,想吃好点,低落,雪,朋友,不关心,微辣,,18,地三鲜+米饭,家常炒菜,1,chosen,0.7348,0.701,test,snow
1235,午餐,5,84,想吃好点,低落,雪,朋友,不关心,微辣,,18,地三鲜+米饭,家常炒菜,1,chosen,0.7348,0.7471,test,snow
1236,午餐,4,81,正常,兴奋,冷,朋友,想健康,中辣,,15,宫保鸡丁+米饭,家常炒菜,1,chosen,0.7273,0.7228,test,normal
1236,午餐,4,81,正常,兴奋,冷,朋友,想健康,中辣,,15,宫保鸡丁+米饭,家常炒菜,1,chosen,0.7273,0.6988,test,normal
1236,午餐,4,81,正常,兴奋,冷,朋友,想健康,中辣,,15,宫保鸡丁+米饭,家常炒菜,1,chosen,0.7273,0.7432,test,normal
1237,下午加餐,3,80,省着点,压力大,晴,朋友,想健康,不吃辣,,34,全麦鸡肉三明治,轻食健康,1,chosen,0.6677,0.6275,train,normal
1237,下午加餐,3,80,省着点,压力大,晴,朋友,想健康,不吃辣,,35,水煮时蔬+溏心蛋,轻食健康,1,chosen,0.6181,0.6647,train,normal
1237,下午加餐,3,80,省着点,压力大,晴,朋友,想健康,不吃辣,,34,全麦鸡肉三明治,轻食健康,1,chosen,0.6677,0.6943,train,normal
1238,夜宵,3,73,正常,压力大,阴,家人,想健康,中辣,乳制品,26,烤鸡翅,烧烤小吃,1,chosen,0.7304,0.6812,train,normal
1238,夜宵,3,73,正常,压力大,阴,家人,想健康,中辣,乳制品,11,云南小锅米线,面食粉面,1,chosen,0.7044,0.6513,train,normal
1238,夜宵,3,73,正常,压力大,阴,家人,想健康,中辣,乳制品,26,烤鸡翅,烧烤小吃,1,chosen,0.7304,0.7708,train,normal
1239,早餐,4,46,想吃好点,一般,冷,朋友,随便,中辣,,11,云南小锅米线,面食粉面,1,chosen,0.6428,0.6554,train,normal
1239,早餐,4,46,想吃好点,一般,冷,朋友,随便,中辣,,11,云南小锅米线,面食粉面,1,chosen,0.6428,0.6275,train,normal
1239,早餐,4,46,想吃好点,一般,冷,朋友,随便,中辣,,43,皮蛋瘦肉粥+油条,早餐粥点,1,chosen,0.6178,0.6106,train,normal
1240,夜宵,4,15,省着点,开心,阴,约会,不关心,中辣,,11,云南小锅米线,面食粉面,1,chosen,0.643,0.5965,test,normal
1240,夜宵,4,15,省着点,开心,阴,约会,不关心,中辣,,11,云南小锅米线,面食粉面,1,chosen,0.643,0.6672,test,normal
1240,夜宵,4,15,省着点,开心,阴,约会,不关心,中辣,,11,云南小锅米线,面食粉面,1,chosen,0.643,0.612,test,normal
1241,晚餐,3,62,正常,压力大,晴,朋友,不关心,重辣,素食,13,麻婆豆腐+米饭,家常炒菜,1,chosen,0.6856,0.7447,train,normal
1241,晚餐,3,62,正常,压力大,晴,朋友,不关心,重辣,素食,13,麻婆豆腐+米饭,家常炒菜,1,chosen,0.6856,0.6209,train,normal
1241,晚餐,3,62,正常,压力大,晴,朋友,不关心,重辣,素食,13,麻婆豆腐+米饭,家常炒菜,1,chosen,0.6856,0.6285,train,normal
1242,早餐,2,46,不差钱,兴奋,阴,一个人,严格控制,不吃辣,海鲜,46,燕麦牛奶粥,早餐粥点,1,chosen,0.638,0.6787,train,normal
1242,早餐,2,46,不差钱,兴奋,阴,一个人,严格控制,不吃辣,海鲜,46,燕麦牛奶粥,早餐粥点,1,chosen,0.638,0.656,train,normal
1242,早餐,2,46,不差钱,兴奋,阴,一个人,严格控制,不吃辣,海鲜,46,燕麦牛奶粥,早餐粥点,1,chosen,0.638,0.6681,train,normal
1242,早餐,2,46,不差钱,兴奋,阴,一个人,严格控制,不吃辣,海鲜,44,小笼包+豆浆,早餐粥点,0,considered,0.5946,0.6631,train,normal
1242,早餐,2,46,不差钱,兴奋,阴,一个人,严格控制,不吃辣,海鲜,43,皮蛋瘦肉粥+油条,早餐粥点,0,considered,0.5895,0.5777,train,normal
1243,晚餐,4,15,正常,疲惫,阴,一个人,不关心,中辣,,11,云南小锅米线,面食粉面,1,chosen,0.5454,0.5408,val,normal
1243,晚餐,4,15,正常,疲惫,阴,一个人,不关心,中辣,,11,云南小锅米线,面食粉面,1,chosen,0.5454,0.4846,val,normal
1243,晚餐,4,15,正常,疲惫,阴,一个人,不关心,中辣,,11,云南小锅米线,面食粉面,1,chosen,0.5454,0.5859,val,normal
1244,早餐,4,48,省着点,一般,雨,朋友,不关心,重辣,,7,重庆小面,面食粉面,1,chosen,0.6591,0.6477,train,normal
1244,早餐,4,48,省着点,一般,雨,朋友,不关心,重辣,,11,云南小锅米线,面食粉面,1,chosen,0.6463,0.6787,train,normal
1244,早餐,4,48,省着点,一般,雨,朋友,不关心,重辣,,7,重庆小面,面食粉面,1,chosen,0.6591,0.6119,train,normal
1245,早餐,3,98,想吃好点,疲惫,雨,朋友,随便,重辣,"海鲜,乳制品",7,重庆小面,面食粉面,1,chosen,0.6913,0.6705,train,normal
1245,早餐,3,98,想吃好点,疲惫,雨,朋友,随便,重辣,"海鲜,乳制品",44,小笼包+豆浆,早餐粥点,1,chosen,0.7067,0.7242,train,normal
1245,早餐,3,98,想吃好点,疲惫,雨,朋友,随便,重辣,"海鲜,乳制品",44,小笼包+豆浆,早餐粥点,1,chosen,0.7067,0.7274,train,normal
1245,早餐,3,98,想吃好点,疲惫,雨,朋友,随便,重辣,"海鲜,乳制品",43,皮蛋瘦肉粥+油条,早餐粥点,0,considered,0.706,0.6831,train,normal
1245,早餐,3,98,想吃好点,疲惫,雨,朋友,随便,重辣,"海鲜,乳制品",45,杂粮煎饼果子,早餐粥点,0,considered,0.6697,0.5965,train,normal
1246,晚餐,3,65,省着点,一般,晴,约会,不关心,微辣,,6,兰州牛肉面,面食粉面,1,chosen,0.5846,0.5483,train,normal
1246,晚餐,3,65,省着点,一般,晴,约会,不关心,微辣,,6,兰州牛肉面,面食粉面,1,chosen,0.5846,0.5643,train,normal
1246,晚餐,3,65,省着点,一般,晴,约会,不关心,微辣,,6,兰州牛肉面,面食粉面,1,chosen,0.5846,0.6271,train,normal
1247,晚餐,3,56,正常,低落,雨,约会,不关心,微辣,,37,番茄肉酱意面,西式简餐,1,chosen,0.6594,0.6832,train,normal
1247,晚餐,3,56,正常,低落,雨,约会,不关心,微辣,,40,奶油蘑菇汤+面包,西式简餐,1,chosen,0.6732,0.7261,train,normal
1247,晚餐,3,56,正常,低落,雨,约会,不关心,微辣,,40,奶油蘑菇汤+面包,西式简餐,1,chosen,0.6732,0.6626,train,normal
1247,晚餐,3,56,正常,低落,雨,约会,不关心,微辣,,42,烤鸡胸配土豆泥,西式简餐,0,considered,0.6635,0.6613,train,normal
1247,晚餐,3,56,正常,低落,雨,约会,不关心,微辣,,37,番茄肉酱意面,西式简餐,0,considered,0.6594,0.6199,train,normal
1248,晚餐,4,42,正常,压力大,阴,朋友,想健康,微辣,麸质,42,烤鸡胸配土豆泥,西式简餐,1,chosen,0.6684,0.7054,train,normal
1248,晚餐,4,42,正常,压力大,阴,朋友,想健康,微辣,麸质,42,烤鸡胸配土豆泥,西式简餐,1,chosen,0.6684,0.7215,train,normal
1248,晚餐,4,42,正常,压力大,阴,朋友,想健康,微辣,麸质,42,烤鸡胸配土豆泥,西式简餐,1,chosen,0.6684,0.6802,train,normal
1249,晚餐,3,17,想吃好点,开心,阴,家人,想健康,微辣,,6,兰州牛肉面,面食粉面,1,chosen,0.6072,0.5979,train,normal
1249,晚餐,3,17,想吃好点,开心,阴,家人,想健康,微辣,,6,兰州牛肉面,面食粉面,1,chosen,0.6072,0.6057,train,normal
1249,晚餐,3,17,想吃好点,开心,阴,家人,想健康,微辣,,6,兰州牛肉面,面食粉面,1,chosen,0.6072,0.6178,train,normal
1249,晚餐,3,17,想吃好点,开心,阴,家人,想健康,微辣,,9,炸酱面,面食粉面,0,considered,0.5764,0.5261,train,normal
1249,晚餐,3,17,想吃好点,开心,阴,家人,想健康,微辣,,11,云南小锅米线,面食粉面,0,considered,0.5248,0.5186,train,normal
1250,晚餐,3,15,省着点,开心,雨,一个人,想健康,中辣,海鲜,11,云南小锅米线,面食粉面,1,chosen,0.5903,0.563,train,normal
1250,晚餐,3,15,省着点,开心,雨,一个人,想健康,中辣,海鲜,11,云南小锅米线,面食粉面,1,chosen,0.5903,0.6408,train,normal
1250,晚餐,3,15,省着点,开心,雨,一个人,想健康,中辣,海鲜,11,云南小锅米线,面食粉面,1,chosen,0.5903,0.5781,train,normal
1250,晚餐,3,15,省着点,开心,雨,一个人,想健康,中辣,海鲜,6,兰州牛肉面,面食粉面,0,considered,0.5824,0.6371,train,normal
1250,晚餐,3,15,省着点,开心,雨,一个人,想健康,中辣,海鲜,9,炸酱面,面食粉面,0,considered,0.5561,0.5876,train,normal
1251,午餐,5,47,想吃好点,开心,阴,朋友,想健康,不吃辣,海鲜,42,烤鸡胸配土豆泥,西式简餐,1,chosen,0.6409,0.6001,train,normal
1251,午餐,5,47,想吃好点,开心,阴,朋友,想健康,不吃辣,海鲜,0,番茄牛腩饭,中式快餐盖饭,1,chosen,0.6031,0.6454,train,normal
1251,午餐,5,47,想吃好点,开心,阴,朋友,想健康,不吃辣,海鲜,42,烤鸡胸配土豆泥,西式简餐,1,chosen,0.6409,0.6286,train,normal
1252,午餐,3,50,想吃好点,开心,热,一个人,随便,不吃辣,"海鲜,乳制品",9,炸酱面,面食粉面,1,chosen,0.5161,0.5744,test,normal
1252,午餐,3,50,想吃好点,开心,热,一个人,随便,不吃辣,"海鲜,乳制品",9,炸酱面,面食粉面,1,chosen,0.5161,0.5032,test,normal
1252,午餐,3,50,想吃好点,开心,热,一个人,随便,不吃辣,"海鲜,乳制品",9,炸酱面,面食粉面,1,chosen,0.5161,0.5145,test,normal
1253,晚餐,4,47,想吃好点,压力大,雨,朋友,随便,中辣,,15,宫保鸡丁+米饭,家常炒菜,1,chosen,0.7201,0.7456,train,normal
1253,晚餐,4,47,想吃好点,压力大,雨,朋友,随便,中辣,,15,宫保鸡丁+米饭,家常炒菜,1,chosen,0.7201,0.734,train,normal
1253,晚餐,4,47,想吃好点,压力大,雨,朋友,随便,中辣,,15,宫保鸡丁+米饭,家常炒菜,1,chosen,0.7201,0.7023,train,normal
1254,晚餐,4,32,省着点,兴奋,冷,家人,不关心,微辣,,2,青椒肉丝盖饭,中式快餐盖饭,1,chosen,0.6263,0.6652,train,normal
1254,晚餐,4,32,省着点,兴奋,冷,家人,不关心,微辣,,2,青椒肉丝盖饭,中式快餐盖饭,1,chosen,0.6263,0.5854,train,normal
1254,晚餐,4,32,省着点,兴奋,冷,家人,不关心,微辣,,2,青椒肉丝盖饭,中式快餐盖饭,1,chosen,0.6263,0.6339,train,normal
1254,晚餐,4,32,省着点,兴奋,冷,家人,不关心,微辣,,1,黄焖鸡米饭,中式快餐盖饭,0,considered,0.603,0.5985,train,normal
1254,晚餐,4,32,省着点,兴奋,冷,家人,不关心,微辣,,3,台式卤肉饭,中式快餐盖饭,0,considered,0.6014,0.6306,train,normal
1255,晚餐,3,43,正常,开心,雨,一个人,想健康,中辣,麸质,15,宫保鸡丁+米饭,家常炒菜,1,chosen,0.6176,0.5926,train,normal
1255,晚餐,3,43,正常,开心,雨,一个人,想健康,中辣,麸质,26,烤鸡翅,烧烤小吃,1,chosen,0.5855,0.5509,train,normal
1255,晚餐,3,43,正常,开心,雨,一个人,想健康,中辣,麸质,15,宫保鸡丁+米饭,家常炒菜,1,chosen,0.6176,0.6185,train,normal
1256,夜宵,1,88,省着点,低落,雨,家人,想健康,重辣,海鲜,30,铁板豆腐,烧烤小吃,1,chosen,0.7404,0.713,train,normal
1256,夜宵,1,88,省着点,低落,雨,家人,想健康,重辣,海鲜,27,烤茄子,烧烤小吃,1,chosen,0.726,0.6783,train,normal
1256,夜宵,1,88,省着点,低落,雨,家人,想健康,重辣,海鲜,30,铁板豆腐,烧烤小吃,1,chosen,0.7404,0.7689,train,normal
1257,午餐,5,37,正常,低落,晴,一个人,想健康,微辣,海鲜,2,青椒肉丝盖饭,中式快餐盖饭,1,chosen,0.5581,0.5445,val,normal
1257,午餐,5,37,正常,低落,晴,一个人,想健康,微辣,海鲜,6,兰州牛肉面,面食粉面,1,chosen,0.5581,0.5016,val,normal
1257,午餐,5,37,正常,低落,晴,一个人,想健康,微辣,海鲜,2,青椒肉丝盖饭,中式快餐盖饭,1,chosen,0.5581,0.5917,val,normal
1258,早餐,5,42,正常,疲惫,雨,家人,想健康,微辣,,6,兰州牛肉面,面食粉面,1,chosen,0.717,0.6743,train,normal
1258,早餐,5,42,正常,疲惫,雨,家人,想健康,微辣,,8,番茄鸡蛋面,面食粉面,1,chosen,0.6827,0.7086,train,normal
1258,早餐,5,42,正常,疲惫,雨,家人,想健康,微辣,,44,小笼包+豆浆,早餐粥点,1,chosen,0.7127,0.6867,train,normal
1259,晚餐,5,57,省着点,低落,阴,同事,想健康,中辣,,11,云南小锅米线,面食粉面,1,chosen,0.6085,0.6083,train,normal
1259,晚餐,5,57,省着点,低落,阴,同事,想健康,中辣,,11,云南小锅米线,面食粉面,1,chosen,0.6085,0.6863,train,normal
1259,晚餐,5,57,省着点,低落,阴,同事,想健康,中辣,,11,云南小锅米线,面食粉面,1,chosen,0.6085,0.5232,train,normal
1260,午餐,3,42,正常,压力大,雨,一个人,想健康,微辣,麸质,6,兰州牛肉面,面食粉面,1,chosen,0.624,0.6144,train,normal
1260,午餐,3,42,正常,压力大,雨,一个人,想健康,微辣,麸质,6,兰州牛肉面,面食粉面,1,chosen,0.624,0.6226,train,normal
1260,午餐,3,42,正常,压力大,雨,一个人,想健康,微辣,麸质,6,兰州牛肉面,面食粉面,1,chosen,0.624,0.6072,train,normal
1260,午餐,3,42,正常,压力大,雨,一个人,想健康,微辣,麸质,9,炸酱面,面食粉面,0,considered,0.5965,0.5796,train,normal
1260,午餐,3,42,正常,压力大,雨,一个人,想健康,微辣,麸质,8,番茄鸡蛋面,面食粉面,0,considered,0.5593,0.5751,train,normal
1261,晚餐,4,55,省着点,疲惫,冷,朋友,想健康,微辣,素食,6,兰州牛肉面,面食粉面,1,chosen,0.7017,0.7464,test,normal
1261,晚餐,4,55,省着点,疲惫,冷,朋友,想健康,微辣,素食,6,兰州牛肉面,面食粉面,1,chosen,0.7017,0.6966,test,normal
1261,晚餐,4,55,省着点,疲惫,冷,朋友,想健康,微辣,素食,6,兰州牛肉面,面食粉面,1,chosen,0.7017,0.7027,test,normal
1261,晚餐,4,55,省着点,疲惫,冷,朋友,想健康,微辣,素食,9,炸酱面,面食粉面,0,considered,0.6498,0.5971,test,normal
1261,晚餐,4,55,省着点,疲惫,冷,朋友,想健康,微辣,素食,11,云南小锅米线,面食粉面,0,considered,0.6247,0.614,test,normal
1262,晚餐,2,36,想吃好点,压力大,热,一个人,随便,中辣,,15,宫保鸡丁+米饭,家常炒菜,1,chosen,0.5522,0.5878,train,normal
1262,晚餐,2,36,想吃好点,压力大,热,一个人,随便,中辣,,15,宫保鸡丁+米饭,家常炒菜,1,chosen,0.5522,0.5823,train,normal
1262,晚餐,2,36,想吃好点,压力大,热,一个人,随便,中辣,,15,宫保鸡丁+米饭,家常炒菜,1,chosen,0.5522,0.5521,train,normal
1262,晚餐,2,36,想吃好点,压力大,热,一个人,随便,中辣,,14,清蒸鲈鱼+米饭,家常炒菜,0,considered,0.5097,0.49,train,normal
1262,晚餐,2,36,想吃好点,压力大,热,一个人,随便,中辣,,12,西红柿炒蛋+米饭,家常炒菜,0,considered,0.5097,0.517,train,normal
1263,午餐,3,65,正常,一般,雨,家人,随便,不吃辣,素食,18,地三鲜+米饭,家常炒菜,1,chosen,0.6181,0.6783,train,normal
1263,午餐,3,65,正常,一般,雨,家人,随便,不吃辣,素食,40,奶油蘑菇汤+面包,西式简餐,1,chosen,0.631,0.6547,train,normal
1263,午餐,3,65,正常,一般,雨,家人,随便,不吃辣,素食,40,奶油蘑菇汤+面包,西式简餐,1,chosen,0.631,0.6657,train,normal
1264,早餐,1,62,想吃好点,一般,雨,家人,想健康,微辣,,35,水煮时蔬+溏心蛋,轻食健康,1,chosen,0.6122,0.5595,train,normal
1264,早餐,1,62,想吃好点,一般,雨,家人,想健康,微辣,,44,小笼包+豆浆,早餐粥点,1,chosen,0.6434,0.6252,train,normal
1264,早餐,1,62,想吃好点,一般,雨,家人,想健康,微辣,,46,燕麦牛奶粥,早餐粥点,1,chosen,0.6612,0.6559,train,normal
1265,午餐,2,93,不差钱,疲惫,雨,一个人,随便,重辣,乳制品,19,麻辣烫,火锅麻辣烫,1,chosen,0.5848,0.5817,val,normal
1265,午餐,2,93,不差钱,疲惫,雨,一个人,随便,重辣,乳制品,19,麻辣烫,火锅麻辣烫,1,chosen,0.5848,0.5116,val,normal
1265,午餐,2,93,不差钱,疲惫,雨,一个人,随便,重辣,乳制品,19,麻辣烫,火锅麻辣烫,1,chosen,0.5848,0.5778,val,normal
1266,晚餐,2,64,想吃好点,压力大,冷,家人,想健康,不吃辣,素食,40,奶油蘑菇汤+面包,西式简餐,1,chosen,0.682,0.6782,train,normal
1266,晚餐,2,64,想吃好点,压力大,冷,家人,想健康,不吃辣,素食,24,菌汤火锅,火锅麻辣烫,1,chosen,0.6995,0.6419,train,normal
1266,晚餐,2,64,想吃好点,压力大,冷,家人,想健康,不吃辣,素食,40,奶油蘑菇汤+面包,西式简餐,1,chosen,0.682,0.7593,train,normal
1267,午餐,2,18,想吃好点,一般,冷,一个人,不关心,中辣,,26,烤鸡翅,烧烤小吃,1,chosen,0.5454,0.5589,train,normal
1267,午餐,2,18,想吃好点,一般,冷,一个人,不关心,中辣,,26,烤鸡翅,烧烤小吃,1,chosen,0.5454,0.5874,train,normal
1267,午餐,2,18,想吃好点,一般,冷,一个人,不关心,中辣,,40,奶油蘑菇汤+面包,西式简餐,1,chosen,0.5094,0.5169,train,normal
1268,晚餐,3,28,正常,疲惫,晴,家人,随便,不吃辣,素食,40,奶油蘑菇汤+面包,西式简餐,1,chosen,0.6317,0.6279,val,normal
1268,晚餐,3,28,正常,疲惫,晴,家人,随便,不吃辣,素食,40,奶油蘑菇汤+面包,西式简餐,1,chosen,0.6317,0.6392,val,normal
1268,晚餐,3,28,正常,疲惫,晴,家人,随便,不吃辣,素食,40,奶油蘑菇汤+面包,西式简餐,1,chosen,0.6317,0.5972,val,normal
1269,午餐,3,78,想吃好点,兴奋,雨,一个人,不关心,中辣,,15,宫保鸡丁+米饭,家常炒菜,1,chosen,0.5789,0.6579,test,normal
1269,午餐,3,78,想吃好点,兴奋,雨,一个人,不关心,中辣,,15,宫保鸡丁+米饭,家常炒菜,1,chosen,0.5789,0.5594,test,normal
1269,午餐,3,78,想吃好点,兴奋,雨,一个人,不关心,中辣,,15,宫保鸡丁+米饭,家常炒菜,1,chosen,0.5789,0.5586,test,normal
1270,早餐,4,54,不差钱,低落,晴,一个人,想健康,中辣,,44,小笼包+豆浆,早餐粥点,1,chosen,0.5476,0.6031,val,normal
1270,早餐,4,54,不差钱,低落,晴,一个人,想健康,中辣,,11,云南小锅米线,面食粉面,1,chosen,0.5684,0.5986,val,normal
1270,早餐,4,54,不差钱,低落,晴,一个人,想健康,中辣,,11,云南小锅米线,面食粉面,1,chosen,0.5684,0.5905,val,normal
1271,午餐,5,35,正常,疲惫,阴,朋友,不关心,不吃辣,,42,烤鸡胸配土豆泥,西式简餐,1,chosen,0.6292,0.6549,val,normal
1271,午餐,5,35,正常,疲惫,阴,朋友,不关心,不吃辣,,18,地三鲜+米饭,家常炒菜,1,chosen,0.6496,0.7019,val,normal
1271,午餐,5,35,正常,疲惫,阴,朋友,不关心,不吃辣,,42,烤鸡胸配土豆泥,西式简餐,1,chosen,0.6292,0.6371,val,normal
1272,早餐,3,96,想吃好点,开心,雨,同事,想健康,不吃辣,,34,全麦鸡肉三明治,轻食健康,1,chosen,0.6276,0.6452,train,normal
1272,早餐,3,96,想吃好点,开心,雨,同事,想健康,不吃辣,,46,燕麦牛奶粥,早餐粥点,1,chosen,0.6944,0.6515,train,normal
1272,早餐,3,96,想吃好点,开心,雨,同事,想健康,不吃辣,,46,燕麦牛奶粥,早餐粥点,1,chosen,0.6944,0.6935,train,normal
1273,午餐,4,15,省着点,开心,雨,家人,不关心,微辣,"海鲜,乳制品",6,兰州牛肉面,面食粉面,1,chosen,0.6197,0.5762,train,normal
1273,午餐,4,15,省着点,开心,雨,家人,不关心,微辣,"海鲜,乳制品",6,兰州牛肉面,面食粉面,1,chosen,0.6197,0.5538,train,normal
1273,午餐,4,15,省着点,开心,雨,家人,不关心,微辣,"海鲜,乳制品",6,兰州牛肉面,面食粉面,1,chosen,0.6197,0.5319,train,normal
1273,午餐,4,15,省着点,开心,雨,家人,不关心,微辣,"海鲜,乳制品",9,炸酱面,面食粉面,0,considered,0.6151,0.5562,train,normal
1273,午餐,4,15,省着点,开心,雨,家人,不关心,微辣,"海鲜,乳制品",11,云南小锅米线,面食粉面,0,considered,0.5329,0.5079,train,normal
1274,午餐,3,33,想吃好点,疲惫,雨,朋友,不关心,中辣,,15,宫保鸡丁+米饭,家常炒菜,1,chosen,0.7201,0.7161,val,normal
1274,午餐,3,33,想吃好点,疲惫,雨,朋友,不关心,中辣,,15,宫保鸡丁+米饭,家常炒菜,1,chosen,0.7201,0.7311,val,normal
1274,午餐,3,33,想吃好点,疲惫,雨,朋友,不关心,中辣,,15,宫保鸡丁+米饭,家常炒菜,1,chosen,0.7201,0.6806,val,normal
1274,午餐,3,33,想吃好点,疲惫,雨,朋友,不关心,中辣,,18,地三鲜+米饭,家常炒菜,0,considered,0.6663,0.6438,val,normal
1274,午餐,3,33,想吃好点,疲惫,雨,朋友,不关心,中辣,,13,麻婆豆腐+米饭,家常炒菜,0,considered,0.6376,0.5705,val,normal
1275,夜宵,4,21,想吃好点,兴奋,雨,约会,随便,中辣,,26,烤鸡翅,烧烤小吃,1,chosen,0.75,0.7296,val,normal
1275,夜宵,4,21,想吃好点,兴奋,雨,约会,随便,中辣,,26,烤鸡翅,烧烤小吃,1,chosen,0.75,0.7031,val,normal
1275,夜宵,4,21,想吃好点,兴奋,雨,约会,随便,中辣,,26,烤鸡翅,烧烤小吃,1,chosen,0.75,0.7556,val,normal
1276,午餐,5,48,省着点,兴奋,晴,朋友,想健康,中辣,海鲜,11,云南小锅米线,面食粉面,1,chosen,0.6303,0.624,test,normal
1276,午餐,5,48,省着点,兴奋,晴,朋友,想健康,中辣,海鲜,11,云南小锅米线,面食粉面,1,chosen,0.6303,0.6321,test,normal
1276,午餐,5,48,省着点,兴奋,晴,朋友,想健康,中辣,海鲜,11,云南小锅米线,面食粉面,1,chosen,0.6303,0.6201,test,normal
1277,午餐,1,68,省着点,一般,冷,家人,不关心,微辣,海鲜,6,兰州牛肉面,面食粉面,1,chosen,0.5547,0.5778,train,normal
1277,午餐,1,68,省着点,一般,冷,家人,不关心,微辣,海鲜,6,兰州牛肉面,面食粉面,1,chosen,0.5547,0.554,train,normal
1277,午餐,1,68,省着点,一般,冷,家人,不关心,微辣,海鲜,40,奶油蘑菇汤+面包,西式简餐,1,chosen,0.5345,0.5091,train,normal
1278,晚餐,2,47,不差钱,压力大,晴,一个人,不关心,不吃辣,乳制品,24,菌汤火锅,火锅麻辣烫,1,chosen,0.5227,0.5325,val,normal
1278,晚餐,2,47,不差钱,压力大,晴,一个人,不关心,不吃辣,乳制品,24,菌汤火锅,火锅麻辣烫,1,chosen,0.5227,0.5028,val,normal
1278,晚餐,2,47,不差钱,压力大,晴,一个人,不关心,不吃辣,乳制品,24,菌汤火锅,火锅麻辣烫,1,chosen,0.5227,0.4982,val,normal
1279,夜宵,4,66,想吃好点,低落,晴,约会,不关心,不吃辣,海鲜,24,菌汤火锅,火锅麻辣烫,1,chosen,0.6471,0.6274,val,normal
1279,夜宵,4,66,想吃好点,低落,晴,约会,不关心,不吃辣,海鲜,42,烤鸡胸配土豆泥,西式简餐,1,chosen,0.6178,0.5833,val,normal
1279,夜宵,4,66,想吃好点,低落,晴,约会,不关心,不吃辣,海鲜,37,番茄肉酱意面,西式简餐,1,chosen,0.6178,0.5909,val,normal
1280,午餐,5,62,想吃好点,低落,冷,朋友,严格控制,微辣,,42,烤鸡胸配土豆泥,西式简餐,1,chosen,0.7022,0.6556,train,normal
1280,午餐,5,62,想吃好点,低落,冷,朋友,严格控制,微辣,,37,番茄肉酱意面,西式简餐,1,chosen,0.6844,0.6601,train,normal
1280,午餐,5,62,想吃好点,低落,冷,朋友,严格控制,微辣,,42,烤鸡胸配土豆泥,西式简餐,1,chosen,0.7022,0.6354,train,normal
1280,午餐,5,62,想吃好点,低落,冷,朋友,严格控制,微辣,,37,番茄肉酱意面,西式简餐,0,considered,0.6844,0.6559,train,normal
1280,午餐,5,62,想吃好点,低落,冷,朋友,严格控制,微辣,,40,奶油蘑菇汤+面包,西式简餐,0,considered,0.6777,0.6626,train,normal
1281,早餐,4,73,想吃好点,开心,晴,约会,想健康,中辣,,11,云南小锅米线,面食粉面,1,chosen,0.658,0.5853,train,normal
1281,早餐,4,73,想吃好点,开心,晴,约会,想健康,中辣,,11,云南小锅米线,面食粉面,1,chosen,0.658,0.664,train,normal
1281,早餐,4,73,想吃好点,开心,晴,约会,想健康,中辣,,11,云南小锅米线,面食粉面,1,chosen,0.658,0.6867,train,normal
1281,早餐,4,73,想吃好点,开心,晴,约会,想健康,中辣,,6,兰州牛肉面,面食粉面,0,considered,0.6474,0.6998,train,normal
1281,早餐,4,73,想吃好点,开心,晴,约会,想健康,中辣,,8,番茄鸡蛋面,面食粉面,0,considered,0.619,0.5412,train,normal
1282,午餐,1,48,想吃好点,兴奋,雨,朋友,想健康,中辣,海鲜,26,烤鸡翅,烧烤小吃,1,chosen,0.6541,0.6596,train,normal
1282,午餐,1,48,想吃好点,兴奋,雨,朋友,想健康,中辣,海鲜,15,宫保鸡丁+米饭,家常炒菜,1,chosen,0.6686,0.7311,train,normal
1282,午餐,1,48,想吃好点,兴奋,雨,朋友,想健康,中辣,海鲜,15,宫保鸡丁+米饭,家常炒菜,1,chosen,0.6686,0.6748,train,normal
1283,晚餐,3,84,想吃好点,一般,阴,同事,想健康,不吃辣,,42,烤鸡胸配土豆泥,西式简餐,1,chosen,0.5689,0.5507,train,normal
1283,晚餐,3,84,想吃好点,一般,阴,同事,想健康,不吃辣,,42,烤鸡胸配土豆泥,西式简餐,1,chosen,0.5689,0.588,train,normal
1283,晚餐,3,84,想吃好点,一般,阴,同事,想健康,不吃辣,,42,烤鸡胸配土豆泥,西式简餐,1,chosen,0.5689,0.5676,train,normal
1283,晚餐,3,84,想吃好点,一般,阴,同事,想健康,不吃辣,,40,奶油蘑菇汤+面包,西式简餐,0,considered,0.5686,0.5547,train,normal
1283,晚餐,3,84,想吃好点,一般,阴,同事,想健康,不吃辣,,37,番茄肉酱意面,西式简餐,0,considered,0.5491,0.5186,train,normal
1284,午餐,2,102,不差钱,开心,雨,朋友,想健康,重辣,,13,麻婆豆腐+米饭,家常炒菜,1,chosen,0.6873,0.6936,train,normal
1284,午餐,2,102,不差钱,开心,雨,朋友,想健康,重辣,,15,宫保鸡丁+米饭,家常炒菜,1,chosen,0.6802,0.6545,train,normal
1284,午餐,2,102,不差钱,开心,雨,朋友,想健康,重辣,,13,麻婆豆腐+米饭,家常炒菜,1,chosen,0.6873,0.7391,train,normal
1285,晚餐,2,83,省着点,兴奋,冷,同事,想健康,微辣,,6,兰州牛肉面,面食粉面,1,chosen,0.5964,0.6599,train,normal
1285,晚餐,2,83,省着点,兴奋,冷,同事,想健康,微辣,,6,兰州牛肉面,面食粉面,1,chosen,0.5964,0.5467,train,normal
1285,晚餐,2,83,省着点,兴奋,冷,同事,想健康,微辣,,6,兰州牛肉面,面食粉面,1,chosen,0.5964,0.5806,train,normal
1286,早餐,4,62,想吃好点,兴奋,晴,家人,随便,中辣,乳制品,11,云南小锅米线,面食粉面,1,chosen,0.5927,0.5759,train,normal
1286,早餐,4,62,想吃好点,兴奋,晴,家人,随便,中辣,乳制品,11,云南小锅米线,面食粉面,1,chosen,0.5927,0.482,train,normal
1286,早餐,4,62,想吃好点,兴奋,晴,家人,随便,中辣,乳制品,11,云南小锅米线,面食粉面,1,chosen,0.5927,0.5883,train,normal
1286,早餐,4,62,想吃好点,兴奋,晴,家人,随便,中辣,乳制品,6,兰州牛肉面,面食粉面,0,considered,0.5821,0.5243,train,normal
1286,早餐,4,62,想吃好点,兴奋,晴,家人,随便,中辣,乳制品,8,番茄鸡蛋面,面食粉面,0,considered,0.5575,0.5274,train,normal
1287,夜宵,3,73,不差钱,压力大,阴,一个人,想健康,微辣,,24,菌汤火锅,火锅麻辣烫,1,chosen,0.6304,0.5704,train,normal
1287,夜宵,3,73,不差钱,压力大,阴,一个人,想健康,微辣,,24,菌汤火锅,火锅麻辣烫,1,chosen,0.6304,0.5937,train,normal
1287,夜宵,3,73,不差钱,压力大,阴,一个人,想健康,微辣,,28,烤冷面,烧烤小吃,1,chosen,0.5654,0.6004,train,normal
1288,午餐,2,44,想吃好点,兴奋,阴,家人,不关心,不吃辣,,18,地三鲜+米饭,家常炒菜,1,chosen,0.5531,0.6143,test,normal
1288,午餐,2,44,想吃好点,兴奋,阴,家人,不关心,不吃辣,,42,烤鸡胸配土豆泥,西式简餐,1,chosen,0.578,0.591,test,normal
1288,午餐,2,44,想吃好点,兴奋,阴,家人,不关心,不吃辣,,42,烤鸡胸配土豆泥,西式简餐,1,chosen,0.578,0.5476,test,normal
1289,午餐,2,86,正常,一般,晴,朋友,不关心,重辣,,19,麻辣烫,火锅麻辣烫,1,chosen,0.6174,0.655,test,normal
1289,午餐,2,86,正常,一般,晴,朋友,不关心,重辣,,19,麻辣烫,火锅麻辣烫,1,chosen,0.6174,0.6208,test,normal
1289,午餐,2,86,正常,一般,晴,朋友,不关心,重辣,,19,麻辣烫,火锅麻辣烫,1,chosen,0.6174,0.6418,test,normal
1290,夜宵,4,52,想吃好点,兴奋,阴,朋友,严格控制,微辣,"海鲜,乳制品",24,菌汤火锅,火锅麻辣烫,1,chosen,0.658,0.6669,train,normal
1290,夜宵,4,52,想吃好点,兴奋,阴,朋友,严格控制,微辣,"海鲜,乳制品",24,菌汤火锅,火锅麻辣烫,1,chosen,0.658,0.6214,train,normal
1290,夜宵,4,52,想吃好点,兴奋,阴,朋友,严格控制,微辣,"海鲜,乳制品",24,菌汤火锅,火锅麻辣烫,1,chosen,0.658,0.6628,train,normal
1291,夜宵,4,50,省着点,低落,热,朋友,严格控制,微辣,,6,兰州牛肉面,面食粉面,1,chosen,0.6899,0.6745,train,normal
1291,夜宵,4,50,省着点,低落,热,朋友,严格控制,微辣,,6,兰州牛肉面,面食粉面,1,chosen,0.6899,0.7322,train,normal
1291,夜宵,4,50,省着点,低落,热,朋友,严格控制,微辣,,6,兰州牛肉面,面食粉面,1,chosen,0.6899,0.6974,train,normal
1291,夜宵,4,50,省着点,低落,热,朋友,严格控制,微辣,,9,炸酱面,面食粉面,0,considered,0.646,0.6824,train,normal
1291,夜宵,4,50,省着点,低落,热,朋友,严格控制,微辣,,11,云南小锅米线,面食粉面,0,considered,0.624,0.6273,train,normal
1292,夜宵,5,28,想吃好点,低落,阴,同事,想健康,不吃辣,"海鲜,乳制品",42,烤鸡胸配土豆泥,西式简餐,1,chosen,0.5726,0.572,train,normal
1292,夜宵,5,28,想吃好点,低落,阴,同事,想健康,不吃辣,"海鲜,乳制品",42,烤鸡胸配土豆泥,西式简餐,1,chosen,0.5726,0.5505,train,normal
1292,夜宵,5,28,想吃好点,低落,阴,同事,想健康,不吃辣,"海鲜,乳制品",42,烤鸡胸配土豆泥,西式简餐,1,chosen,0.5726,0.6074,train,normal
1293,夜宵,3,47,正常,疲惫,热,同事,严格控制,微辣,,12,西红柿炒蛋+米饭,家常炒菜,1,chosen,0.6436,0.6216,train,normal
1293,夜宵,3,47,正常,疲惫,热,同事,严格控制,微辣,,8,番茄鸡蛋面,面食粉面,1,chosen,0.6895,0.6753,train,normal
1293,夜宵,3,47,正常,疲惫,热,同事,严格控制,微辣,,8,番茄鸡蛋面,面食粉面,1,chosen,0.6895,0.6597,train,normal
1294,晚餐,4,44,想吃好点,兴奋,晴,约会,想健康,重辣,,15,宫保鸡丁+米饭,家常炒菜,1,chosen,0.692,0.7982,val,normal
1294,晚餐,4,44,想吃好点,兴奋,晴,约会,想健康,重辣,,15,宫保鸡丁+米饭,家常炒菜,1,chosen,0.692,0.6919,val,normal
1294,晚餐,4,44,想吃好点,兴奋,晴,约会,想健康,重辣,,15,宫保鸡丁+米饭,家常炒菜,1,chosen,0.692,0.6982,val,normal
1295,晚餐,3,53,正常,疲惫,雨,家人,随便,不吃辣,,40,奶油蘑菇汤+面包,西式简餐,1,chosen,0.6791,0.7103,test,normal
1295,晚餐,3,53,正常,疲惫,雨,家人,随便,不吃辣,,40,奶油蘑菇汤+面包,西式简餐,1,chosen,0.6791,0.654,test,normal
1295,晚餐,3,53,正常,疲惫,雨,家人,随便,不吃辣,,40,奶油蘑菇汤+面包,西式简餐,1,chosen,0.6791,0.7009,test,normal
1295,晚餐,3,53,正常,疲惫,雨,家人,随便,不吃辣,,42,烤鸡胸配土豆泥,西式简餐,0,considered,0.6695,0.7192,test,normal
1295,晚餐,3,53,正常,疲惫,雨,家人,随便,不吃辣,,37,番茄肉酱意面,西式简餐,0,considered,0.669,0.618,test,normal
1296,下午加餐,3,16,省着点,疲惫,雨,同事,随便,微辣,乳制品,34,全麦鸡肉三明治,轻食健康,1,chosen,0.6747,0.6368,train,normal
1296,下午加餐,3,16,省着点,疲惫,雨,同事,随便,微辣,乳制品,34,全麦鸡肉三明治,轻食健康,1,chosen,0.6747,0.6677,train,normal
1296,下午加餐,3,16,省着点,疲惫,雨,同事,随便,微辣,乳制品,34,全麦鸡肉三明治,轻食健康,1,chosen,0.6747,0.7082,train,normal
1297,夜宵,3,63,想吃好点,疲惫,冷,朋友,想健康,中辣,乳制品,26,烤鸡翅,烧烤小吃,1,chosen,0.7895,0.8045,train,normal
1297,夜宵,3,63,想吃好点,疲惫,冷,朋友,想健康,中辣,乳制品,26,烤鸡翅,烧烤小吃,1,chosen,0.7895,0.7866,train,normal
1297,夜宵,3,63,想吃好点,疲惫,冷,朋友,想健康,中辣,乳制品,26,烤鸡翅,烧烤小吃,1,chosen,0.7895,0.7892,train,normal
1297,夜宵,3,63,想吃好点,疲惫,冷,朋友,想健康,中辣,乳制品,27,烤茄子,烧烤小吃,0,considered,0.7533,0.7053,train,normal
1297,夜宵,3,63,想吃好点,疲惫,冷,朋友,想健康,中辣,乳制品,30,铁板豆腐,烧烤小吃,0,considered,0.7343,0.708,train,normal
1298,午餐,3,104,正常,压力大,雨,家人,不关心,重辣,,13,麻婆豆腐+米饭,家常炒菜,1,chosen,0.7167,0.7028,train,normal
1298,午餐,3,104,正常,压力大,雨,家人,不关心,重辣,,13,麻婆豆腐+米饭,家常炒菜,1,chosen,0.7167,0.6907,train,normal
1298,午餐,3,104,正常,压力大,雨,家人,不关心,重辣,,13,麻婆豆腐+米饭,家常炒菜,1,chosen,0.7167,0.6691,train,normal
1299,午餐,4,46,正常,一般,晴,一个人,想健康,中辣,素食,11,云南小锅米线,面食粉面,1,chosen,0.5364,0.5754,train,normal
1299,午餐,4,46,正常,一般,晴,一个人,想健康,中辣,素食,11,云南小锅米线,面食粉面,1,chosen,0.5364,0.59,train,normal
1299,午餐,4,46,正常,一般,晴,一个人,想健康,中辣,素食,11,云南小锅米线,面食粉面,1,chosen,0.5364,0.4741,train,normal
1300,夜宵,4,63,省着点,开心,冷,朋友,不关心,中辣,,30,铁板豆腐,烧烤小吃,1,chosen,0.6482,0.6735,test,normal
1300,夜宵,4,63,省着点,开心,冷,朋友,不关心,中辣,,26,烤鸡翅,烧烤小吃,1,chosen,0.6832,0.6837,test,normal
1300,夜宵,4,63,省着点,开心,冷,朋友,不关心,中辣,,26,烤鸡翅,烧烤小吃,1,chosen,0.6832,0.7114,test,normal
1301,晚餐,4,75,不差钱,压力大,晴,约会,不关心,不吃辣,,37,番茄肉酱意面,西式简餐,1,chosen,0.6551,0.696,train,normal
1301,晚餐,4,75,不差钱,压力大,晴,约会,不关心,不吃辣,,24,菌汤火锅,火锅麻辣烫,1,chosen,0.6659,0.6553,train,normal
1301,晚餐,4,75,不差钱,压力大,晴,约会,不关心,不吃辣,,24,菌汤火锅,火锅麻辣烫,1,chosen,0.6659,0.6231,train,normal
1302,晚餐,5,39,正常,一般,晴,朋友,严格控制,不吃辣,,42,烤鸡胸配土豆泥,西式简餐,1,chosen,0.6263,0.5592,train,normal
1302,晚餐,5,39,正常,一般,晴,朋友,严格控制,不吃辣,,42,烤鸡胸配土豆泥,西式简餐,1,chosen,0.6263,0.6096,train,normal
1302,晚餐,5,39,正常,一般,晴,朋友,严格控制,不吃辣,,42,烤鸡胸配土豆泥,西式简餐,1,chosen,0.6263,0.653,train,normal
1303,早餐,3,30,正常,开心,晴,同事,想健康,微辣,,46,燕麦牛奶粥,早餐粥点,1,chosen,0.6551,0.6101,val,normal
1303,早餐,3,30,正常,开心,晴,同事,想健康,微辣,,46,燕麦牛奶粥,早餐粥点,1,chosen,0.6551,0.7366,val,normal
1303,早餐,3,30,正常,开心,晴,同事,想健康,微辣,,44,小笼包+豆浆,早餐粥点,1,chosen,0.654,0.6924,val,normal
1304,午餐,1,53,正常,疲惫,热,家人,随便,微辣,,9,炸酱面,面食粉面,1,chosen,0.5927,0.578,train,normal
1304,午餐,1,53,正常,疲惫,热,家人,随便,微辣,,40,奶油蘑菇汤+面包,西式简餐,1,chosen,0.5854,0.5276,train,normal
1304,午餐,1,53,正常,疲惫,热,家人,随便,微辣,,9,炸酱面,面食粉面,1,chosen,0.5927,0.5526,train,normal
1305,午餐,2,59,省着点,兴奋,晴,同事,不关心,微辣,,6,兰州牛肉面,面食粉面,1,chosen,0.5091,0.5131,test,normal
1305,午餐,2,59,省着点,兴奋,晴,同事,不关心,微辣,,6,兰州牛肉面,面食粉面,1,chosen,0.5091,0.5294,test,normal
1305,午餐,2,59,省着点,兴奋,晴,同事,不关心,微辣,,6,兰州牛肉面,面食粉面,1,chosen,0.5091,0.4252,test,normal
1305,午餐,2,59,省着点,兴奋,晴,同事,不关心,微辣,,9,炸酱面,面食粉面,0,considered,0.4926,0.4773,test,normal
1305,午餐,2,59,省着点,兴奋,晴,同事,不关心,微辣,,8,番茄鸡蛋面,面食粉面,0,considered,0.4795,0.5158,test,normal
1306,下午加餐,4,49,想吃好点,兴奋,雨,一个人,随便,重辣,"海鲜,乳制品",34,全麦鸡肉三明治,轻食健康,1,chosen,0.5843,0.6205,train,normal
1306,下午加餐,4,49,想吃好点,兴奋,雨,一个人,随便,重辣,"海鲜,乳制品",31,鸡胸肉沙拉,轻食健康,1,chosen,0.5402,0.5424,train,normal
1306,下午加餐,4,49,想吃好点,兴奋,雨,一个人,随便,重辣,"海鲜,乳制品",34,全麦鸡肉三明治,轻食健康,1,chosen,0.5843,0.5518,train,normal
1306,下午加餐,4,49,想吃好点,兴奋,雨,一个人,随便,重辣,"海鲜,乳制品",32,藜麦牛油果碗,轻食健康,0,considered,0.5751,0.5706,train,normal
1306,下午加餐,4,49,想吃好点,兴奋,雨,一个人,随便,重辣,"海鲜,乳制品",35,水煮时蔬+溏心蛋,轻食健康,0,considered,0.5429,0.5593,train,normal
1307,晚餐,2,15,想吃好点,一般,晴,朋友,想健康,微辣,,6,兰州牛肉面,面食粉面,1,chosen,0.5741,0.6064,train,normal
1307,晚餐,2,15,想吃好点,一般,晴,朋友,想健康,微辣,,6,兰州牛肉面,面食粉面,1,chosen,0.5741,0.564,train,normal
1307,晚餐,2,15,想吃好点,一般,晴,朋友,想健康,微辣,,6,兰州牛肉面,面食粉面,1,chosen,0.5741,0.5111,train,normal
1307,晚餐,2,15,想吃好点,一般,晴,朋友,想健康,微辣,,9,炸酱面,面食粉面,0,considered,0.5335,0.5271,train,normal
1307,晚餐,2,15,想吃好点,一般,晴,朋友,想健康,微辣,,8,番茄鸡蛋面,面食粉面,0,considered,0.5005,0.4862,train,normal
1308,晚餐,1,55,正常,一般,晴,家人,不关心,重辣,,19,麻辣烫,火锅麻辣烫,1,chosen,0.574,0.5261,test,normal
1308,晚餐,1,55,正常,一般,晴,家人,不关心,重辣,,23,冒菜,火锅麻辣烫,1,chosen,0.54,0.5948,test,normal
1308,晚餐,1,55,正常,一般,晴,家人,不关心,重辣,,19,麻辣烫,火锅麻辣烫,1,chosen,0.574,0.5652,test,normal
1308,晚餐,1,55,正常,一般,晴,家人,不关心,重辣,,23,冒菜,火锅麻辣烫,0,considered,0.54,0.4898,test,normal
1308,晚餐,1,55,正常,一般,晴,家人,不关心,重辣,,24,菌汤火锅,火锅麻辣烫,0,considered,0.4583,0.4277,test,normal
1309,夜宵,5,76,正常,开心,晴,约会,想健康,微辣,素食,6,兰州牛肉面,面食粉面,1,chosen,0.6808,0.6419,train,normal
1309,夜宵,5,76,正常,开心,晴,约会,想健康,微辣,素食,24,菌汤火锅,火锅麻辣烫,1,chosen,0.6262,0.6634,train,normal
1309,夜宵,5,76,正常,开心,晴,约会,想健康,微辣,素食,24,菌汤火锅,火锅麻辣烫,1,chosen,0.6262,0.5884,train,normal
1309,夜宵,5,76,正常,开心,晴,约会,想健康,微辣,素食,9,炸酱面,面食粉面,0,considered,0.6006,0.6395,train,normal
1309,夜宵,5,76,正常,开心,晴,约会,想健康,微辣,素食,11,云南小锅米线,面食粉面,0,considered,0.5983,0.6318,train,normal
1310,早餐,4,83,正常,兴奋,热,同事,随便,微辣,"海鲜,乳制品",43,皮蛋瘦肉粥+油条,早餐粥点,1,chosen,0.5891,0.6076,train,normal
1310,早餐,4,83,正常,兴奋,热,同事,随便,微辣,"海鲜,乳制品",44,小笼包+豆浆,早餐粥点,1,chosen,0.5969,0.579,train,normal
1310,早餐,4,83,正常,兴奋,热,同事,随便,微辣,"海鲜,乳制品",44,小笼包+豆浆,早餐粥点,1,chosen,0.5969,0.6334,train,normal
1311,午餐,1,38,正常,一般,冷,同事,不关心,微辣,,40,奶油蘑菇汤+面包,西式简餐,1,chosen,0.5331,0.5332,val,normal
1311,午餐,1,38,正常,一般,冷,同事,不关心,微辣,,40,奶油蘑菇汤+面包,西式简餐,1,chosen,0.5331,0.57,val,normal
1311,午餐,1,38,正常,一般,冷,同事,不关心,微辣,,40,奶油蘑菇汤+面包,西式简餐,1,chosen,0.5331,0.5499,val,normal
1311,午餐,1,38,正常,一般,冷,同事,不关心,微辣,,42,烤鸡胸配土豆泥,西式简餐,0,considered,0.5143,0.4563,val,normal
1311,午餐,1,38,正常,一般,冷,同事,不关心,微辣,,37,番茄肉酱意面,西式简餐,0,considered,0.5102,0.4961,val,normal
1312,午餐,5,28,正常,疲惫,雨,一个人,想健康,重辣,素食,13,麻婆豆腐+米饭,家常炒菜,1,chosen,0.6658,0.6757,test,normal
1312,午餐,5,28,正常,疲惫,雨,一个人,想健康,重辣,素食,13,麻婆豆腐+米饭,家常炒菜,1,chosen,0.6658,0.7117,test,normal
1312,午餐,5,28,正常,疲惫,雨,一个人,想健康,重辣,素食,13,麻婆豆腐+米饭,家常炒菜,1,chosen,0.6658,0.714,test,normal
1312,午餐,5,28,正常,疲惫,雨,一个人,想健康,重辣,素食,18,地三鲜+米饭,家常炒菜,0,considered,0.6175,0.5825,test,normal
1312,午餐,5,28,正常,疲惫,雨,一个人,想健康,重辣,素食,12,西红柿炒蛋+米饭,家常炒菜,0,considered,0.5474,0.5241,test,normal
1313,午餐,2,31,正常,一般,雨,朋友,不关心,重辣,,19,麻辣烫,火锅麻辣烫,1,chosen,0.6648,0.6488,train,normal
1313,午餐,2,31,正常,一般,雨,朋友,不关心,重辣,,19,麻辣烫,火锅麻辣烫,1,chosen,0.6648,0.6371,train,normal
1313,午餐,2,31,正常,一般,雨,朋友,不关心,重辣,,19,麻辣烫,火锅麻辣烫,1,chosen,0.6648,0.6951,train,normal
1313,午餐,2,31,正常,一般,雨,朋友,不关心,重辣,,23,冒菜,火锅麻辣烫,0,considered,0.6273,0.6044,train,normal
1313,午餐,2,31,正常,一般,雨,朋友,不关心,重辣,,22,关东煮,火锅麻辣烫,0,considered,0.4771,0.4363,train,normal
1314,晚餐,3,15,想吃好点,兴奋,热,一个人,不关心,不吃辣,乳制品,34,全麦鸡肉三明治,轻食健康,1,chosen,0.4831,0.4677,train,normal
1314,晚餐,3,15,想吃好点,兴奋,热,一个人,不关心,不吃辣,乳制品,9,炸酱面,面食粉面,1,chosen,0.5135,0.5357,train,normal
1314,晚餐,3,15,想吃好点,兴奋,热,一个人,不关心,不吃辣,乳制品,9,炸酱面,面食粉面,1,chosen,0.5135,0.4837,train,normal
1314,晚餐,3,15,想吃好点,兴奋,热,一个人,不关心,不吃辣,乳制品,8,番茄鸡蛋面,面食粉面,0,considered,0.4286,0.3863,train,normal
1314,晚餐,3,15,想吃好点,兴奋,热,一个人,不关心,不吃辣,乳制品,6,兰州牛肉面,面食粉面,0,considered,0.4041,0.3208,train,normal
1315,晚餐,3,21,省着点,一般,晴,一个人,想健康,中辣,,11,云南小锅米线,面食粉面,1,chosen,0.5315,0.6078,test,normal
1315,晚餐,3,21,省着点,一般,晴,一个人,想健康,中辣,,11,云南小锅米线,面食粉面,1,chosen,0.5315,0.5074,test,normal
1315,晚餐,3,21,省着点,一般,晴,一个人,想健康,中辣,,11,云南小锅米线,面食粉面,1,chosen,0.5315,0.5061,test,normal
1316,夜宵,4,68,省着点,兴奋,雨,家人,不关心,微辣,海鲜,6,兰州牛肉面,面食粉面,1,chosen,0.6579,0.6779,train,normal
1316,夜宵,4,68,省着点,兴奋,雨,家人,不关心,微辣,海鲜,6,兰州牛肉面,面食粉面,1,chosen,0.6579,0.6591,train,normal
1316,夜宵,4,68,省着点,兴奋,雨,家人,不关心,微辣,海鲜,6,兰州牛肉面,面食粉面,1,chosen,0.6579,0.6719,train,normal
1317,夜宵,1,84,不差钱,低落,冷,家人,随便,微辣,,20,清汤火锅,火锅麻辣烫,1,chosen,0.657,0.666,val,normal
1317,夜宵,1,84,不差钱,低落,冷,家人,随便,微辣,,24,菌汤火锅,火锅麻辣烫,1,chosen,0.657,0.6714,val,normal
1317,夜宵,1,84,不差钱,低落,冷,家人,随便,微辣,,24,菌汤火锅,火锅麻辣烫,1,chosen,0.657,0.7198,val,normal
1318,晚餐,3,31,想吃好点,兴奋,阴,家人,想健康,微辣,,42,烤鸡胸配土豆泥,西式简餐,1,chosen,0.6396,0.6695,train,normal
1318,晚餐,3,31,想吃好点,兴奋,阴,家人,想健康,微辣,,6,兰州牛肉面,面食粉面,1,chosen,0.6047,0.6171,train,normal
1318,晚餐,3,31,想吃好点,兴奋,阴,家人,想健康,微辣,,2,青椒肉丝盖饭,中式快餐盖饭,1,chosen,0.5995,0.5908,train,normal
1319,晚餐,5,60,省着点,一般,晴,一个人,想健康,微辣,,2,青椒肉丝盖饭,中式快餐盖饭,1,chosen,0.5236,0.5239,train,normal
1319,晚餐,5,60,省着点,一般,晴,一个人,想健康,微辣,,2,青椒肉丝盖饭,中式快餐盖饭,1,chosen,0.5236,0.5163,train,normal
1319,晚餐,5,60,省着点,一般,晴,一个人,想健康,微辣,,2,青椒肉丝盖饭,中式快餐盖饭,1,chosen,0.5236,0.5104,train,normal
1319,晚餐,5,60,省着点,一般,晴,一个人,想健康,微辣,,1,黄焖鸡米饭,中式快餐盖饭,0,considered,0.4874,0.5039,train,normal
1319,晚餐,5,60,省着点,一般,晴,一个人,想健康,微辣,,0,番茄牛腩饭,中式快餐盖饭,0,considered,0.4817,0.5035,train,normal
1320,早餐,4,35,正常,开心,晴,朋友,随便,中辣,"海鲜,乳制品",45,杂粮煎饼果子,早餐粥点,1,chosen,0.6052,0.6483,train,normal
1320,早餐,4,35,正常,开心,晴,朋友,随便,中辣,"海鲜,乳制品",11,云南小锅米线,面食粉面,1,chosen,0.6152,0.6556,train,normal
1320,早餐,4,35,正常,开心,晴,朋友,随便,中辣,"海鲜,乳制品",11,云南小锅米线,面食粉面,1,chosen,0.6152,0.6226,train,normal
1321,午餐,3,72,想吃好点,一般,阴,朋友,不关心,不吃辣,乳制品,42,烤鸡胸配土豆泥,西式简餐,1,chosen,0.5904,0.6075,train,normal
1321,午餐,3,72,想吃好点,一般,阴,朋友,不关心,不吃辣,乳制品,42,烤鸡胸配土豆泥,西式简餐,1,chosen,0.5904,0.6474,train,normal
1321,午餐,3,72,想吃好点,一般,阴,朋友,不关心,不吃辣,乳制品,42,烤鸡胸配土豆泥,西式简餐,1,chosen,0.5904,0.6133,train,normal
1321,午餐,3,72,想吃好点,一般,阴,朋友,不关心,不吃辣,乳制品,37,番茄肉酱意面,西式简餐,0,considered,0.5768,0.5351,train,normal
1321,午餐,3,72,想吃好点,一般,阴,朋友,不关心,不吃辣,乳制品,38,香煎牛排,西式简餐,0,considered,0.5687,0.5662,train,normal
1322,晚餐,4,73,省着点,一般,雨,约会,不关心,重辣,,13,麻婆豆腐+米饭,家常炒菜,1,chosen,0.6645,0.6637,train,normal
1322,晚餐,4,73,省着点,一般,雨,约会,不关心,重辣,,13,麻婆豆腐+米饭,家常炒菜,1,chosen,0.6645,0.6996,train,normal
1322,晚餐,4,73,省着点,一般,雨,约会,不关心,重辣,,13,麻婆豆腐+米饭,家常炒菜,1,chosen,0.6645,0.645,train,normal
1322,晚餐,4,73,省着点,一般,雨,约会,不关心,重辣,,18,地三鲜+米饭,家常炒菜,0,considered,0.6337,0.6691,train,normal
1322,晚餐,4,73,省着点,一般,雨,约会,不关心,重辣,,15,宫保鸡丁+米饭,家常炒菜,0,considered,0.6267,0.6454,train,normal
1323,午餐,3,21,正常,压力大,晴,约会,不关心,不吃辣,海鲜,40,奶油蘑菇汤+面包,西式简餐,1,chosen,0.6475,0.6553,train,normal
1323,午餐,3,21,正常,压力大,晴,约会,不关心,不吃辣,海鲜,40,奶油蘑菇汤+面包,西式简餐,1,chosen,0.6475,0.6561,train,normal
1323,午餐,3,21,正常,压力大,晴,约会,不关心,不吃辣,海鲜,40,奶油蘑菇汤+面包,西式简餐,1,chosen,0.6475,0.7218,train,normal
1324,晚餐,3,41,省着点,开心,晴,一个人,不关心,中辣,,11,云南小锅米线,面食粉面,1,chosen,0.5038,0.5012,train,normal
1324,晚餐,3,41,省着点,开心,晴,一个人,不关心,中辣,,11,云南小锅米线,面食粉面,1,chosen,0.5038,0.5371,train,normal
1324,晚餐,3,41,省着点,开心,晴,一个人,不关心,中辣,,11,云南小锅米线,面食粉面,1,chosen,0.5038,0.5707,train,normal
1325,夜宵,2,42,省着点,开心,晴,同事,严格控制,微辣,,8,番茄鸡蛋面,面食粉面,1,chosen,0.6439,0.6899,train,normal
1325,夜宵,2,42,省着点,开心,晴,同事,严格控制,微辣,,8,番茄鸡蛋面,面食粉面,1,chosen,0.6439,0.5885,train,normal
1325,夜宵,2,42,省着点,开心,晴,同事,严格控制,微辣,,8,番茄鸡蛋面,面食粉面,1,chosen,0.6439,0.6147,train,normal
1326,午餐,3,26,正常,开心,晴,朋友,想健康,重辣,,13,麻婆豆腐+米饭,家常炒菜,1,chosen,0.6879,0.656,train,normal
1326,午餐,3,26,正常,开心,晴,朋友,想健康,重辣,,13,麻婆豆腐+米饭,家常炒菜,1,chosen,0.6879,0.6639,train,normal
1326,午餐,3,26,正常,开心,晴,朋友,想健康,重辣,,13,麻婆豆腐+米饭,家常炒菜,1,chosen,0.6879,0.6478,train,normal
1327,夜宵,4,62,想吃好点,兴奋,晴,家人,想健康,中辣,素食,24,菌汤火锅,火锅麻辣烫,1,chosen,0.6656,0.6468,train,normal
1327,夜宵,4,62,想吃好点,兴奋,晴,家人,想健康,中辣,素食,24,菌汤火锅,火锅麻辣烫,1,chosen,0.6656,0.6157,train,normal
1327,夜宵,4,62,想吃好点,兴奋,晴,家人,想健康,中辣,素食,6,兰州牛肉面,面食粉面,1,chosen,0.6454,0.6831,train,normal
1328,午餐,3,105,不差钱,一般,雨,一个人,想健康,中辣,素食,24,菌汤火锅,火锅麻辣烫,1,chosen,0.5689,0.5546,train,normal
1328,午餐,3,105,不差钱,一般,雨,一个人,想健康,中辣,素食,24,菌汤火锅,火锅麻辣烫,1,chosen,0.5689,0.4941,train,normal
1328,午餐,3,105,不差钱,一般,雨,一个人,想健康,中辣,素食,24,菌汤火锅,火锅麻辣烫,1,chosen,0.5689,0.6312,train,normal
1329,夜宵,1,31,想吃好点,疲惫,冷,同事,严格控制,不吃辣,,8,番茄鸡蛋面,面食粉面,1,chosen,0.6895,0.6724,train,normal
1329,夜宵,1,31,想吃好点,疲惫,冷,同事,严格控制,不吃辣,,17,蒜蓉西兰花+米饭,家常炒菜,1,chosen,0.652,0.6449,train,normal
1329,夜宵,1,31,想吃好点,疲惫,冷,同事,严格控制,不吃辣,,8,番茄鸡蛋面,面食粉面,1,chosen,0.6895,0.7018,train,normal
1329,夜宵,1,31,想吃好点,疲惫,冷,同事,严格控制,不吃辣,,6,兰州牛肉面,面食粉面,0,considered,0.558,0.5512,train,normal
1329,夜宵,1,31,想吃好点,疲惫,冷,同事,严格控制,不吃辣,,9,炸酱面,面食粉面,0,considered,0.5238,0.5263,train,normal
1330,午餐,5,15,正常,一般,晴,一个人,想健康,中辣,,11,云南小锅米线,面食粉面,1,chosen,0.5364,0.511,train,normal
1330,午餐,5,15,正常,一般,晴,一个人,想健康,中辣,,11,云南小锅米线,面食粉面,1,chosen,0.5364,0.5105,train,normal
1330,午餐,5,15,正常,一般,晴,一个人,想健康,中辣,,11,云南小锅米线,面食粉面,1,chosen,0.5364,0.5752,train,normal
1331,夜宵,4,59,省着点,开心,冷,朋友,随便,不吃辣,,24,菌汤火锅,火锅麻辣烫,1,chosen,0.6018,0.6637,train,normal
1331,夜宵,4,59,省着点,开心,冷,朋友,随便,不吃辣,,24,菌汤火锅,火锅麻辣烫,1,chosen,0.6018,0.6372,train,normal
1331,夜宵,4,59,省着点,开心,冷,朋友,随便,不吃辣,,24,菌汤火锅,火锅麻辣烫,1,chosen,0.6018,0.5369,train,normal
1331,夜宵,4,59,省着点,开心,冷,朋友,随便,不吃辣,,20,清汤火锅,火锅麻辣烫,0,considered,0.5623,0.5368,train,normal
1331,夜宵,4,59,省着点,开心,冷,朋友,随便,不吃辣,,19,麻辣烫,火锅麻辣烫,0,considered,0.4169,0.3725,train,normal
1332,晚餐,3,27,正常,压力大,雨,朋友,随便,微辣,海鲜,37,番茄肉酱意面,西式简餐,1,chosen,0.6621,0.6641,train,normal
1332,晚餐,3,27,正常,压力大,雨,朋友,随便,微辣,海鲜,40,奶油蘑菇汤+面包,西式简餐,1,chosen,0.6791,0.6581,train,normal
1332,晚餐,3,27,正常,压力大,雨,朋友,随便,微辣,海鲜,40,奶油蘑菇汤+面包,西式简餐,1,chosen,0.6791,0.7254,train,normal
1333,午餐,4,16,正常,开心,阴,一个人,想健康,中辣,,11,云南小锅米线,面食粉面,1,chosen,0.5478,0.5905,train,normal
1333,午餐,4,16,正常,开心,阴,一个人,想健康,中辣,,11,云南小锅米线,面食粉面,1,chosen,0.5478,0.5032,train,normal
1333,午餐,4,16,正常,开心,阴,一个人,想健康,中辣,,11,云南小锅米线,面食粉面,1,chosen,0.5478,0.5113,train,normal
1333,午餐,4,16,正常,开心,阴,一个人,想健康,中辣,,6,兰州牛肉面,面食粉面,0,considered,0.5399,0.5838,train,normal
1333,午餐,4,16,正常,开心,阴,一个人,想健康,中辣,,9,炸酱面,面食粉面,0,considered,0.5222,0.5284,train,normal
1334,晚餐,3,67,不差钱,低落,冷,一个人,随便,不吃辣,,40,奶油蘑菇汤+面包,西式简餐,1,chosen,0.545,0.5291,train,normal
1334,晚餐,3,67,不差钱,低落,冷,一个人,随便,不吃辣,,24,菌汤火锅,火锅麻辣烫,1,chosen,0.5704,0.5569,train,normal
1334,晚餐,3,67,不差钱,低落,冷,一个人,随便,不吃辣,,24,菌汤火锅,火锅麻辣烫,1,chosen,0.5704,0.5234,train,normal
1334,晚餐,3,67,不差钱,低落,冷,一个人,随便,不吃辣,,20,清汤火锅,火锅麻辣烫,0,considered,0.5704,0.549,train,normal
1334,晚餐,3,67,不差钱,低落,冷,一个人,随便,不吃辣,,22,关东煮,火锅麻辣烫,0,considered,0.3448,0.3324,train,normal
1335,夜宵,4,27,想吃好点,疲惫,热,一个人,想健康,不吃辣,乳制品,42,烤鸡胸配土豆泥,西式简餐,1,chosen,0.5728,0.5877,train,normal
1335,夜宵,4,27,想吃好点,疲惫,热,一个人,想健康,不吃辣,乳制品,9,炸酱面,面食粉面,1,chosen,0.5908,0.5746,train,normal
1335,夜宵,4,27,想吃好点,疲惫,热,一个人,想健康,不吃辣,乳制品,9,炸酱面,面食粉面,1,chosen,0.5908,0.4973,train,normal
1335,夜宵,4,27,想吃好点,疲惫,热,一个人,想健康,不吃辣,乳制品,8,番茄鸡蛋面,面食粉面,0,considered,0.5645,0.5682,train,normal
1335,夜宵,4,27,想吃好点,疲惫,热,一个人,想健康,不吃辣,乳制品,6,兰州牛肉面,面食粉面,0,considered,0.5232,0.5963,train,normal
1336,午餐,2,61,想吃好点,开心,阴,同事,想健康,不吃辣,,42,烤鸡胸配土豆泥,西式简餐,1,chosen,0.5532,0.5577,train,normal
1336,午餐,2,61,想吃好点,开心,阴,同事,想健康,不吃辣,,42,烤鸡胸配土豆泥,西式简餐,1,chosen,0.5532,0.5173,train,normal
1336,午餐,2,61,想吃好点,开心,阴,同事,想健康,不吃辣,,40,奶油蘑菇汤+面包,西式简餐,1,chosen,0.5529,0.5356,train,normal
1337,午餐,1,74,想吃好点,一般,雪,朋友,不关心,重辣,麸质,19,麻辣烫,火锅麻辣烫,1,chosen,0.7028,0.8366,test,snow
1337,午餐,1,74,想吃好点,一般,雪,朋友,不关心,重辣,麸质,23,冒菜,火锅麻辣烫,1,chosen,0.6711,0.6666,test,snow
1337,午餐,1,74,想吃好点,一般,雪,朋友,不关心,重辣,麸质,19,麻辣烫,火锅麻辣烫,1,chosen,0.7028,0.7026,test,snow
1338,晚餐,2,89,不差钱,疲惫,晴,同事,想健康,微辣,,24,菌汤火锅,火锅麻辣烫,1,chosen,0.5968,0.6139,test,normal
1338,晚餐,2,89,不差钱,疲惫,晴,同事,想健康,微辣,,24,菌汤火锅,火锅麻辣烫,1,chosen,0.5968,0.6019,test,normal
1338,晚餐,2,89,不差钱,疲惫,晴,同事,想健康,微辣,,24,菌汤火锅,火锅麻辣烫,1,chosen,0.5968,0.5706,test,normal
1339,晚餐,2,52,正常,疲惫,雨,一个人,不关心,重辣,素食,19,麻辣烫,火锅麻辣烫,1,chosen,0.6057,0.6098,train,normal
1339,晚餐,2,52,正常,疲惫,雨,一个人,不关心,重辣,素食,19,麻辣烫,火锅麻辣烫,1,chosen,0.6057,0.6683,train,normal
1339,晚餐,2,52,正常,疲惫,雨,一个人,不关心,重辣,素食,19,麻辣烫,火锅麻辣烫,1,chosen,0.6057,0.6305,train,normal
1339,晚餐,2,52,正常,疲惫,雨,一个人,不关心,重辣,素食,23,冒菜,火锅麻辣烫,0,considered,0.5651,0.5539,train,normal
1339,晚餐,2,52,正常,疲惫,雨,一个人,不关心,重辣,素食,22,关东煮,火锅麻辣烫,0,considered,0.4824,0.5308,train,normal
1340,午餐,4,72,正常,开心,阴,一个人,不关心,微辣,素食,18,地三鲜+米饭,家常炒菜,1,chosen,0.5188,0.5059,test,normal
1340,午餐,4,72,正常,开心,阴,一个人,不关心,微辣,素食,18,地三鲜+米饭,家常炒菜,1,chosen,0.5188,0.4959,test,normal
1340,午餐,4,72,正常,开心,阴,一个人,不关心,微辣,素食,18,地三鲜+米饭,家常炒菜,1,chosen,0.5188,0.4783,test,normal
1341,早餐,2,37,省着点,一般,阴,约会,想健康,微辣,,8,番茄鸡蛋面,面食粉面,1,chosen,0.6644,0.6454,train,normal
1341,早餐,2,37,省着点,一般,阴,约会,想健康,微辣,,8,番茄鸡蛋面,面食粉面,1,chosen,0.6644,0.6815,train,normal
1341,早餐,2,37,省着点,一般,阴,约会,想健康,微辣,,8,番茄鸡蛋面,面食粉面,1,chosen,0.6644,0.6993,train,normal
1341,早餐,2,37,省着点,一般,阴,约会,想健康,微辣,,6,兰州牛肉面,面食粉面,0,considered,0.613,0.582,train,normal
1341,早餐,2,37,省着点,一般,阴,约会,想健康,微辣,,11,云南小锅米线,面食粉面,0,considered,0.5305,0.5881,train,normal
1342,午餐,4,15,想吃好点,一般,雨,家人,严格控制,微辣,麸质,45,杂粮煎饼果子,早餐粥点,1,chosen,0.6147,0.6722,train,normal
1342,午餐,4,15,想吃好点,一般,雨,家人,严格控制,微辣,麸质,6,兰州牛肉面,面食粉面,1,chosen,0.6493,0.6903,train,normal
1342,午餐,4,15,想吃好点,一般,雨,家人,严格控制,微辣,麸质,6,兰州牛肉面,面食粉面,1,chosen,0.6493,0.6172,train,normal
1342,午餐,4,15,想吃好点,一般,雨,家人,严格控制,微辣,麸质,9,炸酱面,面食粉面,0,considered,0.6197,0.6476,train,normal
1342,午餐,4,15,想吃好点,一般,雨,家人,严格控制,微辣,麸质,11,云南小锅米线,面食粉面,0,considered,0.5625,0.5322,train,normal
1343,午餐,4,56,省着点,一般,阴,家人,想健康,重辣,乳制品,13,麻婆豆腐+米饭,家常炒菜,1,chosen,0.6325,0.6275,train,normal
1343,午餐,4,56,省着点,一般,阴,家人,想健康,重辣,乳制品,13,麻婆豆腐+米饭,家常炒菜,1,chosen,0.6325,0.5794,train,normal
1343,午餐,4,56,省着点,一般,阴,家人,想健康,重辣,乳制品,13,麻婆豆腐+米饭,家常炒菜,1,chosen,0.6325,0.6249,train,normal
1344,午餐,2,15,想吃好点,一般,雨,约会,随便,重辣,,19,麻辣烫,火锅麻辣烫,1,chosen,0.6383,0.6182,train,normal
1344,午餐,2,15,想吃好点,一般,雨,约会,随便,重辣,,19,麻辣烫,火锅麻辣烫,1,chosen,0.6383,0.5706,train,normal
1344,午餐,2,15,想吃好点,一般,雨,约会,随便,重辣,,7,重庆小面,面食粉面,1,chosen,0.6069,0.6262,train,normal
1344,午餐,2,15,想吃好点,一般,雨,约会,随便,重辣,,23,冒菜,火锅麻辣烫,0,considered,0.5804,0.5485,train,normal
1344,午餐,2,15,想吃好点,一般,雨,约会,随便,重辣,,22,关东煮,火锅麻辣烫,0,considered,0.4862,0.4841,train,normal
1345,夜宵,3,61,正常,压力大,晴,约会,不关心,中辣,,26,烤鸡翅,烧烤小吃,1,chosen,0.7248,0.7075,train,normal
1345,夜宵,3,61,正常,压力大,晴,约会,不关心,中辣,,26,烤鸡翅,烧烤小吃,1,chosen,0.7248,0.7065,train,normal
1345,夜宵,3,61,正常,压力大,晴,约会,不关心,中辣,,26,烤鸡翅,烧烤小吃,1,chosen,0.7248,0.8244,train,normal
1346,夜宵,5,80,省着点,兴奋,晴,朋友,想健康,中辣,,11,云南小锅米线,面食粉面,1,chosen,0.6711,0.6375,train,normal
1346,夜宵,5,80,省着点,兴奋,晴,朋友,想健康,中辣,,11,云南小锅米线,面食粉面,1,chosen,0.6711,0.6832,train,normal
1346,夜宵,5,80,省着点,兴奋,晴,朋友,想健康,中辣,,11,云南小锅米线,面食粉面,1,chosen,0.6711,0.6868,train,normal
1347,午餐,3,27,正常,压力大,晴,一个人,想健康,不吃辣,素食,40,奶油蘑菇汤+面包,西式简餐,1,chosen,0.5738,0.5158,train,normal
1347,午餐,3,27,正常,压力大,晴,一个人,想健康,不吃辣,素食,40,奶油蘑菇汤+面包,西式简餐,1,chosen,0.5738,0.6418,train,normal
1347,午餐,3,27,正常,压力大,晴,一个人,想健康,不吃辣,素食,12,西红柿炒蛋+米饭,家常炒菜,1,chosen,0.5506,0.5147,train,normal
1348,夜宵,3,57,省着点,压力大,阴,朋友,想健康,不吃辣,乳制品,8,番茄鸡蛋面,面食粉面,1,chosen,0.6592,0.7075,train,normal
1348,夜宵,3,57,省着点,压力大,阴,朋友,想健康,不吃辣,乳制品,8,番茄鸡蛋面,面食粉面,1,chosen,0.6592,0.6504,train,normal
1348,夜宵,3,57,省着点,压力大,阴,朋友,想健康,不吃辣,乳制品,24,菌汤火锅,火锅麻辣烫,1,chosen,0.6336,0.6218,train,normal
1349,午餐,3,46,正常,开心,阴,一个人,随便,微辣,,40,奶油蘑菇汤+面包,西式简餐,1,chosen,0.5077,0.5348,train,normal
1349,午餐,3,46,正常,开心,阴,一个人,随便,微辣,,40,奶油蘑菇汤+面包,西式简餐,1,chosen,0.5077,0.5486,train,normal
1349,午餐,3,46,正常,开心,阴,一个人,随便,微辣,,40,奶油蘑菇汤+面包,西式简餐,1,chosen,0.5077,0.5111,train,normal
1350,夜宵,3,89,省着点,压力大,雨,一个人,不关心,不吃辣,麸质,8,番茄鸡蛋面,面食粉面,1,chosen,0.6178,0.6015,test,normal
1350,夜宵,3,89,省着点,压力大,雨,一个人,不关心,不吃辣,麸质,8,番茄鸡蛋面,面食粉面,1,chosen,0.6178,0.633,test,normal
1350,夜宵,3,89,省着点,压力大,雨,一个人,不关心,不吃辣,麸质,17,蒜蓉西兰花+米饭,家常炒菜,1,chosen,0.531,0.5413,test,normal
1351,晚餐,2,59,正常,兴奋,晴,朋友,随便,重辣,,19,麻辣烫,火锅麻辣烫,1,chosen,0.6263,0.6839,test,normal
1351,晚餐,2,59,正常,兴奋,晴,朋友,随便,重辣,,19,麻辣烫,火锅麻辣烫,1,chosen,0.6263,0.6234,test,normal
1351,晚餐,2,59,正常,兴奋,晴,朋友,随便,重辣,,19,麻辣烫,火锅麻辣烫,1,chosen,0.6263,0.5877,test,normal
1352,晚餐,2,15,不差钱,一般,阴,家人,想健康,中辣,,11,云南小锅米线,面食粉面,1,chosen,0.5588,0.6035,test,normal
1352,晚餐,2,15,不差钱,一般,阴,家人,想健康,中辣,,26,烤鸡翅,烧烤小吃,1,chosen,0.5728,0.6024,test,normal
1352,晚餐,2,15,不差钱,一般,阴,家人,想健康,中辣,,6,兰州牛肉面,面食粉面,1,chosen,0.5526,0.5677,test,normal
1353,午餐,3,38,省着点,开心,热,一个人,随便,中辣,,9,炸酱面,面食粉面,1,chosen,0.5275,0.5281,val,normal
1353,午餐,3,38,省着点,开心,热,一个人,随便,中辣,,9,炸酱面,面食粉面,1,chosen,0.5275,0.5478,val,normal
1353,午餐,3,38,省着点,开心,热,一个人,随便,中辣,,9,炸酱面,面食粉面,1,chosen,0.5275,0.5264,val,normal
1354,夜宵,4,35,想吃好点,低落,阴,一个人,随便,不吃辣,"海鲜,乳制品",37,番茄肉酱意面,西式简餐,1,chosen,0.5,0.5179,val,normal
1354,夜宵,4,35,想吃好点,低落,阴,一个人,随便,不吃辣,"海鲜,乳制品",42,烤鸡胸配土豆泥,西式简餐,1,chosen,0.5,0.5405,val,normal
1354,夜宵,4,35,想吃好点,低落,阴,一个人,随便,不吃辣,"海鲜,乳制品",42,烤鸡胸配土豆泥,西式简餐,1,chosen,0.5,0.5219,val,normal
1355,晚餐,5,34,想吃好点,一般,雨,朋友,想健康,不吃辣,乳制品,42,烤鸡胸配土豆泥,西式简餐,1,chosen,0.6697,0.7149,train,normal
1355,晚餐,5,34,想吃好点,一般,雨,朋友,想健康,不吃辣,乳制品,42,烤鸡胸配土豆泥,西式简餐,1,chosen,0.6697,0.6452,train,normal
1355,晚餐,5,34,想吃好点,一般,雨,朋友,想健康,不吃辣,乳制品,37,番茄肉酱意面,西式简餐,1,chosen,0.6635,0.6891,train,normal
1356,晚餐,3,64,不差钱,开心,阴,家人,随便,不吃辣,素食,24,菌汤火锅,火锅麻辣烫,1,chosen,0.6092,0.6215,train,normal
1356,晚餐,3,64,不差钱,开心,阴,家人,随便,不吃辣,素食,24,菌汤火锅,火锅麻辣烫,1,chosen,0.6092,0.5688,train,normal
1356,晚餐,3,64,不差钱,开心,阴,家人,随便,不吃辣,素食,24,菌汤火锅,火锅麻辣烫,1,chosen,0.6092,0.6123,train,normal
1357,午餐,4,28,不差钱,低落,阴,同事,严格控制,不吃辣,,42,烤鸡胸配土豆泥,西式简餐,1,chosen,0.5848,0.5454,train,normal
1357,午餐,4,28,不差钱,低落,阴,同事,严格控制,不吃辣,,42,烤鸡胸配土豆泥,西式简餐,1,chosen,0.5848,0.5546,train,normal
1357,午餐,4,28,不差钱,低落,阴,同事,严格控制,不吃辣,,42,烤鸡胸配土豆泥,西式简餐,1,chosen,0.5848,0.5938,train,normal
1358,夜宵,5,57,不差钱,一般,晴,家人,想健康,中辣,,24,菌汤火锅,火锅麻辣烫,1,chosen,0.678,0.6424,train,normal
1358,夜宵,5,57,不差钱,一般,晴,家人,想健康,中辣,,24,菌汤火锅,火锅麻辣烫,1,chosen,0.678,0.7179,train,normal
1358,夜宵,5,57,不差钱,一般,晴,家人,想健康,中辣,,24,菌汤火锅,火锅麻辣烫,1,chosen,0.678,0.6114,train,normal
1358,夜宵,5,57,不差钱,一般,晴,家人,想健康,中辣,,20,清汤火锅,火锅麻辣烫,0,considered,0.6228,0.6433,train,normal
1358,夜宵,5,57,不差钱,一般,晴,家人,想健康,中辣,,23,冒菜,火锅麻辣烫,0,considered,0.508,0.5195,train,normal
1359,晚餐,5,17,省着点,疲惫,热,约会,随便,不吃辣,,9,炸酱面,面食粉面,1,chosen,0.6685,0.6717,train,normal
1359,晚餐,5,17,省着点,疲惫,热,约会,随便,不吃辣,,9,炸酱面,面食粉面,1,chosen,0.6685,0.6902,train,normal
1359,晚餐,5,17,省着点,疲惫,热,约会,随便,不吃辣,,3,台式卤肉饭,中式快餐盖饭,1,chosen,0.6415,0.6769,train,normal
1359,晚餐,5,17,省着点,疲惫,热,约会,随便,不吃辣,,6,兰州牛肉面,面食粉面,0,considered,0.5477,0.5195,train,normal
1359,晚餐,5,17,省着点,疲惫,热,约会,随便,不吃辣,,8,番茄鸡蛋面,面食粉面,0,considered,0.5066,0.537,train,normal
1360,午餐,3,57,想吃好点,开心,阴,家人,随便,不吃辣,素食,40,奶油蘑菇汤+面包,西式简餐,1,chosen,0.595,0.6203,train,normal
1360,午餐,3,57,想吃好点,开心,阴,家人,随便,不吃辣,素食,40,奶油蘑菇汤+面包,西式简餐,1,chosen,0.595,0.6476,train,normal
1360,午餐,3,57,想吃好点,开心,阴,家人,随便,不吃辣,素食,40,奶油蘑菇汤+面包,西式简餐,1,chosen,0.595,0.5683,train,normal
1361,晚餐,3,76,不差钱,开心,晴,朋友,想健康,不吃辣,,24,菌汤火锅,火锅麻辣烫,1,chosen,0.6581,0.6302,test,normal
1361,晚餐,3,76,不差钱,开心,晴,朋友,想健康,不吃辣,,38,香煎牛排,西式简餐,1,chosen,0.6199,0.5993,test,normal
1361,晚餐,3,76,不差钱,开心,晴,朋友,想健康,不吃辣,,24,菌汤火锅,火锅麻辣烫,1,chosen,0.6581,0.6151,test,normal
1362,午餐,2,63,正常,开心,阴,一个人,不关心,中辣,,26,烤鸡翅,烧烤小吃,1,chosen,0.5087,0.5513,train,normal
1362,午餐,2,63,正常,开心,阴,一个人,不关心,中辣,,26,烤鸡翅,烧烤小吃,1,chosen,0.5087,0.5412,train,normal
1362,午餐,2,63,正常,开心,阴,一个人,不关心,中辣,,6,兰州牛肉面,面食粉面,1,chosen,0.4737,0.513,train,normal
1363,午餐,3,54,省着点,一般,雨,同事,不关心,中辣,,11,云南小锅米线,面食粉面,1,chosen,0.576,0.5533,val,normal
1363,午餐,3,54,省着点,一般,雨,同事,不关心,中辣,,11,云南小锅米线,面食粉面,1,chosen,0.576,0.5544,val,normal
1363,午餐,3,54,省着点,一般,雨,同事,不关心,中辣,,11,云南小锅米线,面食粉面,1,chosen,0.576,0.581,val,normal
1364,午餐,4,46,省着点,兴奋,雪,家人,随便,微辣,,6,兰州牛肉面,面食粉面,1,chosen,0.6846,0.7228,test,snow
1364,午餐,4,46,省着点,兴奋,雪,家人,随便,微辣,,2,青椒肉丝盖饭,中式快餐盖饭,1,chosen,0.693,0.7837,test,snow
1364,午餐,4,46,省着点,兴奋,雪,家人,随便,微辣,,2,青椒肉丝盖饭,中式快餐盖饭,1,chosen,0.693,0.6782,test,snow
1364,午餐,4,46,省着点,兴奋,雪,家人,随便,微辣,,1,黄焖鸡米饭,中式快餐盖饭,0,considered,0.6696,0.6509,test,snow
1364,午餐,4,46,省着点,兴奋,雪,家人,随便,微辣,,3,台式卤肉饭,中式快餐盖饭,0,considered,0.668,0.6801,test,snow
1365,下午加餐,3,51,正常,低落,雨,一个人,不关心,不吃辣,,34,全麦鸡肉三明治,轻食健康,1,chosen,0.6233,0.5849,test,normal
1365,下午加餐,3,51,正常,低落,雨,一个人,不关心,不吃辣,,34,全麦鸡肉三明治,轻食健康,1,chosen,0.6233,0.6654,test,normal
1365,下午加餐,3,51,正常,低落,雨,一个人,不关心,不吃辣,,34,全麦鸡肉三明治,轻食健康,1,chosen,0.6233,0.6624,test,normal
1366,夜宵,3,42,省着点,压力大,阴,朋友,不关心,不吃辣,,8,番茄鸡蛋面,面食粉面,1,chosen,0.6201,0.5915,train,normal
1366,夜宵,3,42,省着点,压力大,阴,朋友,不关心,不吃辣,,8,番茄鸡蛋面,面食粉面,1,chosen,0.6201,0.5905,train,normal
1366,夜宵,3,42,省着点,压力大,阴,朋友,不关心,不吃辣,,6,兰州牛肉面,面食粉面,1,chosen,0.5621,0.5718,train,normal
1366,夜宵,3,42,省着点,压力大,阴,朋友,不关心,不吃辣,,9,炸酱面,面食粉面,0,considered,0.5902,0.6077,train,normal
1366,夜宵,3,42,省着点,压力大,阴,朋友,不关心,不吃辣,,6,兰州牛肉面,面食粉面,0,considered,0.5621,0.5383,train,normal
1367,晚餐,3,67,省着点,压力大,雨,家人,想健康,重辣,,13,麻婆豆腐+米饭,家常炒菜,1,chosen,0.728,0.6655,test,normal
1367,晚餐,3,67,省着点,压力大,雨,家人,想健康,重辣,,13,麻婆豆腐+米饭,家常炒菜,1,chosen,0.728,0.7388,test,normal
1367,晚餐,3,67,省着点,压力大,雨,家人,想健康,重辣,,13,麻婆豆腐+米饭,家常炒菜,1,chosen,0.728,0.7249,test,normal
1368,午餐,3,34,想吃好点,一般,晴,约会,随便,中辣,,15,宫保鸡丁+米饭,家常炒菜,1,chosen,0.641,0.6881,train,normal
1368,午餐,3,34,想吃好点,一般,晴,约会,随便,中辣,,15,宫保鸡丁+米饭,家常炒菜,1,chosen,0.641,0.6225,train,normal
1368,午餐,3,34,想吃好点,一般,晴,约会,随便,中辣,,15,宫保鸡丁+米饭,家常炒菜,1,chosen,0.641,0.6869,train,normal
1368,午餐,3,34,想吃好点,一般,晴,约会,随便,中辣,,18,地三鲜+米饭,家常炒菜,0,considered,0.598,0.6085,train,normal
1368,午餐,3,34,想吃好点,一般,晴,约会,随便,中辣,,13,麻婆豆腐+米饭,家常炒菜,0,considered,0.5494,0.576,train,normal
1369,午餐,3,68,正常,开心,晴,同事,不关心,微辣,海鲜,40,奶油蘑菇汤+面包,西式简餐,1,chosen,0.5507,0.515,train,normal
1369,午餐,3,68,正常,开心,晴,同事,不关心,微辣,海鲜,40,奶油蘑菇汤+面包,西式简餐,1,chosen,0.5507,0.5551,train,normal
1369,午餐,3,68,正常,开心,晴,同事,不关心,微辣,海鲜,40,奶油蘑菇汤+面包,西式简餐,1,chosen,0.5507,0.5479,train,normal
1370,夜宵,3,36,想吃好点,一般,热,朋友,不关心,不吃辣,,42,烤鸡胸配土豆泥,西式简餐,1,chosen,0.5836,0.5934,train,normal
1370,夜宵,3,36,想吃好点,一般,热,朋友,不关心,不吃辣,,9,炸酱面,面食粉面,1,chosen,0.5751,0.5651,train,normal
1370,夜宵,3,36,想吃好点,一般,热,朋友,不关心,不吃辣,,42,烤鸡胸配土豆泥,西式简餐,1,chosen,0.5836,0.5962,train,normal
1370,夜宵,3,36,想吃好点,一般,热,朋友,不关心,不吃辣,,40,奶油蘑菇汤+面包,西式简餐,0,considered,0.5768,0.5954,train,normal
1370,夜宵,3,36,想吃好点,一般,热,朋友,不关心,不吃辣,,37,番茄肉酱意面,西式简餐,0,considered,0.57,0.5564,train,normal
1371,早餐,4,77,正常,兴奋,冷,朋友,随便,中辣,,44,小笼包+豆浆,早餐粥点,1,chosen,0.6411,0.6678,train,normal
1371,早餐,4,77,正常,兴奋,冷,朋友,随便,中辣,,6,兰州牛肉面,面食粉面,1,chosen,0.6448,0.6543,train,normal
1371,早餐,4,77,正常,兴奋,冷,朋友,随便,中辣,,11,云南小锅米线,面食粉面,1,chosen,0.6608,0.646,train,normal
1372,午餐,3,26,想吃好点,开心,晴,约会,严格控制,微辣,素食,40,奶油蘑菇汤+面包,西式简餐,1,chosen,0.6461,0.6881,train,normal
1372,午餐,3,26,想吃好点,开心,晴,约会,严格控制,微辣,素食,40,奶油蘑菇汤+面包,西式简餐,1,chosen,0.6461,0.6255,train,normal
1372,午餐,3,26,想吃好点,开心,晴,约会,严格控制,微辣,素食,40,奶油蘑菇汤+面包,西式简餐,1,chosen,0.6461,0.6118,train,normal
1373,晚餐,3,55,正常,一般,雨,朋友,不关心,微辣,,18,地三鲜+米饭,家常炒菜,1,chosen,0.6181,0.6419,train,normal
1373,晚餐,3,55,正常,一般,雨,朋友,不关心,微辣,,40,奶油蘑菇汤+面包,西式简餐,1,chosen,0.631,0.6542,train,normal
1373,晚餐,3,55,正常,一般,雨,朋友,不关心,微辣,,40,奶油蘑菇汤+面包,西式简餐,1,chosen,0.631,0.6434,train,normal
1374,午餐,2,15,正常,一般,雪,约会,不关心,重辣,,19,麻辣烫,火锅麻辣烫,1,chosen,0.708,0.6966,test,snow
1374,午餐,2,15,正常,一般,雪,约会,不关心,重辣,,19,麻辣烫,火锅麻辣烫,1,chosen,0.708,0.6657,test,snow
1374,午餐,2,15,正常,一般,雪,约会,不关心,重辣,,7,重庆小面,面食粉面,1,chosen,0.6873,0.7002,test,snow
1374,午餐,2,15,正常,一般,雪,约会,不关心,重辣,,23,冒菜,火锅麻辣烫,0,considered,0.6514,0.6643,test,snow
1374,午餐,2,15,正常,一般,雪,约会,不关心,重辣,,22,关东煮,火锅麻辣烫,0,considered,0.5627,0.5822,test,snow
1375,午餐,4,15,正常,开心,阴,约会,随便,中辣,海鲜,11,云南小锅米线,面食粉面,1,chosen,0.6072,0.5853,val,normal
1375,午餐,4,15,正常,开心,阴,约会,随便,中辣,海鲜,11,云南小锅米线,面食粉面,1,chosen,0.6072,0.6795,val,normal
1375,午餐,4,15,正常,开心,阴,约会,随便,中辣,海鲜,11,云南小锅米线,面食粉面,1,chosen,0.6072,0.6424,val,normal
1376,早餐,4,62,省着点,兴奋,晴,朋友,随便,不吃辣,素食,44,小笼包+豆浆,早餐粥点,1,chosen,0.593,0.6218,train,normal
1376,早餐,4,62,省着点,兴奋,晴,朋友,随便,不吃辣,素食,44,小笼包+豆浆,早餐粥点,1,chosen,0.593,0.6048,train,normal
1376,早餐,4,62,省着点,兴奋,晴,朋友,随便,不吃辣,素食,44,小笼包+豆浆,早餐粥点,1,chosen,0.593,0.5908,train,normal
1377,早餐,3,15,想吃好点,开心,雨,朋友,想健康,微辣,,43,皮蛋瘦肉粥+油条,早餐粥点,1,chosen,0.6911,0.7216,train,normal
1377,早餐,3,15,想吃好点,开心,雨,朋友,想健康,微辣,,44,小笼包+豆浆,早餐粥点,1,chosen,0.6918,0.6576,train,normal
1377,早餐,3,15,想吃好点,开心,雨,朋友,想健康,微辣,,44,小笼包+豆浆,早餐粥点,1,chosen,0.6918,0.7214,train,normal
1378,晚餐,2,34,想吃好点,低落,阴,一个人,不关心,中辣,麸质,26,烤鸡翅,烧烤小吃,1,chosen,0.538,0.5164,train,normal
1378,晚餐,2,34,想吃好点,低落,阴,一个人,不关心,中辣,麸质,26,烤鸡翅,烧烤小吃,1,chosen,0.538,0.5045,train,normal
1378,晚餐,2,34,想吃好点,低落,阴,一个人,不关心,中辣,麸质,26,烤鸡翅,烧烤小吃,1,chosen,0.538,0.5492,train,normal
1379,夜宵,1,53,不差钱,开心,热,一个人,不关心,不吃辣,,24,菌汤火锅,火锅麻辣烫,1,chosen,0.5157,0.4978,train,normal
1379,夜宵,1,53,不差钱,开心,热,一个人,不关心,不吃辣,,24,菌汤火锅,火锅麻辣烫,1,chosen,0.5157,0.5179,train,normal
1379,夜宵,1,53,不差钱,开心,热,一个人,不关心,不吃辣,,24,菌汤火锅,火锅麻辣烫,1,chosen,0.5157,0.542,train,normal
1379,夜宵,1,53,不差钱,开心,热,一个人,不关心,不吃辣,,20,清汤火锅,火锅麻辣烫,0,considered,0.4881,0.493,train,normal
1379,夜宵,1,53,不差钱,开心,热,一个人,不关心,不吃辣,,22,关东煮,火锅麻辣烫,0,considered,0.3846,0.3703,train,normal
1380,夜宵,3,39,正常,开心,雨,约会,严格控制,重辣,,26,烤鸡翅,烧烤小吃,1,chosen,0.777,0.8359,train,normal
1380,夜宵,3,39,正常,开心,雨,约会,严格控制,重辣,,26,烤鸡翅,烧烤小吃,1,chosen,0.777,0.7945,train,normal
1380,夜宵,3,39,正常,开心,雨,约会,严格控制,重辣,,26,烤鸡翅,烧烤小吃,1,chosen,0.777,0.8121,train,normal
1380,夜宵,3,39,正常,开心,雨,约会,严格控制,重辣,,27,烤茄子,烧烤小吃,0,considered,0.7684,0.8418,train,normal
1380,夜宵,3,39,正常,开心,雨,约会,严格控制,重辣,,30,铁板豆腐,烧烤小吃,0,considered,0.7643,0.7492,train,normal
1381,夜宵,3,15,想吃好点,压力大,热,一个人,不关心,不吃辣,海鲜,8,番茄鸡蛋面,面食粉面,1,chosen,0.5624,0.5678,train,normal
1381,夜宵,3,15,想吃好点,压力大,热,一个人,不关心,不吃辣,海鲜,8,番茄鸡蛋面,面食粉面,1,chosen,0.5624,0.5628,train,normal
1381,夜宵,3,15,想吃好点,压力大,热,一个人,不关心,不吃辣,海鲜,8,番茄鸡蛋面,面食粉面,1,chosen,0.5624,0.5203,train,normal
1381,夜宵,3,15,想吃好点,压力大,热,一个人,不关心,不吃辣,海鲜,9,炸酱面,面食粉面,0,considered,0.5479,0.4481,train,normal
1381,夜宵,3,15,想吃好点,压力大,热,一个人,不关心,不吃辣,海鲜,6,兰州牛肉面,面食粉面,0,considered,0.4841,0.4945,train,normal
1382,午餐,3,39,想吃好点,疲惫,晴,同事,不关心,微辣,海鲜,40,奶油蘑菇汤+面包,西式简餐,1,chosen,0.5874,0.5765,train,normal
1382,午餐,3,39,想吃好点,疲惫,晴,同事,不关心,微辣,海鲜,40,奶油蘑菇汤+面包,西式简餐,1,chosen,0.5874,0.5801,train,normal
1382,午餐,3,39,想吃好点,疲惫,晴,同事,不关心,微辣,海鲜,40,奶油蘑菇汤+面包,西式简餐,1,chosen,0.5874,0.5437,train,normal
1382,午餐,3,39,想吃好点,疲惫,晴,同事,不关心,微辣,海鲜,42,烤鸡胸配土豆泥,西式简餐,0,considered,0.5779,0.5882,train,normal
1382,午餐,3,39,想吃好点,疲惫,晴,同事,不关心,微辣,海鲜,37,番茄肉酱意面,西式简餐,0,considered,0.5716,0.6099,train,normal
1383,夜宵,4,33,正常,压力大,阴,一个人,随便,重辣,素食,7,重庆小面,面食粉面,1,chosen,0.5911,0.566,train,normal
1383,夜宵,4,33,正常,压力大,阴,一个人,随便,重辣,素食,19,麻辣烫,火锅麻辣烫,1,chosen,0.6052,0.643,train,normal
1383,夜宵,4,33,正常,压力大,阴,一个人,随便,重辣,素食,19,麻辣烫,火锅麻辣烫,1,chosen,0.6052,0.5714,train,normal
1383,夜宵,4,33,正常,压力大,阴,一个人,随便,重辣,素食,23,冒菜,火锅麻辣烫,0,considered,0.555,0.5639,train,normal
1383,夜宵,4,33,正常,压力大,阴,一个人,随便,重辣,素食,22,关东煮,火锅麻辣烫,0,considered,0.458,0.4268,train,normal
1384,午餐,3,37,省着点,一般,雨,一个人,随便,不吃辣,素食,9,炸酱面,面食粉面,1,chosen,0.5153,0.5193,val,normal
1384,午餐,3,37,省着点,一般,雨,一个人,随便,不吃辣,素食,9,炸酱面,面食粉面,1,chosen,0.5153,0.4727,val,normal
1384,午餐,3,37,省着点,一般,雨,一个人,随便,不吃辣,素食,9,炸酱面,面食粉面,1,chosen,0.5153,0.5389,val,normal
1385,午餐,3,32,正常,兴奋,晴,约会,想健康,微辣,麸质,42,烤鸡胸配土豆泥,西式简餐,1,chosen,0.6579,0.6363,train,normal
1385,午餐,3,32,正常,兴奋,晴,约会,想健康,微辣,麸质,42,烤鸡胸配土豆泥,西式简餐,1,chosen,0.6579,0.7143,train,normal
1385,午餐,3,32,正常,兴奋,晴,约会,想健康,微辣,麸质,42,烤鸡胸配土豆泥,西式简餐,1,chosen,0.6579,0.6108,train,normal
1386,夜宵,2,60,不差钱,一般,雨,一个人,想健康,微辣,海鲜,8,番茄鸡蛋面,面食粉面,1,chosen,0.5792,0.5375,test,normal
1386,夜宵,2,60,不差钱,一般,雨,一个人,想健康,微辣,海鲜,24,菌汤火锅,火锅麻辣烫,1,chosen,0.5886,0.5823,test,normal
1386,夜宵,2,60,不差钱,一般,雨,一个人,想健康,微辣,海鲜,24,菌汤火锅,火锅麻辣烫,1,chosen,0.5886,0.5818,test,normal
1386,夜宵,2,60,不差钱,一般,雨,一个人,想健康,微辣,海鲜,20,清汤火锅,火锅麻辣烫,0,considered,0.5789,0.5934,test,normal
1386,夜宵,2,60,不差钱,一般,雨,一个人,想健康,微辣,海鲜,22,关东煮,火锅麻辣烫,0,considered,0.5524,0.5566,test,normal
1387,晚餐,5,91,省着点,疲惫,晴,约会,想健康,微辣,"海鲜,乳制品",2,青椒肉丝盖饭,中式快餐盖饭,1,chosen,0.681,0.6026,train,normal
1387,晚餐,5,91,省着点,疲惫,晴,约会,想健康,微辣,"海鲜,乳制品",2,青椒肉丝盖饭,中式快餐盖饭,1,chosen,0.681,0.6922,train,normal
1387,晚餐,5,91,省着点,疲惫,晴,约会,想健康,微辣,"海鲜,乳制品",2,青椒肉丝盖饭,中式快餐盖饭,1,chosen,0.681,0.6343,train,normal
1387,晚餐,5,91,省着点,疲惫,晴,约会,想健康,微辣,"海鲜,乳制品",1,黄焖鸡米饭,中式快餐盖饭,0,considered,0.6502,0.6155,train,normal
1387,晚餐,5,91,省着点,疲惫,晴,约会,想健康,微辣,"海鲜,乳制品",0,番茄牛腩饭,中式快餐盖饭,0,considered,0.6418,0.6675,train,normal
1388,午餐,3,23,省着点,一般,阴,约会,想健康,微辣,乳制品,6,兰州牛肉面,面食粉面,1,chosen,0.6237,0.6208,train,normal
1388,午餐,3,23,省着点,一般,阴,约会,想健康,微辣,乳制品,45,杂粮煎饼果子,早餐粥点,1,chosen,0.5998,0.6216,train,normal
1388,午餐,3,23,省着点,一般,阴,约会,想健康,微辣,乳制品,6,兰州牛肉面,面食粉面,1,chosen,0.6237,0.5975,train,normal
1388,午餐,3,23,省着点,一般,阴,约会,想健康,微辣,乳制品,9,炸酱面,面食粉面,0,considered,0.5843,0.5587,train,normal
1388,午餐,3,23,省着点,一般,阴,约会,想健康,微辣,乳制品,11,云南小锅米线,面食粉面,0,considered,0.5412,0.5264,train,normal
1389,晚餐,4,41,正常,开心,晴,同事,想健康,中辣,麸质,15,宫保鸡丁+米饭,家常炒菜,1,chosen,0.6041,0.661,val,normal
1389,晚餐,4,41,正常,开心,晴,同事,想健康,中辣,麸质,15,宫保鸡丁+米饭,家常炒菜,1,chosen,0.6041,0.6852,val,normal
1389,晚餐,4,41,正常,开心,晴,同事,想健康,中辣,麸质,15,宫保鸡丁+米饭,家常炒菜,1,chosen,0.6041,0.6069,val,normal
1390,晚餐,4,26,正常,一般,晴,同事,想健康,微辣,麸质,2,青椒肉丝盖饭,中式快餐盖饭,1,chosen,0.5715,0.528,val,normal
1390,晚餐,4,26,正常,一般,晴,同事,想健康,微辣,麸质,2,青椒肉丝盖饭,中式快餐盖饭,1,chosen,0.5715,0.526,val,normal
1390,晚餐,4,26,正常,一般,晴,同事,想健康,微辣,麸质,2,青椒肉丝盖饭,中式快餐盖饭,1,chosen,0.5715,0.574,val,normal
1391,晚餐,3,15,正常,一般,阴,一个人,想健康,不吃辣,,40,奶油蘑菇汤+面包,西式简餐,1,chosen,0.5059,0.5348,train,normal
1391,晚餐,3,15,正常,一般,阴,一个人,想健康,不吃辣,,40,奶油蘑菇汤+面包,西式简餐,1,chosen,0.5059,0.5162,train,normal
1391,晚餐,3,15,正常,一般,阴,一个人,想健康,不吃辣,,40,奶油蘑菇汤+面包,西式简餐,1,chosen,0.5059,0.4594,train,normal
1392,午餐,2,59,正常,疲惫,雨,同事,不关心,不吃辣,,40,奶油蘑菇汤+面包,西式简餐,1,chosen,0.6077,0.6447,val,normal
1392,午餐,2,59,正常,疲惫,雨,同事,不关心,不吃辣,,40,奶油蘑菇汤+面包,西式简餐,1,chosen,0.6077,0.6631,val,normal
1392,午餐,2,59,正常,疲惫,雨,同事,不关心,不吃辣,,40,奶油蘑菇汤+面包,西式简餐,1,chosen,0.6077,0.6158,val,normal
1392,午餐,2,59,正常,疲惫,雨,同事,不关心,不吃辣,,37,番茄肉酱意面,西式简餐,0,considered,0.5848,0.5644,val,normal
1392,午餐,2,59,正常,疲惫,雨,同事,不关心,不吃辣,,42,烤鸡胸配土豆泥,西式简餐,0,considered,0.5817,0.5989,val,normal
1393,夜宵,5,16,想吃好点,低落,阴,约会,严格控制,不吃辣,素食,9,炸酱面,面食粉面,1,chosen,0.594,0.5761,train,normal
1393,夜宵,5,16,想吃好点,低落,阴,约会,严格控制,不吃辣,素食,40,奶油蘑菇汤+面包,西式简餐,1,chosen,0.6107,0.5843,train,normal
1393,夜宵,5,16,想吃好点,低落,阴,约会,严格控制,不吃辣,素食,40,奶油蘑菇汤+面包,西式简餐,1,chosen,0.6107,0.5969,train,normal
1394,夜宵,2,70,省着点,一般,晴,同事,想健康,微辣,"海鲜,乳制品",8,番茄鸡蛋面,面食粉面,1,chosen,0.6043,0.6312,train,normal
1394,夜宵,2,70,省着点,一般,晴,同事,想健康,微辣,"海鲜,乳制品",8,番茄鸡蛋面,面食粉面,1,chosen,0.6043,0.6653,train,normal
1394,夜宵,2,70,省着点,一般,晴,同事,想健康,微辣,"海鲜,乳制品",8,番茄鸡蛋面,面食粉面,1,chosen,0.6043,0.5694,train,normal
1395,下午加餐,3,98,想吃好点,开心,雨,约会,想健康,不吃辣,,33,三文鱼沙拉,轻食健康,1,chosen,0.7095,0.7129,train,normal
1395,下午加餐,3,98,想吃好点,开心,雨,约会,想健康,不吃辣,,33,三文鱼沙拉,轻食健康,1,chosen,0.7095,0.6935,train,normal
1395,下午加餐,3,98,想吃好点,开心,雨,约会,想健康,不吃辣,,33,三文鱼沙拉,轻食健康,1,chosen,0.7095,0.6847,train,normal
1395,下午加餐,3,98,想吃好点,开心,雨,约会,想健康,不吃辣,,32,藜麦牛油果碗,轻食健康,0,considered,0.7095,0.6891,train,normal
1395,下午加餐,3,98,想吃好点,开心,雨,约会,想健康,不吃辣,,34,全麦鸡肉三明治,轻食健康,0,considered,0.7085,0.7314,train,normal
1396,早餐,3,59,想吃好点,疲惫,雨,家人,想健康,重辣,"海鲜,乳制品",44,小笼包+豆浆,早餐粥点,1,chosen,0.736,0.7391,val,normal
1396,早餐,3,59,想吃好点,疲惫,雨,家人,想健康,重辣,"海鲜,乳制品",44,小笼包+豆浆,早餐粥点,1,chosen,0.736,0.7418,val,normal
1396,早餐,3,59,想吃好点,疲惫,雨,家人,想健康,重辣,"海鲜,乳制品",44,小笼包+豆浆,早餐粥点,1,chosen,0.736,0.7854,val,normal
1397,晚餐,4,15,正常,兴奋,雨,家人,随便,中辣,麸质,11,云南小锅米线,面食粉面,1,chosen,0.6284,0.592,train,normal
1397,晚餐,4,15,正常,兴奋,雨,家人,随便,中辣,麸质,11,云南小锅米线,面食粉面,1,chosen,0.6284,0.6623,train,normal
1397,晚餐,4,15,正常,兴奋,雨,家人,随便,中辣,麸质,11,云南小锅米线,面食粉面,1,chosen,0.6284,0.671,train,normal
1398,晚餐,3,78,想吃好点,兴奋,晴,一个人,不关心,不吃辣,,42,烤鸡胸配土豆泥,西式简餐,1,chosen,0.5111,0.5406,test,normal
1398,晚餐,3,78,想吃好点,兴奋,晴,一个人,不关心,不吃辣,,42,烤鸡胸配土豆泥,西式简餐,1,chosen,0.5111,0.5166,test,normal
1398,晚餐,3,78,想吃好点,兴奋,晴,一个人,不关心,不吃辣,,42,烤鸡胸配土豆泥,西式简餐,1,chosen,0.5111,0.5647,test,normal
1398,晚餐,3,78,想吃好点,兴奋,晴,一个人,不关心,不吃辣,,40,奶油蘑菇汤+面包,西式简餐,0,considered,0.5022,0.5316,test,normal
1398,晚餐,3,78,想吃好点,兴奋,晴,一个人,不关心,不吃辣,,37,番茄肉酱意面,西式简餐,0,considered,0.4916,0.549,test,normal
1399,夜宵,3,15,正常,压力大,冷,一个人,想健康,不吃辣,,8,番茄鸡蛋面,面食粉面,1,chosen,0.6547,0.6652,test,normal
1399,夜宵,3,15,正常,压力大,冷,一个人,想健康,不吃辣,,8,番茄鸡蛋面,面食粉面,1,chosen,0.6547,0.6807,test,normal
1399,夜宵,3,15,正常,压力大,冷,一个人,想健康,不吃辣,,8,番茄鸡蛋面,面食粉面,1,chosen,0.6547,0.6929,test,normal
1400,晚餐,5,65,不差钱,兴奋,晴,一个人,严格控制,中辣,,24,菌汤火锅,火锅麻辣烫,1,chosen,0.5785,0.6242,train,normal
1400,晚餐,5,65,不差钱,兴奋,晴,一个人,严格控制,中辣,,24,菌汤火锅,火锅麻辣烫,1,chosen,0.5785,0.5857,train,normal
1400,晚餐,5,65,不差钱,兴奋,晴,一个人,严格控制,中辣,,24,菌汤火锅,火锅麻辣烫,1,chosen,0.5785,0.5885,train,normal
1400,晚餐,5,65,不差钱,兴奋,晴,一个人,严格控制,中辣,,20,清汤火锅,火锅麻辣烫,0,considered,0.5607,0.5469,train,normal
1400,晚餐,5,65,不差钱,兴奋,晴,一个人,严格控制,中辣,,22,关东煮,火锅麻辣烫,0,considered,0.3673,0.3532,train,normal
1401,晚餐,3,74,正常,压力大,雪,朋友,随便,重辣,,13,麻婆豆腐+米饭,家常炒菜,1,chosen,0.8004,0.8066,test,snow
1401,晚餐,3,74,正常,压力大,雪,朋友,随便,重辣,,13,麻婆豆腐+米饭,家常炒菜,1,chosen,0.8004,0.7955,test,snow
1401,晚餐,3,74,正常,压力大,雪,朋友,随便,重辣,,13,麻婆豆腐+米饭,家常炒菜,1,chosen,0.8004,0.8381,test,snow
1402,午餐,1,15,正常,疲惫,冷,约会,随便,重辣,,19,麻辣烫,火锅麻辣烫,1,chosen,0.6586,0.6913,train,normal
1402,午餐,1,15,正常,疲惫,冷,约会,随便,重辣,,19,麻辣烫,火锅麻辣烫,1,chosen,0.6586,0.6432,train,normal
1402,午餐,1,15,正常,疲惫,冷,约会,随便,重辣,,19,麻辣烫,火锅麻辣烫,1,chosen,0.6586,0.6108,train,normal
1403,下午加餐,4,53,正常,开心,晴,约会,不关心,不吃辣,,34,全麦鸡肉三明治,轻食健康,1,chosen,0.5895,0.6327,train,normal
1403,下午加餐,4,53,正常,开心,晴,约会,不关心,不吃辣,,34,全麦鸡肉三明治,轻食健康,1,chosen,0.5895,0.5551,train,normal
1403,下午加餐,4,53,正常,开心,晴,约会,不关心,不吃辣,,34,全麦鸡肉三明治,轻食健康,1,chosen,0.5895,0.5391,train,normal
1404,午餐,5,18,不差钱,一般,雨,约会,随便,不吃辣,,40,奶油蘑菇汤+面包,西式简餐,1,chosen,0.6169,0.611,train,normal
1404,午餐,5,18,不差钱,一般,雨,约会,随便,不吃辣,,40,奶油蘑菇汤+面包,西式简餐,1,chosen,0.6169,0.5662,train,normal
1404,午餐,5,18,不差钱,一般,雨,约会,随便,不吃辣,,37,番茄肉酱意面,西式简餐,1,chosen,0.6046,0.6331,train,normal
1405,夜宵,4,45,省着点,一般,晴,朋友,随便,不吃辣,,9,炸酱面,面食粉面,1,chosen,0.552,0.546,train,normal
1405,夜宵,4,45,省着点,一般,晴,朋友,随便,不吃辣,,6,兰州牛肉面,面食粉面,1,chosen,0.514,0.5424,train,normal
1405,夜宵,4,45,省着点,一般,晴,朋友,随便,不吃辣,,9,炸酱面,面食粉面,1,chosen,0.552,0.5424,train,normal
1406,下午加餐,4,45,想吃好点,开心,热,同事,想健康,微辣,,32,藜麦牛油果碗,轻食健康,1,chosen,0.6772,0.7202,val,normal
1406,下午加餐,4,45,想吃好点,开心,热,同事,想健康,微辣,,32,藜麦牛油果碗,轻食健康,1,chosen,0.6772,0.6533,val,normal
1406,下午加餐,4,45,想吃好点,开心,热,同事,想健康,微辣,,32,藜麦牛油果碗,轻食健康,1,chosen,0.6772,0.7188,val,normal
1407,晚餐,5,46,省着点,兴奋,热,约会,不关心,微辣,"海鲜,乳制品",9,炸酱面,面食粉面,1,chosen,0.6256,0.6076,train,normal
1407,晚餐,5,46,省着点,兴奋,热,约会,不关心,微辣,"海鲜,乳制品",9,炸酱面,面食粉面,1,chosen,0.6256,0.6821,train,normal
1407,晚餐,5,46,省着点,兴奋,热,约会,不关心,微辣,"海鲜,乳制品",9,炸酱面,面食粉面,1,chosen,0.6256,0.6323,train,normal
1408,午餐,3,15,省着点,一般,热,同事,想健康,中辣,,9,炸酱面,面食粉面,1,chosen,0.5883,0.5907,val,normal
1408,午餐,3,15,省着点,一般,热,同事,想健康,中辣,,9,炸酱面,面食粉面,1,chosen,0.5883,0.6175,val,normal
1408,午餐,3,15,省着点,一般,热,同事,想健康,中辣,,9,炸酱面,面食粉面,1,chosen,0.5883,0.5717,val,normal
1409,夜宵,4,53,不差钱,压力大,热,一个人,不关心,重辣,,26,烤鸡翅,烧烤小吃,1,chosen,0.6087,0.6383,train,normal
1409,夜宵,4,53,不差钱,压力大,热,一个人,不关心,重辣,,26,烤鸡翅,烧烤小吃,1,chosen,0.6087,0.5627,train,normal
1409,夜宵,4,53,不差钱,压力大,热,一个人,不关心,重辣,,26,烤鸡翅,烧烤小吃,1,chosen,0.6087,0.562,train,normal
1410,午餐,5,56,正常,开心,晴,朋友,不关心,不吃辣,,18,地三鲜+米饭,家常炒菜,1,chosen,0.6129,0.6302,train,normal
1410,午餐,5,56,正常,开心,晴,朋友,不关心,不吃辣,,18,地三鲜+米饭,家常炒菜,1,chosen,0.6129,0.5807,train,normal
1410,午餐,5,56,正常,开心,晴,朋友,不关心,不吃辣,,18,地三鲜+米饭,家常炒菜,1,chosen,0.6129,0.612,train,normal
1410,午餐,5,56,正常,开心,晴,朋友,不关心,不吃辣,,16,红烧肉+米饭,家常炒菜,0,considered,0.5323,0.4942,train,normal
1410,午餐,5,56,正常,开心,晴,朋友,不关心,不吃辣,,12,西红柿炒蛋+米饭,家常炒菜,0,considered,0.4712,0.4912,train,normal
1411,晚餐,3,15,正常,开心,冷,一个人,严格控制,微辣,,6,兰州牛肉面,面食粉面,1,chosen,0.5941,0.6357,train,normal
1411,晚餐,3,15,正常,开心,冷,一个人,严格控制,微辣,,6,兰州牛肉面,面食粉面,1,chosen,0.5941,0.5722,train,normal
1411,晚餐,3,15,正常,开心,冷,一个人,严格控制,微辣,,6,兰州牛肉面,面食粉面,1,chosen,0.5941,0.5785,train,normal
1412,晚餐,4,59,不差钱,开心,冷,家人,随便,微辣,,24,菌汤火锅,火锅麻辣烫,1,chosen,0.6574,0.6496,test,normal
1412,晚餐,4,59,不差钱,开心,冷,家人,随便,微辣,,24,菌汤火锅,火锅麻辣烫,1,chosen,0.6574,0.6431,test,normal
1412,晚餐,4,59,不差钱,开心,冷,家人,随便,微辣,,24,菌汤火锅,火锅麻辣烫,1,chosen,0.6574,0.6866,test,normal
1413,晚餐,3,57,想吃好点,低落,雨,约会,严格控制,中辣,素食,6,兰州牛肉面,面食粉面,1,chosen,0.7026,0.7,train,normal
1413,晚餐,3,57,想吃好点,低落,雨,约会,严格控制,中辣,素食,11,云南小锅米线,面食粉面,1,chosen,0.7243,0.7126,train,normal
1413,晚餐,3,57,想吃好点,低落,雨,约会,严格控制,中辣,素食,11,云南小锅米线,面食粉面,1,chosen,0.7243,0.7709,train,normal
1414,晚餐,4,41,省着点,开心,雨,朋友,随便,中辣,乳制品,11,云南小锅米线,面食粉面,1,chosen,0.6412,0.6901,train,normal
1414,晚餐,4,41,省着点,开心,雨,朋友,随便,中辣,乳制品,11,云南小锅米线,面食粉面,1,chosen,0.6412,0.6703,train,normal
1414,晚餐,4,41,省着点,开心,雨,朋友,随便,中辣,乳制品,11,云南小锅米线,面食粉面,1,chosen,0.6412,0.6269,train,normal
1415,午餐,4,30,省着点,开心,雨,一个人,想健康,中辣,乳制品,11,云南小锅米线,面食粉面,1,chosen,0.5903,0.5724,train,normal
1415,午餐,4,30,省着点,开心,雨,一个人,想健康,中辣,乳制品,45,杂粮煎饼果子,早餐粥点,1,chosen,0.5776,0.6004,train,normal
1415,午餐,4,30,省着点,开心,雨,一个人,想健康,中辣,乳制品,11,云南小锅米线,面食粉面,1,chosen,0.5903,0.64,train,normal
1416,晚餐,2,104,正常,开心,阴,一个人,随便,微辣,,40,奶油蘑菇汤+面包,西式简餐,1,chosen,0.4806,0.559,test,normal
1416,晚餐,2,104,正常,开心,阴,一个人,随便,微辣,,40,奶油蘑菇汤+面包,西式简餐,1,chosen,0.4806,0.4624,test,normal
1416,晚餐,2,104,正常,开心,阴,一个人,随便,微辣,,40,奶油蘑菇汤+面包,西式简餐,1,chosen,0.4806,0.4811,test,normal
1417,晚餐,5,45,正常,兴奋,晴,朋友,随便,中辣,,15,宫保鸡丁+米饭,家常炒菜,1,chosen,0.64,0.6429,train,normal
1417,晚餐,5,45,正常,兴奋,晴,朋友,随便,中辣,,15,宫保鸡丁+米饭,家常炒菜,1,chosen,0.64,0.5982,train,normal
1417,晚餐,5,45,正常,兴奋,晴,朋友,随便,中辣,,15,宫保鸡丁+米饭,家常炒菜,1,chosen,0.64,0.6031,train,normal
1417,晚餐,5,45,正常,兴奋,晴,朋友,随便,中辣,,18,地三鲜+米饭,家常炒菜,0,considered,0.6074,0.6346,train,normal
1417,晚餐,5,45,正常,兴奋,晴,朋友,随便,中辣,,13,麻婆豆腐+米饭,家常炒菜,0,considered,0.5532,0.5211,train,normal
1418,晚餐,3,74,省着点,低落,冷,朋友,不关心,微辣,素食,6,兰州牛肉面,面食粉面,1,chosen,0.6441,0.6968,val,normal
1418,晚餐,3,74,省着点,低落,冷,朋友,不关心,微辣,素食,6,兰州牛肉面,面食粉面,1,chosen,0.6441,0.6511,val,normal
1418,晚餐,3,74,省着点,低落,冷,朋友,不关心,微辣,素食,6,兰州牛肉面,面食粉面,1,chosen,0.6441,0.6228,val,normal
1419,早餐,4,68,省着点,低落,雨,一个人,随便,微辣,,45,杂粮煎饼果子,早餐粥点,1,chosen,0.6051,0.6034,train,normal
1419,早餐,4,68,省着点,低落,雨,一个人,随便,微辣,,8,番茄鸡蛋面,面食粉面,1,chosen,0.5715,0.5622,train,normal
1419,早餐,4,68,省着点,低落,雨,一个人,随便,微辣,,43,皮蛋瘦肉粥+油条,早餐粥点,1,chosen,0.5937,0.5704,train,normal
1419,早餐,4,68,省着点,低落,雨,一个人,随便,微辣,,43,皮蛋瘦肉粥+油条,早餐粥点,0,considered,0.5937,0.6076,train,normal
1419,早餐,4,68,省着点,低落,雨,一个人,随便,微辣,,44,小笼包+豆浆,早餐粥点,0,considered,0.5937,0.5564,train,normal
1420,午餐,3,36,想吃好点,低落,晴,朋友,不关心,不吃辣,,42,烤鸡胸配土豆泥,西式简餐,1,chosen,0.6089,0.6281,train,normal
1420,午餐,3,36,想吃好点,低落,晴,朋友,不关心,不吃辣,,42,烤鸡胸配土豆泥,西式简餐,1,chosen,0.6089,0.5331,train,normal
1420,午餐,3,36,想吃好点,低落,晴,朋友,不关心,不吃辣,,42,烤鸡胸配土豆泥,西式简餐,1,chosen,0.6089,0.6267,train,normal
1421,夜宵,4,60,省着点,开心,阴,家人,想健康,中辣,,11,云南小锅米线,面食粉面,1,chosen,0.6628,0.6896,val,normal
1421,夜宵,4,60,省着点,开心,阴,家人,想健康,中辣,,27,烤茄子,烧烤小吃,1,chosen,0.6313,0.6276,val,normal
1421,夜宵,4,60,省着点,开心,阴,家人,想健康,中辣,,11,云南小锅米线,面食粉面,1,chosen,0.6628,0.7055,val,normal
1422,晚餐,4,47,省着点,压力大,阴,一个人,不关心,不吃辣,海鲜,9,炸酱面,面食粉面,1,chosen,0.5333,0.5047,train,normal
1422,晚餐,4,47,省着点,压力大,阴,一个人,不关心,不吃辣,海鲜,9,炸酱面,面食粉面,1,chosen,0.5333,0.5427,train,normal
1422,晚餐,4,47,省着点,压力大,阴,一个人,不关心,不吃辣,海鲜,9,炸酱面,面食粉面,1,chosen,0.5333,0.5236,train,normal
1423,午餐,4,55,不差钱,一般,晴,朋友,随便,中辣,,15,宫保鸡丁+米饭,家常炒菜,1,chosen,0.613,0.5544,train,normal
1423,午餐,4,55,不差钱,一般,晴,朋友,随便,中辣,,38,香煎牛排,西式简餐,1,chosen,0.5904,0.6196,train,normal
1423,午餐,4,55,不差钱,一般,晴,朋友,随便,中辣,,15,宫保鸡丁+米饭,家常炒菜,1,chosen,0.613,0.5671,train,normal
1423,午餐,4,55,不差钱,一般,晴,朋友,随便,中辣,,18,地三鲜+米饭,家常炒菜,0,considered,0.582,0.5974,train,normal
1423,午餐,4,55,不差钱,一般,晴,朋友,随便,中辣,,13,麻婆豆腐+米饭,家常炒菜,0,considered,0.5234,0.5369,train,normal
1424,夜宵,4,44,想吃好点,疲惫,晴,一个人,不关心,微辣,海鲜,2,青椒肉丝盖饭,中式快餐盖饭,1,chosen,0.5321,0.5287,train,normal
1424,夜宵,4,44,想吃好点,疲惫,晴,一个人,不关心,微辣,海鲜,2,青椒肉丝盖饭,中式快餐盖饭,1,chosen,0.5321,0.5832,train,normal
1424,夜宵,4,44,想吃好点,疲惫,晴,一个人,不关心,微辣,海鲜,6,兰州牛肉面,面食粉面,1,chosen,0.5692,0.6149,train,normal
1425,午餐,2,15,正常,开心,晴,朋友,随便,中辣,"海鲜,乳制品",6,兰州牛肉面,面食粉面,1,chosen,0.5555,0.5854,train,normal
1425,午餐,2,15,正常,开心,晴,朋友,随便,中辣,"海鲜,乳制品",26,烤鸡翅,烧烤小吃,1,chosen,0.5816,0.581,train,normal
1425,午餐,2,15,正常,开心,晴,朋友,随便,中辣,"海鲜,乳制品",26,烤鸡翅,烧烤小吃,1,chosen,0.5816,0.6322,train,normal
1426,晚餐,3,15,想吃好点,压力大,晴,同事,不关心,不吃辣,,40,奶油蘑菇汤+面包,西式简餐,1,chosen,0.5677,0.5067,train,normal
1426,晚餐,3,15,想吃好点,压力大,晴,同事,不关心,不吃辣,,40,奶油蘑菇汤+面包,西式简餐,1,chosen,0.5677,0.5183,train,normal
1426,晚餐,3,15,想吃好点,压力大,晴,同事,不关心,不吃辣,,40,奶油蘑菇汤+面包,西式简餐,1,chosen,0.5677,0.5964,train,normal
1427,早餐,5,93,想吃好点,疲惫,冷,家人,想健康,微辣,,6,兰州牛肉面,面食粉面,1,chosen,0.7086,0.6893,train,normal
1427,早餐,5,93,想吃好点,疲惫,冷,家人,想健康,微辣,,6,兰州牛肉面,面食粉面,1,chosen,0.7086,0.6613,train,normal
1427,早餐,5,93,想吃好点,疲惫,冷,家人,想健康,微辣,,45,杂粮煎饼果子,早餐粥点,1,chosen,0.7079,0.6922,train,normal
1427,早餐,5,93,想吃好点,疲惫,冷,家人,想健康,微辣,,8,番茄鸡蛋面,面食粉面,0,considered,0.6704,0.659,train,normal
1427,早餐,5,93,想吃好点,疲惫,冷,家人,想健康,微辣,,11,云南小锅米线,面食粉面,0,considered,0.6261,0.6461,train,normal
1428,午餐,2,15,想吃好点,压力大,雨,约会,随便,重辣,海鲜,19,麻辣烫,火锅麻辣烫,1,chosen,0.6828,0.6159,val,normal
1428,午餐,2,15,想吃好点,压力大,雨,约会,随便,重辣,海鲜,19,麻辣烫,火锅麻辣烫,1,chosen,0.6828,0.7087,val,normal
1428,午餐,2,15,想吃好点,压力大,雨,约会,随便,重辣,海鲜,19,麻辣烫,火锅麻辣烫,1,chosen,0.6828,0.6445,val,normal
1429,晚餐,4,71,想吃好点,一般,雪,同事,想健康,微辣,乳制品,42,烤鸡胸配土豆泥,西式简餐,1,chosen,0.6837,0.6689,test,snow
1429,晚餐,4,71,想吃好点,一般,雪,同事,想健康,微辣,乳制品,42,烤鸡胸配土豆泥,西式简餐,1,chosen,0.6837,0.7235,test,snow
1429,晚餐,4,71,想吃好点,一般,雪,同事,想健康,微辣,乳制品,42,烤鸡胸配土豆泥,西式简餐,1,chosen,0.6837,0.6547,test,snow
1430,早餐,1,56,不差钱,兴奋,晴,同事,不关心,中辣,,43,皮蛋瘦肉粥+油条,早餐粥点,1,chosen,0.552,0.5155,train,normal
1430,早餐,1,56,不差钱,兴奋,晴,同事,不关心,中辣,,43,皮蛋瘦肉粥+油条,早餐粥点,1,chosen,0.552,0.5504,train,normal
1430,早餐,1,56,不差钱,兴奋,晴,同事,不关心,中辣,,46,燕麦牛奶粥,早餐粥点,1,chosen,0.5921,0.5667,train,normal
1430,早餐,1,56,不差钱,兴奋,晴,同事,不关心,中辣,,44,小笼包+豆浆,早餐粥点,0,considered,0.5571,0.5357,train,normal
1430,早餐,1,56,不差钱,兴奋,晴,同事,不关心,中辣,,43,皮蛋瘦肉粥+油条,早餐粥点,0,considered,0.552,0.5451,train,normal
1431,晚餐,3,32,正常,低落,晴,同事,严格控制,中辣,素食,11,云南小锅米线,面食粉面,1,chosen,0.6195,0.6075,train,normal
1431,晚餐,3,32,正常,低落,晴,同事,严格控制,中辣,素食,11,云南小锅米线,面食粉面,1,chosen,0.6195,0.6202,train,normal
1431,晚餐,3,32,正常,低落,晴,同事,严格控制,中辣,素食,11,云南小锅米线,面食粉面,1,chosen,0.6195,0.6014,train,normal
1432,午餐,3,16,省着点,开心,阴,朋友,严格控制,不吃辣,素食,9,炸酱面,面食粉面,1,chosen,0.5855,0.6132,val,normal
1432,午餐,3,16,省着点,开心,阴,朋友,严格控制,不吃辣,素食,9,炸酱面,面食粉面,1,chosen,0.5855,0.6163,val,normal
1432,午餐,3,16,省着点,开心,阴,朋友,严格控制,不吃辣,素食,9,炸酱面,面食粉面,1,chosen,0.5855,0.5557,val,normal
1432,午餐,3,16,省着点,开心,阴,朋友,严格控制,不吃辣,素食,8,番茄鸡蛋面,面食粉面,0,considered,0.5561,0.5812,val,normal
1432,午餐,3,16,省着点,开心,阴,朋友,严格控制,不吃辣,素食,6,兰州牛肉面,面食粉面,0,considered,0.5298,0.542,val,normal
1433,晚餐,2,50,省着点,一般,晴,朋友,随便,微辣,,6,兰州牛肉面,面食粉面,1,chosen,0.5391,0.4873,train,normal
1433,晚餐,2,50,省着点,一般,晴,朋友,随便,微辣,,6,兰州牛肉面,面食粉面,1,chosen,0.5391,0.4946,train,normal
1433,晚餐,2,50,省着点,一般,晴,朋友,随便,微辣,,6,兰州牛肉面,面食粉面,1,chosen,0.5391,0.5244,train,normal
1433,晚餐,2,50,省着点,一般,晴,朋友,随便,微辣,,9,炸酱面,面食粉面,0,considered,0.5199,0.4623,train,normal
1433,晚餐,2,50,省着点,一般,晴,朋友,随便,微辣,,8,番茄鸡蛋面,面食粉面,0,considered,0.4774,0.4695,train,normal
1434,下午加餐,2,84,正常,疲惫,雨,一个人,随便,重辣,乳制品,32,藜麦牛油果碗,轻食健康,1,chosen,0.6317,0.6485,train,normal
1434,下午加餐,2,84,正常,疲惫,雨,一个人,随便,重辣,乳制品,34,全麦鸡肉三明治,轻食健康,1,chosen,0.6519,0.6381,train,normal
1434,下午加餐,2,84,正常,疲惫,雨,一个人,随便,重辣,乳制品,31,鸡胸肉沙拉,轻食健康,1,chosen,0.624,0.6799,train,normal
1435,晚餐,1,15,省着点,低落,阴,同事,严格控制,微辣,,6,兰州牛肉面,面食粉面,1,chosen,0.5479,0.5504,val,normal
1435,晚餐,1,15,省着点,低落,阴,同事,严格控制,微辣,,6,兰州牛肉面,面食粉面,1,chosen,0.5479,0.5532,val,normal
1435,晚餐,1,15,省着点,低落,阴,同事,严格控制,微辣,,6,兰州牛肉面,面食粉面,1,chosen,0.5479,0.5688,val,normal
1436,晚餐,1,15,正常,一般,热,朋友,随便,中辣,海鲜,26,烤鸡翅,烧烤小吃,1,chosen,0.5511,0.5074,train,normal
1436,晚餐,1,15,正常,一般,热,朋友,随便,中辣,海鲜,26,烤鸡翅,烧烤小吃,1,chosen,0.5511,0.5171,train,normal
1436,晚餐,1,15,正常,一般,热,朋友,随便,中辣,海鲜,26,烤鸡翅,烧烤小吃,1,chosen,0.5511,0.4991,train,normal
1436,晚餐,1,15,正常,一般,热,朋友,随便,中辣,海鲜,30,铁板豆腐,烧烤小吃,0,considered,0.5121,0.4919,train,normal
1436,晚餐,1,15,正常,一般,热,朋友,随便,中辣,海鲜,25,烤羊肉串,烧烤小吃,0,considered,0.5083,0.4218,train,normal
1437,晚餐,3,44,不差钱,疲惫,冷,同事,想健康,中辣,,15,宫保鸡丁+米饭,家常炒菜,1,chosen,0.6739,0.6809,test,normal
1437,晚餐,3,44,不差钱,疲惫,冷,同事,想健康,中辣,,15,宫保鸡丁+米饭,家常炒菜,1,chosen,0.6739,0.6748,test,normal
1437,晚餐,3,44,不差钱,疲惫,冷,同事,想健康,中辣,,15,宫保鸡丁+米饭,家常炒菜,1,chosen,0.6739,0.6847,test,normal
1438,下午加餐,4,57,想吃好点,疲惫,雨,家人,随便,微辣,,34,全麦鸡肉三明治,轻食健康,1,chosen,0.6546,0.6494,train,normal
1438,下午加餐,4,57,想吃好点,疲惫,雨,家人,随便,微辣,,34,全麦鸡肉三明治,轻食健康,1,chosen,0.6546,0.6333,train,normal
1438,下午加餐,4,57,想吃好点,疲惫,雨,家人,随便,微辣,,34,全麦鸡肉三明治,轻食健康,1,chosen,0.6546,0.6829,train,normal
1438,下午加餐,4,57,想吃好点,疲惫,雨,家人,随便,微辣,,32,藜麦牛油果碗,轻食健康,0,considered,0.6537,0.6568,train,normal
1438,下午加餐,4,57,想吃好点,疲惫,雨,家人,随便,微辣,,36,希腊酸奶坚果碗,轻食健康,0,considered,0.6385,0.6558,train,normal
1439,晚餐,4,66,不差钱,疲惫,阴,一个人,严格控制,重辣,,42,烤鸡胸配土豆泥,西式简餐,1,chosen,0.581,0.5667,train,normal
1439,晚餐,4,66,不差钱,疲惫,阴,一个人,严格控制,重辣,,24,菌汤火锅,火锅麻辣烫,1,chosen,0.6111,0.6294,train,normal
1439,晚餐,4,66,不差钱,疲惫,阴,一个人,严格控制,重辣,,24,菌汤火锅,火锅麻辣烫,1,chosen,0.6111,0.6516,train,normal
1439,晚餐,4,66,不差钱,疲惫,阴,一个人,严格控制,重辣,,20,清汤火锅,火锅麻辣烫,0,considered,0.5933,0.5429,train,normal
1439,晚餐,4,66,不差钱,疲惫,阴,一个人,严格控制,重辣,,23,冒菜,火锅麻辣烫,0,considered,0.4942,0.5228,train,normal
1440,晚餐,3,61,不差钱,兴奋,热,一个人,随便,不吃辣,,24,菌汤火锅,火锅麻辣烫,1,chosen,0.5236,0.5421,train,normal
1440,晚餐,3,61,不差钱,兴奋,热,一个人,随便,不吃辣,,24,菌汤火锅,火锅麻辣烫,1,chosen,0.5236,0.561,train,normal
1440,晚餐,3,61,不差钱,兴奋,热,一个人,随便,不吃辣,,24,菌汤火锅,火锅麻辣烫,1,chosen,0.5236,0.5411,train,normal
1441,晚餐,1,88,省着点,压力大,热,朋友,随便,微辣,,9,炸酱面,面食粉面,1,chosen,0.5927,0.6209,train,normal
1441,晚餐,1,88,省着点,压力大,热,朋友,随便,微辣,,45,杂粮煎饼果子,早餐粥点,1,chosen,0.5578,0.5346,train,normal
1441,晚餐,1,88,省着点,压力大,热,朋友,随便,微辣,,40,奶油蘑菇汤+面包,西式简餐,1,chosen,0.5425,0.5494,train,normal
1441,晚餐,1,88,省着点,压力大,热,朋友,随便,微辣,,6,兰州牛肉面,面食粉面,0,considered,0.5681,0.549,train,normal
1441,晚餐,1,88,省着点,压力大,热,朋友,随便,微辣,,8,番茄鸡蛋面,面食粉面,0,considered,0.5064,0.4985,train,normal
1442,夜宵,3,80,正常,一般,阴,一个人,不关心,不吃辣,,8,番茄鸡蛋面,面食粉面,1,chosen,0.5193,0.5607,train,normal
1442,夜宵,3,80,正常,一般,阴,一个人,不关心,不吃辣,,8,番茄鸡蛋面,面食粉面,1,chosen,0.5193,0.5253,train,normal
1442,夜宵,3,80,正常,一般,阴,一个人,不关心,不吃辣,,8,番茄鸡蛋面,面食粉面,1,chosen,0.5193,0.5058,train,normal
1443,晚餐,2,61,想吃好点,压力大,冷,家人,严格控制,微辣,海鲜,24,菌汤火锅,火锅麻辣烫,1,chosen,0.7135,0.6958,train,normal
1443,晚餐,2,61,想吃好点,压力大,冷,家人,严格控制,微辣,海鲜,17,蒜蓉西兰花+米饭,家常炒菜,1,chosen,0.6921,0.6954,train,normal
1443,晚餐,2,61,想吃好点,压力大,冷,家人,严格控制,微辣,海鲜,24,菌汤火锅,火锅麻辣烫,1,chosen,0.7135,0.7225,train,normal
1444,晚餐,4,49,正常,疲惫,雨,一个人,不关心,不吃辣,,18,地三鲜+米饭,家常炒菜,1,chosen,0.5994,0.6212,train,normal
1444,晚餐,4,49,正常,疲惫,雨,一个人,不关心,不吃辣,,18,地三鲜+米饭,家常炒菜,1,chosen,0.5994,0.5969,train,normal
1444,晚餐,4,49,正常,疲惫,雨,一个人,不关心,不吃辣,,18,地三鲜+米饭,家常炒菜,1,chosen,0.5994,0.6218,train,normal
1444,晚餐,4,49,正常,疲惫,雨,一个人,不关心,不吃辣,,17,蒜蓉西兰花+米饭,家常炒菜,0,considered,0.5121,0.5229,train,normal
1444,晚餐,4,49,正常,疲惫,雨,一个人,不关心,不吃辣,,12,西红柿炒蛋+米饭,家常炒菜,0,considered,0.5121,0.5011,train,normal
1445,夜宵,4,70,不差钱,疲惫,雨,家人,随便,不吃辣,"海鲜,乳制品",24,菌汤火锅,火锅麻辣烫,1,chosen,0.6919,0.7567,train,normal
1445,夜宵,4,70,不差钱,疲惫,雨,家人,随便,不吃辣,"海鲜,乳制品",24,菌汤火锅,火锅麻辣烫,1,chosen,0.6919,0.7005,train,normal
1445,夜宵,4,70,不差钱,疲惫,雨,家人,随便,不吃辣,"海鲜,乳制品",24,菌汤火锅,火锅麻辣烫,1,chosen,0.6919,0.7234,train,normal
1446,晚餐,2,40,正常,开心,冷,家人,随便,不吃辣,素食,40,奶油蘑菇汤+面包,西式简餐,1,chosen,0.616,0.5934,train,normal
1446,晚餐,2,40,正常,开心,冷,家人,随便,不吃辣,素食,40,奶油蘑菇汤+面包,西式简餐,1,chosen,0.616,0.6213,train,normal
1446,晚餐,2,40,正常,开心,冷,家人,随便,不吃辣,素食,40,奶油蘑菇汤+面包,西式简餐,1,chosen,0.616,0.6026,train,normal
1446,晚餐,2,40,正常,开心,冷,家人,随便,不吃辣,素食,37,番茄肉酱意面,西式简餐,0,considered,0.6058,0.6348,train,normal
1446,晚餐,2,40,正常,开心,冷,家人,随便,不吃辣,素食,41,玛格丽特披萨,西式简餐,0,considered,0.5669,0.6084,train,normal
1447,午餐,4,58,正常,疲惫,热,家人,不关心,重辣,,23,冒菜,火锅麻辣烫,1,chosen,0.6777,0.7085,train,normal
1447,午餐,4,58,正常,疲惫,热,家人,不关心,重辣,,23,冒菜,火锅麻辣烫,1,chosen,0.6777,0.6993,train,normal
1447,午餐,4,58,正常,疲惫,热,家人,不关心,重辣,,23,冒菜,火锅麻辣烫,1,chosen,0.6777,0.614,train,normal
1448,晚餐,4,60,省着点,疲惫,晴,朋友,随便,中辣,,11,云南小锅米线,面食粉面,1,chosen,0.6305,0.6292,train,normal
1448,晚餐,4,60,省着点,疲惫,晴,朋友,随便,中辣,,11,云南小锅米线,面食粉面,1,chosen,0.6305,0.6681,train,normal
1448,晚餐,4,60,省着点,疲惫,晴,朋友,随便,中辣,,11,云南小锅米线,面食粉面,1,chosen,0.6305,0.6644,train,normal
1448,晚餐,4,60,省着点,疲惫,晴,朋友,随便,中辣,,6,兰州牛肉面,面食粉面,0,considered,0.6144,0.6335,train,normal
1448,晚餐,4,60,省着点,疲惫,晴,朋友,随便,中辣,,9,炸酱面,面食粉面,0,considered,0.6125,0.6483,train,normal
1449,晚餐,3,68,想吃好点,一般,晴,家人,随便,不吃辣,麸质,42,烤鸡胸配土豆泥,西式简餐,1,chosen,0.5904,0.5481,test,normal
1449,晚餐,3,68,想吃好点,一般,晴,家人,随便,不吃辣,麸质,42,烤鸡胸配土豆泥,西式简餐,1,chosen,0.5904,0.6158,test,normal
1449,晚餐,3,68,想吃好点,一般,晴,家人,随便,不吃辣,麸质,20,清汤火锅,火锅麻辣烫,1,chosen,0.5722,0.5394,test,normal
1450,晚餐,4,47,省着点,疲惫,晴,一个人,想健康,重辣,,13,麻婆豆腐+米饭,家常炒菜,1,chosen,0.5906,0.5884,train,normal
1450,晚餐,4,47,省着点,疲惫,晴,一个人,想健康,重辣,,13,麻婆豆腐+米饭,家常炒菜,1,chosen,0.5906,0.6053,train,normal
1450,晚餐,4,47,省着点,疲惫,晴,一个人,想健康,重辣,,13,麻婆豆腐+米饭,家常炒菜,1,chosen,0.5906,0.6566,train,normal
1451,午餐,4,49,正常,一般,阴,同事,不关心,中辣,,40,奶油蘑菇汤+面包,西式简餐,1,chosen,0.5393,0.5197,train,normal
1451,午餐,4,49,正常,一般,阴,同事,不关心,中辣,,15,宫保鸡丁+米饭,家常炒菜,1,chosen,0.5536,0.5298,train,normal
1451,午餐,4,49,正常,一般,阴,同事,不关心,中辣,,11,云南小锅米线,面食粉面,1,chosen,0.5336,0.5241,train,normal
1451,午餐,4,49,正常,一般,阴,同事,不关心,中辣,,18,地三鲜+米饭,家常炒菜,0,considered,0.5444,0.5612,train,normal
1451,午餐,4,49,正常,一般,阴,同事,不关心,中辣,,13,麻婆豆腐+米饭,家常炒菜,0,considered,0.4653,0.4739,train,normal
1452,午餐,4,28,想吃好点,一般,阴,同事,想健康,中辣,,15,宫保鸡丁+米饭,家常炒菜,1,chosen,0.5927,0.5655,train,normal
1452,午餐,4,28,想吃好点,一般,阴,同事,想健康,中辣,,15,宫保鸡丁+米饭,家常炒菜,1,chosen,0.5927,0.6511,train,normal
1452,午餐,4,28,想吃好点,一般,阴,同事,想健康,中辣,,15,宫保鸡丁+米饭,家常炒菜,1,chosen,0.5927,0.5738,train,normal
1452,午餐,4,28,想吃好点,一般,阴,同事,想健康,中辣,,18,地三鲜+米饭,家常炒菜,0,considered,0.5626,0.5806,train,normal
1452,午餐,4,28,想吃好点,一般,阴,同事,想健康,中辣,,12,西红柿炒蛋+米饭,家常炒菜,0,considered,0.5084,0.4798,train,normal
1453,午餐,2,37,正常,兴奋,晴,一个人,想健康,中辣,,15,宫保鸡丁+米饭,家常炒菜,1,chosen,0.547,0.5454,train,normal
1453,午餐,2,37,正常,兴奋,晴,一个人,想健康,中辣,,15,宫保鸡丁+米饭,家常炒菜,1,chosen,0.547,0.5487,train,normal
1453,午餐,2,37,正常,兴奋,晴,一个人,想健康,中辣,,15,宫保鸡丁+米饭,家常炒菜,1,chosen,0.547,0.4974,train,normal
1454,晚餐,5,15,正常,一般,冷,一个人,想健康,中辣,,11,云南小锅米线,面食粉面,1,chosen,0.5845,0.6332,train,normal
1454,晚餐,5,15,正常,一般,冷,一个人,想健康,中辣,,11,云南小锅米线,面食粉面,1,chosen,0.5845,0.5824,train,normal
1454,晚餐,5,15,正常,一般,冷,一个人,想健康,中辣,,11,云南小锅米线,面食粉面,1,chosen,0.5845,0.609,train,normal
1455,午餐,1,69,想吃好点,一般,雨,一个人,随便,微辣,,40,奶油蘑菇汤+面包,西式简餐,1,chosen,0.4894,0.4809,train,normal
1455,午餐,1,69,想吃好点,一般,雨,一个人,随便,微辣,,40,奶油蘑菇汤+面包,西式简餐,1,chosen,0.4894,0.4969,train,normal
1455,午餐,1,69,想吃好点,一般,雨,一个人,随便,微辣,,40,奶油蘑菇汤+面包,西式简餐,1,chosen,0.4894,0.4806,train,normal
1456,晚餐,2,58,正常,一般,雨,同事,不关心,中辣,,26,烤鸡翅,烧烤小吃,1,chosen,0.581,0.5293,train,normal
1456,晚餐,2,58,正常,一般,雨,同事,不关心,中辣,,26,烤鸡翅,烧烤小吃,1,chosen,0.581,0.586,train,normal
1456,晚餐,2,58,正常,一般,雨,同事,不关心,中辣,,26,烤鸡翅,烧烤小吃,1,chosen,0.581,0.5406,train,normal
1457,午餐,3,46,省着点,一般,热,一个人,随便,不吃辣,,9,炸酱面,面食粉面,1,chosen,0.516,0.4704,train,normal
1457,午餐,3,46,省着点,一般,热,一个人,随便,不吃辣,,9,炸酱面,面食粉面,1,chosen,0.516,0.5011,train,normal
1457,午餐,3,46,省着点,一般,热,一个人,随便,不吃辣,,9,炸酱面,面食粉面,1,chosen,0.516,0.5155,train,normal
1458,晚餐,2,60,正常,一般,冷,约会,想健康,不吃辣,,42,烤鸡胸配土豆泥,西式简餐,1,chosen,0.6649,0.6128,train,normal
1458,晚餐,2,60,正常,一般,冷,约会,想健康,不吃辣,,40,奶油蘑菇汤+面包,西式简餐,1,chosen,0.6576,0.6695,train,normal
1458,晚餐,2,60,正常,一般,冷,约会,想健康,不吃辣,,42,烤鸡胸配土豆泥,西式简餐,1,chosen,0.6649,0.6544,train,normal
1458,晚餐,2,60,正常,一般,冷,约会,想健康,不吃辣,,40,奶油蘑菇汤+面包,西式简餐,0,considered,0.6576,0.6319,train,normal
1458,晚餐,2,60,正常,一般,冷,约会,想健康,不吃辣,,37,番茄肉酱意面,西式简餐,0,considered,0.6474,0.5799,train,normal
1459,晚餐,5,15,想吃好点,一般,雨,同事,不关心,重辣,,19,麻辣烫,火锅麻辣烫,1,chosen,0.5824,0.5956,test,normal
1459,晚餐,5,15,想吃好点,一般,雨,同事,不关心,重辣,,19,麻辣烫,火锅麻辣烫,1,chosen,0.5824,0.5386,test,normal
1459,晚餐,5,15,想吃好点,一般,雨,同事,不关心,重辣,,19,麻辣烫,火锅麻辣烫,1,chosen,0.5824,0.6108,test,normal
1459,晚餐,5,15,想吃好点,一般,雨,同事,不关心,重辣,,23,冒菜,火锅麻辣烫,0,considered,0.5554,0.5694,test,normal
1459,晚餐,5,15,想吃好点,一般,雨,同事,不关心,重辣,,22,关东煮,火锅麻辣烫,0,considered,0.3938,0.3929,test,normal
1460,早餐,3,22,省着点,开心,晴,一个人,想健康,重辣,,46,燕麦牛奶粥,早餐粥点,1,chosen,0.6268,0.6511,train,normal
1460,早餐,3,22,省着点,开心,晴,一个人,想健康,重辣,,46,燕麦牛奶粥,早餐粥点,1,chosen,0.6268,0.6186,train,normal
1460,早餐,3,22,省着点,开心,晴,一个人,想健康,重辣,,46,燕麦牛奶粥,早餐粥点,1,chosen,0.6268,0.6183,train,normal
1461,夜宵,3,32,省着点,低落,冷,家人,想健康,不吃辣,,8,番茄鸡蛋面,面食粉面,1,chosen,0.6685,0.6814,train,normal
1461,夜宵,3,32,省着点,低落,冷,家人,想健康,不吃辣,,8,番茄鸡蛋面,面食粉面,1,chosen,0.6685,0.6916,train,normal
1461,夜宵,3,32,省着点,低落,冷,家人,想健康,不吃辣,,8,番茄鸡蛋面,面食粉面,1,chosen,0.6685,0.647,train,normal
1461,夜宵,3,32,省着点,低落,冷,家人,想健康,不吃辣,,6,兰州牛肉面,面食粉面,0,considered,0.6254,0.6605,train,normal
1461,夜宵,3,32,省着点,低落,冷,家人,想健康,不吃辣,,9,炸酱面,面食粉面,0,considered,0.5943,0.5864,train,normal
1462,晚餐,1,32,正常,疲惫,雨,一个人,随便,微辣,,6,兰州牛肉面,面食粉面,1,chosen,0.5306,0.6364,train,normal
1462,晚餐,1,32,正常,疲惫,雨,一个人,随便,微辣,,40,奶油蘑菇汤+面包,西式简餐,1,chosen,0.5375,0.5728,train,normal
1462,晚餐,1,32,正常,疲惫,雨,一个人,随便,微辣,,40,奶油蘑菇汤+面包,西式简餐,1,chosen,0.5375,0.5364,train,normal
1462,晚餐,1,32,正常,疲惫,雨,一个人,随便,微辣,,42,烤鸡胸配土豆泥,西式简餐,0,considered,0.5211,0.5057,train,normal
1462,晚餐,1,32,正常,疲惫,雨,一个人,随便,微辣,,37,番茄肉酱意面,西式简餐,0,considered,0.5206,0.5589,train,normal
1463,晚餐,3,43,想吃好点,疲惫,雨,一个人,随便,不吃辣,,9,炸酱面,面食粉面,1,chosen,0.5558,0.5618,val,normal
1463,晚餐,3,43,想吃好点,疲惫,雨,一个人,随便,不吃辣,,40,奶油蘑菇汤+面包,西式简餐,1,chosen,0.5919,0.6388,val,normal
1463,晚餐,3,43,想吃好点,疲惫,雨,一个人,随便,不吃辣,,40,奶油蘑菇汤+面包,西式简餐,1,chosen,0.5919,0.5417,val,normal
1464,早餐,4,45,省着点,开心,晴,一个人,不关心,不吃辣,,43,皮蛋瘦肉粥+油条,早餐粥点,1,chosen,0.5447,0.536,train,normal
1464,早餐,4,45,省着点,开心,晴,一个人,不关心,不吃辣,,43,皮蛋瘦肉粥+油条,早餐粥点,1,chosen,0.5447,0.5054,train,normal
1464,早餐,4,45,省着点,开心,晴,一个人,不关心,不吃辣,,43,皮蛋瘦肉粥+油条,早餐粥点,1,chosen,0.5447,0.5813,train,normal
1464,早餐,4,45,省着点,开心,晴,一个人,不关心,不吃辣,,44,小笼包+豆浆,早餐粥点,0,considered,0.5447,0.5445,train,normal
1464,早餐,4,45,省着点,开心,晴,一个人,不关心,不吃辣,,46,燕麦牛奶粥,早餐粥点,0,considered,0.5273,0.5056,train,normal
1465,晚餐,3,107,想吃好点,疲惫,晴,朋友,随便,不吃辣,,42,烤鸡胸配土豆泥,西式简餐,1,chosen,0.6385,0.6359,train,normal
1465,晚餐,3,107,想吃好点,疲惫,晴,朋友,随便,不吃辣,,18,地三鲜+米饭,家常炒菜,1,chosen,0.6225,0.6828,train,normal
1465,晚餐,3,107,想吃好点,疲惫,晴,朋友,随便,不吃辣,,42,烤鸡胸配土豆泥,西式简餐,1,chosen,0.6385,0.758,train,normal
1466,午餐,3,93,想吃好点,开心,晴,同事,随便,微辣,素食,40,奶油蘑菇汤+面包,西式简餐,1,chosen,0.5507,0.6031,test,normal
1466,午餐,3,93,想吃好点,开心,晴,同事,随便,微辣,素食,40,奶油蘑菇汤+面包,西式简餐,1,chosen,0.5507,0.5522,test,normal
1466,午餐,3,93,想吃好点,开心,晴,同事,随便,微辣,素食,40,奶油蘑菇汤+面包,西式简餐,1,chosen,0.5507,0.522,test,normal
1467,晚餐,2,63,想吃好点,开心,阴,同事,随便,中辣,海鲜,42,烤鸡胸配土豆泥,西式简餐,1,chosen,0.514,0.5738,train,normal
1467,晚餐,2,63,想吃好点,开心,阴,同事,随便,中辣,海鲜,26,烤鸡翅,烧烤小吃,1,chosen,0.545,0.5672,train,normal
1467,晚餐,2,63,想吃好点,开心,阴,同事,随便,中辣,海鲜,26,烤鸡翅,烧烤小吃,1,chosen,0.545,0.5128,train,normal
1467,晚餐,2,63,想吃好点,开心,阴,同事,随便,中辣,海鲜,25,烤羊肉串,烧烤小吃,0,considered,0.5178,0.519,train,normal
1467,晚餐,2,63,想吃好点,开心,阴,同事,随便,中辣,海鲜,27,烤茄子,烧烤小吃,0,considered,0.4782,0.4997,train,normal
1468,夜宵,4,43,省着点,压力大,晴,朋友,不关心,微辣,,6,兰州牛肉面,面食粉面,1,chosen,0.6552,0.6468,test,normal
1468,夜宵,4,43,省着点,压力大,晴,朋友,不关心,微辣,,6,兰州牛肉面,面食粉面,1,chosen,0.6552,0.6266,test,normal
1468,夜宵,4,43,省着点,压力大,晴,朋友,不关心,微辣,,6,兰州牛肉面,面食粉面,1,chosen,0.6552,0.7019,test,normal
1469,夜宵,3,65,想吃好点,疲惫,阴,同事,想健康,重辣,素食,27,烤茄子,烧烤小吃,1,chosen,0.6768,0.7066,train,normal
1469,夜宵,3,65,想吃好点,疲惫,阴,同事,想健康,重辣,素食,27,烤茄子,烧烤小吃,1,chosen,0.6768,0.664,train,normal
1469,夜宵,3,65,想吃好点,疲惫,阴,同事,想健康,重辣,素食,27,烤茄子,烧烤小吃,1,chosen,0.6768,0.6784,train,normal
1470,夜宵,5,32,省着点,开心,阴,约会,不关心,重辣,,19,麻辣烫,火锅麻辣烫,1,chosen,0.6554,0.6871,val,normal
1470,夜宵,5,32,省着点,开心,阴,约会,不关心,重辣,,19,麻辣烫,火锅麻辣烫,1,chosen,0.6554,0.657,val,normal
1470,夜宵,5,32,省着点,开心,阴,约会,不关心,重辣,,19,麻辣烫,火锅麻辣烫,1,chosen,0.6554,0.6951,val,normal
1471,晚餐,2,56,正常,一般,晴,一个人,随便,微辣,,40,奶油蘑菇汤+面包,西式简餐,1,chosen,0.4691,0.4866,train,normal
1471,晚餐,2,56,正常,一般,晴,一个人,随便,微辣,,40,奶油蘑菇汤+面包,西式简餐,1,chosen,0.4691,0.47,train,normal
1471,晚餐,2,56,正常,一般,晴,一个人,随便,微辣,,40,奶油蘑菇汤+面包,西式简餐,1,chosen,0.4691,0.512,train,normal
1471,晚餐,2,56,正常,一般,晴,一个人,随便,微辣,,42,烤鸡胸配土豆泥,西式简餐,0,considered,0.4599,0.4447,train,normal
1471,晚餐,2,56,正常,一般,晴,一个人,随便,微辣,,37,番茄肉酱意面,西式简餐,0,considered,0.4521,0.4979,train,normal
1472,夜宵,4,49,想吃好点,一般,阴,朋友,想健康,不吃辣,素食,24,菌汤火锅,火锅麻辣烫,1,chosen,0.6202,0.6219,train,normal
1472,夜宵,4,49,想吃好点,一般,阴,朋友,想健康,不吃辣,素食,24,菌汤火锅,火锅麻辣烫,1,chosen,0.6202,0.672,train,normal
1472,夜宵,4,49,想吃好点,一般,阴,朋友,想健康,不吃辣,素食,40,奶油蘑菇汤+面包,西式简餐,1,chosen,0.5981,0.5733,train,normal
1472,夜宵,4,49,想吃好点,一般,阴,朋友,想健康,不吃辣,素食,20,清汤火锅,火锅麻辣烫,0,considered,0.5696,0.5855,train,normal
1472,夜宵,4,49,想吃好点,一般,阴,朋友,想健康,不吃辣,素食,22,关东煮,火锅麻辣烫,0,considered,0.3896,0.4076,train,normal
1473,早餐,4,15,想吃好点,一般,晴,家人,随便,中辣,,11,云南小锅米线,面食粉面,1,chosen,0.5795,0.5476,train,normal
1473,早餐,4,15,想吃好点,一般,晴,家人,随便,中辣,,11,云南小锅米线,面食粉面,1,chosen,0.5795,0.5234,train,normal
1473,早餐,4,15,想吃好点,一般,晴,家人,随便,中辣,,11,云南小锅米线,面食粉面,1,chosen,0.5795,0.546,train,normal
1474,晚餐,4,29,正常,一般,热,朋友,不关心,重辣,,23,冒菜,火锅麻辣烫,1,chosen,0.6458,0.676,train,normal
1474,晚餐,4,29,正常,一般,热,朋友,不关心,重辣,,19,麻辣烫,火锅麻辣烫,1,chosen,0.639,0.6293,train,normal
1474,晚餐,4,29,正常,一般,热,朋友,不关心,重辣,,23,冒菜,火锅麻辣烫,1,chosen,0.6458,0.6208,train,normal
1475,午餐,5,53,想吃好点,兴奋,雨,朋友,严格控制,中辣,,37,番茄肉酱意面,西式简餐,1,chosen,0.6705,0.6709,val,normal
1475,午餐,5,53,想吃好点,兴奋,雨,朋友,严格控制,中辣,,15,宫保鸡丁+米饭,家常炒菜,1,chosen,0.729,0.6975,val,normal
1475,午餐,5,53,想吃好点,兴奋,雨,朋友,严格控制,中辣,,15,宫保鸡丁+米饭,家常炒菜,1,chosen,0.729,0.6892,val,normal
1476,晚餐,5,72,正常,低落,阴,朋友,随便,微辣,,18,地三鲜+米饭,家常炒菜,1,chosen,0.62,0.6399,train,normal
1476,晚餐,5,72,正常,低落,阴,朋友,随便,微辣,,18,地三鲜+米饭,家常炒菜,1,chosen,0.62,0.6306,train,normal
1476,晚餐,5,72,正常,低落,阴,朋友,随便,微辣,,18,地三鲜+米饭,家常炒菜,1,chosen,0.62,0.6508,train,normal
1477,午餐,3,68,正常,开心,雨,同事,想健康,不吃辣,乳制品,42,烤鸡胸配土豆泥,西式简餐,1,chosen,0.6113,0.6548,train,normal
1477,午餐,3,68,正常,开心,雨,同事,想健康,不吃辣,乳制品,42,烤鸡胸配土豆泥,西式简餐,1,chosen,0.6113,0.5825,train,normal
1477,午餐,3,68,正常,开心,雨,同事,想健康,不吃辣,乳制品,42,烤鸡胸配土豆泥,西式简餐,1,chosen,0.6113,0.6044,train,normal
1478,晚餐,4,27,省着点,开心,热,一个人,严格控制,不吃辣,素食,9,炸酱面,面食粉面,1,chosen,0.5685,0.5093,train,normal
1478,晚餐,4,27,省着点,开心,热,一个人,严格控制,不吃辣,素食,9,炸酱面,面食粉面,1,chosen,0.5685,0.6187,train,normal
1478,晚餐,4,27,省着点,开心,热,一个人,严格控制,不吃辣,素食,9,炸酱面,面食粉面,1,chosen,0.5685,0.5826,train,normal
1478,晚餐,4,27,省着点,开心,热,一个人,严格控制,不吃辣,素食,8,番茄鸡蛋面,面食粉面,0,considered,0.4773,0.4962,train,normal
1478,晚餐,4,27,省着点,开心,热,一个人,严格控制,不吃辣,素食,6,兰州牛肉面,面食粉面,0,considered,0.456,0.4257,train,normal
1479,晚餐,2,42,正常,开心,晴,朋友,不关心,重辣,乳制品,19,麻辣烫,火锅麻辣烫,1,chosen,0.6288,0.6451,train,normal
1479,晚餐,2,42,正常,开心,晴,朋友,不关心,重辣,乳制品,19,麻辣烫,火锅麻辣烫,1,chosen,0.6288,0.62,train,normal
1479,晚餐,2,42,正常,开心,晴,朋友,不关心,重辣,乳制品,19,麻辣烫,火锅麻辣烫,1,chosen,0.6288,0.5747,train,normal
1480,午餐,3,96,想吃好点,一般,晴,约会,不关心,微辣,,42,烤鸡胸配土豆泥,西式简餐,1,chosen,0.6141,0.6027,train,normal
1480,午餐,3,96,想吃好点,一般,晴,约会,不关心,微辣,,42,烤鸡胸配土豆泥,西式简餐,1,chosen,0.6141,0.5602,train,normal
1480,午餐,3,96,想吃好点,一般,晴,约会,不关心,微辣,,42,烤鸡胸配土豆泥,西式简餐,1,chosen,0.6141,0.5868,train,normal
1481,夜宵,3,22,想吃好点,一般,晴,朋友,严格控制,中辣,,26,烤鸡翅,烧烤小吃,1,chosen,0.7053,0.6971,train,normal
1481,夜宵,3,22,想吃好点,一般,晴,朋友,严格控制,中辣,,26,烤鸡翅,烧烤小吃,1,chosen,0.7053,0.6961,train,normal
1481,夜宵,3,22,想吃好点,一般,晴,朋友,严格控制,中辣,,6,兰州牛肉面,面食粉面,1,chosen,0.648,0.7111,train,normal
1482,早餐,2,63,想吃好点,压力大,阴,同事,想健康,微辣,,43,皮蛋瘦肉粥+油条,早餐粥点,1,chosen,0.6675,0.6901,train,normal
1482,早餐,2,63,想吃好点,压力大,阴,同事,想健康,微辣,,46,燕麦牛奶粥,早餐粥点,1,chosen,0.6846,0.6696,train,normal
1482,早餐,2,63,想吃好点,压力大,阴,同事,想健康,微辣,,46,燕麦牛奶粥,早餐粥点,1,chosen,0.6846,0.7246,train,normal
1483,午餐,3,59,省着点,一般,阴,约会,不关心,中辣,,11,云南小锅米线,面食粉面,1,chosen,0.5952,0.6133,val,normal
1483,午餐,3,59,省着点,一般,阴,约会,不关心,中辣,,11,云南小锅米线,面食粉面,1,chosen,0.5952,0.5813,val,normal
1483,午餐,3,59,省着点,一般,阴,约会,不关心,中辣,,45,杂粮煎饼果子,早餐粥点,1,chosen,0.5705,0.5353,val,normal
1483,午餐,3,59,省着点,一般,阴,约会,不关心,中辣,,6,兰州牛肉面,面食粉面,0,considered,0.5846,0.5782,val,normal
1483,午餐,3,59,省着点,一般,阴,约会,不关心,中辣,,9,炸酱面,面食粉面,0,considered,0.5549,0.5659,val,normal
1484,午餐,2,91,想吃好点,开心,雪,朋友,不关心,微辣,"海鲜,乳制品",42,烤鸡胸配土豆泥,西式简餐,1,chosen,0.6895,0.658,test,snow
1484,午餐,2,91,想吃好点,开心,雪,朋友,不关心,微辣,"海鲜,乳制品",38,香煎牛排,西式简餐,1,chosen,0.6678,0.6787,test,snow
1484,午餐,2,91,想吃好点,开心,雪,朋友,不关心,微辣,"海鲜,乳制品",42,烤鸡胸配土豆泥,西式简餐,1,chosen,0.6895,0.7626,test,snow
1485,午餐,2,45,想吃好点,开心,阴,家人,随便,不吃辣,,42,烤鸡胸配土豆泥,西式简餐,1,chosen,0.5746,0.5572,val,normal
1485,午餐,2,45,想吃好点,开心,阴,家人,随便,不吃辣,,40,奶油蘑菇汤+面包,西式简餐,1,chosen,0.5678,0.5876,val,normal
1485,午餐,2,45,想吃好点,开心,阴,家人,随便,不吃辣,,42,烤鸡胸配土豆泥,西式简餐,1,chosen,0.5746,0.6076,val,normal
1486,早餐,5,48,想吃好点,疲惫,晴,朋友,随便,中辣,,11,云南小锅米线,面食粉面,1,chosen,0.6428,0.6025,train,normal
1486,早餐,5,48,想吃好点,疲惫,晴,朋友,随便,中辣,,43,皮蛋瘦肉粥+油条,早餐粥点,1,chosen,0.6215,0.5955,train,normal
1486,早餐,5,48,想吃好点,疲惫,晴,朋友,随便,中辣,,11,云南小锅米线,面食粉面,1,chosen,0.6428,0.6223,train,normal
1486,早餐,5,48,想吃好点,疲惫,晴,朋友,随便,中辣,,6,兰州牛肉面,面食粉面,0,considered,0.6268,0.6134,train,normal
1486,早餐,5,48,想吃好点,疲惫,晴,朋友,随便,中辣,,8,番茄鸡蛋面,面食粉面,0,considered,0.5832,0.6133,train,normal
1487,晚餐,3,32,不差钱,兴奋,晴,家人,随便,中辣,,15,宫保鸡丁+米饭,家常炒菜,1,chosen,0.614,0.6177,train,normal
1487,晚餐,3,32,不差钱,兴奋,晴,家人,随便,中辣,,25,烤羊肉串,烧烤小吃,1,chosen,0.5878,0.5942,train,normal
1487,晚餐,3,32,不差钱,兴奋,晴,家人,随便,中辣,,15,宫保鸡丁+米饭,家常炒菜,1,chosen,0.614,0.5535,train,normal
1488,午餐,3,100,省着点,一般,晴,家人,不关心,微辣,海鲜,2,青椒肉丝盖饭,中式快餐盖饭,1,chosen,0.5527,0.5591,train,normal
1488,午餐,3,100,省着点,一般,晴,家人,不关心,微辣,海鲜,6,兰州牛肉面,面食粉面,1,chosen,0.5609,0.5407,train,normal
1488,午餐,3,100,省着点,一般,晴,家人,不关心,微辣,海鲜,6,兰州牛肉面,面食粉面,1,chosen,0.5609,0.6259,train,normal
1489,晚餐,1,39,正常,开心,雪,同事,随便,中辣,,26,烤鸡翅,烧烤小吃,1,chosen,0.6327,0.6437,test,snow
1489,晚餐,1,39,正常,开心,雪,同事,随便,中辣,,26,烤鸡翅,烧烤小吃,1,chosen,0.6327,0.6431,test,snow
1489,晚餐,1,39,正常,开心,雪,同事,随便,中辣,,26,烤鸡翅,烧烤小吃,1,chosen,0.6327,0.6706,test,snow
1490,晚餐,3,72,不差钱,一般,阴,一个人,不关心,不吃辣,,24,菌汤火锅,火锅麻辣烫,1,chosen,0.5037,0.4895,train,normal
1490,晚餐,3,72,不差钱,一般,阴,一个人,不关心,不吃辣,,24,菌汤火锅,火锅麻辣烫,1,chosen,0.5037,0.4643,train,normal
1490,晚餐,3,72,不差钱,一般,阴,一个人,不关心,不吃辣,,24,菌汤火锅,火锅麻辣烫,1,chosen,0.5037,0.496,train,normal
1491,午餐,5,36,不差钱,疲惫,冷,家人,不关心,重辣,,13,麻婆豆腐+米饭,家常炒菜,1,chosen,0.6965,0.7827,val,normal
1491,午餐,5,36,不差钱,疲惫,冷,家人,不关心,重辣,,23,冒菜,火锅麻辣烫,1,chosen,0.6998,0.7027,val,normal
1491,午餐,5,36,不差钱,疲惫,冷,家人,不关心,重辣,,23,冒菜,火锅麻辣烫,1,chosen,0.6998,0.6894,val,normal
1491,午餐,5,36,不差钱,疲惫,冷,家人,不关心,重辣,,19,麻辣烫,火锅麻辣烫,0,considered,0.6864,0.7292,val,normal
1491,午餐,5,36,不差钱,疲惫,冷,家人,不关心,重辣,,24,菌汤火锅,火锅麻辣烫,0,considered,0.6054,0.557,val,normal
1492,午餐,1,52,正常,疲惫,冷,朋友,严格控制,重辣,,13,麻婆豆腐+米饭,家常炒菜,1,chosen,0.7246,0.7629,train,normal
1492,午餐,1,52,正常,疲惫,冷,朋友,严格控制,重辣,,13,麻婆豆腐+米饭,家常炒菜,1,chosen,0.7246,0.6672,train,normal
1492,午餐,1,52,正常,疲惫,冷,朋友,严格控制,重辣,,13,麻婆豆腐+米饭,家常炒菜,1,chosen,0.7246,0.7135,train,normal
1493,晚餐,2,15,正常,疲惫,晴,约会,想健康,不吃辣,海鲜,40,奶油蘑菇汤+面包,西式简餐,1,chosen,0.626,0.6255,train,normal
1493,晚餐,2,15,正常,疲惫,晴,约会,想健康,不吃辣,海鲜,42,烤鸡胸配土豆泥,西式简餐,1,chosen,0.5969,0.5559,train,normal
1493,晚餐,2,15,正常,疲惫,晴,约会,想健康,不吃辣,海鲜,40,奶油蘑菇汤+面包,西式简餐,1,chosen,0.626,0.6046,train,normal
1493,晚餐,2,15,正常,疲惫,晴,约会,想健康,不吃辣,海鲜,42,烤鸡胸配土豆泥,西式简餐,0,considered,0.5969,0.6328,train,normal
1493,晚餐,2,15,正常,疲惫,晴,约会,想健康,不吃辣,海鲜,37,番茄肉酱意面,西式简餐,0,considered,0.5968,0.6085,train,normal
1494,晚餐,2,45,省着点,一般,晴,朋友,不关心,重辣,,19,麻辣烫,火锅麻辣烫,1,chosen,0.5897,0.6528,train,normal
1494,晚餐,2,45,省着点,一般,晴,朋友,不关心,重辣,,19,麻辣烫,火锅麻辣烫,1,chosen,0.5897,0.5786,train,normal
1494,晚餐,2,45,省着点,一般,晴,朋友,不关心,重辣,,19,麻辣烫,火锅麻辣烫,1,chosen,0.5897,0.5373,train,normal
1494,晚餐,2,45,省着点,一般,晴,朋友,不关心,重辣,,23,冒菜,火锅麻辣烫,0,considered,0.5405,0.5598,train,normal
1494,晚餐,2,45,省着点,一般,晴,朋友,不关心,重辣,,24,菌汤火锅,火锅麻辣烫,0,considered,0.4459,0.4248,train,normal
1495,晚餐,3,83,省着点,一般,雨,家人,想健康,重辣,,13,麻婆豆腐+米饭,家常炒菜,1,chosen,0.6799,0.7359,train,normal
1495,晚餐,3,83,省着点,一般,雨,家人,想健康,重辣,,13,麻婆豆腐+米饭,家常炒菜,1,chosen,0.6799,0.6902,train,normal
1495,晚餐,3,83,省着点,一般,雨,家人,想健康,重辣,,13,麻婆豆腐+米饭,家常炒菜,1,chosen,0.6799,0.6584,train,normal
1496,午餐,3,37,不差钱,开心,热,一个人,想健康,微辣,,42,烤鸡胸配土豆泥,西式简餐,1,chosen,0.5462,0.5235,train,normal
1496,午餐,3,37,不差钱,开心,热,一个人,想健康,微辣,,42,烤鸡胸配土豆泥,西式简餐,1,chosen,0.5462,0.6245,train,normal
1496,午餐,3,37,不差钱,开心,热,一个人,想健康,微辣,,42,烤鸡胸配土豆泥,西式简餐,1,chosen,0.5462,0.4811,train,normal
1496,午餐,3,37,不差钱,开心,热,一个人,想健康,微辣,,38,香煎牛排,西式简餐,0,considered,0.5339,0.547,train,normal
1496,午餐,3,37,不差钱,开心,热,一个人,想健康,微辣,,40,奶油蘑菇汤+面包,西式简餐,0,considered,0.5271,0.5051,train,normal
1497,晚餐,3,55,正常,压力大,雨,朋友,想健康,不吃辣,乳制品,42,烤鸡胸配土豆泥,西式简餐,1,chosen,0.7086,0.6624,train,normal
1497,晚餐,3,55,正常,压力大,雨,朋友,想健康,不吃辣,乳制品,42,烤鸡胸配土豆泥,西式简餐,1,chosen,0.7086,0.628,train,normal
1497,晚餐,3,55,正常,压力大,雨,朋友,想健康,不吃辣,乳制品,12,西红柿炒蛋+米饭,家常炒菜,1,chosen,0.6586,0.6593,train,normal
1498,早餐,3,30,省着点,开心,热,同事,严格控制,不吃辣,,46,燕麦牛奶粥,早餐粥点,1,chosen,0.7178,0.6507,train,normal
1498,早餐,3,30,省着点,开心,热,同事,严格控制,不吃辣,,46,燕麦牛奶粥,早餐粥点,1,chosen,0.7178,0.7612,train,normal
1498,早餐,3,30,省着点,开心,热,同事,严格控制,不吃辣,,46,燕麦牛奶粥,早餐粥点,1,chosen,0.7178,0.7635,train,normal
1499,下午加餐,3,15,想吃好点,开心,冷,约会,严格控制,微辣,,33,三文鱼沙拉,轻食健康,1,chosen,0.7129,0.7259,train,normal
1499,下午加餐,3,15,想吃好点,开心,冷,约会,严格控制,微辣,,33,三文鱼沙拉,轻食健康,1,chosen,0.7129,0.7417,train,normal
1499,下午加餐,3,15,想吃好点,开心,冷,约会,严格控制,微辣,,34,全麦鸡肉三明治,轻食健康,1,chosen,0.7011,0.7451,train,normal
1500,午餐,3,75,不差钱,开心,阴,朋友,不关心,微辣,,24,菌汤火锅,火锅麻辣烫,1,chosen,0.6092,0.6048,train,normal
1500,午餐,3,75,不差钱,开心,阴,朋友,不关心,微辣,,24,菌汤火锅,火锅麻辣烫,1,chosen,0.6092,0.6083,train,normal
1500,午餐,3,75,不差钱,开心,阴,朋友,不关心,微辣,,37,番茄肉酱意面,西式简餐,1,chosen,0.5774,0.5312,train,normal
1500,午餐,3,75,不差钱,开心,阴,朋友,不关心,微辣,,20,清汤火锅,火锅麻辣烫,0,considered,0.6092,0.5818,train,normal
1500,午餐,3,75,不差钱,开心,阴,朋友,不关心,微辣,,19,麻辣烫,火锅麻辣烫,0,considered,0.4354,0.444,train,normal
1501,午餐,1,62,正常,一般,阴,朋友,随便,重辣,,19,麻辣烫,火锅麻辣烫,1,chosen,0.5902,0.6102,train,normal
1501,午餐,1,62,正常,一般,阴,朋友,随便,重辣,,19,麻辣烫,火锅麻辣烫,1,chosen,0.5902,0.5179,train,normal
1501,午餐,1,62,正常,一般,阴,朋友,随便,重辣,,19,麻辣烫,火锅麻辣烫,1,chosen,0.5902,0.6366,train,normal
1502,早餐,4,74,正常,疲惫,雪,朋友,随便,中辣,海鲜,11,云南小锅米线,面食粉面,1,chosen,0.7667,0.7898,test,snow
1502,早餐,4,74,正常,疲惫,雪,朋友,随便,中辣,海鲜,11,云南小锅米线,面食粉面,1,chosen,0.7667,0.7457,test,snow
1502,早餐,4,74,正常,疲惫,雪,朋友,随便,中辣,海鲜,11,云南小锅米线,面食粉面,1,chosen,0.7667,0.8094,test,snow
1503,下午加餐,4,15,正常,压力大,晴,同事,想健康,微辣,,32,藜麦牛油果碗,轻食健康,1,chosen,0.65,0.6981,train,normal
1503,下午加餐,4,15,正常,压力大,晴,同事,想健康,微辣,,35,水煮时蔬+溏心蛋,轻食健康,1,chosen,0.6015,0.6076,train,normal
1503,下午加餐,4,15,正常,压力大,晴,同事,想健康,微辣,,35,水煮时蔬+溏心蛋,轻食健康,1,chosen,0.6015,0.6834,train,normal
1504,晚餐,4,69,想吃好点,一般,雨,一个人,想健康,不吃辣,"海鲜,乳制品",42,烤鸡胸配土豆泥,西式简餐,1,chosen,0.5756,0.5563,train,normal
1504,晚餐,4,69,想吃好点,一般,雨,一个人,想健康,不吃辣,"海鲜,乳制品",42,烤鸡胸配土豆泥,西式简餐,1,chosen,0.5756,0.5479,train,normal
1504,晚餐,4,69,想吃好点,一般,雨,一个人,想健康,不吃辣,"海鲜,乳制品",24,菌汤火锅,火锅麻辣烫,1,chosen,0.5427,0.5146,train,normal
1505,午餐,3,60,省着点,开心,冷,朋友,严格控制,中辣,,11,云南小锅米线,面食粉面,1,chosen,0.6871,0.6734,val,normal
1505,午餐,3,60,省着点,开心,冷,朋友,严格控制,中辣,,11,云南小锅米线,面食粉面,1,chosen,0.6871,0.6387,val,normal
1505,午餐,3,60,省着点,开心,冷,朋友,严格控制,中辣,,11,云南小锅米线,面食粉面,1,chosen,0.6871,0.6499,val,normal
1505,午餐,3,60,省着点,开心,冷,朋友,严格控制,中辣,,6,兰州牛肉面,面食粉面,0,considered,0.6711,0.6478,val,normal
1505,午餐,3,60,省着点,开心,冷,朋友,严格控制,中辣,,8,番茄鸡蛋面,面食粉面,0,considered,0.6042,0.6229,val,normal
1506,晚餐,3,58,正常,疲惫,热,一个人,随便,微辣,,9,炸酱面,面食粉面,1,chosen,0.5679,0.4977,train,normal
1506,晚餐,3,58,正常,疲惫,热,一个人,随便,微辣,,9,炸酱面,面食粉面,1,chosen,0.5679,0.6071,train,normal
1506,晚餐,3,58,正常,疲惫,热,一个人,随便,微辣,,9,炸酱面,面食粉面,1,chosen,0.5679,0.5509,train,normal
1507,夜宵,5,57,正常,开心,雨,约会,不关心,微辣,麸质,42,烤鸡胸配土豆泥,西式简餐,1,chosen,0.6416,0.6426,train,normal
1507,夜宵,5,57,正常,开心,雨,约会,不关心,微辣,麸质,6,兰州牛肉面,面食粉面,1,chosen,0.6891,0.7396,train,normal
1507,夜宵,5,57,正常,开心,雨,约会,不关心,微辣,麸质,6,兰州牛肉面,面食粉面,1,chosen,0.6891,0.6642,train,normal
1508,午餐,5,18,正常,一般,冷,一个人,随便,微辣,,2,青椒肉丝盖饭,中式快餐盖饭,1,chosen,0.5375,0.5328,train,normal
1508,午餐,5,18,正常,一般,冷,一个人,随便,微辣,,2,青椒肉丝盖饭,中式快餐盖饭,1,chosen,0.5375,0.516,train,normal
1508,午餐,5,18,正常,一般,冷,一个人,随便,微辣,,2,青椒肉丝盖饭,中式快餐盖饭,1,chosen,0.5375,0.5251,train,normal
1509,夜宵,3,15,省着点,一般,热,一个人,不关心,不吃辣,,8,番茄鸡蛋面,面食粉面,1,chosen,0.5302,0.5111,train,normal
1509,夜宵,3,15,省着点,一般,热,一个人,不关心,不吃辣,,8,番茄鸡蛋面,面食粉面,1,chosen,0.5302,0.4851,train,normal
1509,夜宵,3,15,省着点,一般,热,一个人,不关心,不吃辣,,9,炸酱面,面食粉面,1,chosen,0.5074,0.4864,train,normal
1510,晚餐,5,72,正常,兴奋,热,家人,不关心,中辣,"海鲜,乳制品",15,宫保鸡丁+米饭,家常炒菜,1,chosen,0.6372,0.6879,train,normal
1510,晚餐,5,72,正常,兴奋,热,家人,不关心,中辣,"海鲜,乳制品",15,宫保鸡丁+米饭,家常炒菜,1,chosen,0.6372,0.6546,train,normal
1510,晚餐,5,72,正常,兴奋,热,家人,不关心,中辣,"海鲜,乳制品",15,宫保鸡丁+米饭,家常炒菜,1,chosen,0.6372,0.6562,train,normal
1511,午餐,4,15,想吃好点,低落,晴,家人,严格控制,中辣,,15,宫保鸡丁+米饭,家常炒菜,1,chosen,0.6489,0.6441,train,normal
1511,午餐,4,15,想吃好点,低落,晴,家人,严格控制,中辣,,15,宫保鸡丁+米饭,家常炒菜,1,chosen,0.6489,0.6357,train,normal
1511,午餐,4,15,想吃好点,低落,晴,家人,严格控制,中辣,,15,宫保鸡丁+米饭,家常炒菜,1,chosen,0.6489,0.6939,train,normal
1512,夜宵,5,62,想吃好点,疲惫,雨,家人,不关心,微辣,麸质,6,兰州牛肉面,面食粉面,1,chosen,0.693,0.6205,train,normal
1512,夜宵,5,62,想吃好点,疲惫,雨,家人,不关心,微辣,麸质,6,兰州牛肉面,面食粉面,1,chosen,0.693,0.7323,train,normal
1512,夜宵,5,62,想吃好点,疲惫,雨,家人,不关心,微辣,麸质,6,兰州牛肉面,面食粉面,1,chosen,0.693,0.6731,train,normal
1513,早餐,4,70,想吃好点,兴奋,晴,家人,不关心,中辣,海鲜,11,云南小锅米线,面食粉面,1,chosen,0.5927,0.6019,test,normal
1513,早餐,4,70,想吃好点,兴奋,晴,家人,不关心,中辣,海鲜,11,云南小锅米线,面食粉面,1,chosen,0.5927,0.5973,test,normal
1513,早餐,4,70,想吃好点,兴奋,晴,家人,不关心,中辣,海鲜,11,云南小锅米线,面食粉面,1,chosen,0.5927,0.6211,test,normal
1513,早餐,4,70,想吃好点,兴奋,晴,家人,不关心,中辣,海鲜,6,兰州牛肉面,面食粉面,0,considered,0.5821,0.6127,test,normal
1513,早餐,4,70,想吃好点,兴奋,晴,家人,不关心,中辣,海鲜,8,番茄鸡蛋面,面食粉面,0,considered,0.5575,0.5543,test,normal
1514,午餐,1,62,正常,开心,冷,朋友,不关心,重辣,,19,麻辣烫,火锅麻辣烫,1,chosen,0.6498,0.6562,train,normal
1514,午餐,1,62,正常,开心,冷,朋友,不关心,重辣,,19,麻辣烫,火锅麻辣烫,1,chosen,0.6498,0.6668,train,normal
1514,午餐,1,62,正常,开心,冷,朋友,不关心,重辣,,19,麻辣烫,火锅麻辣烫,1,chosen,0.6498,0.6296,train,normal
1515,晚餐,5,57,正常,开心,冷,一个人,想健康,重辣,,13,麻婆豆腐+米饭,家常炒菜,1,chosen,0.6298,0.6254,train,normal
1515,晚餐,5,57,正常,开心,冷,一个人,想健康,重辣,,13,麻婆豆腐+米饭,家常炒菜,1,chosen,0.6298,0.6292,train,normal
1515,晚餐,5,57,正常,开心,冷,一个人,想健康,重辣,,13,麻婆豆腐+米饭,家常炒菜,1,chosen,0.6298,0.6681,train,normal
1516,夜宵,3,15,正常,开心,阴,约会,不关心,中辣,麸质,26,烤鸡翅,烧烤小吃,1,chosen,0.6797,0.7225,test,normal
1516,夜宵,3,15,正常,开心,阴,约会,不关心,中辣,麸质,26,烤鸡翅,烧烤小吃,1,chosen,0.6797,0.6835,test,normal
1516,夜宵,3,15,正常,开心,阴,约会,不关心,中辣,麸质,26,烤鸡翅,烧烤小吃,1,chosen,0.6797,0.7044,test,normal
1517,晚餐,4,15,不差钱,兴奋,雨,一个人,严格控制,微辣,乳制品,6,兰州牛肉面,面食粉面,1,chosen,0.5657,0.5318,val,normal
1517,晚餐,4,15,不差钱,兴奋,雨,一个人,严格控制,微辣,乳制品,6,兰州牛肉面,面食粉面,1,chosen,0.5657,0.6201,val,normal
1517,晚餐,4,15,不差钱,兴奋,雨,一个人,严格控制,微辣,乳制品,6,兰州牛肉面,面食粉面,1,chosen,0.5657,0.5434,val,normal
1518,晚餐,2,66,正常,疲惫,冷,家人,想健康,微辣,素食,40,奶油蘑菇汤+面包,西式简餐,1,chosen,0.682,0.6865,val,normal
1518,晚餐,2,66,正常,疲惫,冷,家人,想健康,微辣,素食,40,奶油蘑菇汤+面包,西式简餐,1,chosen,0.682,0.7393,val,normal
1518,晚餐,2,66,正常,疲惫,冷,家人,想健康,微辣,素食,40,奶油蘑菇汤+面包,西式简餐,1,chosen,0.682,0.6693,val,normal
1518,晚餐,2,66,正常,疲惫,冷,家人,想健康,微辣,素食,37,番茄肉酱意面,西式简餐,0,considered,0.6755,0.6935,val,normal
1518,晚餐,2,66,正常,疲惫,冷,家人,想健康,微辣,素食,41,玛格丽特披萨,西式简餐,0,considered,0.5675,0.5535,val,normal
1519,下午加餐,5,50,不差钱,兴奋,冷,朋友,不关心,不吃辣,,33,三文鱼沙拉,轻食健康,1,chosen,0.5535,0.5427,train,normal
1519,下午加餐,5,50,不差钱,兴奋,冷,朋友,不关心,不吃辣,,33,三文鱼沙拉,轻食健康,1,chosen,0.5535,0.5436,train,normal
1519,下午加餐,5,50,不差钱,兴奋,冷,朋友,不关心,不吃辣,,33,三文鱼沙拉,轻食健康,1,chosen,0.5535,0.5779,train,normal
1519,下午加餐,5,50,不差钱,兴奋,冷,朋友,不关心,不吃辣,,32,藜麦牛油果碗,轻食健康,0,considered,0.5525,0.5867,train,normal
1519,下午加餐,5,50,不差钱,兴奋,冷,朋友,不关心,不吃辣,,34,全麦鸡肉三明治,轻食健康,0,considered,0.5444,0.5125,train,normal
1520,午餐,2,32,正常,疲惫,雨,一个人,随便,中辣,海鲜,15,宫保鸡丁+米饭,家常炒菜,1,chosen,0.588,0.5955,train,normal
1520,午餐,2,32,正常,疲惫,雨,一个人,随便,中辣,海鲜,15,宫保鸡丁+米饭,家常炒菜,1,chosen,0.588,0.5972,train,normal
1520,午餐,2,32,正常,疲惫,雨,一个人,随便,中辣,海鲜,15,宫保鸡丁+米饭,家常炒菜,1,chosen,0.588,0.5964,train,normal
1521,夜宵,2,37,想吃好点,开心,热,同事,随便,不吃辣,乳制品,8,番茄鸡蛋面,面食粉面,1,chosen,0.5649,0.6244,train,normal
1521,夜宵,2,37,想吃好点,开心,热,同事,随便,不吃辣,乳制品,8,番茄鸡蛋面,面食粉面,1,chosen,0.5649,0.5674,train,normal
1521,夜宵,2,37,想吃好点,开心,热,同事,随便,不吃辣,乳制品,8,番茄鸡蛋面,面食粉面,1,chosen,0.5649,0.6003,train,normal
1522,早餐,3,85,想吃好点,一般,热,家人,随便,微辣,,44,小笼包+豆浆,早餐粥点,1,chosen,0.6155,0.6658,train,normal
1522,早餐,3,85,想吃好点,一般,热,家人,随便,微辣,,44,小笼包+豆浆,早餐粥点,1,chosen,0.6155,0.5526,train,normal
1522,早餐,3,85,想吃好点,一般,热,家人,随便,微辣,,44,小笼包+豆浆,早餐粥点,1,chosen,0.6155,0.6059,train,normal
1522,早餐,3,85,想吃好点,一般,热,家人,随便,微辣,,43,皮蛋瘦肉粥+油条,早餐粥点,0,considered,0.6148,0.6072,train,normal
1522,早餐,3,85,想吃好点,一般,热,家人,随便,微辣,,45,杂粮煎饼果子,早餐粥点,0,considered,0.573,0.5315,train,normal
1523,早餐,3,30,省着点,压力大,雨,同事,不关心,中辣,,43,皮蛋瘦肉粥+油条,早餐粥点,1,chosen,0.7163,0.7175,train,normal
1523,早餐,3,30,省着点,压力大,雨,同事,不关心,中辣,,43,皮蛋瘦肉粥+油条,早餐粥点,1,chosen,0.7163,0.7188,train,normal
1523,早餐,3,30,省着点,压力大,雨,同事,不关心,中辣,,43,皮蛋瘦肉粥+油条,早餐粥点,1,chosen,0.7163,0.6602,train,normal
1523,早餐,3,30,省着点,压力大,雨,同事,不关心,中辣,,44,小笼包+豆浆,早餐粥点,0,considered,0.7163,0.7165,train,normal
1523,早餐,3,30,省着点,压力大,雨,同事,不关心,中辣,,46,燕麦牛奶粥,早餐粥点,0,considered,0.7059,0.7594,train,normal
1524,夜宵,5,29,想吃好点,压力大,晴,同事,不关心,中辣,海鲜,26,烤鸡翅,烧烤小吃,1,chosen,0.6393,0.7141,val,normal
1524,夜宵,5,29,想吃好点,压力大,晴,同事,不关心,中辣,海鲜,26,烤鸡翅,烧烤小吃,1,chosen,0.6393,0.6223,val,normal
1524,夜宵,5,29,想吃好点,压力大,晴,同事,不关心,中辣,海鲜,26,烤鸡翅,烧烤小吃,1,chosen,0.6393,0.6059,val,normal
1524,夜宵,5,29,想吃好点,压力大,晴,同事,不关心,中辣,海鲜,28,烤冷面,烧烤小吃,0,considered,0.6118,0.5871,val,normal
1524,夜宵,5,29,想吃好点,压力大,晴,同事,不关心,中辣,海鲜,25,烤羊肉串,烧烤小吃,0,considered,0.6056,0.6252,val,normal
1525,午餐,3,25,正常,低落,晴,朋友,随便,中辣,,15,宫保鸡丁+米饭,家常炒菜,1,chosen,0.6541,0.6153,train,normal
1525,午餐,3,25,正常,低落,晴,朋友,随便,中辣,,15,宫保鸡丁+米饭,家常炒菜,1,chosen,0.6541,0.6643,train,normal
1525,午餐,3,25,正常,低落,晴,朋友,随便,中辣,,15,宫保鸡丁+米饭,家常炒菜,1,chosen,0.6541,0.6316,train,normal
1525,午餐,3,25,正常,低落,晴,朋友,随便,中辣,,13,麻婆豆腐+米饭,家常炒菜,0,considered,0.595,0.6058,train,normal
1525,午餐,3,25,正常,低落,晴,朋友,随便,中辣,,18,地三鲜+米饭,家常炒菜,0,considered,0.578,0.5878,train,normal
1526,午餐,3,15,省着点,疲惫,晴,朋友,不关心,不吃辣,海鲜,9,炸酱面,面食粉面,1,chosen,0.5945,0.6013,train,normal
1526,午餐,3,15,省着点,疲惫,晴,朋友,不关心,不吃辣,海鲜,9,炸酱面,面食粉面,1,chosen,0.5945,0.6478,train,normal
1526,午餐,3,15,省着点,疲惫,晴,朋友,不关心,不吃辣,海鲜,9,炸酱面,面食粉面,1,chosen,0.5945,0.5998,train,normal
1527,下午加餐,5,56,正常,开心,晴,朋友,严格控制,中辣,,32,藜麦牛油果碗,轻食健康,1,chosen,0.6395,0.6076,train,normal
1527,下午加餐,5,56,正常,开心,晴,朋友,严格控制,中辣,,32,藜麦牛油果碗,轻食健康,1,chosen,0.6395,0.6146,train,normal
1527,下午加餐,5,56,正常,开心,晴,朋友,严格控制,中辣,,34,全麦鸡肉三明治,轻食健康,1,chosen,0.6255,0.6413,train,normal
1528,晚餐,4,62,正常,一般,雨,朋友,想健康,重辣,素食,13,麻婆豆腐+米饭,家常炒菜,1,chosen,0.7239,0.7362,test,normal
1528,晚餐,4,62,正常,一般,雨,朋友,想健康,重辣,素食,13,麻婆豆腐+米饭,家常炒菜,1,chosen,0.7239,0.7194,test,normal
1528,晚餐,4,62,正常,一般,雨,朋友,想健康,重辣,素食,13,麻婆豆腐+米饭,家常炒菜,1,chosen,0.7239,0.7266,test,normal
1528,晚餐,4,62,正常,一般,雨,朋友,想健康,重辣,素食,18,地三鲜+米饭,家常炒菜,0,considered,0.6634,0.7275,test,normal
1528,晚餐,4,62,正常,一般,雨,朋友,想健康,重辣,素食,12,西红柿炒蛋+米饭,家常炒菜,0,considered,0.5734,0.6085,test,normal
1529,晚餐,2,90,省着点,一般,晴,朋友,严格控制,不吃辣,,17,蒜蓉西兰花+米饭,家常炒菜,1,chosen,0.5802,0.5996,train,normal
1529,晚餐,2,90,省着点,一般,晴,朋友,严格控制,不吃辣,,17,蒜蓉西兰花+米饭,家常炒菜,1,chosen,0.5802,0.5777,train,normal
1529,晚餐,2,90,省着点,一般,晴,朋友,严格控制,不吃辣,,17,蒜蓉西兰花+米饭,家常炒菜,1,chosen,0.5802,0.6168,train,normal
1529,晚餐,2,90,省着点,一般,晴,朋友,严格控制,不吃辣,,12,西红柿炒蛋+米饭,家常炒菜,0,considered,0.5677,0.6239,train,normal
1529,晚餐,2,90,省着点,一般,晴,朋友,严格控制,不吃辣,,14,清蒸鲈鱼+米饭,家常炒菜,0,considered,0.5209,0.5538,train,normal
1530,夜宵,5,53,正常,一般,雨,一个人,随便,中辣,"海鲜,乳制品",28,烤冷面,烧烤小吃,1,chosen,0.5742,0.5915,val,normal
1530,夜宵,5,53,正常,一般,雨,一个人,随便,中辣,"海鲜,乳制品",26,烤鸡翅,烧烤小吃,1,chosen,0.6163,0.6424,val,normal
1530,夜宵,5,53,正常,一般,雨,一个人,随便,中辣,"海鲜,乳制品",26,烤鸡翅,烧烤小吃,1,chosen,0.6163,0.5706,val,normal
1531,下午加餐,2,66,正常,开心,晴,约会,随便,微辣,,34,全麦鸡肉三明治,轻食健康,1,chosen,0.6265,0.6626,val,normal
1531,下午加餐,2,66,正常,开心,晴,约会,随便,微辣,,34,全麦鸡肉三明治,轻食健康,1,chosen,0.6265,0.6276,val,normal
1531,下午加餐,2,66,正常,开心,晴,约会,随便,微辣,,36,希腊酸奶坚果碗,轻食健康,1,chosen,0.6145,0.5756,val,normal
1532,夜宵,2,58,省着点,疲惫,晴,家人,随便,不吃辣,乳制品,28,烤冷面,烧烤小吃,1,chosen,0.5641,0.5635,train,normal
1532,夜宵,2,58,省着点,疲惫,晴,家人,随便,不吃辣,乳制品,8,番茄鸡蛋面,面食粉面,1,chosen,0.6201,0.6471,train,normal
1532,夜宵,2,58,省着点,疲惫,晴,家人,随便,不吃辣,乳制品,8,番茄鸡蛋面,面食粉面,1,chosen,0.6201,0.6904,train,normal
1533,晚餐,4,16,正常,压力大,晴,朋友,想健康,不吃辣,,0,番茄牛腩饭,中式快餐盖饭,1,chosen,0.6137,0.5759,train,normal
1533,晚餐,4,16,正常,压力大,晴,朋友,想健康,不吃辣,,9,炸酱面,面食粉面,1,chosen,0.6414,0.5999,train,normal
1533,晚餐,4,16,正常,压力大,晴,朋友,想健康,不吃辣,,9,炸酱面,面食粉面,1,chosen,0.6414,0.6257,train,normal
1534,夜宵,3,36,正常,一般,雨,家人,想健康,不吃辣,,8,番茄鸡蛋面,面食粉面,1,chosen,0.6556,0.6094,test,normal
1534,夜宵,3,36,正常,一般,雨,家人,想健康,不吃辣,,8,番茄鸡蛋面,面食粉面,1,chosen,0.6556,0.5944,test,normal
1534,夜宵,3,36,正常,一般,雨,家人,想健康,不吃辣,,9,炸酱面,面食粉面,1,chosen,0.6151,0.6493,test,normal
1535,下午加餐,4,66,省着点,开心,热,家人,不关心,微辣,麸质,36,希腊酸奶坚果碗,轻食健康,1,chosen,0.6093,0.644,test,normal
1535,下午加餐,4,66,省着点,开心,热,家人,不关心,微辣,麸质,36,希腊酸奶坚果碗,轻食健康,1,chosen,0.6093,0.5963,test,normal
1535,下午加餐,4,66,省着点,开心,热,家人,不关心,微辣,麸质,36,希腊酸奶坚果碗,轻食健康,1,chosen,0.6093,0.5782,test,normal
1536,晚餐,3,92,省着点,压力大,雪,约会,不关心,中辣,,11,云南小锅米线,面食粉面,1,chosen,0.7581,0.7891,test,snow
1536,晚餐,3,92,省着点,压力大,雪,约会,不关心,中辣,,15,宫保鸡丁+米饭,家常炒菜,1,chosen,0.7458,0.7366,test,snow
1536,晚餐,3,92,省着点,压力大,雪,约会,不关心,中辣,,11,云南小锅米线,面食粉面,1,chosen,0.7581,0.7474,test,snow
1537,晚餐,2,76,正常,压力大,晴,一个人,不关心,微辣,,40,奶油蘑菇汤+面包,西式简餐,1,chosen,0.5173,0.5354,train,normal
1537,晚餐,2,76,正常,压力大,晴,一个人,不关心,微辣,,40,奶油蘑菇汤+面包,西式简餐,1,chosen,0.5173,0.4859,train,normal
1537,晚餐,2,76,正常,压力大,晴,一个人,不关心,微辣,,40,奶油蘑菇汤+面包,西式简餐,1,chosen,0.5173,0.5363,train,normal
1538,晚餐,4,41,正常,低落,晴,一个人,不关心,不吃辣,"海鲜,乳制品",18,地三鲜+米饭,家常炒菜,1,chosen,0.5259,0.477,test,normal
1538,晚餐,4,41,正常,低落,晴,一个人,不关心,不吃辣,"海鲜,乳制品",18,地三鲜+米饭,家常炒菜,1,chosen,0.5259,0.554,test,normal
1538,晚餐,4,41,正常,低落,晴,一个人,不关心,不吃辣,"海鲜,乳制品",18,地三鲜+米饭,家常炒菜,1,chosen,0.5259,0.4669,test,normal
1539,午餐,2,15,想吃好点,一般,热,家人,想健康,中辣,,26,烤鸡翅,烧烤小吃,1,chosen,0.5967,0.6127,train,normal
1539,午餐,2,15,想吃好点,一般,热,家人,想健康,中辣,,26,烤鸡翅,烧烤小吃,1,chosen,0.5967,0.6028,train,normal
1539,午餐,2,15,想吃好点,一般,热,家人,想健康,中辣,,11,云南小锅米线,面食粉面,1,chosen,0.5829,0.5636,train,normal
1540,午餐,5,60,正常,兴奋,冷,家人,不关心,微辣,海鲜,18,地三鲜+米饭,家常炒菜,1,chosen,0.6556,0.6778,train,normal
1540,午餐,5,60,正常,兴奋,冷,家人,不关心,微辣,海鲜,18,地三鲜+米饭,家常炒菜,1,chosen,0.6556,0.6709,train,normal
1540,午餐,5,60,正常,兴奋,冷,家人,不关心,微辣,海鲜,18,地三鲜+米饭,家常炒菜,1,chosen,0.6556,0.6703,train,normal
1540,午餐,5,60,正常,兴奋,冷,家人,不关心,微辣,海鲜,16,红烧肉+米饭,家常炒菜,0,considered,0.5847,0.6014,train,normal
1540,午餐,5,60,正常,兴奋,冷,家人,不关心,微辣,海鲜,15,宫保鸡丁+米饭,家常炒菜,0,considered,0.5842,0.5765,train,normal
1541,午餐,4,26,想吃好点,开心,热,同事,严格控制,中辣,,9,炸酱面,面食粉面,1,chosen,0.6,0.5955,train,normal
1541,午餐,4,26,想吃好点,开心,热,同事,严格控制,中辣,,15,宫保鸡丁+米饭,家常炒菜,1,chosen,0.6182,0.6059,train,normal
1541,午餐,4,26,想吃好点,开心,热,同事,严格控制,中辣,,15,宫保鸡丁+米饭,家常炒菜,1,chosen,0.6182,0.5828,train,normal
1541,午餐,4,26,想吃好点,开心,热,同事,严格控制,中辣,,12,西红柿炒蛋+米饭,家常炒菜,0,considered,0.564,0.5286,train,normal
1541,午餐,4,26,想吃好点,开心,热,同事,严格控制,中辣,,17,蒜蓉西兰花+米饭,家常炒菜,0,considered,0.5594,0.5119,train,normal
1542,夜宵,4,33,想吃好点,压力大,阴,家人,想健康,微辣,素食,6,兰州牛肉面,面食粉面,1,chosen,0.6847,0.6703,val,normal
1542,夜宵,4,33,想吃好点,压力大,阴,家人,想健康,微辣,素食,37,番茄肉酱意面,西式简餐,1,chosen,0.6567,0.6713,val,normal
1542,夜宵,4,33,想吃好点,压力大,阴,家人,想健康,微辣,素食,6,兰州牛肉面,面食粉面,1,chosen,0.6847,0.6799,val,normal
1543,晚餐,5,15,正常,低落,冷,同事,想健康,中辣,,11,云南小锅米线,面食粉面,1,chosen,0.6616,0.6113,val,normal
1543,晚餐,5,15,正常,低落,冷,同事,想健康,中辣,,11,云南小锅米线,面食粉面,1,chosen,0.6616,0.6866,val,normal
1543,晚餐,5,15,正常,低落,冷,同事,想健康,中辣,,11,云南小锅米线,面食粉面,1,chosen,0.6616,0.699,val,normal
1544,夜宵,3,18,正常,一般,冷,家人,不关心,重辣,,26,烤鸡翅,烧烤小吃,1,chosen,0.7045,0.6956,train,normal
1544,夜宵,3,18,正常,一般,冷,家人,不关心,重辣,,27,烤茄子,烧烤小吃,1,chosen,0.6844,0.6899,train,normal
1544,夜宵,3,18,正常,一般,冷,家人,不关心,重辣,,26,烤鸡翅,烧烤小吃,1,chosen,0.7045,0.6495,train,normal
1544,夜宵,3,18,正常,一般,冷,家人,不关心,重辣,,27,烤茄子,烧烤小吃,0,considered,0.6844,0.7223,train,normal
1544,夜宵,3,18,正常,一般,冷,家人,不关心,重辣,,30,铁板豆腐,烧烤小吃,0,considered,0.6804,0.6905,train,normal
1545,晚餐,1,42,正常,一般,晴,一个人,随便,微辣,,40,奶油蘑菇汤+面包,西式简餐,1,chosen,0.442,0.4347,val,normal
1545,晚餐,1,42,正常,一般,晴,一个人,随便,微辣,,40,奶油蘑菇汤+面包,西式简餐,1,chosen,0.442,0.455,val,normal
1545,晚餐,1,42,正常,一般,晴,一个人,随便,微辣,,40,奶油蘑菇汤+面包,西式简餐,1,chosen,0.442,0.4242,val,normal
1545,晚餐,1,42,正常,一般,晴,一个人,随便,微辣,,42,烤鸡胸配土豆泥,西式简餐,0,considered,0.4327,0.386,val,normal
1545,晚餐,1,42,正常,一般,晴,一个人,随便,微辣,,37,番茄肉酱意面,西式简餐,0,considered,0.425,0.3883,val,normal
1546,早餐,5,36,不差钱,兴奋,晴,约会,随便,微辣,,45,杂粮煎饼果子,早餐粥点,1,chosen,0.5963,0.6017,train,normal
1546,早餐,5,36,不差钱,兴奋,晴,约会,随便,微辣,,45,杂粮煎饼果子,早餐粥点,1,chosen,0.5963,0.532,train,normal
1546,早餐,5,36,不差钱,兴奋,晴,约会,随便,微辣,,45,杂粮煎饼果子,早餐粥点,1,chosen,0.5963,0.6182,train,normal
1547,夜宵,2,69,不差钱,疲惫,阴,家人,严格控制,微辣,,24,菌汤火锅,火锅麻辣烫,1,chosen,0.7249,0.748,train,normal
1547,夜宵,2,69,不差钱,疲惫,阴,家人,严格控制,微辣,,24,菌汤火锅,火锅麻辣烫,1,chosen,0.7249,0.7831,train,normal
1547,夜宵,2,69,不差钱,疲惫,阴,家人,严格控制,微辣,,24,菌汤火锅,火锅麻辣烫,1,chosen,0.7249,0.7918,train,normal
1548,夜宵,5,62,想吃好点,疲惫,雨,一个人,不关心,中辣,,26,烤鸡翅,烧烤小吃,1,chosen,0.6504,0.6634,train,normal
1548,夜宵,5,62,想吃好点,疲惫,雨,一个人,不关心,中辣,,26,烤鸡翅,烧烤小吃,1,chosen,0.6504,0.7079,train,normal
1548,夜宵,5,62,想吃好点,疲惫,雨,一个人,不关心,中辣,,26,烤鸡翅,烧烤小吃,1,chosen,0.6504,0.6483,train,normal
1549,午餐,3,54,不差钱,开心,热,朋友,想健康,不吃辣,,24,菌汤火锅,火锅麻辣烫,1,chosen,0.6523,0.6377,train,normal
1549,午餐,3,54,不差钱,开心,热,朋友,想健康,不吃辣,,40,奶油蘑菇汤+面包,西式简餐,1,chosen,0.6144,0.5817,train,normal
1549,午餐,3,54,不差钱,开心,热,朋友,想健康,不吃辣,,40,奶油蘑菇汤+面包,西式简餐,1,chosen,0.6144,0.5772,train,normal
1550,早餐,1,26,省着点,一般,晴,同事,严格控制,不吃辣,,46,燕麦牛奶粥,早餐粥点,1,chosen,0.7059,0.7002,train,normal
1550,早餐,1,26,省着点,一般,晴,同事,严格控制,不吃辣,,46,燕麦牛奶粥,早餐粥点,1,chosen,0.7059,0.7087,train,normal
1550,早餐,1,26,省着点,一般,晴,同事,严格控制,不吃辣,,46,燕麦牛奶粥,早餐粥点,1,chosen,0.7059,0.7036,train,normal
1551,夜宵,3,44,正常,开心,雪,朋友,想健康,微辣,素食,6,兰州牛肉面,面食粉面,1,chosen,0.7773,0.8263,test,snow
1551,夜宵,3,44,正常,开心,雪,朋友,想健康,微辣,素食,6,兰州牛肉面,面食粉面,1,chosen,0.7773,0.7878,test,snow
1551,夜宵,3,44,正常,开心,雪,朋友,想健康,微辣,素食,6,兰州牛肉面,面食粉面,1,chosen,0.7773,0.7791,test,snow
1552,晚餐,4,51,省着点,一般,阴,一个人,不关心,不吃辣,,9,炸酱面,面食粉面,1,chosen,0.4815,0.5265,test,normal
1552,晚餐,4,51,省着点,一般,阴,一个人,不关心,不吃辣,,9,炸酱面,面食粉面,1,chosen,0.4815,0.5192,test,normal
1552,晚餐,4,51,省着点,一般,阴,一个人,不关心,不吃辣,,9,炸酱面,面食粉面,1,chosen,0.4815,0.4873,test,normal
1552,晚餐,4,51,省着点,一般,阴,一个人,不关心,不吃辣,,6,兰州牛肉面,面食粉面,0,considered,0.3914,0.41,test,normal
1552,晚餐,4,51,省着点,一般,阴,一个人,不关心,不吃辣,,8,番茄鸡蛋面,面食粉面,0,considered,0.3906,0.3807,test,normal
1553,下午加餐,3,39,省着点,低落,晴,朋友,不关心,不吃辣,,34,全麦鸡肉三明治,轻食健康,1,chosen,0.6001,0.5427,val,normal
1553,下午加餐,3,39,省着点,低落,晴,朋友,不关心,不吃辣,,34,全麦鸡肉三明治,轻食健康,1,chosen,0.6001,0.5933,val,normal
1553,下午加餐,3,39,省着点,低落,晴,朋友,不关心,不吃辣,,34,全麦鸡肉三明治,轻食健康,1,chosen,0.6001,0.5567,val,normal
1554,夜宵,4,34,正常,一般,雨,同事,想健康,微辣,,6,兰州牛肉面,面食粉面,1,chosen,0.6596,0.6866,train,normal
1554,夜宵,4,34,正常,一般,雨,同事,想健康,微辣,,6,兰州牛肉面,面食粉面,1,chosen,0.6596,0.6527,train,normal
1554,夜宵,4,34,正常,一般,雨,同事,想健康,微辣,,6,兰州牛肉面,面食粉面,1,chosen,0.6596,0.6995,train,normal
1555,午餐,4,15,正常,开心,冷,同事,不关心,中辣,素食,11,云南小锅米线,面食粉面,1,chosen,0.5932,0.5467,test,normal
1555,午餐,4,15,正常,开心,冷,同事,不关心,中辣,素食,11,云南小锅米线,面食粉面,1,chosen,0.5932,0.5918,test,normal
1555,午餐,4,15,正常,开心,冷,同事,不关心,中辣,素食,11,云南小锅米线,面食粉面,1,chosen,0.5932,0.5884,test,normal
1556,午餐,2,78,正常,一般,热,一个人,随便,重辣,,19,麻辣烫,火锅麻辣烫,1,chosen,0.5219,0.5055,train,normal
1556,午餐,2,78,正常,一般,热,一个人,随便,重辣,,19,麻辣烫,火锅麻辣烫,1,chosen,0.5219,0.5183,train,normal
1556,午餐,2,78,正常,一般,热,一个人,随便,重辣,,19,麻辣烫,火锅麻辣烫,1,chosen,0.5219,0.5096,train,normal
1557,早餐,1,15,不差钱,开心,晴,同事,想健康,中辣,海鲜,46,燕麦牛奶粥,早餐粥点,1,chosen,0.6359,0.6675,val,normal
1557,早餐,1,15,不差钱,开心,晴,同事,想健康,中辣,海鲜,46,燕麦牛奶粥,早餐粥点,1,chosen,0.6359,0.6859,val,normal
1557,早餐,1,15,不差钱,开心,晴,同事,想健康,中辣,海鲜,46,燕麦牛奶粥,早餐粥点,1,chosen,0.6359,0.6433,val,normal
1558,晚餐,3,64,省着点,开心,阴,朋友,随便,中辣,,11,云南小锅米线,面食粉面,1,chosen,0.5938,0.5788,test,normal
1558,晚餐,3,64,省着点,开心,阴,朋友,随便,中辣,,11,云南小锅米线,面食粉面,1,chosen,0.5938,0.549,test,normal
1558,晚餐,3,64,省着点,开心,阴,朋友,随便,中辣,,11,云南小锅米线,面食粉面,1,chosen,0.5938,0.6154,test,normal
1559,早餐,4,26,省着点,疲惫,雨,约会,不关心,重辣,麸质,45,杂粮煎饼果子,早餐粥点,1,chosen,0.7221,0.6659,train,normal
1559,早餐,4,26,省着点,疲惫,雨,约会,不关心,重辣,麸质,45,杂粮煎饼果子,早餐粥点,1,chosen,0.7221,0.6919,train,normal
1559,早餐,4,26,省着点,疲惫,雨,约会,不关心,重辣,麸质,45,杂粮煎饼果子,早餐粥点,1,chosen,0.7221,0.7888,train,normal
1560,早餐,4,45,正常,开心,晴,朋友,想健康,中辣,"海鲜,乳制品",11,云南小锅米线,面食粉面,1,chosen,0.6543,0.6176,train,normal
1560,早餐,4,45,正常,开心,晴,朋友,想健康,中辣,"海鲜,乳制品",11,云南小锅米线,面食粉面,1,chosen,0.6543,0.6367,train,normal
1560,早餐,4,45,正常,开心,晴,朋友,想健康,中辣,"海鲜,乳制品",43,皮蛋瘦肉粥+油条,早餐粥点,1,chosen,0.6189,0.6203,train,normal
1561,早餐,5,29,想吃好点,低落,晴,一个人,随便,中辣,,11,云南小锅米线,面食粉面,1,chosen,0.5454,0.6167,train,normal
1561,早餐,5,29,想吃好点,低落,晴,一个人,随便,中辣,,11,云南小锅米线,面食粉面,1,chosen,0.5454,0.6273,train,normal
1561,早餐,5,29,想吃好点,低落,晴,一个人,随便,中辣,,11,云南小锅米线,面食粉面,1,chosen,0.5454,0.5678,train,normal
1561,早餐,5,29,想吃好点,低落,晴,一个人,随便,中辣,,6,兰州牛肉面,面食粉面,0,considered,0.5264,0.491,train,normal
1561,早餐,5,29,想吃好点,低落,晴,一个人,随便,中辣,,8,番茄鸡蛋面,面食粉面,0,considered,0.4945,0.4585,train,normal
1562,晚餐,1,51,不差钱,一般,冷,朋友,想健康,不吃辣,,24,菌汤火锅,火锅麻辣烫,1,chosen,0.6284,0.5867,train,normal
1562,晚餐,1,51,不差钱,一般,冷,朋友,想健康,不吃辣,,42,烤鸡胸配土豆泥,西式简餐,1,chosen,0.6147,0.6083,train,normal
1562,晚餐,1,51,不差钱,一般,冷,朋友,想健康,不吃辣,,24,菌汤火锅,火锅麻辣烫,1,chosen,0.6284,0.6466,train,normal
1562,晚餐,1,51,不差钱,一般,冷,朋友,想健康,不吃辣,,20,清汤火锅,火锅麻辣烫,0,considered,0.5732,0.5484,train,normal
1562,晚餐,1,51,不差钱,一般,冷,朋友,想健康,不吃辣,,22,关东煮,火锅麻辣烫,0,considered,0.3986,0.4259,train,normal
1563,夜宵,5,56,正常,一般,雨,一个人,严格控制,不吃辣,,8,番茄鸡蛋面,面食粉面,1,chosen,0.5872,0.55,train,normal
1563,夜宵,5,56,正常,一般,雨,一个人,严格控制,不吃辣,,8,番茄鸡蛋面,面食粉面,1,chosen,0.5872,0.6966,train,normal
1563,夜宵,5,56,正常,一般,雨,一个人,严格控制,不吃辣,,8,番茄鸡蛋面,面食粉面,1,chosen,0.5872,0.6077,train,normal
1564,午餐,2,15,想吃好点,一般,阴,朋友,想健康,不吃辣,,42,烤鸡胸配土豆泥,西式简餐,1,chosen,0.5344,0.5367,train,normal
1564,午餐,2,15,想吃好点,一般,阴,朋友,想健康,不吃辣,,17,蒜蓉西兰花+米饭,家常炒菜,1,chosen,0.5332,0.5805,train,normal
1564,午餐,2,15,想吃好点,一般,阴,朋友,想健康,不吃辣,,40,奶油蘑菇汤+面包,西式简餐,1,chosen,0.5541,0.534,train,normal
1565,午餐,4,95,正常,一般,冷,朋友,不关心,微辣,"海鲜,乳制品",18,地三鲜+米饭,家常炒菜,1,chosen,0.6496,0.6583,train,normal
1565,午餐,4,95,正常,一般,冷,朋友,不关心,微辣,"海鲜,乳制品",18,地三鲜+米饭,家常炒菜,1,chosen,0.6496,0.6348,train,normal
1565,午餐,4,95,正常,一般,冷,朋友,不关心,微辣,"海鲜,乳制品",18,地三鲜+米饭,家常炒菜,1,chosen,0.6496,0.6718,train,normal
1565,午餐,4,95,正常,一般,冷,朋友,不关心,微辣,"海鲜,乳制品",15,宫保鸡丁+米饭,家常炒菜,0,considered,0.5832,0.5975,train,normal
1565,午餐,4,95,正常,一般,冷,朋友,不关心,微辣,"海鲜,乳制品",16,红烧肉+米饭,家常炒菜,0,considered,0.5456,0.5904,train,normal
1566,晚餐,3,30,省着点,低落,晴,一个人,想健康,重辣,"海鲜,乳制品",13,麻婆豆腐+米饭,家常炒菜,1,chosen,0.5943,0.5865,train,normal
1566,晚餐,3,30,省着点,低落,晴,一个人,想健康,重辣,"海鲜,乳制品",13,麻婆豆腐+米饭,家常炒菜,1,chosen,0.5943,0.6241,train,normal
1566,晚餐,3,30,省着点,低落,晴,一个人,想健康,重辣,"海鲜,乳制品",13,麻婆豆腐+米饭,家常炒菜,1,chosen,0.5943,0.5906,train,normal
1566,晚餐,3,30,省着点,低落,晴,一个人,想健康,重辣,"海鲜,乳制品",15,宫保鸡丁+米饭,家常炒菜,0,considered,0.5449,0.5722,train,normal
1566,晚餐,3,30,省着点,低落,晴,一个人,想健康,重辣,"海鲜,乳制品",17,蒜蓉西兰花+米饭,家常炒菜,0,considered,0.4916,0.5049,train,normal
1567,夜宵,2,53,省着点,低落,晴,朋友,随便,重辣,"海鲜,乳制品",19,麻辣烫,火锅麻辣烫,1,chosen,0.6749,0.6959,val,normal
1567,夜宵,2,53,省着点,低落,晴,朋友,随便,重辣,"海鲜,乳制品",19,麻辣烫,火锅麻辣烫,1,chosen,0.6749,0.6725,val,normal
1567,夜宵,2,53,省着点,低落,晴,朋友,随便,重辣,"海鲜,乳制品",19,麻辣烫,火锅麻辣烫,1,chosen,0.6749,0.665,val,normal
1567,夜宵,2,53,省着点,低落,晴,朋友,随便,重辣,"海鲜,乳制品",23,冒菜,火锅麻辣烫,0,considered,0.5718,0.6333,val,normal
1567,夜宵,2,53,省着点,低落,晴,朋友,随便,重辣,"海鲜,乳制品",24,菌汤火锅,火锅麻辣烫,0,considered,0.5294,0.5789,val,normal
1568,晚餐,2,64,省着点,兴奋,晴,约会,想健康,中辣,,11,云南小锅米线,面食粉面,1,chosen,0.616,0.5905,val,normal
1568,晚餐,2,64,省着点,兴奋,晴,约会,想健康,中辣,,15,宫保鸡丁+米饭,家常炒菜,1,chosen,0.6067,0.5932,val,normal
1568,晚餐,2,64,省着点,兴奋,晴,约会,想健康,中辣,,11,云南小锅米线,面食粉面,1,chosen,0.616,0.5956,val,normal
1568,晚餐,2,64,省着点,兴奋,晴,约会,想健康,中辣,,6,兰州牛肉面,面食粉面,0,considered,0.6054,0.5711,val,normal
1568,晚餐,2,64,省着点,兴奋,晴,约会,想健康,中辣,,9,炸酱面,面食粉面,0,considered,0.566,0.5529,val,normal
1569,午餐,3,24,正常,一般,雨,朋友,不关心,重辣,,13,麻婆豆腐+米饭,家常炒菜,1,chosen,0.6797,0.6516,val,normal
1569,午餐,3,24,正常,一般,雨,朋友,不关心,重辣,,7,重庆小面,面食粉面,1,chosen,0.6397,0.6386,val,normal
1569,午餐,3,24,正常,一般,雨,朋友,不关心,重辣,,13,麻婆豆腐+米饭,家常炒菜,1,chosen,0.6797,0.6184,val,normal
1570,午餐,3,52,想吃好点,低落,晴,同事,想健康,中辣,,15,宫保鸡丁+米饭,家常炒菜,1,chosen,0.6334,0.6074,train,normal
1570,午餐,3,52,想吃好点,低落,晴,同事,想健康,中辣,,15,宫保鸡丁+米饭,家常炒菜,1,chosen,0.6334,0.6708,train,normal
1570,午餐,3,52,想吃好点,低落,晴,同事,想健康,中辣,,15,宫保鸡丁+米饭,家常炒菜,1,chosen,0.6334,0.6524,train,normal
1571,夜宵,3,15,正常,疲惫,阴,朋友,随便,重辣,,26,烤鸡翅,烧烤小吃,1,chosen,0.6895,0.6525,train,normal
1571,夜宵,3,15,正常,疲惫,阴,朋友,随便,重辣,,26,烤鸡翅,烧烤小吃,1,chosen,0.6895,0.6699,train,normal
1571,夜宵,3,15,正常,疲惫,阴,朋友,随便,重辣,,26,烤鸡翅,烧烤小吃,1,chosen,0.6895,0.7029,train,normal
1572,晚餐,5,15,正常,开心,热,同事,不关心,不吃辣,,9,炸酱面,面食粉面,1,chosen,0.584,0.5554,train,normal
1572,晚餐,5,15,正常,开心,热,同事,不关心,不吃辣,,9,炸酱面,面食粉面,1,chosen,0.584,0.5772,train,normal
1572,晚餐,5,15,正常,开心,热,同事,不关心,不吃辣,,0,番茄牛腩饭,中式快餐盖饭,1,chosen,0.532,0.4746,train,normal
1573,晚餐,4,38,想吃好点,疲惫,冷,一个人,随便,微辣,,18,地三鲜+米饭,家常炒菜,1,chosen,0.6037,0.6341,train,normal
1573,晚餐,4,38,想吃好点,疲惫,冷,一个人,随便,微辣,,18,地三鲜+米饭,家常炒菜,1,chosen,0.6037,0.6,train,normal
1573,晚餐,4,38,想吃好点,疲惫,冷,一个人,随便,微辣,,18,地三鲜+米饭,家常炒菜,1,chosen,0.6037,0.5726,train,normal
1573,晚餐,4,38,想吃好点,疲惫,冷,一个人,随便,微辣,,15,宫保鸡丁+米饭,家常炒菜,0,considered,0.5264,0.5592,train,normal
1573,晚餐,4,38,想吃好点,疲惫,冷,一个人,随便,微辣,,12,西红柿炒蛋+米饭,家常炒菜,0,considered,0.5128,0.5088,train,normal
1574,午餐,2,15,正常,疲惫,晴,家人,不关心,中辣,"海鲜,乳制品",26,烤鸡翅,烧烤小吃,1,chosen,0.5934,0.5772,train,normal
1574,午餐,2,15,正常,疲惫,晴,家人,不关心,中辣,"海鲜,乳制品",26,烤鸡翅,烧烤小吃,1,chosen,0.5934,0.5512,train,normal
1574,午餐,2,15,正常,疲惫,晴,家人,不关心,中辣,"海鲜,乳制品",26,烤鸡翅,烧烤小吃,1,chosen,0.5934,0.548,train,normal
1575,夜宵,5,18,想吃好点,一般,雨,约会,严格控制,重辣,素食,11,云南小锅米线,面食粉面,1,chosen,0.7243,0.7626,train,normal
1575,夜宵,5,18,想吃好点,一般,雨,约会,严格控制,重辣,素食,11,云南小锅米线,面食粉面,1,chosen,0.7243,0.7089,train,normal
1575,夜宵,5,18,想吃好点,一般,雨,约会,严格控制,重辣,素食,11,云南小锅米线,面食粉面,1,chosen,0.7243,0.7061,train,normal
1575,夜宵,5,18,想吃好点,一般,雨,约会,严格控制,重辣,素食,6,兰州牛肉面,面食粉面,0,considered,0.7137,0.7489,train,normal
1575,夜宵,5,18,想吃好点,一般,雨,约会,严格控制,重辣,素食,7,重庆小面,面食粉面,0,considered,0.7022,0.7092,train,normal
1576,午餐,3,22,不差钱,压力大,阴,家人,想健康,重辣,素食,13,麻婆豆腐+米饭,家常炒菜,1,chosen,0.6745,0.6523,train,normal
1576,午餐,3,22,不差钱,压力大,阴,家人,想健康,重辣,素食,13,麻婆豆腐+米饭,家常炒菜,1,chosen,0.6745,0.6723,train,normal
1576,午餐,3,22,不差钱,压力大,阴,家人,想健康,重辣,素食,13,麻婆豆腐+米饭,家常炒菜,1,chosen,0.6745,0.7404,train,normal
1576,午餐,3,22,不差钱,压力大,阴,家人,想健康,重辣,素食,18,地三鲜+米饭,家常炒菜,0,considered,0.5945,0.5911,train,normal
1576,午餐,3,22,不差钱,压力大,阴,家人,想健康,重辣,素食,12,西红柿炒蛋+米饭,家常炒菜,0,considered,0.5878,0.6037,train,normal
1577,午餐,3,64,不差钱,一般,阴,一个人,不关心,中辣,素食,24,菌汤火锅,火锅麻辣烫,1,chosen,0.5037,0.4832,test,normal
1577,午餐,3,64,不差钱,一般,阴,一个人,不关心,中辣,素食,24,菌汤火锅,火锅麻辣烫,1,chosen,0.5037,0.5243,test,normal
1577,午餐,3,64,不差钱,一般,阴,一个人,不关心,中辣,素食,24,菌汤火锅,火锅麻辣烫,1,chosen,0.5037,0.5306,test,normal
1578,午餐,2,42,正常,压力大,晴,一个人,随便,不吃辣,,40,奶油蘑菇汤+面包,西式简餐,1,chosen,0.5173,0.4659,train,normal
1578,午餐,2,42,正常,压力大,晴,一个人,随便,不吃辣,,40,奶油蘑菇汤+面包,西式简餐,1,chosen,0.5173,0.4802,train,normal
1578,午餐,2,42,正常,压力大,晴,一个人,随便,不吃辣,,40,奶油蘑菇汤+面包,西式简餐,1,chosen,0.5173,0.525,train,normal
1578,午餐,2,42,正常,压力大,晴,一个人,随便,不吃辣,,42,烤鸡胸配土豆泥,西式简餐,0,considered,0.508,0.5097,train,normal
1578,午餐,2,42,正常,压力大,晴,一个人,随便,不吃辣,,37,番茄肉酱意面,西式简餐,0,considered,0.504,0.4771,train,normal
1579,夜宵,4,63,想吃好点,一般,热,约会,严格控制,微辣,素食,24,菌汤火锅,火锅麻辣烫,1,chosen,0.6996,0.6307,train,normal
1579,夜宵,4,63,想吃好点,一般,热,约会,严格控制,微辣,素食,24,菌汤火锅,火锅麻辣烫,1,chosen,0.6996,0.6666,train,normal
1579,夜宵,4,63,想吃好点,一般,热,约会,严格控制,微辣,素食,24,菌汤火锅,火锅麻辣烫,1,chosen,0.6996,0.6758,train,normal
1580,午餐,4,53,正常,开心,冷,约会,随便,重辣,,23,冒菜,火锅麻辣烫,1,chosen,0.7048,0.6466,train,normal
1580,午餐,4,53,正常,开心,冷,约会,随便,重辣,,23,冒菜,火锅麻辣烫,1,chosen,0.7048,0.6775,train,normal
1580,午餐,4,53,正常,开心,冷,约会,随便,重辣,,23,冒菜,火锅麻辣烫,1,chosen,0.7048,0.7281,train,normal
1580,午餐,4,53,正常,开心,冷,约会,随便,重辣,,19,麻辣烫,火锅麻辣烫,0,considered,0.698,0.648,train,normal
1580,午餐,4,53,正常,开心,冷,约会,随便,重辣,,24,菌汤火锅,火锅麻辣烫,0,considered,0.5744,0.6321,train,normal
1581,晚餐,4,47,正常,开心,阴,家人,随便,不吃辣,,18,地三鲜+米饭,家常炒菜,1,chosen,0.6129,0.6433,train,normal
1581,晚餐,4,47,正常,开心,阴,家人,随便,不吃辣,,18,地三鲜+米饭,家常炒菜,1,chosen,0.6129,0.6168,train,normal
1581,晚餐,4,47,正常,开心,阴,家人,随便,不吃辣,,18,地三鲜+米饭,家常炒菜,1,chosen,0.6129,0.544,train,normal
1582,晚餐,2,15,省着点,开心,冷,一个人,想健康,微辣,"海鲜,乳制品",6,兰州牛肉面,面食粉面,1,chosen,0.556,0.5445,val,normal
1582,晚餐,2,15,省着点,开心,冷,一个人,想健康,微辣,"海鲜,乳制品",6,兰州牛肉面,面食粉面,1,chosen,0.556,0.6161,val,normal
1582,晚餐,2,15,省着点,开心,冷,一个人,想健康,微辣,"海鲜,乳制品",6,兰州牛肉面,面食粉面,1,chosen,0.556,0.5544,val,normal
1582,晚餐,2,15,省着点,开心,冷,一个人,想健康,微辣,"海鲜,乳制品",8,番茄鸡蛋面,面食粉面,0,considered,0.5225,0.4945,val,normal
1582,晚餐,2,15,省着点,开心,冷,一个人,想健康,微辣,"海鲜,乳制品",9,炸酱面,面食粉面,0,considered,0.4895,0.5287,val,normal
1583,夜宵,4,46,省着点,疲惫,晴,同事,想健康,中辣,麸质,11,云南小锅米线,面食粉面,1,chosen,0.6566,0.6645,train,normal
1583,夜宵,4,46,省着点,疲惫,晴,同事,想健康,中辣,麸质,27,烤茄子,烧烤小吃,1,chosen,0.6439,0.6484,train,normal
1583,夜宵,4,46,省着点,疲惫,晴,同事,想健康,中辣,麸质,26,烤鸡翅,烧烤小吃,1,chosen,0.6279,0.5791,train,normal
1584,晚餐,2,70,想吃好点,兴奋,晴,一个人,不关心,中辣,,26,烤鸡翅,烧烤小吃,1,chosen,0.5091,0.5914,train,normal
1584,晚餐,2,70,想吃好点,兴奋,晴,一个人,不关心,中辣,,26,烤鸡翅,烧烤小吃,1,chosen,0.5091,0.4298,train,normal
1584,晚餐,2,70,想吃好点,兴奋,晴,一个人,不关心,中辣,,26,烤鸡翅,烧烤小吃,1,chosen,0.5091,0.4237,train,normal
1585,夜宵,5,75,正常,一般,晴,同事,随便,不吃辣,,40,奶油蘑菇汤+面包,西式简餐,1,chosen,0.5244,0.5907,train,normal
1585,夜宵,5,75,正常,一般,晴,同事,随便,不吃辣,,40,奶油蘑菇汤+面包,西式简餐,1,chosen,0.5244,0.4993,train,normal
1585,夜宵,5,75,正常,一般,晴,同事,随便,不吃辣,,40,奶油蘑菇汤+面包,西式简餐,1,chosen,0.5244,0.5217,train,normal
1585,夜宵,5,75,正常,一般,晴,同事,随便,不吃辣,,37,番茄肉酱意面,西式简餐,0,considered,0.5151,0.4979,train,normal
1585,夜宵,5,75,正常,一般,晴,同事,随便,不吃辣,,42,烤鸡胸配土豆泥,西式简餐,0,considered,0.5057,0.5024,train,normal
1586,晚餐,2,77,正常,一般,冷,一个人,不关心,重辣,,19,麻辣烫,火锅麻辣烫,1,chosen,0.562,0.4834,train,normal
1586,晚餐,2,77,正常,一般,冷,一个人,不关心,重辣,,19,麻辣烫,火锅麻辣烫,1,chosen,0.562,0.6297,train,normal
1586,晚餐,2,77,正常,一般,冷,一个人,不关心,重辣,,19,麻辣烫,火锅麻辣烫,1,chosen,0.562,0.5294,train,normal
1587,晚餐,3,52,正常,压力大,冷,家人,想健康,微辣,,42,烤鸡胸配土豆泥,西式简餐,1,chosen,0.7165,0.7207,val,normal
1587,晚餐,3,52,正常,压力大,冷,家人,想健康,微辣,,42,烤鸡胸配土豆泥,西式简餐,1,chosen,0.7165,0.73,val,normal
1587,晚餐,3,52,正常,压力大,冷,家人,想健康,微辣,,42,烤鸡胸配土豆泥,西式简餐,1,chosen,0.7165,0.7348,val,normal
1588,晚餐,2,58,不差钱,开心,阴,家人,想健康,不吃辣,乳制品,24,菌汤火锅,火锅麻辣烫,1,chosen,0.6445,0.6601,train,normal
1588,晚餐,2,58,不差钱,开心,阴,家人,想健康,不吃辣,乳制品,24,菌汤火锅,火锅麻辣烫,1,chosen,0.6445,0.6701,train,normal
1588,晚餐,2,58,不差钱,开心,阴,家人,想健康,不吃辣,乳制品,24,菌汤火锅,火锅麻辣烫,1,chosen,0.6445,0.7402,train,normal
1588,晚餐,2,58,不差钱,开心,阴,家人,想健康,不吃辣,乳制品,20,清汤火锅,火锅麻辣烫,0,considered,0.5913,0.6248,train,normal
1588,晚餐,2,58,不差钱,开心,阴,家人,想健康,不吃辣,乳制品,22,关东煮,火锅麻辣烫,0,considered,0.3489,0.3388,train,normal
1589,午餐,4,67,不差钱,压力大,阴,朋友,严格控制,微辣,"海鲜,乳制品",24,菌汤火锅,火锅麻辣烫,1,chosen,0.7052,0.7169,train,normal
1589,午餐,4,67,不差钱,压力大,阴,朋友,严格控制,微辣,"海鲜,乳制品",24,菌汤火锅,火锅麻辣烫,1,chosen,0.7052,0.7348,train,normal
1589,午餐,4,67,不差钱,压力大,阴,朋友,严格控制,微辣,"海鲜,乳制品",24,菌汤火锅,火锅麻辣烫,1,chosen,0.7052,0.71,train,normal
1590,午餐,2,15,不差钱,低落,晴,同事,随便,重辣,麸质,26,烤鸡翅,烧烤小吃,1,chosen,0.5466,0.5546,train,normal
1590,午餐,2,15,不差钱,低落,晴,同事,随便,重辣,麸质,19,麻辣烫,火锅麻辣烫,1,chosen,0.5547,0.6314,train,normal
1590,午餐,2,15,不差钱,低落,晴,同事,随便,重辣,麸质,19,麻辣烫,火锅麻辣烫,1,chosen,0.5547,0.5383,train,normal
1590,午餐,2,15,不差钱,低落,晴,同事,随便,重辣,麸质,23,冒菜,火锅麻辣烫,0,considered,0.4911,0.4829,train,normal
1590,午餐,2,15,不差钱,低落,晴,同事,随便,重辣,麸质,22,关东煮,火锅麻辣烫,0,considered,0.4327,0.4157,train,normal
1591,夜宵,5,57,不差钱,开心,热,朋友,随便,不吃辣,素食,20,清汤火锅,火锅麻辣烫,1,chosen,0.6032,0.5475,test,normal
1591,夜宵,5,57,不差钱,开心,热,朋友,随便,不吃辣,素食,24,菌汤火锅,火锅麻辣烫,1,chosen,0.6486,0.6294,test,normal
1591,夜宵,5,57,不差钱,开心,热,朋友,随便,不吃辣,素食,24,菌汤火锅,火锅麻辣烫,1,chosen,0.6486,0.6715,test,normal
1592,晚餐,2,75,正常,压力大,热,约会,想健康,中辣,,15,宫保鸡丁+米饭,家常炒菜,1,chosen,0.7091,0.7009,train,normal
1592,晚餐,2,75,正常,压力大,热,约会,想健康,中辣,,15,宫保鸡丁+米饭,家常炒菜,1,chosen,0.7091,0.6511,train,normal
1592,晚餐,2,75,正常,压力大,热,约会,想健康,中辣,,15,宫保鸡丁+米饭,家常炒菜,1,chosen,0.7091,0.6591,train,normal
1593,午餐,3,39,不差钱,兴奋,雨,家人,不关心,中辣,,15,宫保鸡丁+米饭,家常炒菜,1,chosen,0.6578,0.6524,train,normal
1593,午餐,3,39,不差钱,兴奋,雨,家人,不关心,中辣,,15,宫保鸡丁+米饭,家常炒菜,1,chosen,0.6578,0.6786,train,normal
1593,午餐,3,39,不差钱,兴奋,雨,家人,不关心,中辣,,15,宫保鸡丁+米饭,家常炒菜,1,chosen,0.6578,0.6666,train,normal
1593,午餐,3,39,不差钱,兴奋,雨,家人,不关心,中辣,,18,地三鲜+米饭,家常炒菜,0,considered,0.6046,0.6009,train,normal
1593,午餐,3,39,不差钱,兴奋,雨,家人,不关心,中辣,,13,麻婆豆腐+米饭,家常炒菜,0,considered,0.5634,0.6162,train,normal
1594,晚餐,3,15,想吃好点,一般,热,家人,不关心,微辣,,9,炸酱面,面食粉面,1,chosen,0.5794,0.6219,train,normal
1594,晚餐,3,15,想吃好点,一般,热,家人,不关心,微辣,,9,炸酱面,面食粉面,1,chosen,0.5794,0.5402,train,normal
1594,晚餐,3,15,想吃好点,一般,热,家人,不关心,微辣,,9,炸酱面,面食粉面,1,chosen,0.5794,0.5745,train,normal
1595,午餐,2,63,不差钱,兴奋,冷,朋友,想健康,微辣,,24,菌汤火锅,火锅麻辣烫,1,chosen,0.6931,0.6393,train,normal
1595,午餐,2,63,不差钱,兴奋,冷,朋友,想健康,微辣,,24,菌汤火锅,火锅麻辣烫,1,chosen,0.6931,0.6855,train,normal
1595,午餐,2,63,不差钱,兴奋,冷,朋友,想健康,微辣,,24,菌汤火锅,火锅麻辣烫,1,chosen,0.6931,0.6972,train,normal
1596,夜宵,2,63,正常,一般,晴,同事,随便,中辣,海鲜,30,铁板豆腐,烧烤小吃,1,chosen,0.6188,0.6237,test,normal
1596,夜宵,2,63,正常,一般,晴,同事,随便,中辣,海鲜,30,铁板豆腐,烧烤小吃,1,chosen,0.6188,0.6215,test,normal
1596,夜宵,2,63,正常,一般,晴,同事,随便,中辣,海鲜,30,铁板豆腐,烧烤小吃,1,chosen,0.6188,0.5953,test,normal
1597,晚餐,2,15,正常,一般,冷,同事,随便,重辣,素食,19,麻辣烫,火锅麻辣烫,1,chosen,0.5719,0.5408,test,normal
1597,晚餐,2,15,正常,一般,冷,同事,随便,重辣,素食,19,麻辣烫,火锅麻辣烫,1,chosen,0.5719,0.5809,test,normal
1597,晚餐,2,15,正常,一般,冷,同事,随便,重辣,素食,19,麻辣烫,火锅麻辣烫,1,chosen,0.5719,0.5456,test,normal
1598,晚餐,1,66,不差钱,压力大,晴,约会,严格控制,不吃辣,乳制品,42,烤鸡胸配土豆泥,西式简餐,1,chosen,0.6444,0.6604,train,normal
1598,晚餐,1,66,不差钱,压力大,晴,约会,严格控制,不吃辣,乳制品,20,清汤火锅,火锅麻辣烫,1,chosen,0.6585,0.6494,train,normal
1598,晚餐,1,66,不差钱,压力大,晴,约会,严格控制,不吃辣,乳制品,24,菌汤火锅,火锅麻辣烫,1,chosen,0.6881,0.6615,train,normal
1599,夜宵,4,98,想吃好点,开心,雨,一个人,不关心,微辣,,6,兰州牛肉面,面食粉面,1,chosen,0.5798,0.5607,val,normal
1599,夜宵,4,98,想吃好点,开心,雨,一个人,不关心,微辣,,6,兰州牛肉面,面食粉面,1,chosen,0.5798,0.5704,val,normal
1599,夜宵,4,98,想吃好点,开心,雨,一个人,不关心,微辣,,6,兰州牛肉面,面食粉面,1,chosen,0.5798,0.6075,val,normal
1600,晚餐,2,54,省着点,兴奋,热,家人,随便,中辣,麸质,9,炸酱面,面食粉面,1,chosen,0.5769,0.622,train,normal
1600,晚餐,2,54,省着点,兴奋,热,家人,随便,中辣,麸质,9,炸酱面,面食粉面,1,chosen,0.5769,0.5846,train,normal
1600,晚餐,2,54,省着点,兴奋,热,家人,随便,中辣,麸质,9,炸酱面,面食粉面,1,chosen,0.5769,0.5688,train,normal
1601,晚餐,2,36,正常,一般,晴,家人,不关心,重辣,麸质,19,麻辣烫,火锅麻辣烫,1,chosen,0.6011,0.5819,train,normal
1601,晚餐,2,36,正常,一般,晴,家人,不关心,重辣,麸质,26,烤鸡翅,烧烤小吃,1,chosen,0.5819,0.6282,train,normal
1601,晚餐,2,36,正常,一般,晴,家人,不关心,重辣,麸质,19,麻辣烫,火锅麻辣烫,1,chosen,0.6011,0.6991,train,normal
1601,晚餐,2,36,正常,一般,晴,家人,不关心,重辣,麸质,23,冒菜,火锅麻辣烫,0,considered,0.5672,0.5455,train,normal
1601,晚餐,2,36,正常,一般,晴,家人,不关心,重辣,麸质,22,关东煮,火锅麻辣烫,0,considered,0.4242,0.4467,train,normal
1602,晚餐,3,42,正常,一般,晴,朋友,想健康,不吃辣,,42,烤鸡胸配土豆泥,西式简餐,1,chosen,0.6202,0.6485,train,normal
1602,晚餐,3,42,正常,一般,晴,朋友,想健康,不吃辣,,42,烤鸡胸配土豆泥,西式简餐,1,chosen,0.6202,0.6132,train,normal
1602,晚餐,3,42,正常,一般,晴,朋友,想健康,不吃辣,,42,烤鸡胸配土豆泥,西式简餐,1,chosen,0.6202,0.6441,train,normal
1602,晚餐,3,42,正常,一般,晴,朋友,想健康,不吃辣,,40,奶油蘑菇汤+面包,西式简餐,0,considered,0.6129,0.6126,train,normal
1602,晚餐,3,42,正常,一般,晴,朋友,想健康,不吃辣,,37,番茄肉酱意面,西式简餐,0,considered,0.6027,0.617,train,normal
1603,午餐,4,84,正常,兴奋,热,同事,想健康,微辣,,9,炸酱面,面食粉面,1,chosen,0.6108,0.6021,val,normal
1603,午餐,4,84,正常,兴奋,热,同事,想健康,微辣,,9,炸酱面,面食粉面,1,chosen,0.6108,0.5563,val,normal
1603,午餐,4,84,正常,兴奋,热,同事,想健康,微辣,,2,青椒肉丝盖饭,中式快餐盖饭,1,chosen,0.5913,0.5806,val,normal
1604,夜宵,5,30,正常,一般,冷,一个人,想健康,不吃辣,,42,烤鸡胸配土豆泥,西式简餐,1,chosen,0.5595,0.5365,train,normal
1604,夜宵,5,30,正常,一般,冷,一个人,想健康,不吃辣,,42,烤鸡胸配土豆泥,西式简餐,1,chosen,0.5595,0.5529,train,normal
1604,夜宵,5,30,正常,一般,冷,一个人,想健康,不吃辣,,40,奶油蘑菇汤+面包,西式简餐,1,chosen,0.559,0.5611,train,normal
1604,夜宵,5,30,正常,一般,冷,一个人,想健康,不吃辣,,40,奶油蘑菇汤+面包,西式简餐,0,considered,0.559,0.5761,train,normal
1604,夜宵,5,30,正常,一般,冷,一个人,想健康,不吃辣,,37,番茄肉酱意面,西式简餐,0,considered,0.5555,0.5573,train,normal
1605,午餐,5,90,想吃好点,开心,阴,家人,不关心,不吃辣,,18,地三鲜+米饭,家常炒菜,1,chosen,0.6129,0.5938,val,normal
1605,午餐,5,90,想吃好点,开心,阴,家人,不关心,不吃辣,,18,地三鲜+米饭,家常炒菜,1,chosen,0.6129,0.5885,val,normal
1605,午餐,5,90,想吃好点,开心,阴,家人,不关心,不吃辣,,18,地三鲜+米饭,家常炒菜,1,chosen,0.6129,0.5941,val,normal
1606,午餐,3,34,想吃好点,疲惫,冷,同事,想健康,不吃辣,素食,40,奶油蘑菇汤+面包,西式简餐,1,chosen,0.6649,0.6941,train,normal
1606,午餐,3,34,想吃好点,疲惫,冷,同事,想健康,不吃辣,素食,40,奶油蘑菇汤+面包,西式简餐,1,chosen,0.6649,0.7573,train,normal
1606,午餐,3,34,想吃好点,疲惫,冷,同事,想健康,不吃辣,素食,40,奶油蘑菇汤+面包,西式简餐,1,chosen,0.6649,0.6929,train,normal
1606,午餐,3,34,想吃好点,疲惫,冷,同事,想健康,不吃辣,素食,37,番茄肉酱意面,西式简餐,0,considered,0.6491,0.658,train,normal
1606,午餐,3,34,想吃好点,疲惫,冷,同事,想健康,不吃辣,素食,41,玛格丽特披萨,西式简餐,0,considered,0.5528,0.5279,train,normal
1607,下午加餐,3,77,省着点,一般,雨,同事,想健康,中辣,,34,全麦鸡肉三明治,轻食健康,1,chosen,0.676,0.6519,train,normal
1607,下午加餐,3,77,省着点,一般,雨,同事,想健康,中辣,,34,全麦鸡肉三明治,轻食健康,1,chosen,0.676,0.6888,train,normal
1607,下午加餐,3,77,省着点,一般,雨,同事,想健康,中辣,,34,全麦鸡肉三明治,轻食健康,1,chosen,0.676,0.6969,train,normal
1608,早餐,5,51,省着点,开心,阴,一个人,不关心,中辣,海鲜,43,皮蛋瘦肉粥+油条,早餐粥点,1,chosen,0.5447,0.5443,test,normal
1608,早餐,5,51,省着点,开心,阴,一个人,不关心,中辣,海鲜,43,皮蛋瘦肉粥+油条,早餐粥点,1,chosen,0.5447,0.5713,test,normal
1608,早餐,5,51,省着点,开心,阴,一个人,不关心,中辣,海鲜,43,皮蛋瘦肉粥+油条,早餐粥点,1,chosen,0.5447,0.438,test,normal
1609,午餐,3,79,正常,一般,冷,同事,不关心,微辣,乳制品,6,兰州牛肉面,面食粉面,1,chosen,0.5805,0.6215,train,normal
1609,午餐,3,79,正常,一般,冷,同事,不关心,微辣,乳制品,6,兰州牛肉面,面食粉面,1,chosen,0.5805,0.4936,train,normal
1609,午餐,3,79,正常,一般,冷,同事,不关心,微辣,乳制品,6,兰州牛肉面,面食粉面,1,chosen,0.5805,0.5579,train,normal
1609,午餐,3,79,正常,一般,冷,同事,不关心,微辣,乳制品,9,炸酱面,面食粉面,0,considered,0.5189,0.4838,train,normal
1609,午餐,3,79,正常,一般,冷,同事,不关心,微辣,乳制品,8,番茄鸡蛋面,面食粉面,0,considered,0.5158,0.5086,train,normal
1610,夜宵,1,71,不差钱,一般,阴,朋友,不关心,不吃辣,乳制品,24,菌汤火锅,火锅麻辣烫,1,chosen,0.5904,0.6111,train,normal
1610,夜宵,1,71,不差钱,一般,阴,朋友,不关心,不吃辣,乳制品,42,烤鸡胸配土豆泥,西式简餐,1,chosen,0.5126,0.5098,train,normal
1610,夜宵,1,71,不差钱,一般,阴,朋友,不关心,不吃辣,乳制品,24,菌汤火锅,火锅麻辣烫,1,chosen,0.5904,0.5603,train,normal
1611,下午加餐,2,111,省着点,疲惫,晴,约会,随便,重辣,,34,全麦鸡肉三明治,轻食健康,1,chosen,0.6365,0.5677,train,normal
1611,下午加餐,2,111,省着点,疲惫,晴,约会,随便,重辣,,34,全麦鸡肉三明治,轻食健康,1,chosen,0.6365,0.6725,train,normal
1611,下午加餐,2,111,省着点,疲惫,晴,约会,随便,重辣,,35,水煮时蔬+溏心蛋,轻食健康,1,chosen,0.5907,0.6084,train,normal
1612,午餐,3,44,正常,兴奋,冷,一个人,不关心,中辣,,15,宫保鸡丁+米饭,家常炒菜,1,chosen,0.5832,0.6109,train,normal
1612,午餐,3,44,正常,兴奋,冷,一个人,不关心,中辣,,15,宫保鸡丁+米饭,家常炒菜,1,chosen,0.5832,0.5537,train,normal
1612,午餐,3,44,正常,兴奋,冷,一个人,不关心,中辣,,15,宫保鸡丁+米饭,家常炒菜,1,chosen,0.5832,0.6118,train,normal
1613,午餐,2,39,正常,一般,雨,一个人,不关心,微辣,,42,烤鸡胸配土豆泥,西式简餐,1,chosen,0.5001,0.5146,test,normal
1613,午餐,2,39,正常,一般,雨,一个人,不关心,微辣,,40,奶油蘑菇汤+面包,西式简餐,1,chosen,0.5165,0.5235,test,normal
1613,午餐,2,39,正常,一般,雨,一个人,不关心,微辣,,40,奶油蘑菇汤+面包,西式简餐,1,chosen,0.5165,0.5251,test,normal
1613,午餐,2,39,正常,一般,雨,一个人,不关心,微辣,,42,烤鸡胸配土豆泥,西式简餐,0,considered,0.5001,0.5284,test,normal
1613,午餐,2,39,正常,一般,雨,一个人,不关心,微辣,,37,番茄肉酱意面,西式简餐,0,considered,0.496,0.4795,test,normal
1614,晚餐,3,46,想吃好点,兴奋,雨,约会,不关心,不吃辣,,40,奶油蘑菇汤+面包,西式简餐,1,chosen,0.6606,0.7095,train,normal
1614,晚餐,3,46,想吃好点,兴奋,雨,约会,不关心,不吃辣,,42,烤鸡胸配土豆泥,西式简餐,1,chosen,0.6691,0.6611,train,normal
1614,晚餐,3,46,想吃好点,兴奋,雨,约会,不关心,不吃辣,,42,烤鸡胸配土豆泥,西式简餐,1,chosen,0.6691,0.6445,train,normal
1615,午餐,3,89,想吃好点,开心,热,一个人,想健康,微辣,,42,烤鸡胸配土豆泥,西式简餐,1,chosen,0.5549,0.5988,test,normal
1615,午餐,3,89,想吃好点,开心,热,一个人,想健康,微辣,,42,烤鸡胸配土豆泥,西式简餐,1,chosen,0.5549,0.5002,test,normal
1615,午餐,3,89,想吃好点,开心,热,一个人,想健康,微辣,,42,烤鸡胸配土豆泥,西式简餐,1,chosen,0.5549,0.5513,test,normal
1615,午餐,3,89,想吃好点,开心,热,一个人,想健康,微辣,,40,奶油蘑菇汤+面包,西式简餐,0,considered,0.5451,0.4793,test,normal
1615,午餐,3,89,想吃好点,开心,热,一个人,想健康,微辣,,37,番茄肉酱意面,西式简餐,0,considered,0.5315,0.5191,test,normal
1616,晚餐,3,34,省着点,疲惫,雨,一个人,想健康,微辣,,6,兰州牛肉面,面食粉面,1,chosen,0.6191,0.6424,val,normal
1616,晚餐,3,34,省着点,疲惫,雨,一个人,想健康,微辣,,6,兰州牛肉面,面食粉面,1,chosen,0.6191,0.5773,val,normal
1616,晚餐,3,34,省着点,疲惫,雨,一个人,想健康,微辣,,6,兰州牛肉面,面食粉面,1,chosen,0.6191,0.6245,val,normal
1617,夜宵,2,28,想吃好点,一般,冷,家人,不关心,中辣,,26,烤鸡翅,烧烤小吃,1,chosen,0.7152,0.6777,train,normal
1617,夜宵,2,28,想吃好点,一般,冷,家人,不关心,中辣,,28,烤冷面,烧烤小吃,1,chosen,0.6329,0.6702,train,normal
1617,夜宵,2,28,想吃好点,一般,冷,家人,不关心,中辣,,26,烤鸡翅,烧烤小吃,1,chosen,0.7152,0.7523,train,normal
1618,晚餐,1,27,正常,一般,阴,朋友,想健康,不吃辣,素食,12,西红柿炒蛋+米饭,家常炒菜,1,chosen,0.5359,0.5102,train,normal
1618,晚餐,1,27,正常,一般,阴,朋友,想健康,不吃辣,素食,12,西红柿炒蛋+米饭,家常炒菜,1,chosen,0.5359,0.4837,train,normal
1618,晚餐,1,27,正常,一般,阴,朋友,想健康,不吃辣,素食,40,奶油蘑菇汤+面包,西式简餐,1,chosen,0.5586,0.5086,train,normal
1618,晚餐,1,27,正常,一般,阴,朋友,想健康,不吃辣,素食,37,番茄肉酱意面,西式简餐,0,considered,0.5415,0.5918,train,normal
1618,晚餐,1,27,正常,一般,阴,朋友,想健康,不吃辣,素食,41,玛格丽特披萨,西式简餐,0,considered,0.447,0.4147,train,normal
1619,午餐,3,33,正常,一般,冷,家人,想健康,不吃辣,麸质,42,烤鸡胸配土豆泥,西式简餐,1,chosen,0.6684,0.6936,train,normal
1619,午餐,3,33,正常,一般,冷,家人,想健康,不吃辣,麸质,17,蒜蓉西兰花+米饭,家常炒菜,1,chosen,0.6085,0.5937,train,normal
1619,午餐,3,33,正常,一般,冷,家人,想健康,不吃辣,麸质,42,烤鸡胸配土豆泥,西式简餐,1,chosen,0.6684,0.6519,train,normal
1620,晚餐,5,73,正常,开心,雨,同事,想健康,中辣,,15,宫保鸡丁+米饭,家常炒菜,1,chosen,0.6479,0.7051,train,normal
1620,晚餐,5,73,正常,开心,雨,同事,想健康,中辣,,15,宫保鸡丁+米饭,家常炒菜,1,chosen,0.6479,0.6302,train,normal
1620,晚餐,5,73,正常,开心,雨,同事,想健康,中辣,,15,宫保鸡丁+米饭,家常炒菜,1,chosen,0.6479,0.6972,train,normal
1621,午餐,3,46,想吃好点,一般,雨,家人,不关心,不吃辣,麸质,42,烤鸡胸配土豆泥,西式简餐,1,chosen,0.6306,0.5861,train,normal
1621,午餐,3,46,想吃好点,一般,雨,家人,不关心,不吃辣,麸质,18,地三鲜+米饭,家常炒菜,1,chosen,0.6181,0.6735,train,normal
1621,午餐,3,46,想吃好点,一般,雨,家人,不关心,不吃辣,麸质,0,番茄牛腩饭,中式快餐盖饭,1,chosen,0.5704,0.5697,train,normal
1622,晚餐,3,41,想吃好点,疲惫,阴,朋友,不关心,不吃辣,海鲜,42,烤鸡胸配土豆泥,西式简餐,1,chosen,0.6385,0.6827,train,normal
1622,晚餐,3,41,想吃好点,疲惫,阴,朋友,不关心,不吃辣,海鲜,42,烤鸡胸配土豆泥,西式简餐,1,chosen,0.6385,0.691,train,normal
1622,晚餐,3,41,想吃好点,疲惫,阴,朋友,不关心,不吃辣,海鲜,42,烤鸡胸配土豆泥,西式简餐,1,chosen,0.6385,0.6365,train,normal
1622,晚餐,3,41,想吃好点,疲惫,阴,朋友,不关心,不吃辣,海鲜,40,奶油蘑菇汤+面包,西式简餐,0,considered,0.6317,0.7127,train,normal
1622,晚餐,3,41,想吃好点,疲惫,阴,朋友,不关心,不吃辣,海鲜,37,番茄肉酱意面,西式简餐,0,considered,0.6286,0.598,train,normal
1623,夜宵,4,82,正常,疲惫,阴,一个人,不关心,中辣,,26,烤鸡翅,烧烤小吃,1,chosen,0.6165,0.5697,train,normal
1623,夜宵,4,82,正常,疲惫,阴,一个人,不关心,中辣,,26,烤鸡翅,烧烤小吃,1,chosen,0.6165,0.666,train,normal
1623,夜宵,4,82,正常,疲惫,阴,一个人,不关心,中辣,,26,烤鸡翅,烧烤小吃,1,chosen,0.6165,0.5637,train,normal
1624,午餐,2,47,想吃好点,疲惫,阴,朋友,不关心,不吃辣,,42,烤鸡胸配土豆泥,西式简餐,1,chosen,0.6114,0.5764,train,normal
1624,午餐,2,47,想吃好点,疲惫,阴,朋友,不关心,不吃辣,,18,地三鲜+米饭,家常炒菜,1,chosen,0.5953,0.6371,train,normal
1624,午餐,2,47,想吃好点,疲惫,阴,朋友,不关心,不吃辣,,42,烤鸡胸配土豆泥,西式简餐,1,chosen,0.6114,0.5664,train,normal
1625,午餐,3,45,正常,一般,雨,一个人,不关心,不吃辣,,40,奶油蘑菇汤+面包,西式简餐,1,chosen,0.5437,0.5387,test,normal
1625,午餐,3,45,正常,一般,雨,一个人,不关心,不吃辣,,40,奶油蘑菇汤+面包,西式简餐,1,chosen,0.5437,0.5326,test,normal
1625,午餐,3,45,正常,一般,雨,一个人,不关心,不吃辣,,40,奶油蘑菇汤+面包,西式简餐,1,chosen,0.5437,0.5627,test,normal
1626,早餐,3,16,正常,开心,晴,同事,想健康,微辣,,43,皮蛋瘦肉粥+油条,早餐粥点,1,chosen,0.6491,0.6282,train,normal
1626,早餐,3,16,正常,开心,晴,同事,想健康,微辣,,46,燕麦牛奶粥,早餐粥点,1,chosen,0.6551,0.6591,train,normal
1626,早餐,3,16,正常,开心,晴,同事,想健康,微辣,,46,燕麦牛奶粥,早餐粥点,1,chosen,0.6551,0.6662,train,normal
1626,早餐,3,16,正常,开心,晴,同事,想健康,微辣,,44,小笼包+豆浆,早餐粥点,0,considered,0.654,0.6455,train,normal
1626,早餐,3,16,正常,开心,晴,同事,想健康,微辣,,43,皮蛋瘦肉粥+油条,早餐粥点,0,considered,0.6491,0.6161,train,normal
1627,夜宵,3,57,正常,一般,雪,朋友,随便,中辣,海鲜,26,烤鸡翅,烧烤小吃,1,chosen,0.7927,0.8335,test,snow
1627,夜宵,3,57,正常,一般,雪,朋友,随便,中辣,海鲜,26,烤鸡翅,烧烤小吃,1,chosen,0.7927,0.8009,test,snow
1627,夜宵,3,57,正常,一般,雪,朋友,随便,中辣,海鲜,26,烤鸡翅,烧烤小吃,1,chosen,0.7927,0.729,test,snow
1628,午餐,2,82,省着点,兴奋,雨,一个人,想健康,不吃辣,素食,12,西红柿炒蛋+米饭,家常炒菜,1,chosen,0.5234,0.5392,train,normal
1628,午餐,2,82,省着点,兴奋,雨,一个人,想健康,不吃辣,素食,17,蒜蓉西兰花+米饭,家常炒菜,1,chosen,0.5386,0.6137,train,normal
1628,午餐,2,82,省着点,兴奋,雨,一个人,想健康,不吃辣,素食,17,蒜蓉西兰花+米饭,家常炒菜,1,chosen,0.5386,0.4991,train,normal
1629,早餐,3,65,省着点,一般,晴,同事,想健康,中辣,海鲜,43,皮蛋瘦肉粥+油条,早餐粥点,1,chosen,0.6464,0.7437,val,normal
1629,早餐,3,65,省着点,一般,晴,同事,想健康,中辣,海鲜,46,燕麦牛奶粥,早餐粥点,1,chosen,0.6659,0.6866,val,normal
1629,早餐,3,65,省着点,一般,晴,同事,想健康,中辣,海鲜,46,燕麦牛奶粥,早餐粥点,1,chosen,0.6659,0.6846,val,normal
1629,早餐,3,65,省着点,一般,晴,同事,想健康,中辣,海鲜,43,皮蛋瘦肉粥+油条,早餐粥点,0,considered,0.6464,0.6358,val,normal
1629,早餐,3,65,省着点,一般,晴,同事,想健康,中辣,海鲜,44,小笼包+豆浆,早餐粥点,0,considered,0.6464,0.6274,val,normal
1630,早餐,3,58,不差钱,一般,晴,约会,不关心,重辣,,43,皮蛋瘦肉粥+油条,早餐粥点,1,chosen,0.6173,0.6314,train,normal
1630,早餐,3,58,不差钱,一般,晴,约会,不关心,重辣,,43,皮蛋瘦肉粥+油条,早餐粥点,1,chosen,0.6173,0.6734,train,normal
1630,早餐,3,58,不差钱,一般,晴,约会,不关心,重辣,,43,皮蛋瘦肉粥+油条,早餐粥点,1,chosen,0.6173,0.5838,train,normal
1630,早餐,3,58,不差钱,一般,晴,约会,不关心,重辣,,44,小笼包+豆浆,早餐粥点,0,considered,0.6167,0.6042,train,normal
1630,早餐,3,58,不差钱,一般,晴,约会,不关心,重辣,,46,燕麦牛奶粥,早餐粥点,0,considered,0.5775,0.5667,train,normal
1631,夜宵,2,54,正常,一般,晴,同事,随便,不吃辣,,8,番茄鸡蛋面,面食粉面,1,chosen,0.5623,0.5688,train,normal
1631,夜宵,2,54,正常,一般,晴,同事,随便,不吃辣,,8,番茄鸡蛋面,面食粉面,1,chosen,0.5623,0.5219,train,normal
1631,夜宵,2,54,正常,一般,晴,同事,随便,不吃辣,,8,番茄鸡蛋面,面食粉面,1,chosen,0.5623,0.5192,train,normal
1631,夜宵,2,54,正常,一般,晴,同事,随便,不吃辣,,9,炸酱面,面食粉面,0,considered,0.4751,0.4602,train,normal
1631,夜宵,2,54,正常,一般,晴,同事,随便,不吃辣,,6,兰州牛肉面,面食粉面,0,considered,0.4528,0.4488,train,normal
1632,晚餐,4,63,正常,疲惫,晴,朋友,随便,重辣,素食,23,冒菜,火锅麻辣烫,1,chosen,0.6859,0.6999,train,normal
1632,晚餐,4,63,正常,疲惫,晴,朋友,随便,重辣,素食,23,冒菜,火锅麻辣烫,1,chosen,0.6859,0.6753,train,normal
1632,晚餐,4,63,正常,疲惫,晴,朋友,随便,重辣,素食,23,冒菜,火锅麻辣烫,1,chosen,0.6859,0.6787,train,normal
1632,晚餐,4,63,正常,疲惫,晴,朋友,随便,重辣,素食,19,麻辣烫,火锅麻辣烫,0,considered,0.6754,0.7284,train,normal
1632,晚餐,4,63,正常,疲惫,晴,朋友,随便,重辣,素食,24,菌汤火锅,火锅麻辣烫,0,considered,0.5533,0.5035,train,normal
1633,早餐,3,53,省着点,一般,热,一个人,随便,中辣,,46,燕麦牛奶粥,早餐粥点,1,chosen,0.5821,0.587,train,normal
1633,早餐,3,53,省着点,一般,热,一个人,随便,中辣,,46,燕麦牛奶粥,早餐粥点,1,chosen,0.5821,0.5579,train,normal
1633,早餐,3,53,省着点,一般,热,一个人,随便,中辣,,46,燕麦牛奶粥,早餐粥点,1,chosen,0.5821,0.5844,train,normal
1634,午餐,3,15,不差钱,一般,晴,家人,随便,中辣,,15,宫保鸡丁+米饭,家常炒菜,1,chosen,0.5478,0.5875,train,normal
1634,午餐,3,15,不差钱,一般,晴,家人,随便,中辣,,15,宫保鸡丁+米饭,家常炒菜,1,chosen,0.5478,0.5402,train,normal
1634,午餐,3,15,不差钱,一般,晴,家人,随便,中辣,,15,宫保鸡丁+米饭,家常炒菜,1,chosen,0.5478,0.5162,train,normal
1634,午餐,3,15,不差钱,一般,晴,家人,随便,中辣,,18,地三鲜+米饭,家常炒菜,0,considered,0.5006,0.4927,train,normal
1634,午餐,3,15,不差钱,一般,晴,家人,随便,中辣,,17,蒜蓉西兰花+米饭,家常炒菜,0,considered,0.4666,0.4779,train,normal
1635,夜宵,4,61,不差钱,低落,晴,家人,想健康,微辣,麸质,26,烤鸡翅,烧烤小吃,1,chosen,0.6282,0.6213,train,normal
1635,夜宵,4,61,不差钱,低落,晴,家人,想健康,微辣,麸质,24,菌汤火锅,火锅麻辣烫,1,chosen,0.6985,0.685,train,normal
1635,夜宵,4,61,不差钱,低落,晴,家人,想健康,微辣,麸质,24,菌汤火锅,火锅麻辣烫,1,chosen,0.6985,0.6712,train,normal
1635,夜宵,4,61,不差钱,低落,晴,家人,想健康,微辣,麸质,20,清汤火锅,火锅麻辣烫,0,considered,0.6571,0.6753,train,normal
1635,夜宵,4,61,不差钱,低落,晴,家人,想健康,微辣,麸质,22,关东煮,火锅麻辣烫,0,considered,0.4723,0.5084,train,normal
1636,午餐,4,40,正常,兴奋,阴,家人,想健康,中辣,"海鲜,乳制品",18,地三鲜+米饭,家常炒菜,1,chosen,0.6255,0.6116,train,normal
1636,午餐,4,40,正常,兴奋,阴,家人,想健康,中辣,"海鲜,乳制品",15,宫保鸡丁+米饭,家常炒菜,1,chosen,0.6682,0.6533,train,normal
1636,午餐,4,40,正常,兴奋,阴,家人,想健康,中辣,"海鲜,乳制品",15,宫保鸡丁+米饭,家常炒菜,1,chosen,0.6682,0.6211,train,normal
1637,夜宵,3,62,正常,开心,晴,家人,严格控制,中辣,,26,烤鸡翅,烧烤小吃,1,chosen,0.7059,0.6936,train,normal
1637,夜宵,3,62,正常,开心,晴,家人,严格控制,中辣,,26,烤鸡翅,烧烤小吃,1,chosen,0.7059,0.7041,train,normal
1637,夜宵,3,62,正常,开心,晴,家人,严格控制,中辣,,26,烤鸡翅,烧烤小吃,1,chosen,0.7059,0.7171,train,normal
1638,晚餐,1,60,想吃好点,疲惫,冷,约会,严格控制,中辣,,15,宫保鸡丁+米饭,家常炒菜,1,chosen,0.7281,0.6981,test,normal
1638,晚餐,1,60,想吃好点,疲惫,冷,约会,严格控制,中辣,,15,宫保鸡丁+米饭,家常炒菜,1,chosen,0.7281,0.7709,test,normal
1638,晚餐,1,60,想吃好点,疲惫,冷,约会,严格控制,中辣,,15,宫保鸡丁+米饭,家常炒菜,1,chosen,0.7281,0.7605,test,normal
1638,晚餐,1,60,想吃好点,疲惫,冷,约会,严格控制,中辣,,14,清蒸鲈鱼+米饭,家常炒菜,0,considered,0.7027,0.6851,test,normal
1638,晚餐,1,60,想吃好点,疲惫,冷,约会,严格控制,中辣,,12,西红柿炒蛋+米饭,家常炒菜,0,considered,0.6959,0.6893,test,normal
1639,晚餐,3,58,正常,低落,冷,一个人,想健康,重辣,乳制品,13,麻婆豆腐+米饭,家常炒菜,1,chosen,0.6702,0.6799,train,normal
1639,晚餐,3,58,正常,低落,冷,一个人,想健康,重辣,乳制品,13,麻婆豆腐+米饭,家常炒菜,1,chosen,0.6702,0.588,train,normal
1639,晚餐,3,58,正常,低落,冷,一个人,想健康,重辣,乳制品,13,麻婆豆腐+米饭,家常炒菜,1,chosen,0.6702,0.6152,train,normal
1640,早餐,3,56,省着点,一般,冷,一个人,不关心,不吃辣,麸质,46,燕麦牛奶粥,早餐粥点,1,chosen,0.6222,0.6305,train,normal
1640,早餐,3,56,省着点,一般,冷,一个人,不关心,不吃辣,麸质,46,燕麦牛奶粥,早餐粥点,1,chosen,0.6222,0.6904,train,normal
1640,早餐,3,56,省着点,一般,冷,一个人,不关心,不吃辣,麸质,46,燕麦牛奶粥,早餐粥点,1,chosen,0.6222,0.616,train,normal
1641,晚餐,2,77,不差钱,一般,晴,朋友,严格控制,中辣,,24,菌汤火锅,火锅麻辣烫,1,chosen,0.6472,0.6176,train,normal
1641,晚餐,2,77,不差钱,一般,晴,朋友,严格控制,中辣,,24,菌汤火锅,火锅麻辣烫,1,chosen,0.6472,0.6595,train,normal
1641,晚餐,2,77,不差钱,一般,晴,朋友,严格控制,中辣,,24,菌汤火锅,火锅麻辣烫,1,chosen,0.6472,0.6527,train,normal
1642,早餐,3,15,想吃好点,开心,热,约会,随便,微辣,,44,小笼包+豆浆,早餐粥点,1,chosen,0.6468,0.7384,train,normal
1642,早餐,3,15,想吃好点,开心,热,约会,随便,微辣,,44,小笼包+豆浆,早餐粥点,1,chosen,0.6468,0.6652,train,normal
1642,早餐,3,15,想吃好点,开心,热,约会,随便,微辣,,44,小笼包+豆浆,早餐粥点,1,chosen,0.6468,0.6719,train,normal
1642,早餐,3,15,想吃好点,开心,热,约会,随便,微辣,,43,皮蛋瘦肉粥+油条,早餐粥点,0,considered,0.6461,0.6656,train,normal
1642,早餐,3,15,想吃好点,开心,热,约会,随便,微辣,,45,杂粮煎饼果子,早餐粥点,0,considered,0.6082,0.6649,train,normal
1643,晚餐,5,27,省着点,疲惫,晴,家人,想健康,微辣,,2,青椒肉丝盖饭,中式快餐盖饭,1,chosen,0.6573,0.6344,train,normal
1643,晚餐,5,27,省着点,疲惫,晴,家人,想健康,微辣,,2,青椒肉丝盖饭,中式快餐盖饭,1,chosen,0.6573,0.6008,train,normal
1643,晚餐,5,27,省着点,疲惫,晴,家人,想健康,微辣,,2,青椒肉丝盖饭,中式快餐盖饭,1,chosen,0.6573,0.7052,train,normal
1643,晚餐,5,27,省着点,疲惫,晴,家人,想健康,微辣,,1,黄焖鸡米饭,中式快餐盖饭,0,considered,0.6265,0.5668,train,normal
1643,晚餐,5,27,省着点,疲惫,晴,家人,想健康,微辣,,0,番茄牛腩饭,中式快餐盖饭,0,considered,0.6181,0.6089,train,normal
1644,晚餐,3,73,想吃好点,开心,冷,约会,想健康,微辣,,42,烤鸡胸配土豆泥,西式简餐,1,chosen,0.7128,0.658,test,normal
1644,晚餐,3,73,想吃好点,开心,冷,约会,想健康,微辣,,42,烤鸡胸配土豆泥,西式简餐,1,chosen,0.7128,0.7224,test,normal
1644,晚餐,3,73,想吃好点,开心,冷,约会,想健康,微辣,,42,烤鸡胸配土豆泥,西式简餐,1,chosen,0.7128,0.6926,test,normal
1645,夜宵,3,49,省着点,兴奋,晴,家人,不关心,不吃辣,"海鲜,乳制品",8,番茄鸡蛋面,面食粉面,1,chosen,0.5809,0.5462,val,normal
1645,夜宵,3,49,省着点,兴奋,晴,家人,不关心,不吃辣,"海鲜,乳制品",8,番茄鸡蛋面,面食粉面,1,chosen,0.5809,0.5953,val,normal
1645,夜宵,3,49,省着点,兴奋,晴,家人,不关心,不吃辣,"海鲜,乳制品",28,烤冷面,烧烤小吃,1,chosen,0.5317,0.5513,val,normal
1646,夜宵,4,75,正常,兴奋,雨,朋友,想健康,不吃辣,海鲜,42,烤鸡胸配土豆泥,西式简餐,1,chosen,0.6604,0.6632,train,normal
1646,夜宵,4,75,正常,兴奋,雨,朋友,想健康,不吃辣,海鲜,42,烤鸡胸配土豆泥,西式简餐,1,chosen,0.6604,0.6762,train,normal
1646,夜宵,4,75,正常,兴奋,雨,朋友,想健康,不吃辣,海鲜,42,烤鸡胸配土豆泥,西式简餐,1,chosen,0.6604,0.6596,train,normal
1646,夜宵,4,75,正常,兴奋,雨,朋友,想健康,不吃辣,海鲜,37,番茄肉酱意面,西式简餐,0,considered,0.6542,0.6801,train,normal
1646,夜宵,4,75,正常,兴奋,雨,朋友,想健康,不吃辣,海鲜,40,奶油蘑菇汤+面包,西式简餐,0,considered,0.6514,0.6452,train,normal
1647,晚餐,4,57,正常,一般,晴,朋友,想健康,微辣,,42,烤鸡胸配土豆泥,西式简餐,1,chosen,0.6202,0.6023,train,normal
1647,晚餐,4,57,正常,一般,晴,朋友,想健康,微辣,,18,地三鲜+米饭,家常炒菜,1,chosen,0.6196,0.6614,train,normal
1647,晚餐,4,57,正常,一般,晴,朋友,想健康,微辣,,42,烤鸡胸配土豆泥,西式简餐,1,chosen,0.6202,0.5957,train,normal
1647,晚餐,4,57,正常,一般,晴,朋友,想健康,微辣,,37,番茄肉酱意面,西式简餐,0,considered,0.6163,0.6073,train,normal
1647,晚餐,4,57,正常,一般,晴,朋友,想健康,微辣,,40,奶油蘑菇汤+面包,西式简餐,0,considered,0.6129,0.6325,train,normal
1648,下午加餐,4,90,正常,开心,阴,一个人,严格控制,不吃辣,,32,藜麦牛油果碗,轻食健康,1,chosen,0.6169,0.5601,train,normal
1648,下午加餐,4,90,正常,开心,阴,一个人,严格控制,不吃辣,,32,藜麦牛油果碗,轻食健康,1,chosen,0.6169,0.6197,train,normal
1648,下午加餐,4,90,正常,开心,阴,一个人,严格控制,不吃辣,,32,藜麦牛油果碗,轻食健康,1,chosen,0.6169,0.5891,train,normal
1649,早餐,5,117,省着点,一般,冷,同事,不关心,不吃辣,麸质,43,皮蛋瘦肉粥+油条,早餐粥点,1,chosen,0.6281,0.6051,train,normal
1649,早餐,5,117,省着点,一般,冷,同事,不关心,不吃辣,麸质,43,皮蛋瘦肉粥+油条,早餐粥点,1,chosen,0.6281,0.652,train,normal
1649,早餐,5,117,省着点,一般,冷,同事,不关心,不吃辣,麸质,43,皮蛋瘦肉粥+油条,早餐粥点,1,chosen,0.6281,0.6331,train,normal
1649,早餐,5,117,省着点,一般,冷,同事,不关心,不吃辣,麸质,44,小笼包+豆浆,早餐粥点,0,considered,0.6281,0.6485,train,normal
1649,早餐,5,117,省着点,一般,冷,同事,不关心,不吃辣,麸质,46,燕麦牛奶粥,早餐粥点,0,considered,0.5874,0.5331,train,normal
1650,下午加餐,4,85,省着点,疲惫,阴,约会,不关心,中辣,,34,全麦鸡肉三明治,轻食健康,1,chosen,0.5995,0.6395,train,normal
1650,下午加餐,4,85,省着点,疲惫,阴,约会,不关心,中辣,,34,全麦鸡肉三明治,轻食健康,1,chosen,0.5995,0.6441,train,normal
1650,下午加餐,4,85,省着点,疲惫,阴,约会,不关心,中辣,,45,杂粮煎饼果子,早餐粥点,1,chosen,0.5697,0.617,train,normal
1650,下午加餐,4,85,省着点,疲惫,阴,约会,不关心,中辣,,36,希腊酸奶坚果碗,轻食健康,0,considered,0.5913,0.5533,train,normal
1650,下午加餐,4,85,省着点,疲惫,阴,约会,不关心,中辣,,32,藜麦牛油果碗,轻食健康,0,considered,0.5283,0.4888,train,normal
1651,午餐,2,40,正常,疲惫,晴,朋友,想健康,中辣,,15,宫保鸡丁+米饭,家常炒菜,1,chosen,0.6882,0.707,train,normal
1651,午餐,2,40,正常,疲惫,晴,朋友,想健康,中辣,,15,宫保鸡丁+米饭,家常炒菜,1,chosen,0.6882,0.7036,train,normal
1651,午餐,2,40,正常,疲惫,晴,朋友,想健康,中辣,,15,宫保鸡丁+米饭,家常炒菜,1,chosen,0.6882,0.7192,train,normal
1652,下午加餐,4,62,正常,一般,晴,朋友,严格控制,中辣,,32,藜麦牛油果碗,轻食健康,1,chosen,0.659,0.6978,train,normal
1652,下午加餐,4,62,正常,一般,晴,朋友,严格控制,中辣,,32,藜麦牛油果碗,轻食健康,1,chosen,0.659,0.6976,train,normal
1652,下午加餐,4,62,正常,一般,晴,朋友,严格控制,中辣,,36,希腊酸奶坚果碗,轻食健康,1,chosen,0.641,0.6652,train,normal
1653,早餐,5,51,想吃好点,疲惫,热,约会,随便,微辣,,45,杂粮煎饼果子,早餐粥点,1,chosen,0.6622,0.7129,train,normal
1653,早餐,5,51,想吃好点,疲惫,热,约会,随便,微辣,,9,炸酱面,面食粉面,1,chosen,0.6242,0.6393,train,normal
1653,早餐,5,51,想吃好点,疲惫,热,约会,随便,微辣,,45,杂粮煎饼果子,早餐粥点,1,chosen,0.6622,0.6714,train,normal
1654,夜宵,4,42,不差钱,一般,晴,一个人,想健康,微辣,,6,兰州牛肉面,面食粉面,1,chosen,0.544,0.5341,train,normal
1654,夜宵,4,42,不差钱,一般,晴,一个人,想健康,微辣,,24,菌汤火锅,火锅麻辣烫,1,chosen,0.5543,0.5325,train,normal
1654,夜宵,4,42,不差钱,一般,晴,一个人,想健康,微辣,,24,菌汤火锅,火锅麻辣烫,1,chosen,0.5543,0.6006,train,normal
1654,夜宵,4,42,不差钱,一般,晴,一个人,想健康,微辣,,20,清汤火锅,火锅麻辣烫,0,considered,0.505,0.4739,train,normal
1654,夜宵,4,42,不差钱,一般,晴,一个人,想健康,微辣,,22,关东煮,火锅麻辣烫,0,considered,0.4408,0.487,train,normal
1655,夜宵,3,80,正常,疲惫,雨,同事,想健康,不吃辣,,8,番茄鸡蛋面,面食粉面,1,chosen,0.6969,0.7173,train,normal
1655,夜宵,3,80,正常,疲惫,雨,同事,想健康,不吃辣,,8,番茄鸡蛋面,面食粉面,1,chosen,0.6969,0.7057,train,normal
1655,夜宵,3,80,正常,疲惫,雨,同事,想健康,不吃辣,,8,番茄鸡蛋面,面食粉面,1,chosen,0.6969,0.6793,train,normal
1656,夜宵,4,72,想吃好点,开心,雨,一个人,想健康,微辣,,6,兰州牛肉面,面食粉面,1,chosen,0.619,0.6459,train,normal
1656,夜宵,4,72,想吃好点,开心,雨,一个人,想健康,微辣,,6,兰州牛肉面,面食粉面,1,chosen,0.619,0.6703,train,normal
1656,夜宵,4,72,想吃好点,开心,雨,一个人,想健康,微辣,,6,兰州牛肉面,面食粉面,1,chosen,0.619,0.5834,train,normal
1656,夜宵,4,72,想吃好点,开心,雨,一个人,想健康,微辣,,8,番茄鸡蛋面,面食粉面,0,considered,0.5634,0.5132,train,normal
1656,夜宵,4,72,想吃好点,开心,雨,一个人,想健康,微辣,,9,炸酱面,面食粉面,0,considered,0.5496,0.5153,train,normal
1657,晚餐,3,75,不差钱,低落,阴,一个人,想健康,微辣,,24,菌汤火锅,火锅麻辣烫,1,chosen,0.5711,0.6223,test,normal
1657,晚餐,3,75,不差钱,低落,阴,一个人,想健康,微辣,,24,菌汤火锅,火锅麻辣烫,1,chosen,0.5711,0.5733,test,normal
1657,晚餐,3,75,不差钱,低落,阴,一个人,想健康,微辣,,6,兰州牛肉面,面食粉面,1,chosen,0.5329,0.5527,test,normal
1657,晚餐,3,75,不差钱,低落,阴,一个人,想健康,微辣,,20,清汤火锅,火锅麻辣烫,0,considered,0.5613,0.5576,test,normal
1657,晚餐,3,75,不差钱,低落,阴,一个人,想健康,微辣,,22,关东煮,火锅麻辣烫,0,considered,0.4289,0.448,test,normal
1658,夜宵,3,67,省着点,一般,热,一个人,不关心,不吃辣,素食,8,番茄鸡蛋面,面食粉面,1,chosen,0.5302,0.5062,train,normal
1658,夜宵,3,67,省着点,一般,热,一个人,不关心,不吃辣,素食,8,番茄鸡蛋面,面食粉面,1,chosen,0.5302,0.4694,train,normal
1658,夜宵,3,67,省着点,一般,热,一个人,不关心,不吃辣,素食,8,番茄鸡蛋面,面食粉面,1,chosen,0.5302,0.5614,train,normal
1659,午餐,4,28,正常,疲惫,晴,朋友,随便,不吃辣,,18,地三鲜+米饭,家常炒菜,1,chosen,0.6467,0.6276,train,normal
1659,午餐,4,28,正常,疲惫,晴,朋友,随便,不吃辣,,18,地三鲜+米饭,家常炒菜,1,chosen,0.6467,0.6857,train,normal
1659,午餐,4,28,正常,疲惫,晴,朋友,随便,不吃辣,,18,地三鲜+米饭,家常炒菜,1,chosen,0.6467,0.6286,train,normal
1660,晚餐,2,45,正常,开心,晴,约会,随便,微辣,麸质,42,烤鸡胸配土豆泥,西式简餐,1,chosen,0.5891,0.6207,train,normal
1660,晚餐,2,45,正常,开心,晴,约会,随便,微辣,麸质,42,烤鸡胸配土豆泥,西式简餐,1,chosen,0.5891,0.6334,train,normal
1660,晚餐,2,45,正常,开心,晴,约会,随便,微辣,麸质,42,烤鸡胸配土豆泥,西式简餐,1,chosen,0.5891,0.5929,train,normal
1661,晚餐,3,77,省着点,兴奋,冷,家人,不关心,中辣,,11,云南小锅米线,面食粉面,1,chosen,0.6285,0.6529,test,normal
1661,晚餐,3,77,省着点,兴奋,冷,家人,不关心,中辣,,11,云南小锅米线,面食粉面,1,chosen,0.6285,0.623,test,normal
1661,晚餐,3,77,省着点,兴奋,冷,家人,不关心,中辣,,11,云南小锅米线,面食粉面,1,chosen,0.6285,0.6653,test,normal
1662,早餐,5,46,省着点,低落,热,一个人,想健康,重辣,乳制品,7,重庆小面,面食粉面,1,chosen,0.6109,0.6041,train,normal
1662,早餐,5,46,省着点,低落,热,一个人,想健康,重辣,乳制品,7,重庆小面,面食粉面,1,chosen,0.6109,0.5969,train,normal
1662,早餐,5,46,省着点,低落,热,一个人,想健康,重辣,乳制品,7,重庆小面,面食粉面,1,chosen,0.6109,0.5956,train,normal
1662,早餐,5,46,省着点,低落,热,一个人,想健康,重辣,乳制品,11,云南小锅米线,面食粉面,0,considered,0.5967,0.5694,train,normal
1662,早餐,5,46,省着点,低落,热,一个人,想健康,重辣,乳制品,6,兰州牛肉面,面食粉面,0,considered,0.5777,0.5463,train,normal
1663,晚餐,2,52,省着点,低落,晴,朋友,随便,中辣,素食,11,云南小锅米线,面食粉面,1,chosen,0.5959,0.6065,train,normal
1663,晚餐,2,52,省着点,低落,晴,朋友,随便,中辣,素食,11,云南小锅米线,面食粉面,1,chosen,0.5959,0.6102,train,normal
1663,晚餐,2,52,省着点,低落,晴,朋友,随便,中辣,素食,11,云南小锅米线,面食粉面,1,chosen,0.5959,0.6421,train,normal
1663,晚餐,2,52,省着点,低落,晴,朋友,随便,中辣,素食,6,兰州牛肉面,面食粉面,0,considered,0.5688,0.6363,train,normal
1663,晚餐,2,52,省着点,低落,晴,朋友,随便,中辣,素食,9,炸酱面,面食粉面,0,considered,0.5384,0.5713,train,normal
1664,午餐,3,91,正常,一般,晴,约会,不关心,不吃辣,麸质,3,台式卤肉饭,中式快餐盖饭,1,chosen,0.5409,0.5731,test,normal
1664,午餐,3,91,正常,一般,晴,约会,不关心,不吃辣,麸质,42,烤鸡胸配土豆泥,西式简餐,1,chosen,0.6048,0.5421,test,normal
1664,午餐,3,91,正常,一般,晴,约会,不关心,不吃辣,麸质,42,烤鸡胸配土豆泥,西式简餐,1,chosen,0.6048,0.6406,test,normal
1664,午餐,3,91,正常,一般,晴,约会,不关心,不吃辣,麸质,38,香煎牛排,西式简餐,0,considered,0.5252,0.5201,test,normal
1664,午餐,3,91,正常,一般,晴,约会,不关心,不吃辣,麸质,37,番茄肉酱意面,西式简餐,0,considered,0.0,0.0063,test,normal
1665,午餐,4,43,省着点,兴奋,冷,同事,不关心,中辣,麸质,2,青椒肉丝盖饭,中式快餐盖饭,1,chosen,0.5874,0.5737,train,normal
1665,午餐,4,43,省着点,兴奋,冷,同事,不关心,中辣,麸质,3,台式卤肉饭,中式快餐盖饭,1,chosen,0.5679,0.5768,train,normal
1665,午餐,4,43,省着点,兴奋,冷,同事,不关心,中辣,麸质,2,青椒肉丝盖饭,中式快餐盖饭,1,chosen,0.5874,0.5468,train,normal
1666,晚餐,1,65,正常,兴奋,热,同事,想健康,微辣,,34,全麦鸡肉三明治,轻食健康,1,chosen,0.5561,0.5456,train,normal
1666,晚餐,1,65,正常,兴奋,热,同事,想健康,微辣,,17,蒜蓉西兰花+米饭,家常炒菜,1,chosen,0.5351,0.5092,train,normal
1666,晚餐,1,65,正常,兴奋,热,同事,想健康,微辣,,34,全麦鸡肉三明治,轻食健康,1,chosen,0.5561,0.5536,train,normal
1667,晚餐,3,77,省着点,开心,晴,同事,随便,中辣,海鲜,11,云南小锅米线,面食粉面,1,chosen,0.5401,0.569,train,normal
1667,晚餐,3,77,省着点,开心,晴,同事,随便,中辣,海鲜,11,云南小锅米线,面食粉面,1,chosen,0.5401,0.493,train,normal
1667,晚餐,3,77,省着点,开心,晴,同事,随便,中辣,海鲜,9,炸酱面,面食粉面,1,chosen,0.5223,0.5627,train,normal
1668,夜宵,2,68,想吃好点,一般,晴,朋友,随便,中辣,,26,烤鸡翅,烧烤小吃,1,chosen,0.6779,0.675,train,normal
1668,夜宵,2,68,想吃好点,一般,晴,朋友,随便,中辣,,26,烤鸡翅,烧烤小吃,1,chosen,0.6779,0.6679,train,normal
1668,夜宵,2,68,想吃好点,一般,晴,朋友,随便,中辣,,26,烤鸡翅,烧烤小吃,1,chosen,0.6779,0.6554,train,normal
1669,午餐,3,76,正常,一般,雪,家人,严格控制,中辣,乳制品,15,宫保鸡丁+米饭,家常炒菜,1,chosen,0.7773,0.7526,test,snow
1669,午餐,3,76,正常,一般,雪,家人,严格控制,中辣,乳制品,15,宫保鸡丁+米饭,家常炒菜,1,chosen,0.7773,0.713,test,snow
1669,午餐,3,76,正常,一般,雪,家人,严格控制,中辣,乳制品,15,宫保鸡丁+米饭,家常炒菜,1,chosen,0.7773,0.7516,test,snow
1670,夜宵,3,40,正常,低落,晴,同事,不关心,不吃辣,,8,番茄鸡蛋面,面食粉面,1,chosen,0.5715,0.5606,test,normal
1670,夜宵,3,40,正常,低落,晴,同事,不关心,不吃辣,,8,番茄鸡蛋面,面食粉面,1,chosen,0.5715,0.5165,test,normal
1670,夜宵,3,40,正常,低落,晴,同事,不关心,不吃辣,,8,番茄鸡蛋面,面食粉面,1,chosen,0.5715,0.639,test,normal
1671,夜宵,2,47,想吃好点,一般,晴,一个人,随便,重辣,,26,烤鸡翅,烧烤小吃,1,chosen,0.5825,0.5894,train,normal
1671,夜宵,2,47,想吃好点,一般,晴,一个人,随便,重辣,,26,烤鸡翅,烧烤小吃,1,chosen,0.5825,0.5996,train,normal
1671,夜宵,2,47,想吃好点,一般,晴,一个人,随便,重辣,,26,烤鸡翅,烧烤小吃,1,chosen,0.5825,0.5228,train,normal
1672,午餐,3,28,想吃好点,开心,雨,约会,不关心,不吃辣,,40,奶油蘑菇汤+面包,西式简餐,1,chosen,0.6661,0.6543,train,normal
1672,午餐,3,28,想吃好点,开心,雨,约会,不关心,不吃辣,,18,地三鲜+米饭,家常炒菜,1,chosen,0.6503,0.6063,train,normal
1672,午餐,3,28,想吃好点,开心,雨,约会,不关心,不吃辣,,40,奶油蘑菇汤+面包,西式简餐,1,chosen,0.6661,0.751,train,normal
1673,午餐,1,89,正常,一般,热,一个人,想健康,微辣,,34,全麦鸡肉三明治,轻食健康,1,chosen,0.5013,0.5478,train,normal
1673,午餐,1,89,正常,一般,热,一个人,想健康,微辣,,34,全麦鸡肉三明治,轻食健康,1,chosen,0.5013,0.5107,train,normal
1673,午餐,1,89,正常,一般,热,一个人,想健康,微辣,,34,全麦鸡肉三明治,轻食健康,1,chosen,0.5013,0.5364,train,normal
1674,午餐,4,78,不差钱,疲惫,晴,同事,随便,中辣,麸质,15,宫保鸡丁+米饭,家常炒菜,1,chosen,0.5866,0.6473,train,normal
1674,午餐,4,78,不差钱,疲惫,晴,同事,随便,中辣,麸质,15,宫保鸡丁+米饭,家常炒菜,1,chosen,0.5866,0.5379,train,normal
1674,午餐,4,78,不差钱,疲惫,晴,同事,随便,中辣,麸质,25,烤羊肉串,烧烤小吃,1,chosen,0.5657,0.5759,train,normal
1675,晚餐,5,33,正常,低落,热,同事,想健康,中辣,素食,11,云南小锅米线,面食粉面,1,chosen,0.6215,0.6882,train,normal
1675,晚餐,5,33,正常,低落,热,同事,想健康,中辣,素食,11,云南小锅米线,面食粉面,1,chosen,0.6215,0.5699,train,normal
1675,晚餐,5,33,正常,低落,热,同事,想健康,中辣,素食,11,云南小锅米线,面食粉面,1,chosen,0.6215,0.6678,train,normal
1675,晚餐,5,33,正常,低落,热,同事,想健康,中辣,素食,9,炸酱面,面食粉面,0,considered,0.6204,0.6158,train,normal
1675,晚餐,5,33,正常,低落,热,同事,想健康,中辣,素食,6,兰州牛肉面,面食粉面,0,considered,0.6091,0.6431,train,normal
1676,午餐,4,15,想吃好点,一般,晴,朋友,想健康,不吃辣,,40,奶油蘑菇汤+面包,西式简餐,1,chosen,0.5813,0.5509,train,normal
1676,午餐,4,15,想吃好点,一般,晴,朋友,想健康,不吃辣,,40,奶油蘑菇汤+面包,西式简餐,1,chosen,0.5813,0.6121,train,normal
1676,午餐,4,15,想吃好点,一般,晴,朋友,想健康,不吃辣,,40,奶油蘑菇汤+面包,西式简餐,1,chosen,0.5813,0.5534,train,normal
1676,午餐,4,15,想吃好点,一般,晴,朋友,想健康,不吃辣,,37,番茄肉酱意面,西式简餐,0,considered,0.5654,0.5867,train,normal
1676,午餐,4,15,想吃好点,一般,晴,朋友,想健康,不吃辣,,42,烤鸡胸配土豆泥,西式简餐,0,considered,0.5615,0.5969,train,normal
1677,午餐,3,86,想吃好点,开心,阴,一个人,随便,中辣,,15,宫保鸡丁+米饭,家常炒菜,1,chosen,0.5346,0.5476,train,normal
1677,午餐,3,86,想吃好点,开心,阴,一个人,随便,中辣,,25,烤羊肉串,烧烤小吃,1,chosen,0.5087,0.5693,train,normal
1677,午餐,3,86,想吃好点,开心,阴,一个人,随便,中辣,,15,宫保鸡丁+米饭,家常炒菜,1,chosen,0.5346,0.5056,train,normal
1678,下午加餐,2,75,想吃好点,一般,阴,一个人,想健康,不吃辣,,31,鸡胸肉沙拉,轻食健康,1,chosen,0.6156,0.633,train,normal
1678,下午加餐,2,75,想吃好点,一般,阴,一个人,想健康,不吃辣,,34,全麦鸡肉三明治,轻食健康,1,chosen,0.6012,0.5502,train,normal
1678,下午加餐,2,75,想吃好点,一般,阴,一个人,想健康,不吃辣,,31,鸡胸肉沙拉,轻食健康,1,chosen,0.6156,0.6427,train,normal
1679,午餐,3,66,省着点,兴奋,阴,一个人,想健康,中辣,麸质,11,云南小锅米线,面食粉面,1,chosen,0.5403,0.4891,train,normal
1679,午餐,3,66,省着点,兴奋,阴,一个人,想健康,中辣,麸质,11,云南小锅米线,面食粉面,1,chosen,0.5403,0.5187,train,normal
1679,午餐,3,66,省着点,兴奋,阴,一个人,想健康,中辣,麸质,2,青椒肉丝盖饭,中式快餐盖饭,1,chosen,0.5218,0.5696,train,normal
1679,午餐,3,66,省着点,兴奋,阴,一个人,想健康,中辣,麸质,6,兰州牛肉面,面食粉面,0,considered,0.5324,0.5595,train,normal
1679,午餐,3,66,省着点,兴奋,阴,一个人,想健康,中辣,麸质,9,炸酱面,面食粉面,0,considered,0.5061,0.5278,train,normal
1680,午餐,2,85,不差钱,疲惫,热,家人,想健康,不吃辣,,24,菌汤火锅,火锅麻辣烫,1,chosen,0.6856,0.6809,train,normal
1680,午餐,2,85,不差钱,疲惫,热,家人,想健康,不吃辣,,24,菌汤火锅,火锅麻辣烫,1,chosen,0.6856,0.6451,train,normal
1680,午餐,2,85,不差钱,疲惫,热,家人,想健康,不吃辣,,24,菌汤火锅,火锅麻辣烫,1,chosen,0.6856,0.696,train,normal
1680,午餐,2,85,不差钱,疲惫,热,家人,想健康,不吃辣,,20,清汤火锅,火锅麻辣烫,0,considered,0.6758,0.7103,train,normal
1680,午餐,2,85,不差钱,疲惫,热,家人,想健康,不吃辣,,22,关东煮,火锅麻辣烫,0,considered,0.3842,0.3806,train,normal
1681,午餐,4,15,想吃好点,开心,阴,朋友,不关心,微辣,,6,兰州牛肉面,面食粉面,1,chosen,0.5735,0.588,val,normal
1681,午餐,4,15,想吃好点,开心,阴,朋友,不关心,微辣,,40,奶油蘑菇汤+面包,西式简餐,1,chosen,0.5634,0.5787,val,normal
1681,午餐,4,15,想吃好点,开心,阴,朋友,不关心,微辣,,6,兰州牛肉面,面食粉面,1,chosen,0.5735,0.6189,val,normal
1682,午餐,2,42,正常,低落,晴,一个人,严格控制,中辣,,15,宫保鸡丁+米饭,家常炒菜,1,chosen,0.582,0.5736,train,normal
1682,午餐,2,42,正常,低落,晴,一个人,严格控制,中辣,,15,宫保鸡丁+米饭,家常炒菜,1,chosen,0.582,0.6233,train,normal
1682,午餐,2,42,正常,低落,晴,一个人,严格控制,中辣,,17,蒜蓉西兰花+米饭,家常炒菜,1,chosen,0.5517,0.5274,train,normal
1683,夜宵,4,50,正常,兴奋,雨,一个人,想健康,微辣,,6,兰州牛肉面,面食粉面,1,chosen,0.6255,0.6083,train,normal
1683,夜宵,4,50,正常,兴奋,雨,一个人,想健康,微辣,,6,兰州牛肉面,面食粉面,1,chosen,0.6255,0.6756,train,normal
1683,夜宵,4,50,正常,兴奋,雨,一个人,想健康,微辣,,6,兰州牛肉面,面食粉面,1,chosen,0.6255,0.6587,train,normal
1684,夜宵,2,24,省着点,一般,雪,家人,随便,不吃辣,,8,番茄鸡蛋面,面食粉面,1,chosen,0.6868,0.719,test,snow
1684,夜宵,2,24,省着点,一般,雪,家人,随便,不吃辣,,8,番茄鸡蛋面,面食粉面,1,chosen,0.6868,0.6759,test,snow
1684,夜宵,2,24,省着点,一般,雪,家人,随便,不吃辣,,8,番茄鸡蛋面,面食粉面,1,chosen,0.6868,0.6915,test,snow
1684,夜宵,2,24,省着点,一般,雪,家人,随便,不吃辣,,6,兰州牛肉面,面食粉面,0,considered,0.5962,0.5659,test,snow
1684,夜宵,2,24,省着点,一般,雪,家人,随便,不吃辣,,9,炸酱面,面食粉面,0,considered,0.5911,0.597,test,snow
1685,晚餐,4,17,省着点,兴奋,雪,一个人,想健康,重辣,,7,重庆小面,面食粉面,1,chosen,0.6553,0.6866,test,snow
1685,晚餐,4,17,省着点,兴奋,雪,一个人,想健康,重辣,,7,重庆小面,面食粉面,1,chosen,0.6553,0.7239,test,snow
1685,晚餐,4,17,省着点,兴奋,雪,一个人,想健康,重辣,,7,重庆小面,面食粉面,1,chosen,0.6553,0.6113,test,snow
1686,午餐,1,58,想吃好点,一般,热,同事,不关心,微辣,,34,全麦鸡肉三明治,轻食健康,1,chosen,0.5006,0.4355,train,normal
1686,午餐,1,58,想吃好点,一般,热,同事,不关心,微辣,,34,全麦鸡肉三明治,轻食健康,1,chosen,0.5006,0.5047,train,normal
1686,午餐,1,58,想吃好点,一般,热,同事,不关心,微辣,,9,炸酱面,面食粉面,1,chosen,0.4933,0.516,train,normal
1686,午餐,1,58,想吃好点,一般,热,同事,不关心,微辣,,33,三文鱼沙拉,轻食健康,0,considered,0.4693,0.4643,train,normal
1686,午餐,1,58,想吃好点,一般,热,同事,不关心,微辣,,35,水煮时蔬+溏心蛋,轻食健康,0,considered,0.4626,0.5005,train,normal
1687,午餐,3,31,想吃好点,开心,阴,朋友,严格控制,不吃辣,,42,烤鸡胸配土豆泥,西式简餐,1,chosen,0.6422,0.621,train,normal
1687,午餐,3,31,想吃好点,开心,阴,朋友,严格控制,不吃辣,,42,烤鸡胸配土豆泥,西式简餐,1,chosen,0.6422,0.6635,train,normal
1687,午餐,3,31,想吃好点,开心,阴,朋友,严格控制,不吃辣,,42,烤鸡胸配土豆泥,西式简餐,1,chosen,0.6422,0.6643,train,normal
1688,午餐,3,67,省着点,一般,阴,同事,严格控制,中辣,,11,云南小锅米线,面食粉面,1,chosen,0.5738,0.6038,train,normal
1688,午餐,3,67,省着点,一般,阴,同事,严格控制,中辣,,11,云南小锅米线,面食粉面,1,chosen,0.5738,0.5775,train,normal
1688,午餐,3,67,省着点,一般,阴,同事,严格控制,中辣,,11,云南小锅米线,面食粉面,1,chosen,0.5738,0.6042,train,normal
1689,午餐,3,80,想吃好点,一般,热,同事,随便,中辣,麸质,15,宫保鸡丁+米饭,家常炒菜,1,chosen,0.5616,0.5205,train,normal
1689,午餐,3,80,想吃好点,一般,热,同事,随便,中辣,麸质,15,宫保鸡丁+米饭,家常炒菜,1,chosen,0.5616,0.5928,train,normal
1689,午餐,3,80,想吃好点,一般,热,同事,随便,中辣,麸质,15,宫保鸡丁+米饭,家常炒菜,1,chosen,0.5616,0.5949,train,normal
1689,午餐,3,80,想吃好点,一般,热,同事,随便,中辣,麸质,18,地三鲜+米饭,家常炒菜,0,considered,0.5253,0.5023,train,normal
1689,午餐,3,80,想吃好点,一般,热,同事,随便,中辣,麸质,12,西红柿炒蛋+米饭,家常炒菜,0,considered,0.5045,0.5272,train,normal
1690,晚餐,5,56,正常,一般,冷,家人,随便,中辣,,15,宫保鸡丁+米饭,家常炒菜,1,chosen,0.6654,0.6071,train,normal
1690,晚餐,5,56,正常,一般,冷,家人,随便,中辣,,15,宫保鸡丁+米饭,家常炒菜,1,chosen,0.6654,0.663,train,normal
1690,晚餐,5,56,正常,一般,冷,家人,随便,中辣,,15,宫保鸡丁+米饭,家常炒菜,1,chosen,0.6654,0.6392,train,normal
1691,午餐,3,92,正常,开心,晴,朋友,想健康,微辣,,42,烤鸡胸配土豆泥,西式简餐,1,chosen,0.6316,0.6434,train,normal
1691,午餐,3,92,正常,开心,晴,朋友,想健康,微辣,,42,烤鸡胸配土豆泥,西式简餐,1,chosen,0.6316,0.6172,train,normal
1691,午餐,3,92,正常,开心,晴,朋友,想健康,微辣,,42,烤鸡胸配土豆泥,西式简餐,1,chosen,0.6316,0.6027,train,normal
1692,午餐,3,75,正常,开心,阴,一个人,不关心,微辣,素食,9,炸酱面,面食粉面,1,chosen,0.4793,0.4888,train,normal
1692,午餐,3,75,正常,开心,阴,一个人,不关心,微辣,素食,40,奶油蘑菇汤+面包,西式简餐,1,chosen,0.5077,0.5794,train,normal
1692,午餐,3,75,正常,开心,阴,一个人,不关心,微辣,素食,40,奶油蘑菇汤+面包,西式简餐,1,chosen,0.5077,0.5155,train,normal
1693,午餐,3,55,不差钱,一般,雪,朋友,不关心,微辣,,42,烤鸡胸配土豆泥,西式简餐,1,chosen,0.6965,0.6573,test,snow
1693,午餐,3,55,不差钱,一般,雪,朋友,不关心,微辣,,38,香煎牛排,西式简餐,1,chosen,0.7052,0.6987,test,snow
1693,午餐,3,55,不差钱,一般,雪,朋友,不关心,微辣,,38,香煎牛排,西式简餐,1,chosen,0.7052,0.7177,test,snow
1694,午餐,4,62,想吃好点,压力大,热,家人,随便,中辣,麸质,15,宫保鸡丁+米饭,家常炒菜,1,chosen,0.6735,0.6858,train,normal
1694,午餐,4,62,想吃好点,压力大,热,家人,随便,中辣,麸质,15,宫保鸡丁+米饭,家常炒菜,1,chosen,0.6735,0.6793,train,normal
1694,午餐,4,62,想吃好点,压力大,热,家人,随便,中辣,麸质,15,宫保鸡丁+米饭,家常炒菜,1,chosen,0.6735,0.6584,train,normal
1695,午餐,4,77,正常,压力大,晴,朋友,想健康,微辣,,42,烤鸡胸配土豆泥,西式简餐,1,chosen,0.6684,0.6908,test,normal
1695,午餐,4,77,正常,压力大,晴,朋友,想健康,微辣,,40,奶油蘑菇汤+面包,西式简餐,1,chosen,0.6611,0.6926,test,normal
1695,午餐,4,77,正常,压力大,晴,朋友,想健康,微辣,,42,烤鸡胸配土豆泥,西式简餐,1,chosen,0.6684,0.6653,test,normal
1696,午餐,3,46,不差钱,疲惫,晴,一个人,想健康,微辣,海鲜,24,菌汤火锅,火锅麻辣烫,1,chosen,0.5812,0.5617,train,normal
1696,午餐,3,46,不差钱,疲惫,晴,一个人,想健康,微辣,海鲜,24,菌汤火锅,火锅麻辣烫,1,chosen,0.5812,0.5575,train,normal
1696,午餐,3,46,不差钱,疲惫,晴,一个人,想健康,微辣,海鲜,42,烤鸡胸配土豆泥,西式简餐,1,chosen,0.5749,0.5821,train,normal
1696,午餐,3,46,不差钱,疲惫,晴,一个人,想健康,微辣,海鲜,20,清汤火锅,火锅麻辣烫,0,considered,0.532,0.5461,train,normal
1696,午餐,3,46,不差钱,疲惫,晴,一个人,想健康,微辣,海鲜,22,关东煮,火锅麻辣烫,0,considered,0.4489,0.4714,train,normal
1697,夜宵,3,57,正常,一般,阴,一个人,不关心,微辣,"海鲜,乳制品",28,烤冷面,烧烤小吃,1,chosen,0.5638,0.6197,test,normal
1697,夜宵,3,57,正常,一般,阴,一个人,不关心,微辣,"海鲜,乳制品",28,烤冷面,烧烤小吃,1,chosen,0.5638,0.5513,test,normal
1697,夜宵,3,57,正常,一般,阴,一个人,不关心,微辣,"海鲜,乳制品",28,烤冷面,烧烤小吃,1,chosen,0.5638,0.6651,test,normal
1697,夜宵,3,57,正常,一般,阴,一个人,不关心,微辣,"海鲜,乳制品",30,铁板豆腐,烧烤小吃,0,considered,0.4894,0.4873,test,normal
1697,夜宵,3,57,正常,一般,阴,一个人,不关心,微辣,"海鲜,乳制品",27,烤茄子,烧烤小吃,0,considered,0.4894,0.4872,test,normal
1698,午餐,3,47,不差钱,开心,热,朋友,随便,不吃辣,,38,香煎牛排,西式简餐,1,chosen,0.6098,0.5906,train,normal
1698,午餐,3,47,不差钱,开心,热,朋友,随便,不吃辣,,38,香煎牛排,西式简餐,1,chosen,0.6098,0.5979,train,normal
1698,午餐,3,47,不差钱,开心,热,朋友,随便,不吃辣,,38,香煎牛排,西式简餐,1,chosen,0.6098,0.5592,train,normal
1699,夜宵,4,32,不差钱,一般,阴,同事,不关心,不吃辣,乳制品,37,番茄肉酱意面,西式简餐,1,chosen,0.5077,0.5002,val,normal
1699,夜宵,4,32,不差钱,一般,阴,同事,不关心,不吃辣,乳制品,37,番茄肉酱意面,西式简餐,1,chosen,0.5077,0.5052,val,normal
1699,夜宵,4,32,不差钱,一般,阴,同事,不关心,不吃辣,乳制品,37,番茄肉酱意面,西式简餐,1,chosen,0.5077,0.5624,val,normal
1699,夜宵,4,32,不差钱,一般,阴,同事,不关心,不吃辣,乳制品,42,烤鸡胸配土豆泥,西式简餐,0,considered,0.5063,0.4842,val,normal
1699,夜宵,4,32,不差钱,一般,阴,同事,不关心,不吃辣,乳制品,38,香煎牛排,西式简餐,0,considered,0.4587,0.407,val,normal
1700,晚餐,1,62,正常,一般,热,约会,不关心,重辣,,19,麻辣烫,火锅麻辣烫,1,chosen,0.6057,0.5781,train,normal
1700,晚餐,1,62,正常,一般,热,约会,不关心,重辣,,19,麻辣烫,火锅麻辣烫,1,chosen,0.6057,0.604,train,normal
1700,晚餐,1,62,正常,一般,热,约会,不关心,重辣,,19,麻辣烫,火锅麻辣烫,1,chosen,0.6057,0.6196,train,normal
1700,晚餐,1,62,正常,一般,热,约会,不关心,重辣,,23,冒菜,火锅麻辣烫,0,considered,0.5717,0.5806,train,normal
1700,晚餐,1,62,正常,一般,热,约会,不关心,重辣,,24,菌汤火锅,火锅麻辣烫,0,considered,0.4999,0.5094,train,normal
1701,午餐,4,56,省着点,压力大,晴,家人,想健康,微辣,,2,青椒肉丝盖饭,中式快餐盖饭,1,chosen,0.6573,0.7031,train,normal
1701,午餐,4,56,省着点,压力大,晴,家人,想健康,微辣,,2,青椒肉丝盖饭,中式快餐盖饭,1,chosen,0.6573,0.6744,train,normal
1701,午餐,4,56,省着点,压力大,晴,家人,想健康,微辣,,2,青椒肉丝盖饭,中式快餐盖饭,1,chosen,0.6573,0.6368,train,normal
1702,午餐,3,46,正常,一般,雨,约会,不关心,重辣,,13,麻婆豆腐+米饭,家常炒菜,1,chosen,0.6922,0.6478,train,normal
1702,午餐,3,46,正常,一般,雨,约会,不关心,重辣,,13,麻婆豆腐+米饭,家常炒菜,1,chosen,0.6922,0.7168,train,normal
1702,午餐,3,46,正常,一般,雨,约会,不关心,重辣,,13,麻婆豆腐+米饭,家常炒菜,1,chosen,0.6922,0.6922,train,normal
1703,午餐,5,52,省着点,疲惫,阴,一个人,想健康,不吃辣,乳制品,9,炸酱面,面食粉面,1,chosen,0.5627,0.5323,val,normal
1703,午餐,5,52,省着点,疲惫,阴,一个人,想健康,不吃辣,乳制品,18,地三鲜+米饭,家常炒菜,1,chosen,0.5384,0.5834,val,normal
1703,午餐,5,52,省着点,疲惫,阴,一个人,想健康,不吃辣,乳制品,9,炸酱面,面食粉面,1,chosen,0.5627,0.569,val,normal
1704,午餐,2,15,想吃好点,低落,晴,同事,不关心,重辣,"海鲜,乳制品",19,麻辣烫,火锅麻辣烫,1,chosen,0.5733,0.658,val,normal
1704,午餐,2,15,想吃好点,低落,晴,同事,不关心,重辣,"海鲜,乳制品",19,麻辣烫,火锅麻辣烫,1,chosen,0.5733,0.5498,val,normal
1704,午餐,2,15,想吃好点,低落,晴,同事,不关心,重辣,"海鲜,乳制品",19,麻辣烫,火锅麻辣烫,1,chosen,0.5733,0.5926,val,normal
1705,夜宵,2,39,省着点,疲惫,热,同事,不关心,微辣,,28,烤冷面,烧烤小吃,1,chosen,0.6638,0.7071,train,normal
1705,夜宵,2,39,省着点,疲惫,热,同事,不关心,微辣,,28,烤冷面,烧烤小吃,1,chosen,0.6638,0.6738,train,normal
1705,夜宵,2,39,省着点,疲惫,热,同事,不关心,微辣,,28,烤冷面,烧烤小吃,1,chosen,0.6638,0.6822,train,normal
1706,夜宵,4,32,省着点,开心,晴,朋友,随便,中辣,"海鲜,乳制品",26,烤鸡翅,烧烤小吃,1,chosen,0.635,0.6233,train,normal
1706,夜宵,4,32,省着点,开心,晴,朋友,随便,中辣,"海鲜,乳制品",26,烤鸡翅,烧烤小吃,1,chosen,0.635,0.614,train,normal
1706,夜宵,4,32,省着点,开心,晴,朋友,随便,中辣,"海鲜,乳制品",26,烤鸡翅,烧烤小吃,1,chosen,0.635,0.6521,train,normal
1707,下午加餐,2,21,省着点,一般,晴,朋友,不关心,重辣,麸质,36,希腊酸奶坚果碗,轻食健康,1,chosen,0.5906,0.5665,train,normal
1707,下午加餐,2,21,省着点,一般,晴,朋友,不关心,重辣,麸质,36,希腊酸奶坚果碗,轻食健康,1,chosen,0.5906,0.5706,train,normal
1707,下午加餐,2,21,省着点,一般,晴,朋友,不关心,重辣,麸质,36,希腊酸奶坚果碗,轻食健康,1,chosen,0.5906,0.5729,train,normal
1708,夜宵,3,51,想吃好点,一般,阴,同事,随便,微辣,"海鲜,乳制品",28,烤冷面,烧烤小吃,1,chosen,0.597,0.5514,train,normal
1708,夜宵,3,51,想吃好点,一般,阴,同事,随便,微辣,"海鲜,乳制品",28,烤冷面,烧烤小吃,1,chosen,0.597,0.5326,train,normal
1708,夜宵,3,51,想吃好点,一般,阴,同事,随便,微辣,"海鲜,乳制品",28,烤冷面,烧烤小吃,1,chosen,0.597,0.5906,train,normal
1709,下午加餐,1,16,想吃好点,兴奋,阴,一个人,随便,不吃辣,乳制品,31,鸡胸肉沙拉,轻食健康,1,chosen,0.5815,0.6245,train,normal
1709,下午加餐,1,16,想吃好点,兴奋,阴,一个人,随便,不吃辣,乳制品,31,鸡胸肉沙拉,轻食健康,1,chosen,0.5815,0.5856,train,normal
1709,下午加餐,1,16,想吃好点,兴奋,阴,一个人,随便,不吃辣,乳制品,31,鸡胸肉沙拉,轻食健康,1,chosen,0.5815,0.5558,train,normal
1709,下午加餐,1,16,想吃好点,兴奋,阴,一个人,随便,不吃辣,乳制品,33,三文鱼沙拉,轻食健康,0,considered,0.5815,0.5501,train,normal
1709,下午加餐,1,16,想吃好点,兴奋,阴,一个人,随便,不吃辣,乳制品,35,水煮时蔬+溏心蛋,轻食健康,0,considered,0.5733,0.5842,train,normal
1710,午餐,5,66,想吃好点,开心,阴,家人,随便,微辣,麸质,18,地三鲜+米饭,家常炒菜,1,chosen,0.6129,0.5626,test,normal
1710,午餐,5,66,想吃好点,开心,阴,家人,随便,微辣,麸质,18,地三鲜+米饭,家常炒菜,1,chosen,0.6129,0.5372,test,normal
1710,午餐,5,66,想吃好点,开心,阴,家人,随便,微辣,麸质,18,地三鲜+米饭,家常炒菜,1,chosen,0.6129,0.605,test,normal
1711,午餐,2,22,省着点,一般,晴,家人,不关心,微辣,素食,6,兰州牛肉面,面食粉面,1,chosen,0.5337,0.5441,train,normal
1711,午餐,2,22,省着点,一般,晴,家人,不关心,微辣,素食,6,兰州牛肉面,面食粉面,1,chosen,0.5337,0.514,train,normal
1711,午餐,2,22,省着点,一般,晴,家人,不关心,微辣,素食,6,兰州牛肉面,面食粉面,1,chosen,0.5337,0.5374,train,normal
1711,午餐,2,22,省着点,一般,晴,家人,不关心,微辣,素食,9,炸酱面,面食粉面,0,considered,0.5199,0.5021,train,normal
1711,午餐,2,22,省着点,一般,晴,家人,不关心,微辣,素食,8,番茄鸡蛋面,面食粉面,0,considered,0.4774,0.5168,train,normal
1712,晚餐,3,56,正常,疲惫,晴,朋友,想健康,微辣,,42,烤鸡胸配土豆泥,西式简餐,1,chosen,0.6684,0.6226,train,normal
1712,晚餐,3,56,正常,疲惫,晴,朋友,想健康,微辣,,42,烤鸡胸配土豆泥,西式简餐,1,chosen,0.6684,0.6467,train,normal
1712,晚餐,3,56,正常,疲惫,晴,朋友,想健康,微辣,,42,烤鸡胸配土豆泥,西式简餐,1,chosen,0.6684,0.6783,train,normal
1712,晚餐,3,56,正常,疲惫,晴,朋友,想健康,微辣,,40,奶油蘑菇汤+面包,西式简餐,0,considered,0.6611,0.6738,train,normal
1712,晚餐,3,56,正常,疲惫,晴,朋友,想健康,微辣,,37,番茄肉酱意面,西式简餐,0,considered,0.6546,0.6591,train,normal
1713,夜宵,4,62,正常,疲惫,热,一个人,严格控制,不吃辣,,8,番茄鸡蛋面,面食粉面,1,chosen,0.6095,0.6584,train,normal
1713,夜宵,4,62,正常,疲惫,热,一个人,严格控制,不吃辣,,8,番茄鸡蛋面,面食粉面,1,chosen,0.6095,0.6283,train,normal
1713,夜宵,4,62,正常,疲惫,热,一个人,严格控制,不吃辣,,8,番茄鸡蛋面,面食粉面,1,chosen,0.6095,0.5743,train,normal
1714,夜宵,4,62,正常,低落,雪,朋友,想健康,中辣,,26,烤鸡翅,烧烤小吃,1,chosen,0.8628,0.9064,test,snow
1714,夜宵,4,62,正常,低落,雪,朋友,想健康,中辣,,26,烤鸡翅,烧烤小吃,1,chosen,0.8628,0.8511,test,snow
1714,夜宵,4,62,正常,低落,雪,朋友,想健康,中辣,,26,烤鸡翅,烧烤小吃,1,chosen,0.8628,0.8572,test,snow
1714,夜宵,4,62,正常,低落,雪,朋友,想健康,中辣,,27,烤茄子,烧烤小吃,0,considered,0.7858,0.8081,test,snow
1714,夜宵,4,62,正常,低落,雪,朋友,想健康,中辣,,30,铁板豆腐,烧烤小吃,0,considered,0.7681,0.7928,test,snow
1715,午餐,2,89,想吃好点,开心,晴,同事,不关心,重辣,,19,麻辣烫,火锅麻辣烫,1,chosen,0.5526,0.5235,train,normal
1715,午餐,2,89,想吃好点,开心,晴,同事,不关心,重辣,,19,麻辣烫,火锅麻辣烫,1,chosen,0.5526,0.5288,train,normal
1715,午餐,2,89,想吃好点,开心,晴,同事,不关心,重辣,,15,宫保鸡丁+米饭,家常炒菜,1,chosen,0.5378,0.5086,train,normal
1716,晚餐,4,41,省着点,开心,晴,一个人,随便,重辣,,13,麻婆豆腐+米饭,家常炒菜,1,chosen,0.5148,0.463,train,normal
1716,晚餐,4,41,省着点,开心,晴,一个人,随便,重辣,,19,麻辣烫,火锅麻辣烫,1,chosen,0.5111,0.5658,train,normal
1716,晚餐,4,41,省着点,开心,晴,一个人,随便,重辣,,10,螺蛳粉,面食粉面,1,chosen,0.5166,0.4787,train,normal
1716,晚餐,4,41,省着点,开心,晴,一个人,随便,重辣,,10,螺蛳粉,面食粉面,0,considered,0.5166,0.495,train,normal
1716,晚餐,4,41,省着点,开心,晴,一个人,随便,重辣,,11,云南小锅米线,面食粉面,0,considered,0.5038,0.5342,train,normal
1717,午餐,5,27,正常,一般,雪,一个人,想健康,中辣,,15,宫保鸡丁+米饭,家常炒菜,1,chosen,0.6771,0.6413,test,snow
1717,午餐,5,27,正常,一般,雪,一个人,想健康,中辣,,15,宫保鸡丁+米饭,家常炒菜,1,chosen,0.6771,0.6056,test,snow
1717,午餐,5,27,正常,一般,雪,一个人,想健康,中辣,,15,宫保鸡丁+米饭,家常炒菜,1,chosen,0.6771,0.6522,test,snow
1718,早餐,4,55,正常,开心,雪,朋友,不关心,中辣,,11,云南小锅米线,面食粉面,1,chosen,0.73,0.7726,test,snow
1718,早餐,4,55,正常,开心,雪,朋友,不关心,中辣,,11,云南小锅米线,面食粉面,1,chosen,0.73,0.7763,test,snow
1718,早餐,4,55,正常,开心,雪,朋友,不关心,中辣,,11,云南小锅米线,面食粉面,1,chosen,0.73,0.7091,test,snow
1719,晚餐,5,60,不差钱,开心,雪,约会,随便,中辣,,15,宫保鸡丁+米饭,家常炒菜,1,chosen,0.7521,0.7828,test,snow
1719,晚餐,5,60,不差钱,开心,雪,约会,随便,中辣,,15,宫保鸡丁+米饭,家常炒菜,1,chosen,0.7521,0.7839,test,snow
1719,晚餐,5,60,不差钱,开心,雪,约会,随便,中辣,,15,宫保鸡丁+米饭,家常炒菜,1,chosen,0.7521,0.7457,test,snow
1720,午餐,4,58,正常,一般,晴,朋友,随便,不吃辣,素食,37,番茄肉酱意面,西式简餐,1,chosen,0.587,0.5756,train,normal
1720,午餐,4,58,正常,一般,晴,朋友,随便,不吃辣,素食,37,番茄肉酱意面,西式简餐,1,chosen,0.587,0.6635,train,normal
1720,午餐,4,58,正常,一般,晴,朋友,随便,不吃辣,素食,18,地三鲜+米饭,家常炒菜,1,chosen,0.6015,0.5966,train,normal
1721,晚餐,4,40,省着点,一般,雨,同事,不关心,不吃辣,素食,9,炸酱面,面食粉面,1,chosen,0.5719,0.5648,test,normal
1721,晚餐,4,40,省着点,一般,雨,同事,不关心,不吃辣,素食,9,炸酱面,面食粉面,1,chosen,0.5719,0.5457,test,normal
1721,晚餐,4,40,省着点,一般,雨,同事,不关心,不吃辣,素食,9,炸酱面,面食粉面,1,chosen,0.5719,0.5558,test,normal
1722,夜宵,3,26,正常,兴奋,冷,约会,严格控制,不吃辣,,8,番茄鸡蛋面,面食粉面,1,chosen,0.7209,0.6525,train,normal
1722,夜宵,3,26,正常,兴奋,冷,约会,严格控制,不吃辣,,8,番茄鸡蛋面,面食粉面,1,chosen,0.7209,0.674,train,normal
1722,夜宵,3,26,正常,兴奋,冷,约会,严格控制,不吃辣,,8,番茄鸡蛋面,面食粉面,1,chosen,0.7209,0.6896,train,normal
1723,早餐,3,73,不差钱,开心,雨,家人,随便,微辣,,43,皮蛋瘦肉粥+油条,早餐粥点,1,chosen,0.6486,0.6669,val,normal
1723,早餐,3,73,不差钱,开心,雨,家人,随便,微辣,,43,皮蛋瘦肉粥+油条,早餐粥点,1,chosen,0.6486,0.6883,val,normal
1723,早餐,3,73,不差钱,开心,雨,家人,随便,微辣,,6,兰州牛肉面,面食粉面,1,chosen,0.6159,0.5842,val,normal
1724,晚餐,2,15,正常,疲惫,阴,一个人,想健康,重辣,,13,麻婆豆腐+米饭,家常炒菜,1,chosen,0.5636,0.5585,train,normal
1724,晚餐,2,15,正常,疲惫,阴,一个人,想健康,重辣,,13,麻婆豆腐+米饭,家常炒菜,1,chosen,0.5636,0.5468,train,normal
1724,晚餐,2,15,正常,疲惫,阴,一个人,想健康,重辣,,13,麻婆豆腐+米饭,家常炒菜,1,chosen,0.5636,0.5992,train,normal
1725,午餐,5,42,不差钱,兴奋,晴,同事,不关心,中辣,,15,宫保鸡丁+米饭,家常炒菜,1,chosen,0.5503,0.5199,val,normal
1725,午餐,5,42,不差钱,兴奋,晴,同事,不关心,中辣,,15,宫保鸡丁+米饭,家常炒菜,1,chosen,0.5503,0.5426,val,normal
1725,午餐,5,42,不差钱,兴奋,晴,同事,不关心,中辣,,15,宫保鸡丁+米饭,家常炒菜,1,chosen,0.5503,0.5556,val,normal
1725,午餐,5,42,不差钱,兴奋,晴,同事,不关心,中辣,,18,地三鲜+米饭,家常炒菜,0,considered,0.5309,0.4953,val,normal
1725,午餐,5,42,不差钱,兴奋,晴,同事,不关心,中辣,,16,红烧肉+米饭,家常炒菜,0,considered,0.4633,0.4928,val,normal
1726,午餐,3,59,想吃好点,开心,晴,朋友,不关心,不吃辣,,42,烤鸡胸配土豆泥,西式简餐,1,chosen,0.6018,0.6051,train,normal
1726,午餐,3,59,想吃好点,开心,晴,朋友,不关心,不吃辣,,42,烤鸡胸配土豆泥,西式简餐,1,chosen,0.6018,0.6131,train,normal
1726,午餐,3,59,想吃好点,开心,晴,朋友,不关心,不吃辣,,42,烤鸡胸配土豆泥,西式简餐,1,chosen,0.6018,0.5648,train,normal
1726,午餐,3,59,想吃好点,开心,晴,朋友,不关心,不吃辣,,40,奶油蘑菇汤+面包,西式简餐,0,considered,0.595,0.6126,train,normal
1726,午餐,3,59,想吃好点,开心,晴,朋友,不关心,不吃辣,,37,番茄肉酱意面,西式简餐,0,considered,0.5882,0.655,train,normal
1727,晚餐,2,15,想吃好点,压力大,雨,约会,随便,中辣,,26,烤鸡翅,烧烤小吃,1,chosen,0.6645,0.6995,train,normal
1727,晚餐,2,15,想吃好点,压力大,雨,约会,随便,中辣,,26,烤鸡翅,烧烤小吃,1,chosen,0.6645,0.704,train,normal
1727,晚餐,2,15,想吃好点,压力大,雨,约会,随便,中辣,,26,烤鸡翅,烧烤小吃,1,chosen,0.6645,0.6675,train,normal
1727,晚餐,2,15,想吃好点,压力大,雨,约会,随便,中辣,,25,烤羊肉串,烧烤小吃,0,considered,0.6377,0.6359,train,normal
1727,晚餐,2,15,想吃好点,压力大,雨,约会,随便,中辣,,27,烤茄子,烧烤小吃,0,considered,0.5881,0.5582,train,normal
1728,午餐,2,19,想吃好点,一般,冷,一个人,随便,不吃辣,,40,奶油蘑菇汤+面包,西式简餐,1,chosen,0.5133,0.5234,train,normal
1728,午餐,2,19,想吃好点,一般,冷,一个人,随便,不吃辣,,37,番茄肉酱意面,西式简餐,1,chosen,0.48,0.4824,train,normal
1728,午餐,2,19,想吃好点,一般,冷,一个人,随便,不吃辣,,40,奶油蘑菇汤+面包,西式简餐,1,chosen,0.5133,0.5743,train,normal
1728,午餐,2,19,想吃好点,一般,冷,一个人,随便,不吃辣,,42,烤鸡胸配土豆泥,西式简餐,0,considered,0.4817,0.4884,train,normal
1728,午餐,2,19,想吃好点,一般,冷,一个人,随便,不吃辣,,37,番茄肉酱意面,西式简餐,0,considered,0.48,0.4896,train,normal
1729,早餐,4,37,省着点,低落,雪,朋友,想健康,微辣,"海鲜,乳制品",45,杂粮煎饼果子,早餐粥点,1,chosen,0.7783,0.761,test,snow
1729,早餐,4,37,省着点,低落,雪,朋友,想健康,微辣,"海鲜,乳制品",45,杂粮煎饼果子,早餐粥点,1,chosen,0.7783,0.8045,test,snow
1729,早餐,4,37,省着点,低落,雪,朋友,想健康,微辣,"海鲜,乳制品",45,杂粮煎饼果子,早餐粥点,1,chosen,0.7783,0.7573,test,snow
1730,晚餐,3,36,正常,开心,阴,朋友,想健康,不吃辣,"海鲜,乳制品",42,烤鸡胸配土豆泥,西式简餐,1,chosen,0.6316,0.6911,val,normal
1730,晚餐,3,36,正常,开心,阴,朋友,想健康,不吃辣,"海鲜,乳制品",42,烤鸡胸配土豆泥,西式简餐,1,chosen,0.6316,0.6798,val,normal
1730,晚餐,3,36,正常,开心,阴,朋友,想健康,不吃辣,"海鲜,乳制品",42,烤鸡胸配土豆泥,西式简餐,1,chosen,0.6316,0.6215,val,normal
1731,午餐,4,60,不差钱,压力大,晴,约会,不关心,微辣,,24,菌汤火锅,火锅麻辣烫,1,chosen,0.6659,0.6507,train,normal
1731,午餐,4,60,不差钱,压力大,晴,约会,不关心,微辣,,24,菌汤火锅,火锅麻辣烫,1,chosen,0.6659,0.6417,train,normal
1731,午餐,4,60,不差钱,压力大,晴,约会,不关心,微辣,,24,菌汤火锅,火锅麻辣烫,1,chosen,0.6659,0.6474,train,normal
1731,午餐,4,60,不差钱,压力大,晴,约会,不关心,微辣,,20,清汤火锅,火锅麻辣烫,0,considered,0.6304,0.6467,train,normal
1731,午餐,4,60,不差钱,压力大,晴,约会,不关心,微辣,,23,冒菜,火锅麻辣烫,0,considered,0.4892,0.4619,train,normal
1732,午餐,4,62,正常,压力大,雨,一个人,想健康,中辣,素食,11,云南小锅米线,面食粉面,1,chosen,0.632,0.6218,val,normal
1732,午餐,4,62,正常,压力大,雨,一个人,想健康,中辣,素食,11,云南小锅米线,面食粉面,1,chosen,0.632,0.5834,val,normal
1732,午餐,4,62,正常,压力大,雨,一个人,想健康,中辣,素食,11,云南小锅米线,面食粉面,1,chosen,0.632,0.6047,val,normal
1732,午餐,4,62,正常,压力大,雨,一个人,想健康,中辣,素食,6,兰州牛肉面,面食粉面,0,considered,0.624,0.6528,val,normal
1732,午餐,4,62,正常,压力大,雨,一个人,想健康,中辣,素食,9,炸酱面,面食粉面,0,considered,0.6101,0.6233,val,normal
1733,午餐,1,78,不差钱,开心,晴,一个人,不关心,微辣,海鲜,40,奶油蘑菇汤+面包,西式简餐,1,chosen,0.4354,0.41,train,normal
1733,午餐,1,78,不差钱,开心,晴,一个人,不关心,微辣,海鲜,24,菌汤火锅,火锅麻辣烫,1,chosen,0.4744,0.4393,train,normal
1733,午餐,1,78,不差钱,开心,晴,一个人,不关心,微辣,海鲜,24,菌汤火锅,火锅麻辣烫,1,chosen,0.4744,0.5079,train,normal
1734,晚餐,3,37,想吃好点,一般,晴,一个人,不关心,不吃辣,海鲜,40,奶油蘑菇汤+面包,西式简餐,1,chosen,0.4963,0.5009,train,normal
1734,晚餐,3,37,想吃好点,一般,晴,一个人,不关心,不吃辣,海鲜,40,奶油蘑菇汤+面包,西式简餐,1,chosen,0.4963,0.4399,train,normal
1734,晚餐,3,37,想吃好点,一般,晴,一个人,不关心,不吃辣,海鲜,40,奶油蘑菇汤+面包,西式简餐,1,chosen,0.4963,0.539,train,normal
1734,晚餐,3,37,想吃好点,一般,晴,一个人,不关心,不吃辣,海鲜,42,烤鸡胸配土豆泥,西式简餐,0,considered,0.4963,0.4102,train,normal
1734,晚餐,3,37,想吃好点,一般,晴,一个人,不关心,不吃辣,海鲜,37,番茄肉酱意面,西式简餐,0,considered,0.4827,0.4459,train,normal
1735,早餐,1,84,省着点,压力大,晴,家人,严格控制,不吃辣,,46,燕麦牛奶粥,早餐粥点,1,chosen,0.718,0.7556,train,normal
1735,早餐,1,84,省着点,压力大,晴,家人,严格控制,不吃辣,,46,燕麦牛奶粥,早餐粥点,1,chosen,0.718,0.7268,train,normal
1735,早餐,1,84,省着点,压力大,晴,家人,严格控制,不吃辣,,46,燕麦牛奶粥,早餐粥点,1,chosen,0.718,0.7663,train,normal
1736,夜宵,4,60,想吃好点,一般,热,约会,严格控制,中辣,,26,烤鸡翅,烧烤小吃,1,chosen,0.7262,0.6558,val,normal
1736,夜宵,4,60,想吃好点,一般,热,约会,严格控制,中辣,,26,烤鸡翅,烧烤小吃,1,chosen,0.7262,0.714,val,normal
1736,夜宵,4,60,想吃好点,一般,热,约会,严格控制,中辣,,26,烤鸡翅,烧烤小吃,1,chosen,0.7262,0.7173,val,normal
1736,夜宵,4,60,想吃好点,一般,热,约会,严格控制,中辣,,27,烤茄子,烧烤小吃,0,considered,0.6752,0.6846,val,normal
1736,夜宵,4,60,想吃好点,一般,热,约会,严格控制,中辣,,30,铁板豆腐,烧烤小吃,0,considered,0.653,0.6172,val,normal
1737,下午加餐,2,82,省着点,一般,雨,朋友,不关心,中辣,乳制品,34,全麦鸡肉三明治,轻食健康,1,chosen,0.6383,0.6171,val,normal
1737,下午加餐,2,82,省着点,一般,雨,朋友,不关心,中辣,乳制品,34,全麦鸡肉三明治,轻食健康,1,chosen,0.6383,0.5495,val,normal
1737,下午加餐,2,82,省着点,一般,雨,朋友,不关心,中辣,乳制品,34,全麦鸡肉三明治,轻食健康,1,chosen,0.6383,0.7366,val,normal
1737,下午加餐,2,82,省着点,一般,雨,朋友,不关心,中辣,乳制品,35,水煮时蔬+溏心蛋,轻食健康,0,considered,0.6094,0.6182,val,normal
1737,下午加餐,2,82,省着点,一般,雨,朋友,不关心,中辣,乳制品,31,鸡胸肉沙拉,轻食健康,0,considered,0.5807,0.549,val,normal
1738,晚餐,3,55,正常,开心,晴,同事,随便,中辣,,26,烤鸡翅,烧烤小吃,1,chosen,0.545,0.5717,val,normal
1738,晚餐,3,55,正常,开心,晴,同事,随便,中辣,,15,宫保鸡丁+米饭,家常炒菜,1,chosen,0.565,0.56,val,normal
1738,晚餐,3,55,正常,开心,晴,同事,随便,中辣,,15,宫保鸡丁+米饭,家常炒菜,1,chosen,0.565,0.5454,val,normal
1738,晚餐,3,55,正常,开心,晴,同事,随便,中辣,,18,地三鲜+米饭,家常炒菜,0,considered,0.5287,0.5039,val,normal
1738,晚餐,3,55,正常,开心,晴,同事,随便,中辣,,17,蒜蓉西兰花+米饭,家常炒菜,0,considered,0.5041,0.5076,val,normal
1739,晚餐,4,46,正常,开心,晴,一个人,不关心,微辣,,18,地三鲜+米饭,家常炒菜,1,chosen,0.5188,0.5041,train,normal
1739,晚餐,4,46,正常,开心,晴,一个人,不关心,微辣,,18,地三鲜+米饭,家常炒菜,1,chosen,0.5188,0.469,train,normal
1739,晚餐,4,46,正常,开心,晴,一个人,不关心,微辣,,18,地三鲜+米饭,家常炒菜,1,chosen,0.5188,0.5766,train,normal
1740,晚餐,1,80,正常,一般,阴,同事,随便,重辣,,19,麻辣烫,火锅麻辣烫,1,chosen,0.5163,0.5066,train,normal
1740,晚餐,1,80,正常,一般,阴,同事,随便,重辣,,19,麻辣烫,火锅麻辣烫,1,chosen,0.5163,0.4587,train,normal
1740,晚餐,1,80,正常,一般,阴,同事,随便,重辣,,19,麻辣烫,火锅麻辣烫,1,chosen,0.5163,0.5107,train,normal
1740,晚餐,1,80,正常,一般,阴,同事,随便,重辣,,23,冒菜,火锅麻辣烫,0,considered,0.4696,0.4585,train,normal
1740,晚餐,1,80,正常,一般,阴,同事,随便,重辣,,22,关东煮,火锅麻辣烫,0,considered,0.4468,0.465,train,normal
1741,晚餐,2,40,想吃好点,一般,阴,朋友,不关心,重辣,,19,麻辣烫,火锅麻辣烫,1,chosen,0.6151,0.6174,train,normal
1741,晚餐,2,40,想吃好点,一般,阴,朋友,不关心,重辣,,15,宫保鸡丁+米饭,家常炒菜,1,chosen,0.601,0.5794,train,normal
1741,晚餐,2,40,想吃好点,一般,阴,朋友,不关心,重辣,,19,麻辣烫,火锅麻辣烫,1,chosen,0.6151,0.6089,train,normal
1741,晚餐,2,40,想吃好点,一般,阴,朋友,不关心,重辣,,23,冒菜,火锅麻辣烫,0,considered,0.5835,0.5634,train,normal
1741,晚餐,2,40,想吃好点,一般,阴,朋友,不关心,重辣,,24,菌汤火锅,火锅麻辣烫,0,considered,0.4889,0.5152,train,normal
1742,夜宵,4,64,想吃好点,低落,雨,约会,想健康,不吃辣,素食,24,菌汤火锅,火锅麻辣烫,1,chosen,0.7123,0.702,train,normal
1742,夜宵,4,64,想吃好点,低落,雨,约会,想健康,不吃辣,素食,24,菌汤火锅,火锅麻辣烫,1,chosen,0.7123,0.7465,train,normal
1742,夜宵,4,64,想吃好点,低落,雨,约会,想健康,不吃辣,素食,24,菌汤火锅,火锅麻辣烫,1,chosen,0.7123,0.6691,train,normal
1742,夜宵,4,64,想吃好点,低落,雨,约会,想健康,不吃辣,素食,20,清汤火锅,火锅麻辣烫,0,considered,0.6873,0.6349,train,normal
1742,夜宵,4,64,想吃好点,低落,雨,约会,想健康,不吃辣,素食,22,关东煮,火锅麻辣烫,0,considered,0.4664,0.5196,train,normal
1743,夜宵,4,42,正常,兴奋,热,约会,随便,重辣,,26,烤鸡翅,烧烤小吃,1,chosen,0.7106,0.6687,val,normal
1743,夜宵,4,42,正常,兴奋,热,约会,随便,重辣,,26,烤鸡翅,烧烤小吃,1,chosen,0.7106,0.7409,val,normal
1743,夜宵,4,42,正常,兴奋,热,约会,随便,重辣,,26,烤鸡翅,烧烤小吃,1,chosen,0.7106,0.6903,val,normal
1743,夜宵,4,42,正常,兴奋,热,约会,随便,重辣,,25,烤羊肉串,烧烤小吃,0,considered,0.6502,0.6642,val,normal
1743,夜宵,4,42,正常,兴奋,热,约会,随便,重辣,,27,烤茄子,烧烤小吃,0,considered,0.634,0.6208,val,normal
1744,下午加餐,5,30,想吃好点,一般,晴,约会,想健康,微辣,,32,藜麦牛油果碗,轻食健康,1,chosen,0.6011,0.5608,train,normal
1744,下午加餐,5,30,想吃好点,一般,晴,约会,想健康,微辣,,32,藜麦牛油果碗,轻食健康,1,chosen,0.6011,0.6206,train,normal
1744,下午加餐,5,30,想吃好点,一般,晴,约会,想健康,微辣,,35,水煮时蔬+溏心蛋,轻食健康,1,chosen,0.5393,0.5106,train,normal
1745,午餐,3,78,省着点,一般,雪,朋友,想健康,不吃辣,素食,40,奶油蘑菇汤+面包,西式简餐,1,chosen,0.6848,0.7604,test,snow
1745,午餐,3,78,省着点,一般,雪,朋友,想健康,不吃辣,素食,40,奶油蘑菇汤+面包,西式简餐,1,chosen,0.6848,0.6794,test,snow
1745,午餐,3,78,省着点,一般,雪,朋友,想健康,不吃辣,素食,40,奶油蘑菇汤+面包,西式简餐,1,chosen,0.6848,0.6398,test,snow
1745,午餐,3,78,省着点,一般,雪,朋友,想健康,不吃辣,素食,37,番茄肉酱意面,西式简餐,0,considered,0.64,0.6683,test,snow
1745,午餐,3,78,省着点,一般,雪,朋友,想健康,不吃辣,素食,41,玛格丽特披萨,西式简餐,0,considered,0.5358,0.5669,test,snow
1746,早餐,2,40,正常,一般,热,朋友,想健康,不吃辣,,8,番茄鸡蛋面,面食粉面,1,chosen,0.6458,0.6579,val,normal
1746,早餐,2,40,正常,一般,热,朋友,想健康,不吃辣,,8,番茄鸡蛋面,面食粉面,1,chosen,0.6458,0.6608,val,normal
1746,早餐,2,40,正常,一般,热,朋友,想健康,不吃辣,,8,番茄鸡蛋面,面食粉面,1,chosen,0.6458,0.6013,val,normal
1746,早餐,2,40,正常,一般,热,朋友,想健康,不吃辣,,9,炸酱面,面食粉面,0,considered,0.5645,0.6029,val,normal
1746,早餐,2,40,正常,一般,热,朋友,想健康,不吃辣,,6,兰州牛肉面,面食粉面,0,considered,0.5146,0.5107,val,normal
1747,夜宵,2,78,正常,一般,热,一个人,严格控制,不吃辣,,24,菌汤火锅,火锅麻辣烫,1,chosen,0.5056,0.487,val,normal
1747,夜宵,2,78,正常,一般,热,一个人,严格控制,不吃辣,,8,番茄鸡蛋面,面食粉面,1,chosen,0.5984,0.5787,val,normal
1747,夜宵,2,78,正常,一般,热,一个人,严格控制,不吃辣,,8,番茄鸡蛋面,面食粉面,1,chosen,0.5984,0.5686,val,normal
1748,午餐,2,84,省着点,一般,雪,同事,严格控制,微辣,,17,蒜蓉西兰花+米饭,家常炒菜,1,chosen,0.6801,0.6504,test,snow
1748,午餐,2,84,省着点,一般,雪,同事,严格控制,微辣,,17,蒜蓉西兰花+米饭,家常炒菜,1,chosen,0.6801,0.6775,test,snow
1748,午餐,2,84,省着点,一般,雪,同事,严格控制,微辣,,17,蒜蓉西兰花+米饭,家常炒菜,1,chosen,0.6801,0.7005,test,snow
1749,晚餐,3,47,不差钱,开心,阴,一个人,随便,中辣,,15,宫保鸡丁+米饭,家常炒菜,1,chosen,0.5195,0.4949,train,normal
1749,晚餐,3,47,不差钱,开心,阴,一个人,随便,中辣,,15,宫保鸡丁+米饭,家常炒菜,1,chosen,0.5195,0.5735,train,normal
1749,晚餐,3,47,不差钱,开心,阴,一个人,随便,中辣,,15,宫保鸡丁+米饭,家常炒菜,1,chosen,0.5195,0.5254,train,normal
1750,晚餐,2,47,正常,低落,晴,朋友,随便,重辣,,19,麻辣烫,火锅麻辣烫,1,chosen,0.6693,0.6783,train,normal
1750,晚餐,2,47,正常,低落,晴,朋友,随便,重辣,,15,宫保鸡丁+米饭,家常炒菜,1,chosen,0.6417,0.615,train,normal
1750,晚餐,2,47,正常,低落,晴,朋友,随便,重辣,,19,麻辣烫,火锅麻辣烫,1,chosen,0.6693,0.6252,train,normal
1750,晚餐,2,47,正常,低落,晴,朋友,随便,重辣,,23,冒菜,火锅麻辣烫,0,considered,0.6353,0.6296,train,normal
1750,晚餐,2,47,正常,低落,晴,朋友,随便,重辣,,24,菌汤火锅,火锅麻辣烫,0,considered,0.4723,0.4515,train,normal
1751,晚餐,3,22,正常,疲惫,雨,家人,想健康,不吃辣,,40,奶油蘑菇汤+面包,西式简餐,1,chosen,0.7045,0.7166,test,normal
1751,晚餐,3,22,正常,疲惫,雨,家人,想健康,不吃辣,,40,奶油蘑菇汤+面包,西式简餐,1,chosen,0.7045,0.6898,test,normal
1751,晚餐,3,22,正常,疲惫,雨,家人,想健康,不吃辣,,40,奶油蘑菇汤+面包,西式简餐,1,chosen,0.7045,0.68,test,normal
1752,午餐,3,89,想吃好点,开心,晴,朋友,随便,不吃辣,海鲜,42,烤鸡胸配土豆泥,西式简餐,1,chosen,0.6018,0.6083,train,normal
1752,午餐,3,89,想吃好点,开心,晴,朋友,随便,不吃辣,海鲜,42,烤鸡胸配土豆泥,西式简餐,1,chosen,0.6018,0.5954,train,normal
1752,午餐,3,89,想吃好点,开心,晴,朋友,随便,不吃辣,海鲜,42,烤鸡胸配土豆泥,西式简餐,1,chosen,0.6018,0.5779,train,normal
1753,晚餐,1,63,不差钱,一般,热,家人,严格控制,重辣,,24,菌汤火锅,火锅麻辣烫,1,chosen,0.628,0.6044,test,normal
1753,晚餐,1,63,不差钱,一般,热,家人,严格控制,重辣,,24,菌汤火锅,火锅麻辣烫,1,chosen,0.628,0.6065,test,normal
1753,晚餐,1,63,不差钱,一般,热,家人,严格控制,重辣,,24,菌汤火锅,火锅麻辣烫,1,chosen,0.628,0.6264,test,normal
1753,晚餐,1,63,不差钱,一般,热,家人,严格控制,重辣,,20,清汤火锅,火锅麻辣烫,0,considered,0.5865,0.5465,test,normal
1753,晚餐,1,63,不差钱,一般,热,家人,严格控制,重辣,,22,关东煮,火锅麻辣烫,0,considered,0.4782,0.459,test,normal
1754,午餐,4,35,正常,一般,热,约会,随便,重辣,"海鲜,乳制品",23,冒菜,火锅麻辣烫,1,chosen,0.6532,0.6176,train,normal
1754,午餐,4,35,正常,一般,热,约会,随便,重辣,"海鲜,乳制品",23,冒菜,火锅麻辣烫,1,chosen,0.6532,0.6418,train,normal
1754,午餐,4,35,正常,一般,热,约会,随便,重辣,"海鲜,乳制品",23,冒菜,火锅麻辣烫,1,chosen,0.6532,0.6547,train,normal
1754,午餐,4,35,正常,一般,热,约会,随便,重辣,"海鲜,乳制品",19,麻辣烫,火锅麻辣烫,0,considered,0.6464,0.6103,train,normal
1754,午餐,4,35,正常,一般,热,约会,随便,重辣,"海鲜,乳制品",24,菌汤火锅,火锅麻辣烫,0,considered,0.4517,0.4366,train,normal
1755,早餐,5,47,省着点,低落,冷,朋友,严格控制,中辣,,11,云南小锅米线,面食粉面,1,chosen,0.7329,0.6923,test,normal
1755,早餐,5,47,省着点,低落,冷,朋友,严格控制,中辣,,11,云南小锅米线,面食粉面,1,chosen,0.7329,0.6829,test,normal
1755,早餐,5,47,省着点,低落,冷,朋友,严格控制,中辣,,11,云南小锅米线,面食粉面,1,chosen,0.7329,0.7061,test,normal
1755,早餐,5,47,省着点,低落,冷,朋友,严格控制,中辣,,6,兰州牛肉面,面食粉面,0,considered,0.7058,0.7271,test,normal
1755,早餐,5,47,省着点,低落,冷,朋友,严格控制,中辣,,8,番茄鸡蛋面,面食粉面,0,considered,0.6795,0.6014,test,normal
1756,晚餐,3,27,正常,开心,晴,同事,随便,中辣,,6,兰州牛肉面,面食粉面,1,chosen,0.5438,0.5356,train,normal
1756,晚餐,3,27,正常,开心,晴,同事,随便,中辣,,15,宫保鸡丁+米饭,家常炒菜,1,chosen,0.565,0.5704,train,normal
1756,晚餐,3,27,正常,开心,晴,同事,随便,中辣,,11,云南小锅米线,面食粉面,1,chosen,0.545,0.5069,train,normal
1757,下午加餐,5,40,想吃好点,压力大,冷,一个人,想健康,中辣,,34,全麦鸡肉三明治,轻食健康,1,chosen,0.5828,0.5809,val,normal
1757,下午加餐,5,40,想吃好点,压力大,冷,一个人,想健康,中辣,,32,藜麦牛油果碗,轻食健康,1,chosen,0.5891,0.6599,val,normal
1757,下午加餐,5,40,想吃好点,压力大,冷,一个人,想健康,中辣,,32,藜麦牛油果碗,轻食健康,1,chosen,0.5891,0.6076,val,normal
1758,午餐,2,76,不差钱,兴奋,晴,家人,想健康,微辣,乳制品,24,菌汤火锅,火锅麻辣烫,1,chosen,0.6449,0.5904,train,normal
1758,午餐,2,76,不差钱,兴奋,晴,家人,想健康,微辣,乳制品,20,清汤火锅,火锅麻辣烫,1,chosen,0.6352,0.6587,train,normal
1758,午餐,2,76,不差钱,兴奋,晴,家人,想健康,微辣,乳制品,24,菌汤火锅,火锅麻辣烫,1,chosen,0.6449,0.6195,train,normal
1759,晚餐,3,94,正常,疲惫,晴,朋友,严格控制,不吃辣,,42,烤鸡胸配土豆泥,西式简餐,1,chosen,0.6744,0.7245,train,normal
1759,晚餐,3,94,正常,疲惫,晴,朋友,严格控制,不吃辣,,42,烤鸡胸配土豆泥,西式简餐,1,chosen,0.6744,0.7391,train,normal
1759,晚餐,3,94,正常,疲惫,晴,朋友,严格控制,不吃辣,,12,西红柿炒蛋+米饭,家常炒菜,1,chosen,0.6512,0.5924,train,normal
1759,晚餐,3,94,正常,疲惫,晴,朋友,严格控制,不吃辣,,40,奶油蘑菇汤+面包,西式简餐,0,considered,0.6591,0.6613,train,normal
1759,晚餐,3,94,正常,疲惫,晴,朋友,严格控制,不吃辣,,37,番茄肉酱意面,西式简餐,0,considered,0.6526,0.6181,train,normal
1760,夜宵,4,72,不差钱,一般,阴,一个人,随便,微辣,,24,菌汤火锅,火锅麻辣烫,1,chosen,0.537,0.5202,train,normal
1760,夜宵,4,72,不差钱,一般,阴,一个人,随便,微辣,,24,菌汤火锅,火锅麻辣烫,1,chosen,0.537,0.5593,train,normal
1760,夜宵,4,72,不差钱,一般,阴,一个人,随便,微辣,,26,烤鸡翅,烧烤小吃,1,chosen,0.4735,0.5135,train,normal
1761,晚餐,4,44,正常,一般,热,朋友,想健康,不吃辣,,18,地三鲜+米饭,家常炒菜,1,chosen,0.6276,0.6911,train,normal
1761,晚餐,4,44,正常,一般,热,朋友,想健康,不吃辣,,9,炸酱面,面食粉面,1,chosen,0.6381,0.6508,train,normal
1761,晚餐,4,44,正常,一般,热,朋友,想健康,不吃辣,,9,炸酱面,面食粉面,1,chosen,0.6381,0.6797,train,normal
1762,晚餐,3,15,省着点,疲惫,雪,朋友,不关心,不吃辣,,3,台式卤肉饭,中式快餐盖饭,1,chosen,0.6838,0.6905,test,snow
1762,晚餐,3,15,省着点,疲惫,雪,朋友,不关心,不吃辣,,3,台式卤肉饭,中式快餐盖饭,1,chosen,0.6838,0.6996,test,snow
1762,晚餐,3,15,省着点,疲惫,雪,朋友,不关心,不吃辣,,3,台式卤肉饭,中式快餐盖饭,1,chosen,0.6838,0.6748,test,snow
1763,夜宵,3,46,想吃好点,一般,雨,家人,想健康,重辣,,26,烤鸡翅,烧烤小吃,1,chosen,0.7438,0.7451,train,normal
1763,夜宵,3,46,想吃好点,一般,雨,家人,想健康,重辣,,26,烤鸡翅,烧烤小吃,1,chosen,0.7438,0.7583,train,normal
1763,夜宵,3,46,想吃好点,一般,雨,家人,想健康,重辣,,26,烤鸡翅,烧烤小吃,1,chosen,0.7438,0.7499,train,normal
1763,夜宵,3,46,想吃好点,一般,雨,家人,想健康,重辣,,27,烤茄子,烧烤小吃,0,considered,0.7039,0.74,train,normal
1763,夜宵,3,46,想吃好点,一般,雨,家人,想健康,重辣,,30,铁板豆腐,烧烤小吃,0,considered,0.6953,0.7274,train,normal
1764,早餐,1,52,省着点,开心,热,约会,严格控制,重辣,,46,燕麦牛奶粥,早餐粥点,1,chosen,0.7121,0.731,train,normal
1764,早餐,1,52,省着点,开心,热,约会,严格控制,重辣,,44,小笼包+豆浆,早餐粥点,1,chosen,0.6731,0.6293,train,normal
1764,早餐,1,52,省着点,开心,热,约会,严格控制,重辣,,46,燕麦牛奶粥,早餐粥点,1,chosen,0.7121,0.7497,train,normal
1765,晚餐,2,51,不差钱,疲惫,晴,约会,不关心,不吃辣,,38,香煎牛排,西式简餐,1,chosen,0.6277,0.6501,train,normal
1765,晚餐,2,51,不差钱,疲惫,晴,约会,不关心,不吃辣,,38,香煎牛排,西式简餐,1,chosen,0.6277,0.693,train,normal
1765,晚餐,2,51,不差钱,疲惫,晴,约会,不关心,不吃辣,,24,菌汤火锅,火锅麻辣烫,1,chosen,0.6267,0.6597,train,normal
1765,晚餐,2,51,不差钱,疲惫,晴,约会,不关心,不吃辣,,42,烤鸡胸配土豆泥,西式简餐,0,considered,0.6264,0.6446,train,normal
1765,晚餐,2,51,不差钱,疲惫,晴,约会,不关心,不吃辣,,37,番茄肉酱意面,西式简餐,0,considered,0.6144,0.6214,train,normal
1766,午餐,3,62,不差钱,一般,阴,朋友,随便,微辣,麸质,24,菌汤火锅,火锅麻辣烫,1,chosen,0.5978,0.6146,val,normal
1766,午餐,3,62,不差钱,一般,阴,朋友,随便,微辣,麸质,38,香煎牛排,西式简餐,1,chosen,0.5904,0.5857,val,normal
1766,午餐,3,62,不差钱,一般,阴,朋友,随便,微辣,麸质,24,菌汤火锅,火锅麻辣烫,1,chosen,0.5978,0.5999,val,normal
1767,夜宵,2,52,想吃好点,开心,晴,家人,想健康,不吃辣,,24,菌汤火锅,火锅麻辣烫,1,chosen,0.6299,0.6231,val,normal
1767,夜宵,2,52,想吃好点,开心,晴,家人,想健康,不吃辣,,24,菌汤火锅,火锅麻辣烫,1,chosen,0.6299,0.6061,val,normal
1767,夜宵,2,52,想吃好点,开心,晴,家人,想健康,不吃辣,,24,菌汤火锅,火锅麻辣烫,1,chosen,0.6299,0.578,val,normal
1768,晚餐,5,124,不差钱,一般,晴,一个人,不关心,不吃辣,,24,菌汤火锅,火锅麻辣烫,1,chosen,0.5037,0.4909,train,normal
1768,晚餐,5,124,不差钱,一般,晴,一个人,不关心,不吃辣,,24,菌汤火锅,火锅麻辣烫,1,chosen,0.5037,0.5189,train,normal
1768,晚餐,5,124,不差钱,一般,晴,一个人,不关心,不吃辣,,24,菌汤火锅,火锅麻辣烫,1,chosen,0.5037,0.5089,train,normal
1769,下午加餐,4,36,想吃好点,一般,雨,一个人,不关心,微辣,乳制品,34,全麦鸡肉三明治,轻食健康,1,chosen,0.5725,0.611,train,normal
1769,下午加餐,4,36,想吃好点,一般,雨,一个人,不关心,微辣,乳制品,34,全麦鸡肉三明治,轻食健康,1,chosen,0.5725,0.564,train,normal
1769,下午加餐,4,36,想吃好点,一般,雨,一个人,不关心,微辣,乳制品,34,全麦鸡肉三明治,轻食健康,1,chosen,0.5725,0.618,train,normal
1770,午餐,2,15,正常,一般,晴,一个人,不关心,重辣,,19,麻辣烫,火锅麻辣烫,1,chosen,0.4941,0.4612,train,normal
1770,午餐,2,15,正常,一般,晴,一个人,不关心,重辣,,19,麻辣烫,火锅麻辣烫,1,chosen,0.4941,0.4765,train,normal
1770,午餐,2,15,正常,一般,晴,一个人,不关心,重辣,,26,烤鸡翅,烧烤小吃,1,chosen,0.4854,0.442,train,normal
1771,晚餐,2,88,省着点,开心,热,约会,随便,中辣,素食,11,云南小锅米线,面食粉面,1,chosen,0.5875,0.6288,train,normal
1771,晚餐,2,88,省着点,开心,热,约会,随便,中辣,素食,11,云南小锅米线,面食粉面,1,chosen,0.5875,0.5995,train,normal
1771,晚餐,2,88,省着点,开心,热,约会,随便,中辣,素食,11,云南小锅米线,面食粉面,1,chosen,0.5875,0.5756,train,normal
1772,午餐,4,68,省着点,一般,晴,一个人,想健康,微辣,,2,青椒肉丝盖饭,中式快餐盖饭,1,chosen,0.5236,0.5656,train,normal
1772,午餐,4,68,省着点,一般,晴,一个人,想健康,微辣,,2,青椒肉丝盖饭,中式快餐盖饭,1,chosen,0.5236,0.6388,train,normal
1772,午餐,4,68,省着点,一般,晴,一个人,想健康,微辣,,2,青椒肉丝盖饭,中式快餐盖饭,1,chosen,0.5236,0.4877,train,normal
1772,午餐,4,68,省着点,一般,晴,一个人,想健康,微辣,,1,黄焖鸡米饭,中式快餐盖饭,0,considered,0.4738,0.5533,train,normal
1772,午餐,4,68,省着点,一般,晴,一个人,想健康,微辣,,0,番茄牛腩饭,中式快餐盖饭,0,considered,0.4681,0.5036,train,normal
1773,晚餐,5,60,省着点,兴奋,雨,一个人,随便,微辣,,2,青椒肉丝盖饭,中式快餐盖饭,1,chosen,0.5437,0.5256,train,normal
1773,晚餐,5,60,省着点,兴奋,雨,一个人,随便,微辣,,2,青椒肉丝盖饭,中式快餐盖饭,1,chosen,0.5437,0.4988,train,normal
1773,晚餐,5,60,省着点,兴奋,雨,一个人,随便,微辣,,2,青椒肉丝盖饭,中式快餐盖饭,1,chosen,0.5437,0.541,train,normal
1773,晚餐,5,60,省着点,兴奋,雨,一个人,随便,微辣,,3,台式卤肉饭,中式快餐盖饭,0,considered,0.5378,0.5508,train,normal
1773,晚餐,5,60,省着点,兴奋,雨,一个人,随便,微辣,,1,黄焖鸡米饭,中式快餐盖饭,0,considered,0.5285,0.5504,train,normal
1774,午餐,2,61,正常,开心,晴,朋友,不关心,重辣,,19,麻辣烫,火锅麻辣烫,1,chosen,0.6288,0.6183,train,normal
1774,午餐,2,61,正常,开心,晴,朋友,不关心,重辣,,19,麻辣烫,火锅麻辣烫,1,chosen,0.6288,0.5741,train,normal
1774,午餐,2,61,正常,开心,晴,朋友,不关心,重辣,,13,麻婆豆腐+米饭,家常炒菜,1,chosen,0.6217,0.6483,train,normal
1775,夜宵,3,51,不差钱,一般,阴,约会,不关心,重辣,麸质,27,烤茄子,烧烤小吃,1,chosen,0.6348,0.6602,train,normal
1775,夜宵,3,51,不差钱,一般,阴,约会,不关心,重辣,麸质,26,烤鸡翅,烧烤小吃,1,chosen,0.6749,0.6923,train,normal
1775,夜宵,3,51,不差钱,一般,阴,约会,不关心,重辣,麸质,26,烤鸡翅,烧烤小吃,1,chosen,0.6749,0.6625,train,normal
1776,午餐,3,89,正常,疲惫,晴,一个人,严格控制,重辣,海鲜,13,麻婆豆腐+米饭,家常炒菜,1,chosen,0.6244,0.6115,train,normal
1776,午餐,3,89,正常,疲惫,晴,一个人,严格控制,重辣,海鲜,13,麻婆豆腐+米饭,家常炒菜,1,chosen,0.6244,0.5806,train,normal
1776,午餐,3,89,正常,疲惫,晴,一个人,严格控制,重辣,海鲜,13,麻婆豆腐+米饭,家常炒菜,1,chosen,0.6244,0.6067,train,normal
1777,夜宵,3,32,省着点,压力大,雨,朋友,严格控制,中辣,麸质,27,烤茄子,烧烤小吃,1,chosen,0.7807,0.8051,train,normal
1777,夜宵,3,32,省着点,压力大,雨,朋友,严格控制,中辣,麸质,27,烤茄子,烧烤小吃,1,chosen,0.7807,0.7923,train,normal
1777,夜宵,3,32,省着点,压力大,雨,朋友,严格控制,中辣,麸质,11,云南小锅米线,面食粉面,1,chosen,0.7638,0.7608,train,normal
1778,午餐,2,75,不差钱,低落,阴,一个人,想健康,重辣,,13,麻婆豆腐+米饭,家常炒菜,1,chosen,0.574,0.5288,val,normal
1778,午餐,2,75,不差钱,低落,阴,一个人,想健康,重辣,,13,麻婆豆腐+米饭,家常炒菜,1,chosen,0.574,0.6385,val,normal
1778,午餐,2,75,不差钱,低落,阴,一个人,想健康,重辣,,13,麻婆豆腐+米饭,家常炒菜,1,chosen,0.574,0.5127,val,normal
1779,早餐,2,95,省着点,一般,晴,一个人,想健康,微辣,,46,燕麦牛奶粥,早餐粥点,1,chosen,0.623,0.617,train,normal
1779,早餐,2,95,省着点,一般,晴,一个人,想健康,微辣,,46,燕麦牛奶粥,早餐粥点,1,chosen,0.623,0.631,train,normal
1779,早餐,2,95,省着点,一般,晴,一个人,想健康,微辣,,46,燕麦牛奶粥,早餐粥点,1,chosen,0.623,0.6297,train,normal
1780,夜宵,3,15,不差钱,压力大,晴,一个人,想健康,中辣,乳制品,27,烤茄子,烧烤小吃,1,chosen,0.6244,0.6553,test,normal
1780,夜宵,3,15,不差钱,压力大,晴,一个人,想健康,中辣,乳制品,27,烤茄子,烧烤小吃,1,chosen,0.6244,0.5842,test,normal
1780,夜宵,3,15,不差钱,压力大,晴,一个人,想健康,中辣,乳制品,11,云南小锅米线,面食粉面,1,chosen,0.6001,0.5651,test,normal
1781,午餐,3,75,想吃好点,压力大,雨,同事,不关心,微辣,,40,奶油蘑菇汤+面包,西式简餐,1,chosen,0.6348,0.5913,train,normal
1781,午餐,3,75,想吃好点,压力大,雨,同事,不关心,微辣,,40,奶油蘑菇汤+面包,西式简餐,1,chosen,0.6348,0.6648,train,normal
1781,午餐,3,75,想吃好点,压力大,雨,同事,不关心,微辣,,40,奶油蘑菇汤+面包,西式简餐,1,chosen,0.6348,0.6657,train,normal
1782,午餐,5,35,省着点,一般,雪,朋友,严格控制,不吃辣,"海鲜,乳制品",9,炸酱面,面食粉面,1,chosen,0.6679,0.6695,test,snow
1782,午餐,5,35,省着点,一般,雪,朋友,严格控制,不吃辣,"海鲜,乳制品",9,炸酱面,面食粉面,1,chosen,0.6679,0.682,test,snow
1782,午餐,5,35,省着点,一般,雪,朋友,严格控制,不吃辣,"海鲜,乳制品",9,炸酱面,面食粉面,1,chosen,0.6679,0.653,test,snow
1783,午餐,3,83,省着点,一般,阴,朋友,随便,微辣,素食,6,兰州牛肉面,面食粉面,1,chosen,0.5663,0.6273,val,normal
1783,午餐,3,83,省着点,一般,阴,朋友,随便,微辣,素食,6,兰州牛肉面,面食粉面,1,chosen,0.5663,0.6125,val,normal
1783,午餐,3,83,省着点,一般,阴,朋友,随便,微辣,素食,6,兰州牛肉面,面食粉面,1,chosen,0.5663,0.6385,val,normal
1784,夜宵,4,72,省着点,压力大,阴,同事,想健康,不吃辣,"海鲜,乳制品",8,番茄鸡蛋面,面食粉面,1,chosen,0.6154,0.6534,train,normal
1784,夜宵,4,72,省着点,压力大,阴,同事,想健康,不吃辣,"海鲜,乳制品",8,番茄鸡蛋面,面食粉面,1,chosen,0.6154,0.6062,train,normal
1784,夜宵,4,72,省着点,压力大,阴,同事,想健康,不吃辣,"海鲜,乳制品",8,番茄鸡蛋面,面食粉面,1,chosen,0.6154,0.6313,train,normal
1785,夜宵,4,15,正常,兴奋,热,家人,不关心,重辣,,26,烤鸡翅,烧烤小吃,1,chosen,0.6644,0.6865,train,normal
1785,夜宵,4,15,正常,兴奋,热,家人,不关心,重辣,,26,烤鸡翅,烧烤小吃,1,chosen,0.6644,0.5979,train,normal
1785,夜宵,4,15,正常,兴奋,热,家人,不关心,重辣,,26,烤鸡翅,烧烤小吃,1,chosen,0.6644,0.6379,train,normal
1785,夜宵,4,15,正常,兴奋,热,家人,不关心,重辣,,27,烤茄子,烧烤小吃,0,considered,0.6014,0.624,train,normal
1785,夜宵,4,15,正常,兴奋,热,家人,不关心,重辣,,30,铁板豆腐,烧烤小吃,0,considered,0.5985,0.6702,train,normal
1786,晚餐,5,15,正常,低落,雨,朋友,想健康,重辣,,13,麻婆豆腐+米饭,家常炒菜,1,chosen,0.7351,0.8011,test,normal
1786,晚餐,5,15,正常,低落,雨,朋友,想健康,重辣,,13,麻婆豆腐+米饭,家常炒菜,1,chosen,0.7351,0.7378,test,normal
1786,晚餐,5,15,正常,低落,雨,朋友,想健康,重辣,,13,麻婆豆腐+米饭,家常炒菜,1,chosen,0.7351,0.775,test,normal
1786,晚餐,5,15,正常,低落,雨,朋友,想健康,重辣,,15,宫保鸡丁+米饭,家常炒菜,0,considered,0.6975,0.7004,test,normal
1786,晚餐,5,15,正常,低落,雨,朋友,想健康,重辣,,18,地三鲜+米饭,家常炒菜,0,considered,0.6276,0.6356,test,normal
1787,晚餐,2,52,正常,开心,晴,家人,随便,重辣,素食,19,麻辣烫,火锅麻辣烫,1,chosen,0.6125,0.5397,train,normal
1787,晚餐,2,52,正常,开心,晴,家人,随便,重辣,素食,19,麻辣烫,火锅麻辣烫,1,chosen,0.6125,0.5677,train,normal
1787,晚餐,2,52,正常,开心,晴,家人,随便,重辣,素食,19,麻辣烫,火锅麻辣烫,1,chosen,0.6125,0.614,train,normal
1787,晚餐,2,52,正常,开心,晴,家人,随便,重辣,素食,23,冒菜,火锅麻辣烫,0,considered,0.5786,0.5607,train,normal
1787,晚餐,2,52,正常,开心,晴,家人,随便,重辣,素食,24,菌汤火锅,火锅麻辣烫,0,considered,0.485,0.4538,train,normal
1788,晚餐,4,26,省着点,低落,晴,一个人,想健康,微辣,,2,青椒肉丝盖饭,中式快餐盖饭,1,chosen,0.5532,0.5611,train,normal
1788,晚餐,4,26,省着点,低落,晴,一个人,想健康,微辣,,45,杂粮煎饼果子,早餐粥点,1,chosen,0.5483,0.605,train,normal
1788,晚餐,4,26,省着点,低落,晴,一个人,想健康,微辣,,6,兰州牛肉面,面食粉面,1,chosen,0.5532,0.5596,train,normal
1789,午餐,4,62,不差钱,压力大,晴,一个人,想健康,微辣,,24,菌汤火锅,火锅麻辣烫,1,chosen,0.597,0.5818,val,normal
1789,午餐,4,62,不差钱,压力大,晴,一个人,想健康,微辣,,24,菌汤火锅,火锅麻辣烫,1,chosen,0.597,0.6643,val,normal
1789,午餐,4,62,不差钱,压力大,晴,一个人,想健康,微辣,,24,菌汤火锅,火锅麻辣烫,1,chosen,0.597,0.5617,val,normal
1790,晚餐,4,74,不差钱,疲惫,冷,朋友,想健康,不吃辣,海鲜,24,菌汤火锅,火锅麻辣烫,1,chosen,0.7393,0.8048,train,normal
1790,晚餐,4,74,不差钱,疲惫,冷,朋友,想健康,不吃辣,海鲜,24,菌汤火锅,火锅麻辣烫,1,chosen,0.7393,0.7681,train,normal
1790,晚餐,4,74,不差钱,疲惫,冷,朋友,想健康,不吃辣,海鲜,24,菌汤火锅,火锅麻辣烫,1,chosen,0.7393,0.7841,train,normal
1791,晚餐,4,30,正常,疲惫,热,约会,随便,微辣,麸质,18,地三鲜+米饭,家常炒菜,1,chosen,0.6814,0.7233,val,normal
1791,晚餐,4,30,正常,疲惫,热,约会,随便,微辣,麸质,18,地三鲜+米饭,家常炒菜,1,chosen,0.6814,0.7081,val,normal
1791,晚餐,4,30,正常,疲惫,热,约会,随便,微辣,麸质,18,地三鲜+米饭,家常炒菜,1,chosen,0.6814,0.6775,val,normal
1792,早餐,5,32,省着点,开心,热,家人,随便,中辣,,45,杂粮煎饼果子,早餐粥点,1,chosen,0.6185,0.6032,train,normal
1792,早餐,5,32,省着点,开心,热,家人,随便,中辣,,45,杂粮煎饼果子,早餐粥点,1,chosen,0.6185,0.5803,train,normal
1792,早餐,5,32,省着点,开心,热,家人,随便,中辣,,45,杂粮煎饼果子,早餐粥点,1,chosen,0.6185,0.5466,train,normal
1792,早餐,5,32,省着点,开心,热,家人,随便,中辣,,43,皮蛋瘦肉粥+油条,早餐粥点,0,considered,0.6024,0.6631,train,normal
1792,早餐,5,32,省着点,开心,热,家人,随便,中辣,,44,小笼包+豆浆,早餐粥点,0,considered,0.5997,0.5501,train,normal
1793,夜宵,4,53,不差钱,一般,晴,朋友,想健康,微辣,,24,菌汤火锅,火锅麻辣烫,1,chosen,0.6622,0.7068,test,normal
1793,夜宵,4,53,不差钱,一般,晴,朋友,想健康,微辣,,24,菌汤火锅,火锅麻辣烫,1,chosen,0.6622,0.608,test,normal
1793,夜宵,4,53,不差钱,一般,晴,朋友,想健康,微辣,,24,菌汤火锅,火锅麻辣烫,1,chosen,0.6622,0.6758,test,normal
1793,夜宵,4,53,不差钱,一般,晴,朋友,想健康,微辣,,20,清汤火锅,火锅麻辣烫,0,considered,0.607,0.647,test,normal
1793,夜宵,4,53,不差钱,一般,晴,朋友,想健康,微辣,,22,关东煮,火锅麻辣烫,0,considered,0.4666,0.4664,test,normal
1794,夜宵,3,92,想吃好点,低落,冷,一个人,随便,重辣,乳制品,30,铁板豆腐,烧烤小吃,1,chosen,0.6484,0.6426,train,normal
1794,夜宵,3,92,想吃好点,低落,冷,一个人,随便,重辣,乳制品,26,烤鸡翅,烧烤小吃,1,chosen,0.6714,0.6748,train,normal
1794,夜宵,3,92,想吃好点,低落,冷,一个人,随便,重辣,乳制品,26,烤鸡翅,烧烤小吃,1,chosen,0.6714,0.7041,train,normal
1794,夜宵,3,92,想吃好点,低落,冷,一个人,随便,重辣,乳制品,27,烤茄子,烧烤小吃,0,considered,0.653,0.6023,train,normal
1794,夜宵,3,92,想吃好点,低落,冷,一个人,随便,重辣,乳制品,30,铁板豆腐,烧烤小吃,0,considered,0.6484,0.6738,train,normal
1795,晚餐,4,60,不差钱,压力大,热,朋友,想健康,不吃辣,,24,菌汤火锅,火锅麻辣烫,1,chosen,0.6991,0.7205,test,normal
1795,晚餐,4,60,不差钱,压力大,热,朋友,想健康,不吃辣,,24,菌汤火锅,火锅麻辣烫,1,chosen,0.6991,0.7341,test,normal
1795,晚餐,4,60,不差钱,压力大,热,朋友,想健康,不吃辣,,24,菌汤火锅,火锅麻辣烫,1,chosen,0.6991,0.7029,test,normal
1795,晚餐,4,60,不差钱,压力大,热,朋友,想健康,不吃辣,,20,清汤火锅,火锅麻辣烫,0,considered,0.6538,0.6613,test,normal
1795,晚餐,4,60,不差钱,压力大,热,朋友,想健康,不吃辣,,23,冒菜,火锅麻辣烫,0,considered,0.4148,0.3821,test,normal
1796,晚餐,2,17,正常,疲惫,热,一个人,随便,重辣,"海鲜,乳制品",9,炸酱面,面食粉面,1,chosen,0.5407,0.5341,val,normal
1796,晚餐,2,17,正常,疲惫,热,一个人,随便,重辣,"海鲜,乳制品",19,麻辣烫,火锅麻辣烫,1,chosen,0.5544,0.4698,val,normal
1796,晚餐,2,17,正常,疲惫,热,一个人,随便,重辣,"海鲜,乳制品",19,麻辣烫,火锅麻辣烫,1,chosen,0.5544,0.5094,val,normal
1797,午餐,4,45,正常,开心,热,家人,随便,重辣,,23,冒菜,火锅麻辣烫,1,chosen,0.6409,0.6614,train,normal
1797,午餐,4,45,正常,开心,热,家人,随便,重辣,,23,冒菜,火锅麻辣烫,1,chosen,0.6409,0.7059,train,normal
1797,午餐,4,45,正常,开心,热,家人,随便,重辣,,23,冒菜,火锅麻辣烫,1,chosen,0.6409,0.6503,train,normal
1798,晚餐,4,54,想吃好点,兴奋,雪,家人,不关心,重辣,,23,冒菜,火锅麻辣烫,1,chosen,0.7452,0.7251,test,snow
1798,晚餐,4,54,想吃好点,兴奋,雪,家人,不关心,重辣,,23,冒菜,火锅麻辣烫,1,chosen,0.7452,0.7968,test,snow
1798,晚餐,4,54,想吃好点,兴奋,雪,家人,不关心,重辣,,23,冒菜,火锅麻辣烫,1,chosen,0.7452,0.7742,test,snow
1798,晚餐,4,54,想吃好点,兴奋,雪,家人,不关心,重辣,,19,麻辣烫,火锅麻辣烫,0,considered,0.7361,0.7486,test,snow
1798,晚餐,4,54,想吃好点,兴奋,雪,家人,不关心,重辣,,24,菌汤火锅,火锅麻辣烫,0,considered,0.6539,0.7459,test,snow
1799,晚餐,2,41,省着点,兴奋,晴,一个人,想健康,中辣,,11,云南小锅米线,面食粉面,1,chosen,0.5132,0.5326,train,normal
1799,晚餐,2,41,省着点,兴奋,晴,一个人,想健康,中辣,,11,云南小锅米线,面食粉面,1,chosen,0.5132,0.5448,train,normal
1799,晚餐,2,41,省着点,兴奋,晴,一个人,想健康,中辣,,11,云南小锅米线,面食粉面,1,chosen,0.5132,0.5342,train,normal
1800,晚餐,4,55,想吃好点,一般,热,约会,想健康,微辣,,42,烤鸡胸配土豆泥,西式简餐,1,chosen,0.6612,0.6692,train,normal
1800,晚餐,4,55,想吃好点,一般,热,约会,想健康,微辣,,42,烤鸡胸配土豆泥,西式简餐,1,chosen,0.6612,0.6548,train,normal
1800,晚餐,4,55,想吃好点,一般,热,约会,想健康,微辣,,42,烤鸡胸配土豆泥,西式简餐,1,chosen,0.6612,0.6744,train,normal
1801,午餐,3,26,不差钱,一般,雪,同事,想健康,中辣,"海鲜,乳制品",15,宫保鸡丁+米饭,家常炒菜,1,chosen,0.6924,0.6842,test,snow
1801,午餐,3,26,不差钱,一般,雪,同事,想健康,中辣,"海鲜,乳制品",15,宫保鸡丁+米饭,家常炒菜,1,chosen,0.6924,0.7578,test,snow
1801,午餐,3,26,不差钱,一般,雪,同事,想健康,中辣,"海鲜,乳制品",15,宫保鸡丁+米饭,家常炒菜,1,chosen,0.6924,0.648,test,snow
1801,午餐,3,26,不差钱,一般,雪,同事,想健康,中辣,"海鲜,乳制品",12,西红柿炒蛋+米饭,家常炒菜,0,considered,0.6408,0.5502,test,snow
1801,午餐,3,26,不差钱,一般,雪,同事,想健康,中辣,"海鲜,乳制品",17,蒜蓉西兰花+米饭,家常炒菜,0,considered,0.6379,0.6837,test,snow
1802,午餐,2,18,想吃好点,一般,雨,一个人,随便,重辣,,19,麻辣烫,火锅麻辣烫,1,chosen,0.5511,0.6335,train,normal
1802,午餐,2,18,想吃好点,一般,雨,一个人,随便,重辣,,19,麻辣烫,火锅麻辣烫,1,chosen,0.5511,0.5859,train,normal
1802,午餐,2,18,想吃好点,一般,雨,一个人,随便,重辣,,19,麻辣烫,火锅麻辣烫,1,chosen,0.5511,0.5394,train,normal
1803,午餐,4,15,省着点,压力大,雨,同事,随便,中辣,乳制品,45,杂粮煎饼果子,早餐粥点,1,chosen,0.6316,0.6232,val,normal
1803,午餐,4,15,省着点,压力大,雨,同事,随便,中辣,乳制品,9,炸酱面,面食粉面,1,chosen,0.6237,0.6125,val,normal
1803,午餐,4,15,省着点,压力大,雨,同事,随便,中辣,乳制品,2,青椒肉丝盖饭,中式快餐盖饭,1,chosen,0.6227,0.6611,val,normal
1803,午餐,4,15,省着点,压力大,雨,同事,随便,中辣,乳制品,43,皮蛋瘦肉粥+油条,早餐粥点,0,considered,0.5328,0.5164,val,normal
1803,午餐,4,15,省着点,压力大,雨,同事,随便,中辣,乳制品,44,小笼包+豆浆,早餐粥点,0,considered,0.5328,0.4745,val,normal
1804,午餐,5,27,想吃好点,一般,热,同事,想健康,不吃辣,乳制品,9,炸酱面,面食粉面,1,chosen,0.5905,0.6206,test,normal
1804,午餐,5,27,想吃好点,一般,热,同事,想健康,不吃辣,乳制品,9,炸酱面,面食粉面,1,chosen,0.5905,0.56,test,normal
1804,午餐,5,27,想吃好点,一般,热,同事,想健康,不吃辣,乳制品,9,炸酱面,面食粉面,1,chosen,0.5905,0.541,test,normal
1805,晚餐,2,23,省着点,一般,阴,家人,想健康,中辣,海鲜,11,云南小锅米线,面食粉面,1,chosen,0.5834,0.5953,train,normal
1805,晚餐,2,23,省着点,一般,阴,家人,想健康,中辣,海鲜,11,云南小锅米线,面食粉面,1,chosen,0.5834,0.5862,train,normal
1805,晚餐,2,23,省着点,一般,阴,家人,想健康,中辣,海鲜,11,云南小锅米线,面食粉面,1,chosen,0.5834,0.604,train,normal
1806,夜宵,5,79,正常,疲惫,雪,约会,想健康,不吃辣,素食,37,番茄肉酱意面,西式简餐,1,chosen,0.7918,0.8575,test,snow
1806,夜宵,5,79,正常,疲惫,雪,约会,想健康,不吃辣,素食,37,番茄肉酱意面,西式简餐,1,chosen,0.7918,0.7795,test,snow
1806,夜宵,5,79,正常,疲惫,雪,约会,想健康,不吃辣,素食,37,番茄肉酱意面,西式简餐,1,chosen,0.7918,0.8222,test,snow
1807,晚餐,4,15,正常,压力大,热,一个人,想健康,重辣,,9,炸酱面,面食粉面,1,chosen,0.6108,0.5704,train,normal
1807,晚餐,4,15,正常,压力大,热,一个人,想健康,重辣,,9,炸酱面,面食粉面,1,chosen,0.6108,0.5674,train,normal
1807,晚餐,4,15,正常,压力大,热,一个人,想健康,重辣,,9,炸酱面,面食粉面,1,chosen,0.6108,0.5916,train,normal
1807,晚餐,4,15,正常,压力大,热,一个人,想健康,重辣,,11,云南小锅米线,面食粉面,0,considered,0.5926,0.6567,train,normal
1807,晚餐,4,15,正常,压力大,热,一个人,想健康,重辣,,7,重庆小面,面食粉面,0,considered,0.5878,0.5789,train,normal
1808,晚餐,4,41,想吃好点,开心,晴,同事,不关心,微辣,"海鲜,乳制品",18,地三鲜+米饭,家常炒菜,1,chosen,0.5559,0.539,train,normal
1808,晚餐,4,41,想吃好点,开心,晴,同事,不关心,微辣,"海鲜,乳制品",18,地三鲜+米饭,家常炒菜,1,chosen,0.5559,0.5666,train,normal
1808,晚餐,4,41,想吃好点,开心,晴,同事,不关心,微辣,"海鲜,乳制品",18,地三鲜+米饭,家常炒菜,1,chosen,0.5559,0.6018,train,normal
1808,晚餐,4,41,想吃好点,开心,晴,同事,不关心,微辣,"海鲜,乳制品",15,宫保鸡丁+米饭,家常炒菜,0,considered,0.4719,0.5029,train,normal
1808,晚餐,4,41,想吃好点,开心,晴,同事,不关心,微辣,"海鲜,乳制品",12,西红柿炒蛋+米饭,家常炒菜,0,considered,0.4671,0.4511,train,normal
1809,午餐,2,15,想吃好点,兴奋,阴,一个人,随便,微辣,麸质,6,兰州牛肉面,面食粉面,1,chosen,0.462,0.5318,train,normal
1809,午餐,2,15,想吃好点,兴奋,阴,一个人,随便,微辣,麸质,12,西红柿炒蛋+米饭,家常炒菜,1,chosen,0.4427,0.4262,train,normal
1809,午餐,2,15,想吃好点,兴奋,阴,一个人,随便,微辣,麸质,6,兰州牛肉面,面食粉面,1,chosen,0.462,0.384,train,normal
1810,夜宵,1,60,想吃好点,开心,晴,朋友,随便,重辣,,26,烤鸡翅,烧烤小吃,1,chosen,0.6622,0.6378,train,normal
1810,夜宵,1,60,想吃好点,开心,晴,朋友,随便,重辣,,26,烤鸡翅,烧烤小吃,1,chosen,0.6622,0.6911,train,normal
1810,夜宵,1,60,想吃好点,开心,晴,朋友,随便,重辣,,26,烤鸡翅,烧烤小吃,1,chosen,0.6622,0.596,train,normal
1811,晚餐,4,20,省着点,一般,热,朋友,想健康,不吃辣,,9,炸酱面,面食粉面,1,chosen,0.6381,0.7205,train,normal
1811,晚餐,4,20,省着点,一般,热,朋友,想健康,不吃辣,,9,炸酱面,面食粉面,1,chosen,0.6381,0.6404,train,normal
1811,晚餐,4,20,省着点,一般,热,朋友,想健康,不吃辣,,9,炸酱面,面食粉面,1,chosen,0.6381,0.7085,train,normal
1812,晚餐,4,89,省着点,兴奋,热,家人,不关心,微辣,,9,炸酱面,面食粉面,1,chosen,0.6177,0.6146,train,normal
1812,晚餐,4,89,省着点,兴奋,热,家人,不关心,微辣,,9,炸酱面,面食粉面,1,chosen,0.6177,0.5689,train,normal
1812,晚餐,4,89,省着点,兴奋,热,家人,不关心,微辣,,9,炸酱面,面食粉面,1,chosen,0.6177,0.6166,train,normal
1813,夜宵,4,50,不差钱,开心,阴,同事,随便,不吃辣,,24,菌汤火锅,火锅麻辣烫,1,chosen,0.5618,0.5562,train,normal
1813,夜宵,4,50,不差钱,开心,阴,同事,随便,不吃辣,,40,奶油蘑菇汤+面包,西式简餐,1,chosen,0.5179,0.5162,train,normal
1813,夜宵,4,50,不差钱,开心,阴,同事,随便,不吃辣,,24,菌汤火锅,火锅麻辣烫,1,chosen,0.5618,0.5324,train,normal
1814,夜宵,3,46,省着点,一般,晴,同事,不关心,微辣,,28,烤冷面,烧烤小吃,1,chosen,0.6175,0.5447,train,normal
1814,夜宵,3,46,省着点,一般,晴,同事,不关心,微辣,,28,烤冷面,烧烤小吃,1,chosen,0.6175,0.5922,train,normal
1814,夜宵,3,46,省着点,一般,晴,同事,不关心,微辣,,30,铁板豆腐,烧烤小吃,1,chosen,0.5257,0.5231,train,normal
1815,午餐,3,16,省着点,压力大,晴,朋友,不关心,中辣,,11,云南小锅米线,面食粉面,1,chosen,0.6301,0.6246,train,normal
1815,午餐,3,16,省着点,压力大,晴,朋友,不关心,中辣,,2,青椒肉丝盖饭,中式快餐盖饭,1,chosen,0.6005,0.6073,train,normal
1815,午餐,3,16,省着点,压力大,晴,朋友,不关心,中辣,,2,青椒肉丝盖饭,中式快餐盖饭,1,chosen,0.6005,0.6432,train,normal
1815,午餐,3,16,省着点,压力大,晴,朋友,不关心,中辣,,6,兰州牛肉面,面食粉面,0,considered,0.6144,0.6054,train,normal
1815,午餐,3,16,省着点,压力大,晴,朋友,不关心,中辣,,9,炸酱面,面食粉面,0,considered,0.5985,0.5968,train,normal
1816,午餐,3,54,不差钱,兴奋,雨,同事,想健康,微辣,,42,烤鸡胸配土豆泥,西式简餐,1,chosen,0.6153,0.6491,train,normal
1816,午餐,3,54,不差钱,兴奋,雨,同事,想健康,微辣,,42,烤鸡胸配土豆泥,西式简餐,1,chosen,0.6153,0.6564,train,normal
1816,午餐,3,54,不差钱,兴奋,雨,同事,想健康,微辣,,42,烤鸡胸配土豆泥,西式简餐,1,chosen,0.6153,0.5827,train,normal
1816,午餐,3,54,不差钱,兴奋,雨,同事,想健康,微辣,,40,奶油蘑菇汤+面包,西式简餐,0,considered,0.6039,0.6097,train,normal
1816,午餐,3,54,不差钱,兴奋,雨,同事,想健康,微辣,,38,香煎牛排,西式简餐,0,considered,0.5982,0.6426,train,normal
1817,晚餐,4,51,想吃好点,开心,晴,家人,不关心,中辣,,15,宫保鸡丁+米饭,家常炒菜,1,chosen,0.6287,0.6216,train,normal
1817,晚餐,4,51,想吃好点,开心,晴,家人,不关心,中辣,,15,宫保鸡丁+米饭,家常炒菜,1,chosen,0.6287,0.6239,train,normal
1817,晚餐,4,51,想吃好点,开心,晴,家人,不关心,中辣,,37,番茄肉酱意面,西式简餐,1,chosen,0.6018,0.642,train,normal
1818,夜宵,5,56,正常,一般,雪,同事,不关心,中辣,"海鲜,乳制品",26,烤鸡翅,烧烤小吃,1,chosen,0.72,0.7432,test,snow
1818,夜宵,5,56,正常,一般,雪,同事,不关心,中辣,"海鲜,乳制品",11,云南小锅米线,面食粉面,1,chosen,0.6891,0.6963,test,snow
1818,夜宵,5,56,正常,一般,雪,同事,不关心,中辣,"海鲜,乳制品",26,烤鸡翅,烧烤小吃,1,chosen,0.72,0.754,test,snow
1819,午餐,2,55,想吃好点,兴奋,雨,家人,随便,不吃辣,乳制品,42,烤鸡胸配土豆泥,西式简餐,1,chosen,0.6183,0.6626,train,normal
1819,午餐,2,55,想吃好点,兴奋,雨,家人,随便,不吃辣,乳制品,42,烤鸡胸配土豆泥,西式简餐,1,chosen,0.6183,0.5967,train,normal
1819,午餐,2,55,想吃好点,兴奋,雨,家人,随便,不吃辣,乳制品,42,烤鸡胸配土豆泥,西式简餐,1,chosen,0.6183,0.6937,train,normal
1819,午餐,2,55,想吃好点,兴奋,雨,家人,随便,不吃辣,乳制品,37,番茄肉酱意面,西式简餐,0,considered,0.6023,0.6711,train,normal
1819,午餐,2,55,想吃好点,兴奋,雨,家人,随便,不吃辣,乳制品,38,香煎牛排,西式简餐,0,considered,0.5942,0.5965,train,normal
1820,晚餐,2,45,正常,压力大,冷,一个人,不关心,重辣,,19,麻辣烫,火锅麻辣烫,1,chosen,0.6064,0.625,train,normal
1820,晚餐,2,45,正常,压力大,冷,一个人,不关心,重辣,,19,麻辣烫,火锅麻辣烫,1,chosen,0.6064,0.556,train,normal
1820,晚餐,2,45,正常,压力大,冷,一个人,不关心,重辣,,19,麻辣烫,火锅麻辣烫,1,chosen,0.6064,0.5089,train,normal
1821,午餐,2,81,正常,一般,热,同事,不关心,中辣,,26,烤鸡翅,烧烤小吃,1,chosen,0.5416,0.5019,train,normal
1821,午餐,2,81,正常,一般,热,同事,不关心,中辣,,26,烤鸡翅,烧烤小吃,1,chosen,0.5416,0.506,train,normal
1821,午餐,2,81,正常,一般,热,同事,不关心,中辣,,26,烤鸡翅,烧烤小吃,1,chosen,0.5416,0.4796,train,normal
1822,晚餐,3,53,正常,一般,雨,一个人,想健康,中辣,海鲜,15,宫保鸡丁+米饭,家常炒菜,1,chosen,0.6061,0.6017,val,normal
1822,晚餐,3,53,正常,一般,雨,一个人,想健康,中辣,海鲜,15,宫保鸡丁+米饭,家常炒菜,1,chosen,0.6061,0.6389,val,normal
1822,晚餐,3,53,正常,一般,雨,一个人,想健康,中辣,海鲜,15,宫保鸡丁+米饭,家常炒菜,1,chosen,0.6061,0.6136,val,normal
1823,午餐,2,82,正常,开心,热,朋友,不关心,重辣,,19,麻辣烫,火锅麻辣烫,1,chosen,0.6369,0.6088,test,normal
1823,午餐,2,82,正常,开心,热,朋友,不关心,重辣,,26,烤鸡翅,烧烤小吃,1,chosen,0.6122,0.6286,test,normal
1823,午餐,2,82,正常,开心,热,朋友,不关心,重辣,,19,麻辣烫,火锅麻辣烫,1,chosen,0.6369,0.6923,test,normal
1823,午餐,2,82,正常,开心,热,朋友,不关心,重辣,,23,冒菜,火锅麻辣烫,0,considered,0.6029,0.6326,test,normal
1823,午餐,2,82,正常,开心,热,朋友,不关心,重辣,,24,菌汤火锅,火锅麻辣烫,0,considered,0.5148,0.5544,test,normal
1824,下午加餐,3,78,正常,疲惫,晴,同事,严格控制,中辣,"海鲜,乳制品",32,藜麦牛油果碗,轻食健康,1,chosen,0.727,0.7101,val,normal
1824,下午加餐,3,78,正常,疲惫,晴,同事,严格控制,中辣,"海鲜,乳制品",32,藜麦牛油果碗,轻食健康,1,chosen,0.727,0.7671,val,normal
1824,下午加餐,3,78,正常,疲惫,晴,同事,严格控制,中辣,"海鲜,乳制品",32,藜麦牛油果碗,轻食健康,1,chosen,0.727,0.7258,val,normal
1824,下午加餐,3,78,正常,疲惫,晴,同事,严格控制,中辣,"海鲜,乳制品",34,全麦鸡肉三明治,轻食健康,0,considered,0.7185,0.7503,val,normal
1824,下午加餐,3,78,正常,疲惫,晴,同事,严格控制,中辣,"海鲜,乳制品",31,鸡胸肉沙拉,轻食健康,0,considered,0.7057,0.7225,val,normal
1825,午餐,5,54,正常,低落,雪,同事,想健康,中辣,,15,宫保鸡丁+米饭,家常炒菜,1,chosen,0.7482,0.694,test,snow
1825,午餐,5,54,正常,低落,雪,同事,想健康,中辣,,15,宫保鸡丁+米饭,家常炒菜,1,chosen,0.7482,0.7724,test,snow
1825,午餐,5,54,正常,低落,雪,同事,想健康,中辣,,15,宫保鸡丁+米饭,家常炒菜,1,chosen,0.7482,0.7335,test,snow
1826,晚餐,3,15,不差钱,疲惫,雨,约会,想健康,不吃辣,海鲜,40,奶油蘑菇汤+面包,西式简餐,1,chosen,0.6826,0.6814,test,normal
1826,晚餐,3,15,不差钱,疲惫,雨,约会,想健康,不吃辣,海鲜,40,奶油蘑菇汤+面包,西式简餐,1,chosen,0.6826,0.7088,test,normal
1826,晚餐,3,15,不差钱,疲惫,雨,约会,想健康,不吃辣,海鲜,40,奶油蘑菇汤+面包,西式简餐,1,chosen,0.6826,0.6556,test,normal
1827,晚餐,5,78,想吃好点,一般,晴,约会,不关心,微辣,"海鲜,乳制品",18,地三鲜+米饭,家常炒菜,1,chosen,0.6252,0.6072,test,normal
1827,晚餐,5,78,想吃好点,一般,晴,约会,不关心,微辣,"海鲜,乳制品",18,地三鲜+米饭,家常炒菜,1,chosen,0.6252,0.6002,test,normal
1827,晚餐,5,78,想吃好点,一般,晴,约会,不关心,微辣,"海鲜,乳制品",18,地三鲜+米饭,家常炒菜,1,chosen,0.6252,0.7045,test,normal
1828,午餐,4,29,正常,开心,热,约会,不关心,重辣,,23,冒菜,火锅麻辣烫,1,chosen,0.6646,0.6806,train,normal
1828,午餐,4,29,正常,开心,热,约会,不关心,重辣,,23,冒菜,火锅麻辣烫,1,chosen,0.6646,0.6213,train,normal
1828,午餐,4,29,正常,开心,热,约会,不关心,重辣,,23,冒菜,火锅麻辣烫,1,chosen,0.6646,0.6756,train,normal
1829,午餐,2,80,想吃好点,兴奋,热,一个人,不关心,重辣,,19,麻辣烫,火锅麻辣烫,1,chosen,0.5285,0.4866,train,normal
1829,午餐,2,80,想吃好点,兴奋,热,一个人,不关心,重辣,,42,烤鸡胸配土豆泥,西式简餐,1,chosen,0.492,0.4573,train,normal
1829,午餐,2,80,想吃好点,兴奋,热,一个人,不关心,重辣,,19,麻辣烫,火锅麻辣烫,1,chosen,0.5285,0.5173,train,normal
1830,午餐,4,20,省着点,低落,阴,同事,严格控制,不吃辣,,9,炸酱面,面食粉面,1,chosen,0.5704,0.6187,train,normal
1830,午餐,4,20,省着点,低落,阴,同事,严格控制,不吃辣,,9,炸酱面,面食粉面,1,chosen,0.5704,0.548,train,normal
1830,午餐,4,20,省着点,低落,阴,同事,严格控制,不吃辣,,9,炸酱面,面食粉面,1,chosen,0.5704,0.5706,train,normal
1831,夜宵,5,35,想吃好点,一般,阴,家人,想健康,重辣,素食,11,云南小锅米线,面食粉面,1,chosen,0.6472,0.6451,val,normal
1831,夜宵,5,35,想吃好点,一般,阴,家人,想健康,重辣,素食,11,云南小锅米线,面食粉面,1,chosen,0.6472,0.6617,val,normal
1831,夜宵,5,35,想吃好点,一般,阴,家人,想健康,重辣,素食,11,云南小锅米线,面食粉面,1,chosen,0.6472,0.6748,val,normal
1832,午餐,1,54,想吃好点,一般,晴,同事,随便,中辣,,26,烤鸡翅,烧烤小吃,1,chosen,0.5064,0.4811,test,normal
1832,午餐,1,54,想吃好点,一般,晴,同事,随便,中辣,,26,烤鸡翅,烧烤小吃,1,chosen,0.5064,0.5858,test,normal
1832,午餐,1,54,想吃好点,一般,晴,同事,随便,中辣,,26,烤鸡翅,烧烤小吃,1,chosen,0.5064,0.5473,test,normal
1833,晚餐,3,81,想吃好点,一般,雪,同事,不关心,中辣,海鲜,15,宫保鸡丁+米饭,家常炒菜,1,chosen,0.6684,0.6331,test,snow
1833,晚餐,3,81,想吃好点,一般,雪,同事,不关心,中辣,海鲜,15,宫保鸡丁+米饭,家常炒菜,1,chosen,0.6684,0.7235,test,snow
1833,晚餐,3,81,想吃好点,一般,雪,同事,不关心,中辣,海鲜,15,宫保鸡丁+米饭,家常炒菜,1,chosen,0.6684,0.678,test,snow
1833,晚餐,3,81,想吃好点,一般,雪,同事,不关心,中辣,海鲜,18,地三鲜+米饭,家常炒菜,0,considered,0.6321,0.6733,test,snow
1833,晚餐,3,81,想吃好点,一般,雪,同事,不关心,中辣,海鲜,12,西红柿炒蛋+米饭,家常炒菜,0,considered,0.6113,0.5764,test,snow
1834,晚餐,3,26,想吃好点,疲惫,冷,同事,想健康,微辣,,40,奶油蘑菇汤+面包,西式简餐,1,chosen,0.6649,0.6845,train,normal
1834,晚餐,3,26,想吃好点,疲惫,冷,同事,想健康,微辣,,2,青椒肉丝盖饭,中式快餐盖饭,1,chosen,0.6488,0.6373,train,normal
1834,晚餐,3,26,想吃好点,疲惫,冷,同事,想健康,微辣,,40,奶油蘑菇汤+面包,西式简餐,1,chosen,0.6649,0.7088,train,normal
1835,午餐,2,19,想吃好点,开心,阴,一个人,不关心,不吃辣,素食,18,地三鲜+米饭,家常炒菜,1,chosen,0.4408,0.4517,train,normal
1835,午餐,2,19,想吃好点,开心,阴,一个人,不关心,不吃辣,素食,40,奶油蘑菇汤+面包,西式简餐,1,chosen,0.4766,0.4256,train,normal
1835,午餐,2,19,想吃好点,开心,阴,一个人,不关心,不吃辣,素食,40,奶油蘑菇汤+面包,西式简餐,1,chosen,0.4766,0.4997,train,normal
1835,午餐,2,19,想吃好点,开心,阴,一个人,不关心,不吃辣,素食,37,番茄肉酱意面,西式简餐,0,considered,0.4433,0.4407,train,normal
1835,午餐,2,19,想吃好点,开心,阴,一个人,不关心,不吃辣,素食,41,玛格丽特披萨,西式简餐,0,considered,0.4161,0.4467,train,normal
1836,午餐,3,52,省着点,兴奋,雨,约会,随便,中辣,麸质,11,云南小锅米线,面食粉面,1,chosen,0.6515,0.682,train,normal
1836,午餐,3,52,省着点,兴奋,雨,约会,随便,中辣,麸质,11,云南小锅米线,面食粉面,1,chosen,0.6515,0.607,train,normal
1836,午餐,3,52,省着点,兴奋,雨,约会,随便,中辣,麸质,11,云南小锅米线,面食粉面,1,chosen,0.6515,0.6742,train,normal
1837,夜宵,4,34,正常,开心,晴,一个人,随便,微辣,海鲜,6,兰州牛肉面,面食粉面,1,chosen,0.5416,0.5501,train,normal
1837,夜宵,4,34,正常,开心,晴,一个人,随便,微辣,海鲜,6,兰州牛肉面,面食粉面,1,chosen,0.5416,0.5207,train,normal
1837,夜宵,4,34,正常,开心,晴,一个人,随便,微辣,海鲜,6,兰州牛肉面,面食粉面,1,chosen,0.5416,0.5614,train,normal
1838,下午加餐,3,23,不差钱,开心,雪,同事,不关心,重辣,"海鲜,乳制品",34,全麦鸡肉三明治,轻食健康,1,chosen,0.6748,0.6103,test,snow
1838,下午加餐,3,23,不差钱,开心,雪,同事,不关心,重辣,"海鲜,乳制品",34,全麦鸡肉三明治,轻食健康,1,chosen,0.6748,0.6804,test,snow
1838,下午加餐,3,23,不差钱,开心,雪,同事,不关心,重辣,"海鲜,乳制品",34,全麦鸡肉三明治,轻食健康,1,chosen,0.6748,0.6566,test,snow
1839,早餐,4,27,正常,一般,晴,朋友,随便,中辣,,6,兰州牛肉面,面食粉面,1,chosen,0.5877,0.5327,train,normal
1839,早餐,4,27,正常,一般,晴,朋友,随便,中辣,,11,云南小锅米线,面食粉面,1,chosen,0.6038,0.6136,train,normal
1839,早餐,4,27,正常,一般,晴,朋友,随便,中辣,,11,云南小锅米线,面食粉面,1,chosen,0.6038,0.6235,train,normal
1840,下午加餐,4,65,省着点,一般,冷,一个人,不关心,中辣,麸质,36,希腊酸奶坚果碗,轻食健康,1,chosen,0.5133,0.5009,train,normal
1840,下午加餐,4,65,省着点,一般,冷,一个人,不关心,中辣,麸质,36,希腊酸奶坚果碗,轻食健康,1,chosen,0.5133,0.4936,train,normal
1840,下午加餐,4,65,省着点,一般,冷,一个人,不关心,中辣,麸质,44,小笼包+豆浆,早餐粥点,1,chosen,0.4802,0.4528,train,normal
1841,午餐,5,91,正常,疲惫,雨,约会,想健康,中辣,,15,宫保鸡丁+米饭,家常炒菜,1,chosen,0.7721,0.789,train,normal
1841,午餐,5,91,正常,疲惫,雨,约会,想健康,中辣,,15,宫保鸡丁+米饭,家常炒菜,1,chosen,0.7721,0.8134,train,normal
1841,午餐,5,91,正常,疲惫,雨,约会,想健康,中辣,,37,番茄肉酱意面,西式简餐,1,chosen,0.7357,0.7653,train,normal
1842,晚餐,4,42,省着点,压力大,晴,同事,想健康,不吃辣,,9,炸酱面,面食粉面,1,chosen,0.6056,0.6354,train,normal
1842,晚餐,4,42,省着点,压力大,晴,同事,想健康,不吃辣,,0,番茄牛腩饭,中式快餐盖饭,1,chosen,0.5629,0.6027,train,normal
1842,晚餐,4,42,省着点,压力大,晴,同事,想健康,不吃辣,,9,炸酱面,面食粉面,1,chosen,0.6056,0.65,train,normal
1842,晚餐,4,42,省着点,压力大,晴,同事,想健康,不吃辣,,6,兰州牛肉面,面食粉面,0,considered,0.5216,0.5019,train,normal
1842,晚餐,4,42,省着点,压力大,晴,同事,想健康,不吃辣,,8,番茄鸡蛋面,面食粉面,0,considered,0.5208,0.5052,train,normal
1843,晚餐,5,15,省着点,一般,晴,同事,不关心,不吃辣,,3,台式卤肉饭,中式快餐盖饭,1,chosen,0.5244,0.5572,val,normal
1843,晚餐,5,15,省着点,一般,晴,同事,不关心,不吃辣,,3,台式卤肉饭,中式快餐盖饭,1,chosen,0.5244,0.4483,val,normal
1843,晚餐,5,15,省着点,一般,晴,同事,不关心,不吃辣,,0,番茄牛腩饭,中式快餐盖饭,1,chosen,0.4849,0.4905,val,normal
1843,晚餐,5,15,省着点,一般,晴,同事,不关心,不吃辣,,0,番茄牛腩饭,中式快餐盖饭,0,considered,0.4849,0.5352,val,normal
1843,晚餐,5,15,省着点,一般,晴,同事,不关心,不吃辣,,2,青椒肉丝盖饭,中式快餐盖饭,0,considered,0.4304,0.3835,val,normal
1844,夜宵,3,56,正常,低落,阴,一个人,随便,不吃辣,素食,8,番茄鸡蛋面,面食粉面,1,chosen,0.5286,0.4385,train,normal
1844,夜宵,3,56,正常,低落,阴,一个人,随便,不吃辣,素食,8,番茄鸡蛋面,面食粉面,1,chosen,0.5286,0.5051,train,normal
1844,夜宵,3,56,正常,低落,阴,一个人,随便,不吃辣,素食,8,番茄鸡蛋面,面食粉面,1,chosen,0.5286,0.4832,train,normal
1844,夜宵,3,56,正常,低落,阴,一个人,随便,不吃辣,素食,9,炸酱面,面食粉面,0,considered,0.4778,0.457,train,normal
1844,夜宵,3,56,正常,低落,阴,一个人,随便,不吃辣,素食,6,兰州牛肉面,面食粉面,0,considered,0.4667,0.4315,train,normal
1845,午餐,3,71,正常,开心,雨,一个人,随便,不吃辣,,40,奶油蘑菇汤+面包,西式简餐,1,chosen,0.5551,0.6211,train,normal
1845,午餐,3,71,正常,开心,雨,一个人,随便,不吃辣,,40,奶油蘑菇汤+面包,西式简餐,1,chosen,0.5551,0.5253,train,normal
1845,午餐,3,71,正常,开心,雨,一个人,随便,不吃辣,,40,奶油蘑菇汤+面包,西式简餐,1,chosen,0.5551,0.5629,train,normal
1845,午餐,3,71,正常,开心,雨,一个人,随便,不吃辣,,42,烤鸡胸配土豆泥,西式简餐,0,considered,0.5387,0.5684,train,normal
1845,午餐,3,71,正常,开心,雨,一个人,随便,不吃辣,,37,番茄肉酱意面,西式简餐,0,considered,0.5345,0.5412,train,normal
1846,下午加餐,4,89,不差钱,一般,雪,同事,随便,重辣,,34,全麦鸡肉三明治,轻食健康,1,chosen,0.6301,0.6744,test,snow
1846,下午加餐,4,89,不差钱,一般,雪,同事,随便,重辣,,34,全麦鸡肉三明治,轻食健康,1,chosen,0.6301,0.595,test,snow
1846,下午加餐,4,89,不差钱,一般,雪,同事,随便,重辣,,34,全麦鸡肉三明治,轻食健康,1,chosen,0.6301,0.6491,test,snow
1847,午餐,3,81,正常,兴奋,雨,家人,随便,中辣,,15,宫保鸡丁+米饭,家常炒菜,1,chosen,0.673,0.6851,train,normal
1847,午餐,3,81,正常,兴奋,雨,家人,随便,中辣,,15,宫保鸡丁+米饭,家常炒菜,1,chosen,0.673,0.7036,train,normal
1847,午餐,3,81,正常,兴奋,雨,家人,随便,中辣,,15,宫保鸡丁+米饭,家常炒菜,1,chosen,0.673,0.6364,train,normal
1848,早餐,4,103,正常,疲惫,雨,朋友,不关心,中辣,,11,云南小锅米线,面食粉面,1,chosen,0.6993,0.6813,train,normal
1848,早餐,4,103,正常,疲惫,雨,朋友,不关心,中辣,,11,云南小锅米线,面食粉面,1,chosen,0.6993,0.6896,train,normal
1848,早餐,4,103,正常,疲惫,雨,朋友,不关心,中辣,,11,云南小锅米线,面食粉面,1,chosen,0.6993,0.6888,train,normal
1849,下午加餐,3,47,正常,疲惫,雪,约会,严格控制,中辣,,34,全麦鸡肉三明治,轻食健康,1,chosen,0.8076,0.7959,test,snow
1849,下午加餐,3,47,正常,疲惫,雪,约会,严格控制,中辣,,35,水煮时蔬+溏心蛋,轻食健康,1,chosen,0.7735,0.7896,test,snow
1849,下午加餐,3,47,正常,疲惫,雪,约会,严格控制,中辣,,34,全麦鸡肉三明治,轻食健康,1,chosen,0.8076,0.7943,test,snow
1850,下午加餐,2,58,省着点,开心,晴,同事,不关心,中辣,麸质,36,希腊酸奶坚果碗,轻食健康,1,chosen,0.6009,0.531,train,normal
1850,下午加餐,2,58,省着点,开心,晴,同事,不关心,中辣,麸质,36,希腊酸奶坚果碗,轻食健康,1,chosen,0.6009,0.6139,train,normal
1850,下午加餐,2,58,省着点,开心,晴,同事,不关心,中辣,麸质,36,希腊酸奶坚果碗,轻食健康,1,chosen,0.6009,0.6253,train,normal
1850,下午加餐,2,58,省着点,开心,晴,同事,不关心,中辣,麸质,35,水煮时蔬+溏心蛋,轻食健康,0,considered,0.5857,0.577,train,normal
1850,下午加餐,2,58,省着点,开心,晴,同事,不关心,中辣,麸质,31,鸡胸肉沙拉,轻食健康,0,considered,0.5705,0.5067,train,normal
1851,早餐,5,15,不差钱,一般,冷,家人,随便,不吃辣,乳制品,6,兰州牛肉面,面食粉面,1,chosen,0.5122,0.523,test,normal
1851,早餐,5,15,不差钱,一般,冷,家人,随便,不吃辣,乳制品,43,皮蛋瘦肉粥+油条,早餐粥点,1,chosen,0.6047,0.61,test,normal
1851,早餐,5,15,不差钱,一般,冷,家人,随便,不吃辣,乳制品,43,皮蛋瘦肉粥+油条,早餐粥点,1,chosen,0.6047,0.6204,test,normal
1851,早餐,5,15,不差钱,一般,冷,家人,随便,不吃辣,乳制品,44,小笼包+豆浆,早餐粥点,0,considered,0.6042,0.5614,test,normal
1851,早餐,5,15,不差钱,一般,冷,家人,随便,不吃辣,乳制品,45,杂粮煎饼果子,早餐粥点,0,considered,0.5218,0.4378,test,normal
1852,晚餐,5,68,正常,一般,雪,朋友,想健康,重辣,,13,麻婆豆腐+米饭,家常炒菜,1,chosen,0.7913,0.7759,test,snow
1852,晚餐,5,68,正常,一般,雪,朋友,想健康,重辣,,13,麻婆豆腐+米饭,家常炒菜,1,chosen,0.7913,0.7168,test,snow
1852,晚餐,5,68,正常,一般,雪,朋友,想健康,重辣,,13,麻婆豆腐+米饭,家常炒菜,1,chosen,0.7913,0.7732,test,snow
1853,晚餐,3,30,正常,压力大,雨,一个人,不关心,不吃辣,乳制品,42,烤鸡胸配土豆泥,西式简餐,1,chosen,0.5754,0.6343,val,normal
1853,晚餐,3,30,正常,压力大,雨,一个人,不关心,不吃辣,乳制品,42,烤鸡胸配土豆泥,西式简餐,1,chosen,0.5754,0.5561,val,normal
1853,晚餐,3,30,正常,压力大,雨,一个人,不关心,不吃辣,乳制品,17,蒜蓉西兰花+米饭,家常炒菜,1,chosen,0.5491,0.4881,val,normal
1853,晚餐,3,30,正常,压力大,雨,一个人,不关心,不吃辣,乳制品,37,番茄肉酱意面,西式简餐,0,considered,0.575,0.5819,val,normal
1853,晚餐,3,30,正常,压力大,雨,一个人,不关心,不吃辣,乳制品,38,香煎牛排,西式简餐,0,considered,0.486,0.5002,val,normal
1854,午餐,4,15,省着点,一般,雪,约会,不关心,微辣,素食,6,兰州牛肉面,面食粉面,1,chosen,0.6994,0.6814,test,snow
1854,午餐,4,15,省着点,一般,雪,约会,不关心,微辣,素食,6,兰州牛肉面,面食粉面,1,chosen,0.6994,0.7613,test,snow
1854,午餐,4,15,省着点,一般,雪,约会,不关心,微辣,素食,6,兰州牛肉面,面食粉面,1,chosen,0.6994,0.6969,test,snow
1855,下午加餐,5,37,正常,一般,雨,同事,不关心,不吃辣,,34,全麦鸡肉三明治,轻食健康,1,chosen,0.5928,0.643,train,normal
1855,下午加餐,5,37,正常,一般,雨,同事,不关心,不吃辣,,34,全麦鸡肉三明治,轻食健康,1,chosen,0.5928,0.6296,train,normal
1855,下午加餐,5,37,正常,一般,雨,同事,不关心,不吃辣,,34,全麦鸡肉三明治,轻食健康,1,chosen,0.5928,0.5449,train,normal
1856,晚餐,4,47,正常,一般,热,约会,随便,中辣,,15,宫保鸡丁+米饭,家常炒菜,1,chosen,0.649,0.6637,train,normal
1856,晚餐,4,47,正常,一般,热,约会,随便,中辣,,40,奶油蘑菇汤+面包,西式简餐,1,chosen,0.6153,0.6189,train,normal
1856,晚餐,4,47,正常,一般,热,约会,随便,中辣,,15,宫保鸡丁+米饭,家常炒菜,1,chosen,0.649,0.6713,train,normal
1856,晚餐,4,47,正常,一般,热,约会,随便,中辣,,18,地三鲜+米饭,家常炒菜,0,considered,0.6332,0.643,train,normal
1856,晚餐,4,47,正常,一般,热,约会,随便,中辣,,13,麻婆豆腐+米饭,家常炒菜,0,considered,0.5598,0.4997,train,normal
1857,夜宵,4,47,正常,疲惫,阴,家人,严格控制,微辣,,6,兰州牛肉面,面食粉面,1,chosen,0.6999,0.6683,train,normal
1857,夜宵,4,47,正常,疲惫,阴,家人,严格控制,微辣,,6,兰州牛肉面,面食粉面,1,chosen,0.6999,0.7423,train,normal
1857,夜宵,4,47,正常,疲惫,阴,家人,严格控制,微辣,,6,兰州牛肉面,面食粉面,1,chosen,0.6999,0.6742,train,normal
1857,夜宵,4,47,正常,疲惫,阴,家人,严格控制,微辣,,8,番茄鸡蛋面,面食粉面,0,considered,0.6513,0.6609,train,normal
1857,夜宵,4,47,正常,疲惫,阴,家人,严格控制,微辣,,9,炸酱面,面食粉面,0,considered,0.6312,0.6554,train,normal
1858,午餐,3,46,省着点,开心,雨,同事,想健康,微辣,麸质,6,兰州牛肉面,面食粉面,1,chosen,0.6254,0.6223,train,normal
1858,午餐,3,46,省着点,开心,雨,同事,想健康,微辣,麸质,6,兰州牛肉面,面食粉面,1,chosen,0.6254,0.6092,train,normal
1858,午餐,3,46,省着点,开心,雨,同事,想健康,微辣,麸质,6,兰州牛肉面,面食粉面,1,chosen,0.6254,0.6995,train,normal
1859,下午加餐,3,90,不差钱,兴奋,晴,朋友,不关心,微辣,麸质,33,三文鱼沙拉,轻食健康,1,chosen,0.6312,0.6465,train,normal
1859,下午加餐,3,90,不差钱,兴奋,晴,朋友,不关心,微辣,麸质,33,三文鱼沙拉,轻食健康,1,chosen,0.6312,0.5553,train,normal
1859,下午加餐,3,90,不差钱,兴奋,晴,朋友,不关心,微辣,麸质,33,三文鱼沙拉,轻食健康,1,chosen,0.6312,0.6376,train,normal
1860,午餐,4,88,省着点,低落,冷,约会,不关心,不吃辣,海鲜,18,地三鲜+米饭,家常炒菜,1,chosen,0.6565,0.6769,train,normal
1860,午餐,4,88,省着点,低落,冷,约会,不关心,不吃辣,海鲜,3,台式卤肉饭,中式快餐盖饭,1,chosen,0.6347,0.6375,train,normal
1860,午餐,4,88,省着点,低落,冷,约会,不关心,不吃辣,海鲜,18,地三鲜+米饭,家常炒菜,1,chosen,0.6565,0.6644,train,normal
1860,午餐,4,88,省着点,低落,冷,约会,不关心,不吃辣,海鲜,17,蒜蓉西兰花+米饭,家常炒菜,0,considered,0.5354,0.5375,train,normal
1860,午餐,4,88,省着点,低落,冷,约会,不关心,不吃辣,海鲜,12,西红柿炒蛋+米饭,家常炒菜,0,considered,0.5229,0.5159,train,normal
1861,夜宵,5,21,正常,一般,晴,一个人,不关心,不吃辣,,40,奶油蘑菇汤+面包,西式简餐,1,chosen,0.4815,0.4673,val,normal
1861,夜宵,5,21,正常,一般,晴,一个人,不关心,不吃辣,,37,番茄肉酱意面,西式简餐,1,chosen,0.4623,0.4693,val,normal
1861,夜宵,5,21,正常,一般,晴,一个人,不关心,不吃辣,,40,奶油蘑菇汤+面包,西式简餐,1,chosen,0.4815,0.4526,val,normal
1862,夜宵,3,40,正常,一般,阴,家人,想健康,中辣,麸质,26,烤鸡翅,烧烤小吃,1,chosen,0.6964,0.6581,train,normal
1862,夜宵,3,40,正常,一般,阴,家人,想健康,中辣,麸质,26,烤鸡翅,烧烤小吃,1,chosen,0.6964,0.6829,train,normal
1862,夜宵,3,40,正常,一般,阴,家人,想健康,中辣,麸质,26,烤鸡翅,烧烤小吃,1,chosen,0.6964,0.6617,train,normal
1863,夜宵,5,43,正常,一般,晴,家人,不关心,中辣,,26,烤鸡翅,烧烤小吃,1,chosen,0.6535,0.7266,val,normal
1863,夜宵,5,43,正常,一般,晴,家人,不关心,中辣,,26,烤鸡翅,烧烤小吃,1,chosen,0.6535,0.6732,val,normal
1863,夜宵,5,43,正常,一般,晴,家人,不关心,中辣,,26,烤鸡翅,烧烤小吃,1,chosen,0.6535,0.6203,val,normal
1864,午餐,3,15,正常,开心,雨,朋友,随便,中辣,,15,宫保鸡丁+米饭,家常炒菜,1,chosen,0.6291,0.5889,train,normal
1864,午餐,3,15,正常,开心,雨,朋友,随便,中辣,,11,云南小锅米线,面食粉面,1,chosen,0.6418,0.6308,train,normal
1864,午餐,3,15,正常,开心,雨,朋友,随便,中辣,,11,云南小锅米线,面食粉面,1,chosen,0.6418,0.6742,train,normal
1865,晚餐,4,47,省着点,一般,雨,一个人,随便,重辣,,7,重庆小面,面食粉面,1,chosen,0.5526,0.6064,train,normal
1865,晚餐,4,47,省着点,一般,雨,一个人,随便,重辣,,7,重庆小面,面食粉面,1,chosen,0.5526,0.5417,train,normal
1865,晚餐,4,47,省着点,一般,雨,一个人,随便,重辣,,13,麻婆豆腐+米饭,家常炒菜,1,chosen,0.5508,0.5669,train,normal
1866,晚餐,3,43,正常,开心,雨,家人,不关心,不吃辣,,40,奶油蘑菇汤+面包,西式简餐,1,chosen,0.6424,0.6172,train,normal
1866,晚餐,3,43,正常,开心,雨,家人,不关心,不吃辣,,9,炸酱面,面食粉面,1,chosen,0.6059,0.5714,train,normal
1866,晚餐,3,43,正常,开心,雨,家人,不关心,不吃辣,,40,奶油蘑菇汤+面包,西式简餐,1,chosen,0.6424,0.6253,train,normal
1867,午餐,4,20,想吃好点,疲惫,晴,一个人,不关心,重辣,,19,麻辣烫,火锅麻辣烫,1,chosen,0.5696,0.5824,train,normal
1867,午餐,4,20,想吃好点,疲惫,晴,一个人,不关心,重辣,,19,麻辣烫,火锅麻辣烫,1,chosen,0.5696,0.512,train,normal
1867,午餐,4,20,想吃好点,疲惫,晴,一个人,不关心,重辣,,19,麻辣烫,火锅麻辣烫,1,chosen,0.5696,0.5502,train,normal
1868,夜宵,4,58,省着点,一般,阴,一个人,不关心,微辣,,28,烤冷面,烧烤小吃,1,chosen,0.5375,0.5017,train,normal
1868,夜宵,4,58,省着点,一般,阴,一个人,不关心,微辣,,28,烤冷面,烧烤小吃,1,chosen,0.5375,0.5169,train,normal
1868,夜宵,4,58,省着点,一般,阴,一个人,不关心,微辣,,28,烤冷面,烧烤小吃,1,chosen,0.5375,0.4746,train,normal
1869,夜宵,1,30,省着点,一般,冷,约会,不关心,微辣,麸质,28,烤冷面,烧烤小吃,1,chosen,0.65,0.5904,test,normal
1869,夜宵,1,30,省着点,一般,冷,约会,不关心,微辣,麸质,28,烤冷面,烧烤小吃,1,chosen,0.65,0.6622,test,normal
1869,夜宵,1,30,省着点,一般,冷,约会,不关心,微辣,麸质,28,烤冷面,烧烤小吃,1,chosen,0.65,0.7113,test,normal
1869,夜宵,1,30,省着点,一般,冷,约会,不关心,微辣,麸质,30,铁板豆腐,烧烤小吃,0,considered,0.611,0.5536,test,normal
1869,夜宵,1,30,省着点,一般,冷,约会,不关心,微辣,麸质,27,烤茄子,烧烤小吃,0,considered,0.5965,0.5824,test,normal
1870,晚餐,4,70,不差钱,开心,晴,约会,想健康,微辣,,24,菌汤火锅,火锅麻辣烫,1,chosen,0.6818,0.7299,train,normal
1870,晚餐,4,70,不差钱,开心,晴,约会,想健康,微辣,,24,菌汤火锅,火锅麻辣烫,1,chosen,0.6818,0.7405,train,normal
1870,晚餐,4,70,不差钱,开心,晴,约会,想健康,微辣,,24,菌汤火锅,火锅麻辣烫,1,chosen,0.6818,0.6696,train,normal
1870,晚餐,4,70,不差钱,开心,晴,约会,想健康,微辣,,20,清汤火锅,火锅麻辣烫,0,considered,0.672,0.6702,train,normal
1870,晚餐,4,70,不差钱,开心,晴,约会,想健康,微辣,,23,冒菜,火锅麻辣烫,0,considered,0.4706,0.4836,train,normal
1871,午餐,5,29,想吃好点,疲惫,冷,家人,想健康,中辣,乳制品,15,宫保鸡丁+米饭,家常炒菜,1,chosen,0.7527,0.7732,train,normal
1871,午餐,5,29,想吃好点,疲惫,冷,家人,想健康,中辣,乳制品,15,宫保鸡丁+米饭,家常炒菜,1,chosen,0.7527,0.7295,train,normal
1871,午餐,5,29,想吃好点,疲惫,冷,家人,想健康,中辣,乳制品,15,宫保鸡丁+米饭,家常炒菜,1,chosen,0.7527,0.7601,train,normal
1871,午餐,5,29,想吃好点,疲惫,冷,家人,想健康,中辣,乳制品,18,地三鲜+米饭,家常炒菜,0,considered,0.7159,0.7264,train,normal
1871,午餐,5,29,想吃好点,疲惫,冷,家人,想健康,中辣,乳制品,13,麻婆豆腐+米饭,家常炒菜,0,considered,0.6612,0.6724,train,normal
1872,夜宵,5,34,正常,一般,热,朋友,不关心,微辣,,6,兰州牛肉面,面食粉面,1,chosen,0.62,0.601,train,normal
1872,夜宵,5,34,正常,一般,热,朋友,不关心,微辣,,6,兰州牛肉面,面食粉面,1,chosen,0.62,0.6058,train,normal
1872,夜宵,5,34,正常,一般,热,朋友,不关心,微辣,,6,兰州牛肉面,面食粉面,1,chosen,0.62,0.637,train,normal
1873,午餐,3,59,正常,一般,晴,朋友,不关心,中辣,,15,宫保鸡丁+米饭,家常炒菜,1,chosen,0.6281,0.5951,train,normal
1873,午餐,3,59,正常,一般,晴,朋友,不关心,中辣,,15,宫保鸡丁+米饭,家常炒菜,1,chosen,0.6281,0.667,train,normal
1873,午餐,3,59,正常,一般,晴,朋友,不关心,中辣,,15,宫保鸡丁+米饭,家常炒菜,1,chosen,0.6281,0.612,train,normal
1873,午餐,3,59,正常,一般,晴,朋友,不关心,中辣,,18,地三鲜+米饭,家常炒菜,0,considered,0.5743,0.5943,train,normal
1873,午餐,3,59,正常,一般,晴,朋友,不关心,中辣,,13,麻婆豆腐+米饭,家常炒菜,0,considered,0.5443,0.5079,train,normal
1874,晚餐,4,43,想吃好点,开心,阴,同事,想健康,微辣,海鲜,6,兰州牛肉面,面食粉面,1,chosen,0.5738,0.5958,train,normal
1874,晚餐,4,43,想吃好点,开心,阴,同事,想健康,微辣,海鲜,18,地三鲜+米饭,家常炒菜,1,chosen,0.574,0.5624,train,normal
1874,晚餐,4,43,想吃好点,开心,阴,同事,想健康,微辣,海鲜,42,烤鸡胸配土豆泥,西式简餐,1,chosen,0.5803,0.5775,train,normal
1874,晚餐,4,43,想吃好点,开心,阴,同事,想健康,微辣,海鲜,40,奶油蘑菇汤+面包,西式简餐,0,considered,0.58,0.5694,train,normal
1874,晚餐,4,43,想吃好点,开心,阴,同事,想健康,微辣,海鲜,37,番茄肉酱意面,西式简餐,0,considered,0.5741,0.5953,train,normal
1875,晚餐,2,56,正常,疲惫,阴,约会,不关心,中辣,,15,宫保鸡丁+米饭,家常炒菜,1,chosen,0.662,0.6592,train,normal
1875,晚餐,2,56,正常,疲惫,阴,约会,不关心,中辣,,15,宫保鸡丁+米饭,家常炒菜,1,chosen,0.662,0.6844,train,normal
1875,晚餐,2,56,正常,疲惫,阴,约会,不关心,中辣,,15,宫保鸡丁+米饭,家常炒菜,1,chosen,0.662,0.608,train,normal
1876,晚餐,2,30,省着点,疲惫,阴,一个人,想健康,微辣,,6,兰州牛肉面,面食粉面,1,chosen,0.5445,0.5331,train,normal
1876,晚餐,2,30,省着点,疲惫,阴,一个人,想健康,微辣,,6,兰州牛肉面,面食粉面,1,chosen,0.5445,0.5448,train,normal
1876,晚餐,2,30,省着点,疲惫,阴,一个人,想健康,微辣,,6,兰州牛肉面,面食粉面,1,chosen,0.5445,0.5078,train,normal
1877,午餐,2,32,不差钱,疲惫,热,一个人,随便,重辣,,19,麻辣烫,火锅麻辣烫,1,chosen,0.5454,0.6021,train,normal
1877,午餐,2,32,不差钱,疲惫,热,一个人,随便,重辣,,19,麻辣烫,火锅麻辣烫,1,chosen,0.5454,0.571,train,normal
1877,午餐,2,32,不差钱,疲惫,热,一个人,随便,重辣,,19,麻辣烫,火锅麻辣烫,1,chosen,0.5454,0.6012,train,normal
1878,午餐,2,52,想吃好点,兴奋,晴,同事,随便,微辣,麸质,42,烤鸡胸配土豆泥,西式简餐,1,chosen,0.5174,0.4833,train,normal
1878,午餐,2,52,想吃好点,兴奋,晴,同事,随便,微辣,麸质,42,烤鸡胸配土豆泥,西式简餐,1,chosen,0.5174,0.4503,train,normal
1878,午餐,2,52,想吃好点,兴奋,晴,同事,随便,微辣,麸质,6,兰州牛肉面,面食粉面,1,chosen,0.505,0.4473,train,normal
1879,午餐,3,15,正常,兴奋,雪,一个人,严格控制,重辣,,13,麻婆豆腐+米饭,家常炒菜,1,chosen,0.6723,0.6192,test,snow
1879,午餐,3,15,正常,兴奋,雪,一个人,严格控制,重辣,,13,麻婆豆腐+米饭,家常炒菜,1,chosen,0.6723,0.6955,test,snow
1879,午餐,3,15,正常,兴奋,雪,一个人,严格控制,重辣,,13,麻婆豆腐+米饭,家常炒菜,1,chosen,0.6723,0.6827,test,snow
1880,夜宵,3,37,不差钱,疲惫,晴,朋友,想健康,重辣,,26,烤鸡翅,烧烤小吃,1,chosen,0.7255,0.7266,test,normal
1880,夜宵,3,37,不差钱,疲惫,晴,朋友,想健康,重辣,,26,烤鸡翅,烧烤小吃,1,chosen,0.7255,0.7397,test,normal
1880,夜宵,3,37,不差钱,疲惫,晴,朋友,想健康,重辣,,26,烤鸡翅,烧烤小吃,1,chosen,0.7255,0.717,test,normal
1881,晚餐,2,33,正常,低落,冷,朋友,不关心,中辣,素食,11,云南小锅米线,面食粉面,1,chosen,0.649,0.6564,train,normal
1881,晚餐,2,33,正常,低落,冷,朋友,不关心,中辣,素食,11,云南小锅米线,面食粉面,1,chosen,0.649,0.6629,train,normal
1881,晚餐,2,33,正常,低落,冷,朋友,不关心,中辣,素食,11,云南小锅米线,面食粉面,1,chosen,0.649,0.6231,train,normal
1881,晚餐,2,33,正常,低落,冷,朋友,不关心,中辣,素食,6,兰州牛肉面,面食粉面,0,considered,0.6219,0.6366,train,normal
1881,晚餐,2,33,正常,低落,冷,朋友,不关心,中辣,素食,7,重庆小面,面食粉面,0,considered,0.572,0.6145,train,normal
1882,晚餐,5,33,省着点,开心,冷,一个人,不关心,不吃辣,海鲜,3,台式卤肉饭,中式快餐盖饭,1,chosen,0.5411,0.5202,train,normal
1882,晚餐,5,33,省着点,开心,冷,一个人,不关心,不吃辣,海鲜,3,台式卤肉饭,中式快餐盖饭,1,chosen,0.5411,0.5214,train,normal
1882,晚餐,5,33,省着点,开心,冷,一个人,不关心,不吃辣,海鲜,3,台式卤肉饭,中式快餐盖饭,1,chosen,0.5411,0.6194,train,normal
1882,晚餐,5,33,省着点,开心,冷,一个人,不关心,不吃辣,海鲜,0,番茄牛腩饭,中式快餐盖饭,0,considered,0.5133,0.5043,train,normal
1882,晚餐,5,33,省着点,开心,冷,一个人,不关心,不吃辣,海鲜,2,青椒肉丝盖饭,中式快餐盖饭,0,considered,0.4509,0.4034,train,normal
1883,晚餐,3,23,正常,疲惫,冷,家人,不关心,不吃辣,海鲜,40,奶油蘑菇汤+面包,西式简餐,1,chosen,0.6799,0.6556,val,normal
1883,晚餐,3,23,正常,疲惫,冷,家人,不关心,不吃辣,海鲜,40,奶油蘑菇汤+面包,西式简餐,1,chosen,0.6799,0.6704,val,normal
1883,晚餐,3,23,正常,疲惫,冷,家人,不关心,不吃辣,海鲜,40,奶油蘑菇汤+面包,西式简餐,1,chosen,0.6799,0.6648,val,normal
1884,午餐,2,47,正常,一般,雨,同事,不关心,中辣,,26,烤鸡翅,烧烤小吃,1,chosen,0.581,0.66,test,normal
1884,午餐,2,47,正常,一般,雨,同事,不关心,中辣,,26,烤鸡翅,烧烤小吃,1,chosen,0.581,0.5225,test,normal
1884,午餐,2,47,正常,一般,雨,同事,不关心,中辣,,26,烤鸡翅,烧烤小吃,1,chosen,0.581,0.6167,test,normal
1885,夜宵,5,57,省着点,一般,冷,家人,随便,不吃辣,海鲜,24,菌汤火锅,火锅麻辣烫,1,chosen,0.5884,0.4984,train,normal
1885,夜宵,5,57,省着点,一般,冷,家人,随便,不吃辣,海鲜,24,菌汤火锅,火锅麻辣烫,1,chosen,0.5884,0.5773,train,normal
1885,夜宵,5,57,省着点,一般,冷,家人,随便,不吃辣,海鲜,9,炸酱面,面食粉面,1,chosen,0.56,0.6274,train,normal
1886,下午加餐,3,82,正常,开心,晴,约会,随便,不吃辣,海鲜,34,全麦鸡肉三明治,轻食健康,1,chosen,0.6265,0.6734,train,normal
1886,下午加餐,3,82,正常,开心,晴,约会,随便,不吃辣,海鲜,34,全麦鸡肉三明治,轻食健康,1,chosen,0.6265,0.6574,train,normal
1886,下午加餐,3,82,正常,开心,晴,约会,随便,不吃辣,海鲜,34,全麦鸡肉三明治,轻食健康,1,chosen,0.6265,0.6028,train,normal
1886,下午加餐,3,82,正常,开心,晴,约会,随便,不吃辣,海鲜,32,藜麦牛油果碗,轻食健康,0,considered,0.6148,0.6068,train,normal
1886,下午加餐,3,82,正常,开心,晴,约会,随便,不吃辣,海鲜,36,希腊酸奶坚果碗,轻食健康,0,considered,0.6145,0.6366,train,normal
1887,夜宵,5,40,想吃好点,一般,晴,家人,不关心,不吃辣,,24,菌汤火锅,火锅麻辣烫,1,chosen,0.5358,0.6234,train,normal
1887,夜宵,5,40,想吃好点,一般,晴,家人,不关心,不吃辣,,42,烤鸡胸配土豆泥,西式简餐,1,chosen,0.5756,0.6282,train,normal
1887,夜宵,5,40,想吃好点,一般,晴,家人,不关心,不吃辣,,42,烤鸡胸配土豆泥,西式简餐,1,chosen,0.5756,0.6186,train,normal
1888,夜宵,5,31,正常,疲惫,晴,朋友,随便,微辣,,6,兰州牛肉面,面食粉面,1,chosen,0.6601,0.7053,train,normal
1888,夜宵,5,31,正常,疲惫,晴,朋友,随便,微辣,,6,兰州牛肉面,面食粉面,1,chosen,0.6601,0.7419,train,normal
1888,夜宵,5,31,正常,疲惫,晴,朋友,随便,微辣,,6,兰州牛肉面,面食粉面,1,chosen,0.6601,0.6119,train,normal
1889,晚餐,2,52,想吃好点,兴奋,冷,朋友,不关心,重辣,乳制品,19,麻辣烫,火锅麻辣烫,1,chosen,0.6722,0.7309,val,normal
1889,晚餐,2,52,想吃好点,兴奋,冷,朋友,不关心,重辣,乳制品,19,麻辣烫,火锅麻辣烫,1,chosen,0.6722,0.6339,val,normal
1889,晚餐,2,52,想吃好点,兴奋,冷,朋友,不关心,重辣,乳制品,15,宫保鸡丁+米饭,家常炒菜,1,chosen,0.661,0.6745,val,normal
1890,早餐,4,62,不差钱,一般,雨,家人,想健康,微辣,,6,兰州牛肉面,面食粉面,1,chosen,0.6436,0.6379,train,normal
1890,早餐,4,62,不差钱,一般,雨,家人,想健康,微辣,,6,兰州牛肉面,面食粉面,1,chosen,0.6436,0.6612,train,normal
1890,早餐,4,62,不差钱,一般,雨,家人,想健康,微辣,,6,兰州牛肉面,面食粉面,1,chosen,0.6436,0.6661,train,normal
1891,晚餐,2,120,想吃好点,兴奋,雨,同事,想健康,中辣,,26,烤鸡翅,烧烤小吃,1,chosen,0.6222,0.6077,train,normal
1891,晚餐,2,120,想吃好点,兴奋,雨,同事,想健康,中辣,,26,烤鸡翅,烧烤小吃,1,chosen,0.6222,0.534,train,normal
1891,晚餐,2,120,想吃好点,兴奋,雨,同事,想健康,中辣,,17,蒜蓉西兰花+米饭,家常炒菜,1,chosen,0.5971,0.5641,train,normal
1892,夜宵,3,42,不差钱,疲惫,阴,家人,想健康,不吃辣,,24,菌汤火锅,火锅麻辣烫,1,chosen,0.6632,0.6421,train,normal
1892,夜宵,3,42,不差钱,疲惫,阴,家人,想健康,不吃辣,,24,菌汤火锅,火锅麻辣烫,1,chosen,0.6632,0.671,train,normal
1892,夜宵,3,42,不差钱,疲惫,阴,家人,想健康,不吃辣,,24,菌汤火锅,火锅麻辣烫,1,chosen,0.6632,0.6381,train,normal
1893,晚餐,4,15,省着点,压力大,雨,同事,严格控制,不吃辣,,17,蒜蓉西兰花+米饭,家常炒菜,1,chosen,0.6119,0.6278,train,normal
1893,晚餐,4,15,省着点,压力大,雨,同事,严格控制,不吃辣,,9,炸酱面,面食粉面,1,chosen,0.6511,0.673,train,normal
1893,晚餐,4,15,省着点,压力大,雨,同事,严格控制,不吃辣,,9,炸酱面,面食粉面,1,chosen,0.6511,0.6799,train,normal
1894,下午加餐,5,39,正常,疲惫,晴,一个人,随便,微辣,,36,希腊酸奶坚果碗,轻食健康,1,chosen,0.5402,0.51,train,normal
1894,下午加餐,5,39,正常,疲惫,晴,一个人,随便,微辣,,36,希腊酸奶坚果碗,轻食健康,1,chosen,0.5402,0.5559,train,normal
1894,下午加餐,5,39,正常,疲惫,晴,一个人,随便,微辣,,36,希腊酸奶坚果碗,轻食健康,1,chosen,0.5402,0.5238,train,normal
1895,夜宵,5,43,正常,疲惫,阴,一个人,想健康,不吃辣,素食,6,兰州牛肉面,面食粉面,1,chosen,0.5243,0.5147,train,normal
1895,夜宵,5,43,正常,疲惫,阴,一个人,想健康,不吃辣,素食,37,番茄肉酱意面,西式简餐,1,chosen,0.5592,0.5323,train,normal
1895,夜宵,5,43,正常,疲惫,阴,一个人,想健康,不吃辣,素食,37,番茄肉酱意面,西式简餐,1,chosen,0.5592,0.5565,train,normal
1896,早餐,3,67,省着点,开心,阴,同事,随便,微辣,,43,皮蛋瘦肉粥+油条,早餐粥点,1,chosen,0.6247,0.6081,train,normal
1896,早餐,3,67,省着点,开心,阴,同事,随便,微辣,,43,皮蛋瘦肉粥+油条,早餐粥点,1,chosen,0.6247,0.5915,train,normal
1896,早餐,3,67,省着点,开心,阴,同事,随便,微辣,,43,皮蛋瘦肉粥+油条,早餐粥点,1,chosen,0.6247,0.6344,train,normal
1896,早餐,3,67,省着点,开心,阴,同事,随便,微辣,,44,小笼包+豆浆,早餐粥点,0,considered,0.6247,0.64,train,normal
1896,早餐,3,67,省着点,开心,阴,同事,随便,微辣,,46,燕麦牛奶粥,早餐粥点,0,considered,0.6208,0.631,train,normal
1897,午餐,3,55,正常,一般,雨,朋友,不关心,不吃辣,,37,番茄肉酱意面,西式简餐,1,chosen,0.6172,0.5989,train,normal
1897,午餐,3,55,正常,一般,雨,朋友,不关心,不吃辣,,40,奶油蘑菇汤+面包,西式简餐,1,chosen,0.631,0.6792,train,normal
1897,午餐,3,55,正常,一般,雨,朋友,不关心,不吃辣,,40,奶油蘑菇汤+面包,西式简餐,1,chosen,0.631,0.665,train,normal
1898,晚餐,4,51,正常,低落,冷,约会,不关心,重辣,,23,冒菜,火锅麻辣烫,1,chosen,0.7452,0.7651,val,normal
1898,晚餐,4,51,正常,低落,冷,约会,不关心,重辣,,23,冒菜,火锅麻辣烫,1,chosen,0.7452,0.7574,val,normal
1898,晚餐,4,51,正常,低落,冷,约会,不关心,重辣,,23,冒菜,火锅麻辣烫,1,chosen,0.7452,0.7447,val,normal
1898,晚餐,4,51,正常,低落,冷,约会,不关心,重辣,,19,麻辣烫,火锅麻辣烫,0,considered,0.7384,0.7518,val,normal
1898,晚餐,4,51,正常,低落,冷,约会,不关心,重辣,,24,菌汤火锅,火锅麻辣烫,0,considered,0.5736,0.6031,val,normal
1899,下午加餐,4,44,省着点,一般,雨,一个人,想健康,不吃辣,,34,全麦鸡肉三明治,轻食健康,1,chosen,0.596,0.6545,train,normal
1899,下午加餐,4,44,省着点,一般,雨,一个人,想健康,不吃辣,,34,全麦鸡肉三明治,轻食健康,1,chosen,0.596,0.5815,train,normal
1899,下午加餐,4,44,省着点,一般,雨,一个人,想健康,不吃辣,,34,全麦鸡肉三明治,轻食健康,1,chosen,0.596,0.5743,train,normal
1900,午餐,3,67,正常,压力大,热,同事,想健康,不吃辣,乳制品,9,炸酱面,面食粉面,1,chosen,0.6402,0.66,train,normal
1900,午餐,3,67,正常,压力大,热,同事,想健康,不吃辣,乳制品,9,炸酱面,面食粉面,1,chosen,0.6402,0.603,train,normal
1900,午餐,3,67,正常,压力大,热,同事,想健康,不吃辣,乳制品,9,炸酱面,面食粉面,1,chosen,0.6402,0.6453,train,normal
1900,午餐,3,67,正常,压力大,热,同事,想健康,不吃辣,乳制品,8,番茄鸡蛋面,面食粉面,0,considered,0.5629,0.5089,train,normal
1900,午餐,3,67,正常,压力大,热,同事,想健康,不吃辣,乳制品,6,兰州牛肉面,面食粉面,0,considered,0.5345,0.5205,train,normal
1901,晚餐,3,67,想吃好点,疲惫,冷,家人,不关心,微辣,,42,烤鸡胸配土豆泥,西式简餐,1,chosen,0.6867,0.7065,test,normal
1901,晚餐,3,67,想吃好点,疲惫,冷,家人,不关心,微辣,,42,烤鸡胸配土豆泥,西式简餐,1,chosen,0.6867,0.6749,test,normal
1901,晚餐,3,67,想吃好点,疲惫,冷,家人,不关心,微辣,,42,烤鸡胸配土豆泥,西式简餐,1,chosen,0.6867,0.6846,test,normal
1901,晚餐,3,67,想吃好点,疲惫,冷,家人,不关心,微辣,,40,奶油蘑菇汤+面包,西式简餐,0,considered,0.6799,0.7025,test,normal
1901,晚餐,3,67,想吃好点,疲惫,冷,家人,不关心,微辣,,37,番茄肉酱意面,西式简餐,0,considered,0.6768,0.7231,test,normal
1902,午餐,2,30,想吃好点,开心,晴,家人,不关心,重辣,乳制品,19,麻辣烫,火锅麻辣烫,1,chosen,0.6103,0.6624,train,normal
1902,午餐,2,30,想吃好点,开心,晴,家人,不关心,重辣,乳制品,13,麻婆豆腐+米饭,家常炒菜,1,chosen,0.6031,0.5896,train,normal
1902,午餐,2,30,想吃好点,开心,晴,家人,不关心,重辣,乳制品,26,烤鸡翅,烧烤小吃,1,chosen,0.5933,0.615,train,normal
1903,下午加餐,4,40,想吃好点,一般,晴,同事,想健康,微辣,,32,藜麦牛油果碗,轻食健康,1,chosen,0.6215,0.6842,train,normal
1903,下午加餐,4,40,想吃好点,一般,晴,同事,想健康,微辣,,32,藜麦牛油果碗,轻食健康,1,chosen,0.6215,0.6281,train,normal
1903,下午加餐,4,40,想吃好点,一般,晴,同事,想健康,微辣,,36,希腊酸奶坚果碗,轻食健康,1,chosen,0.606,0.5699,train,normal
1904,晚餐,5,65,想吃好点,疲惫,冷,一个人,随便,中辣,,15,宫保鸡丁+米饭,家常炒菜,1,chosen,0.6195,0.6303,train,normal
1904,晚餐,5,65,想吃好点,疲惫,冷,一个人,随便,中辣,,15,宫保鸡丁+米饭,家常炒菜,1,chosen,0.6195,0.5518,train,normal
1904,晚餐,5,65,想吃好点,疲惫,冷,一个人,随便,中辣,,15,宫保鸡丁+米饭,家常炒菜,1,chosen,0.6195,0.6142,train,normal
1905,午餐,4,81,想吃好点,一般,热,同事,随便,不吃辣,麸质,9,炸酱面,面食粉面,1,chosen,0.5612,0.6237,train,normal
1905,午餐,4,81,想吃好点,一般,热,同事,随便,不吃辣,麸质,9,炸酱面,面食粉面,1,chosen,0.5612,0.618,train,normal
1905,午餐,4,81,想吃好点,一般,热,同事,随便,不吃辣,麸质,9,炸酱面,面食粉面,1,chosen,0.5612,0.5642,train,normal
1906,早餐,2,48,省着点,兴奋,晴,朋友,随便,中辣,海鲜,44,小笼包+豆浆,早餐粥点,1,chosen,0.6164,0.5721,train,normal
1906,早餐,2,48,省着点,兴奋,晴,朋友,随便,中辣,海鲜,8,番茄鸡蛋面,面食粉面,1,chosen,0.6105,0.672,train,normal
1906,早餐,2,48,省着点,兴奋,晴,朋友,随便,中辣,海鲜,44,小笼包+豆浆,早餐粥点,1,chosen,0.6164,0.6297,train,normal
1907,夜宵,4,72,想吃好点,一般,晴,同事,严格控制,微辣,,6,兰州牛肉面,面食粉面,1,chosen,0.6092,0.6156,train,normal
1907,夜宵,4,72,想吃好点,一般,晴,同事,严格控制,微辣,,6,兰州牛肉面,面食粉面,1,chosen,0.6092,0.5707,train,normal
1907,夜宵,4,72,想吃好点,一般,晴,同事,严格控制,微辣,,6,兰州牛肉面,面食粉面,1,chosen,0.6092,0.5416,train,normal
1907,夜宵,4,72,想吃好点,一般,晴,同事,严格控制,微辣,,8,番茄鸡蛋面,面食粉面,0,considered,0.5833,0.6233,train,normal
1907,夜宵,4,72,想吃好点,一般,晴,同事,严格控制,微辣,,9,炸酱面,面食粉面,0,considered,0.5318,0.4922,train,normal
1908,晚餐,2,58,正常,一般,雨,朋友,不关心,微辣,,40,奶油蘑菇汤+面包,西式简餐,1,chosen,0.6038,0.5954,train,normal
1908,晚餐,2,58,正常,一般,雨,朋友,不关心,微辣,,40,奶油蘑菇汤+面包,西式简餐,1,chosen,0.6038,0.6425,train,normal
1908,晚餐,2,58,正常,一般,雨,朋友,不关心,微辣,,40,奶油蘑菇汤+面包,西式简餐,1,chosen,0.6038,0.614,train,normal
1909,晚餐,5,46,省着点,一般,晴,一个人,想健康,微辣,"海鲜,乳制品",2,青椒肉丝盖饭,中式快餐盖饭,1,chosen,0.5236,0.5282,train,normal
1909,晚餐,5,46,省着点,一般,晴,一个人,想健康,微辣,"海鲜,乳制品",6,兰州牛肉面,面食粉面,1,chosen,0.5236,0.554,train,normal
1909,晚餐,5,46,省着点,一般,晴,一个人,想健康,微辣,"海鲜,乳制品",2,青椒肉丝盖饭,中式快餐盖饭,1,chosen,0.5236,0.458,train,normal
1909,晚餐,5,46,省着点,一般,晴,一个人,想健康,微辣,"海鲜,乳制品",1,黄焖鸡米饭,中式快餐盖饭,0,considered,0.4874,0.4993,train,normal
1909,晚餐,5,46,省着点,一般,晴,一个人,想健康,微辣,"海鲜,乳制品",0,番茄牛腩饭,中式快餐盖饭,0,considered,0.4817,0.4734,train,normal
1910,下午加餐,3,91,不差钱,疲惫,阴,一个人,不关心,微辣,"海鲜,乳制品",32,藜麦牛油果碗,轻食健康,1,chosen,0.5958,0.5861,val,normal
1910,下午加餐,3,91,不差钱,疲惫,阴,一个人,不关心,微辣,"海鲜,乳制品",32,藜麦牛油果碗,轻食健康,1,chosen,0.5958,0.6569,val,normal
1910,下午加餐,3,91,不差钱,疲惫,阴,一个人,不关心,微辣,"海鲜,乳制品",32,藜麦牛油果碗,轻食健康,1,chosen,0.5958,0.5787,val,normal
1911,晚餐,2,88,不差钱,开心,晴,一个人,想健康,中辣,素食,24,菌汤火锅,火锅麻辣烫,1,chosen,0.5504,0.5114,train,normal
1911,晚餐,2,88,不差钱,开心,晴,一个人,想健康,中辣,素食,24,菌汤火锅,火锅麻辣烫,1,chosen,0.5504,0.5462,train,normal
1911,晚餐,2,88,不差钱,开心,晴,一个人,想健康,中辣,素食,24,菌汤火锅,火锅麻辣烫,1,chosen,0.5504,0.6084,train,normal
1911,晚餐,2,88,不差钱,开心,晴,一个人,想健康,中辣,素食,20,清汤火锅,火锅麻辣烫,0,considered,0.5407,0.5468,train,normal
1911,晚餐,2,88,不差钱,开心,晴,一个人,想健康,中辣,素食,22,关东煮,火锅麻辣烫,0,considered,0.4216,0.4383,train,normal
1912,夜宵,5,58,正常,兴奋,晴,约会,随便,微辣,海鲜,6,兰州牛肉面,面食粉面,1,chosen,0.6391,0.5665,train,normal
1912,夜宵,5,58,正常,兴奋,晴,约会,随便,微辣,海鲜,6,兰州牛肉面,面食粉面,1,chosen,0.6391,0.6612,train,normal
1912,夜宵,5,58,正常,兴奋,晴,约会,随便,微辣,海鲜,6,兰州牛肉面,面食粉面,1,chosen,0.6391,0.6585,train,normal
1912,夜宵,5,58,正常,兴奋,晴,约会,随便,微辣,海鲜,9,炸酱面,面食粉面,0,considered,0.5688,0.5778,train,normal
1912,夜宵,5,58,正常,兴奋,晴,约会,随便,微辣,海鲜,11,云南小锅米线,面食粉面,0,considered,0.5567,0.561,train,normal
1913,下午加餐,3,15,正常,兴奋,热,家人,随便,微辣,,34,全麦鸡肉三明治,轻食健康,1,chosen,0.671,0.6706,test,normal
1913,下午加餐,3,15,正常,兴奋,热,家人,随便,微辣,,34,全麦鸡肉三明治,轻食健康,1,chosen,0.671,0.6663,test,normal
1913,下午加餐,3,15,正常,兴奋,热,家人,随便,微辣,,34,全麦鸡肉三明治,轻食健康,1,chosen,0.671,0.6135,test,normal
1913,下午加餐,3,15,正常,兴奋,热,家人,随便,微辣,,32,藜麦牛油果碗,轻食健康,0,considered,0.6642,0.7336,test,normal
1913,下午加餐,3,15,正常,兴奋,热,家人,随便,微辣,,36,希腊酸奶坚果碗,轻食健康,0,considered,0.664,0.7157,test,normal
1914,下午加餐,4,28,不差钱,疲惫,雨,朋友,不关心,微辣,乳制品,34,全麦鸡肉三明治,轻食健康,1,chosen,0.6368,0.6138,train,normal
1914,下午加餐,4,28,不差钱,疲惫,雨,朋友,不关心,微辣,乳制品,32,藜麦牛油果碗,轻食健康,1,chosen,0.6451,0.6084,train,normal
1914,下午加餐,4,28,不差钱,疲惫,雨,朋友,不关心,微辣,乳制品,32,藜麦牛油果碗,轻食健康,1,chosen,0.6451,0.6091,train,normal
1914,下午加餐,4,28,不差钱,疲惫,雨,朋友,不关心,微辣,乳制品,34,全麦鸡肉三明治,轻食健康,0,considered,0.6368,0.5988,train,normal
1914,下午加餐,4,28,不差钱,疲惫,雨,朋友,不关心,微辣,乳制品,33,三文鱼沙拉,轻食健康,0,considered,0.6298,0.6759,train,normal
1915,晚餐,3,27,省着点,开心,阴,同事,想健康,不吃辣,,9,炸酱面,面食粉面,1,chosen,0.5516,0.5588,val,normal
1915,晚餐,3,27,省着点,开心,阴,同事,想健康,不吃辣,,9,炸酱面,面食粉面,1,chosen,0.5516,0.5135,val,normal
1915,晚餐,3,27,省着点,开心,阴,同事,想健康,不吃辣,,9,炸酱面,面食粉面,1,chosen,0.5516,0.5592,val,normal
1915,晚餐,3,27,省着点,开心,阴,同事,想健康,不吃辣,,8,番茄鸡蛋面,面食粉面,0,considered,0.5173,0.4666,val,normal
1915,晚餐,3,27,省着点,开心,阴,同事,想健康,不吃辣,,6,兰州牛肉面,面食粉面,0,considered,0.4849,0.5183,val,normal
1916,午餐,4,34,正常,一般,晴,一个人,不关心,中辣,乳制品,15,宫保鸡丁+米饭,家常炒菜,1,chosen,0.5232,0.5156,train,normal
1916,午餐,4,34,正常,一般,晴,一个人,不关心,中辣,乳制品,15,宫保鸡丁+米饭,家常炒菜,1,chosen,0.5232,0.5333,train,normal
1916,午餐,4,34,正常,一般,晴,一个人,不关心,中辣,乳制品,15,宫保鸡丁+米饭,家常炒菜,1,chosen,0.5232,0.4748,train,normal
1916,午餐,4,34,正常,一般,晴,一个人,不关心,中辣,乳制品,18,地三鲜+米饭,家常炒菜,0,considered,0.5074,0.4274,train,normal
1916,午餐,4,34,正常,一般,晴,一个人,不关心,中辣,乳制品,13,麻婆豆腐+米饭,家常炒菜,0,considered,0.438,0.3608,train,normal
1917,早餐,4,68,想吃好点,低落,雨,朋友,严格控制,微辣,,6,兰州牛肉面,面食粉面,1,chosen,0.7008,0.6886,val,normal
1917,早餐,4,68,想吃好点,低落,雨,朋友,严格控制,微辣,,6,兰州牛肉面,面食粉面,1,chosen,0.7008,0.7135,val,normal
1917,早餐,4,68,想吃好点,低落,雨,朋友,严格控制,微辣,,6,兰州牛肉面,面食粉面,1,chosen,0.7008,0.7185,val,normal
1918,晚餐,4,108,正常,压力大,雨,朋友,不关心,微辣,,42,烤鸡胸配土豆泥,西式简餐,1,chosen,0.6695,0.681,val,normal
1918,晚餐,4,108,正常,压力大,雨,朋友,不关心,微辣,,18,地三鲜+米饭,家常炒菜,1,chosen,0.6934,0.6698,val,normal
1918,晚餐,4,108,正常,压力大,雨,朋友,不关心,微辣,,18,地三鲜+米饭,家常炒菜,1,chosen,0.6934,0.6935,val,normal
1918,晚餐,4,108,正常,压力大,雨,朋友,不关心,微辣,,15,宫保鸡丁+米饭,家常炒菜,0,considered,0.627,0.6916,val,normal
1918,晚餐,4,108,正常,压力大,雨,朋友,不关心,微辣,,12,西红柿炒蛋+米饭,家常炒菜,0,considered,0.5727,0.5475,val,normal
1919,午餐,3,19,省着点,疲惫,阴,一个人,不关心,不吃辣,,9,炸酱面,面食粉面,1,chosen,0.5198,0.4936,train,normal
1919,午餐,3,19,省着点,疲惫,阴,一个人,不关心,不吃辣,,9,炸酱面,面食粉面,1,chosen,0.5198,0.5372,train,normal
1919,午餐,3,19,省着点,疲惫,阴,一个人,不关心,不吃辣,,9,炸酱面,面食粉面,1,chosen,0.5198,0.5748,train,normal
1920,下午加餐,3,42,不差钱,一般,晴,约会,随便,重辣,"海鲜,乳制品",32,藜麦牛油果碗,轻食健康,1,chosen,0.6078,0.5856,val,normal
1920,下午加餐,3,42,不差钱,一般,晴,约会,随便,重辣,"海鲜,乳制品",32,藜麦牛油果碗,轻食健康,1,chosen,0.6078,0.6169,val,normal
1920,下午加餐,3,42,不差钱,一般,晴,约会,随便,重辣,"海鲜,乳制品",32,藜麦牛油果碗,轻食健康,1,chosen,0.6078,0.5926,val,normal
1921,晚餐,4,15,不差钱,疲惫,晴,一个人,想健康,不吃辣,麸质,38,香煎牛排,西式简餐,1,chosen,0.4959,0.5085,train,normal
1921,晚餐,4,15,不差钱,疲惫,晴,一个人,想健康,不吃辣,麸质,42,烤鸡胸配土豆泥,西式简餐,1,chosen,0.5236,0.4917,train,normal
1921,晚餐,4,15,不差钱,疲惫,晴,一个人,想健康,不吃辣,麸质,9,炸酱面,面食粉面,1,chosen,0.536,0.5663,train,normal
1922,夜宵,2,103,不差钱,疲惫,冷,约会,严格控制,中辣,,24,菌汤火锅,火锅麻辣烫,1,chosen,0.7968,0.8037,train,normal
1922,夜宵,2,103,不差钱,疲惫,冷,约会,严格控制,中辣,,24,菌汤火锅,火锅麻辣烫,1,chosen,0.7968,0.7892,train,normal
1922,夜宵,2,103,不差钱,疲惫,冷,约会,严格控制,中辣,,24,菌汤火锅,火锅麻辣烫,1,chosen,0.7968,0.7599,train,normal
1923,夜宵,2,64,正常,一般,冷,同事,随便,微辣,,28,烤冷面,烧烤小吃,1,chosen,0.6414,0.6037,train,normal
1923,夜宵,2,64,正常,一般,冷,同事,随便,微辣,,30,铁板豆腐,烧烤小吃,1,chosen,0.5738,0.5786,train,normal
1923,夜宵,2,64,正常,一般,冷,同事,随便,微辣,,28,烤冷面,烧烤小吃,1,chosen,0.6414,0.6156,train,normal
1924,下午加餐,3,19,正常,开心,雨,同事,随便,中辣,"海鲜,乳制品",34,全麦鸡肉三明治,轻食健康,1,chosen,0.6647,0.6284,train,normal
1924,下午加餐,3,19,正常,开心,雨,同事,随便,中辣,"海鲜,乳制品",34,全麦鸡肉三明治,轻食健康,1,chosen,0.6647,0.6429,train,normal
1924,下午加餐,3,19,正常,开心,雨,同事,随便,中辣,"海鲜,乳制品",34,全麦鸡肉三明治,轻食健康,1,chosen,0.6647,0.6081,train,normal
1925,夜宵,3,85,不差钱,开心,雨,一个人,想健康,不吃辣,,24,菌汤火锅,火锅麻辣烫,1,chosen,0.6137,0.6058,train,normal
1925,夜宵,3,85,不差钱,开心,雨,一个人,想健康,不吃辣,,24,菌汤火锅,火锅麻辣烫,1,chosen,0.6137,0.5866,train,normal
1925,夜宵,3,85,不差钱,开心,雨,一个人,想健康,不吃辣,,24,菌汤火锅,火锅麻辣烫,1,chosen,0.6137,0.6218,train,normal
1926,午餐,4,51,省着点,兴奋,冷,朋友,想健康,微辣,,2,青椒肉丝盖饭,中式快餐盖饭,1,chosen,0.6708,0.6265,train,normal
1926,午餐,4,51,省着点,兴奋,冷,朋友,想健康,微辣,,2,青椒肉丝盖饭,中式快餐盖饭,1,chosen,0.6708,0.6816,train,normal
1926,午餐,4,51,省着点,兴奋,冷,朋友,想健康,微辣,,2,青椒肉丝盖饭,中式快餐盖饭,1,chosen,0.6708,0.5895,train,normal
1927,下午加餐,4,15,省着点,开心,热,约会,想健康,不吃辣,素食,34,全麦鸡肉三明治,轻食健康,1,chosen,0.6566,0.5793,train,normal
1927,下午加餐,4,15,省着点,开心,热,约会,想健康,不吃辣,素食,34,全麦鸡肉三明治,轻食健康,1,chosen,0.6566,0.6836,train,normal
1927,下午加餐,4,15,省着点,开心,热,约会,想健康,不吃辣,素食,34,全麦鸡肉三明治,轻食健康,1,chosen,0.6566,0.6022,train,normal
1928,晚餐,3,48,省着点,兴奋,雨,家人,不关心,重辣,海鲜,13,麻婆豆腐+米饭,家常炒菜,1,chosen,0.6497,0.7096,test,normal
1928,晚餐,3,48,省着点,兴奋,雨,家人,不关心,重辣,海鲜,13,麻婆豆腐+米饭,家常炒菜,1,chosen,0.6497,0.6331,test,normal
1928,晚餐,3,48,省着点,兴奋,雨,家人,不关心,重辣,海鲜,13,麻婆豆腐+米饭,家常炒菜,1,chosen,0.6497,0.6672,test,normal
1928,晚餐,3,48,省着点,兴奋,雨,家人,不关心,重辣,海鲜,15,宫保鸡丁+米饭,家常炒菜,0,considered,0.6148,0.6265,test,normal
1928,晚餐,3,48,省着点,兴奋,雨,家人,不关心,重辣,海鲜,18,地三鲜+米饭,家常炒菜,0,considered,0.5887,0.6077,test,normal
1929,午餐,2,26,想吃好点,开心,阴,一个人,随便,中辣,,26,烤鸡翅,烧烤小吃,1,chosen,0.5087,0.5548,train,normal
1929,午餐,2,26,想吃好点,开心,阴,一个人,随便,中辣,,42,烤鸡胸配土豆泥,西式简餐,1,chosen,0.4727,0.4664,train,normal
1929,午餐,2,26,想吃好点,开心,阴,一个人,随便,中辣,,26,烤鸡翅,烧烤小吃,1,chosen,0.5087,0.4825,train,normal
1930,夜宵,3,30,正常,开心,晴,朋友,随便,中辣,,26,烤鸡翅,烧烤小吃,1,chosen,0.6893,0.725,train,normal
1930,夜宵,3,30,正常,开心,晴,朋友,随便,中辣,,26,烤鸡翅,烧烤小吃,1,chosen,0.6893,0.6524,train,normal
1930,夜宵,3,30,正常,开心,晴,朋友,随便,中辣,,26,烤鸡翅,烧烤小吃,1,chosen,0.6893,0.6483,train,normal
1931,午餐,4,36,正常,疲惫,晴,家人,随便,重辣,"海鲜,乳制品",23,冒菜,火锅麻辣烫,1,chosen,0.6696,0.6661,train,normal
1931,午餐,4,36,正常,疲惫,晴,家人,随便,重辣,"海鲜,乳制品",23,冒菜,火锅麻辣烫,1,chosen,0.6696,0.6087,train,normal
1931,午餐,4,36,正常,疲惫,晴,家人,随便,重辣,"海鲜,乳制品",23,冒菜,火锅麻辣烫,1,chosen,0.6696,0.7048,train,normal
1932,午餐,5,16,想吃好点,疲惫,冷,约会,不关心,微辣,,4,咖喱鸡排饭,中式快餐盖饭,1,chosen,0.6768,0.6866,train,normal
1932,午餐,5,16,想吃好点,疲惫,冷,约会,不关心,微辣,,4,咖喱鸡排饭,中式快餐盖饭,1,chosen,0.6768,0.6501,train,normal
1932,午餐,5,16,想吃好点,疲惫,冷,约会,不关心,微辣,,4,咖喱鸡排饭,中式快餐盖饭,1,chosen,0.6768,0.6207,train,normal
1933,夜宵,5,25,正常,疲惫,雨,约会,想健康,不吃辣,,40,奶油蘑菇汤+面包,西式简餐,1,chosen,0.7174,0.7181,train,normal
1933,夜宵,5,25,正常,疲惫,雨,约会,想健康,不吃辣,,40,奶油蘑菇汤+面包,西式简餐,1,chosen,0.7174,0.7186,train,normal
1933,夜宵,5,25,正常,疲惫,雨,约会,想健康,不吃辣,,40,奶油蘑菇汤+面包,西式简餐,1,chosen,0.7174,0.7742,train,normal
1933,夜宵,5,25,正常,疲惫,雨,约会,想健康,不吃辣,,37,番茄肉酱意面,西式简餐,0,considered,0.706,0.7423,train,normal
1933,夜宵,5,25,正常,疲惫,雨,约会,想健康,不吃辣,,42,烤鸡胸配土豆泥,西式简餐,0,considered,0.689,0.7477,train,normal
1934,晚餐,2,39,不差钱,开心,雨,约会,想健康,不吃辣,,42,烤鸡胸配土豆泥,西式简餐,1,chosen,0.669,0.6464,train,normal
1934,晚餐,2,39,不差钱,开心,雨,约会,想健康,不吃辣,,42,烤鸡胸配土豆泥,西式简餐,1,chosen,0.669,0.6655,train,normal
1934,晚餐,2,39,不差钱,开心,雨,约会,想健康,不吃辣,,42,烤鸡胸配土豆泥,西式简餐,1,chosen,0.669,0.6251,train,normal
1935,晚餐,2,65,正常,开心,雨,同事,随便,微辣,,40,奶油蘑菇汤+面包,西式简餐,1,chosen,0.5709,0.5614,val,normal
1935,晚餐,2,65,正常,开心,雨,同事,随便,微辣,,40,奶油蘑菇汤+面包,西式简餐,1,chosen,0.5709,0.5054,val,normal
1935,晚餐,2,65,正常,开心,雨,同事,随便,微辣,,40,奶油蘑菇汤+面包,西式简餐,1,chosen,0.5709,0.5316,val,normal
1935,晚餐,2,65,正常,开心,雨,同事,随便,微辣,,42,烤鸡胸配土豆泥,西式简餐,0,considered,0.545,0.5667,val,normal
1935,晚餐,2,65,正常,开心,雨,同事,随便,微辣,,37,番茄肉酱意面,西式简餐,0,considered,0.5444,0.5018,val,normal
1936,午餐,1,15,正常,一般,晴,家人,随便,中辣,,26,烤鸡翅,烧烤小吃,1,chosen,0.5322,0.5689,train,normal
1936,午餐,1,15,正常,一般,晴,家人,随便,中辣,,26,烤鸡翅,烧烤小吃,1,chosen,0.5322,0.5792,train,normal
1936,午餐,1,15,正常,一般,晴,家人,随便,中辣,,26,烤鸡翅,烧烤小吃,1,chosen,0.5322,0.5133,train,normal
1937,早餐,5,62,省着点,疲惫,晴,朋友,不关心,中辣,,45,杂粮煎饼果子,早餐粥点,1,chosen,0.6564,0.6359,train,normal
1937,早餐,5,62,省着点,疲惫,晴,朋友,不关心,中辣,,44,小笼包+豆浆,早餐粥点,1,chosen,0.6359,0.6499,train,normal
1937,早餐,5,62,省着点,疲惫,晴,朋友,不关心,中辣,,45,杂粮煎饼果子,早餐粥点,1,chosen,0.6564,0.6446,train,normal
1938,晚餐,4,15,不差钱,一般,阴,朋友,随便,微辣,,6,兰州牛肉面,面食粉面,1,chosen,0.546,0.5826,test,normal
1938,晚餐,4,15,不差钱,一般,阴,朋友,随便,微辣,,6,兰州牛肉面,面食粉面,1,chosen,0.546,0.5068,test,normal
1938,晚餐,4,15,不差钱,一般,阴,朋友,随便,微辣,,6,兰州牛肉面,面食粉面,1,chosen,0.546,0.5395,test,normal
1939,晚餐,4,37,想吃好点,兴奋,晴,一个人,不关心,中辣,"海鲜,乳制品",42,烤鸡胸配土豆泥,西式简餐,1,chosen,0.5111,0.5703,train,normal
1939,晚餐,4,37,想吃好点,兴奋,晴,一个人,不关心,中辣,"海鲜,乳制品",15,宫保鸡丁+米饭,家常炒菜,1,chosen,0.5351,0.5889,train,normal
1939,晚餐,4,37,想吃好点,兴奋,晴,一个人,不关心,中辣,"海鲜,乳制品",15,宫保鸡丁+米饭,家常炒菜,1,chosen,0.5351,0.5421,train,normal
1939,晚餐,4,37,想吃好点,兴奋,晴,一个人,不关心,中辣,"海鲜,乳制品",18,地三鲜+米饭,家常炒菜,0,considered,0.5133,0.5472,train,normal
1939,晚餐,4,37,想吃好点,兴奋,晴,一个人,不关心,中辣,"海鲜,乳制品",13,麻婆豆腐+米饭,家常炒菜,0,considered,0.4446,0.3969,train,normal
1940,晚餐,5,55,省着点,一般,雨,一个人,不关心,不吃辣,,40,奶油蘑菇汤+面包,西式简餐,1,chosen,0.5008,0.5204,train,normal
1940,晚餐,5,55,省着点,一般,雨,一个人,不关心,不吃辣,,3,台式卤肉饭,中式快餐盖饭,1,chosen,0.5289,0.5066,train,normal
1940,晚餐,5,55,省着点,一般,雨,一个人,不关心,不吃辣,,3,台式卤肉饭,中式快餐盖饭,1,chosen,0.5289,0.4994,train,normal
1940,晚餐,5,55,省着点,一般,雨,一个人,不关心,不吃辣,,0,番茄牛腩饭,中式快餐盖饭,0,considered,0.5012,0.4886,train,normal
1940,晚餐,5,55,省着点,一般,雨,一个人,不关心,不吃辣,,2,青椒肉丝盖饭,中式快餐盖饭,0,considered,0.4388,0.4433,train,normal
1941,早餐,4,89,正常,低落,雨,同事,想健康,中辣,,11,云南小锅米线,面食粉面,1,chosen,0.6773,0.6916,train,normal
1941,早餐,4,89,正常,低落,雨,同事,想健康,中辣,,11,云南小锅米线,面食粉面,1,chosen,0.6773,0.709,train,normal
1941,早餐,4,89,正常,低落,雨,同事,想健康,中辣,,11,云南小锅米线,面食粉面,1,chosen,0.6773,0.7403,train,normal
1941,早餐,4,89,正常,低落,雨,同事,想健康,中辣,,6,兰州牛肉面,面食粉面,0,considered,0.665,0.6422,train,normal
1941,早餐,4,89,正常,低落,雨,同事,想健康,中辣,,8,番茄鸡蛋面,面食粉面,0,considered,0.6506,0.6553,train,normal
1942,夜宵,2,19,想吃好点,开心,晴,家人,严格控制,中辣,,26,烤鸡翅,烧烤小吃,1,chosen,0.6992,0.6798,train,normal
1942,夜宵,2,19,想吃好点,开心,晴,家人,严格控制,中辣,,27,烤茄子,烧烤小吃,1,chosen,0.6881,0.7306,train,normal
1942,夜宵,2,19,想吃好点,开心,晴,家人,严格控制,中辣,,26,烤鸡翅,烧烤小吃,1,chosen,0.6992,0.6848,train,normal
1942,夜宵,2,19,想吃好点,开心,晴,家人,严格控制,中辣,,27,烤茄子,烧烤小吃,0,considered,0.6881,0.6523,train,normal
1942,夜宵,2,19,想吃好点,开心,晴,家人,严格控制,中辣,,30,铁板豆腐,烧烤小吃,0,considered,0.6795,0.7145,train,normal
1943,晚餐,3,19,不差钱,疲惫,晴,约会,随便,中辣,素食,11,云南小锅米线,面食粉面,1,chosen,0.6231,0.6312,train,normal
1943,晚餐,3,19,不差钱,疲惫,晴,约会,随便,中辣,素食,11,云南小锅米线,面食粉面,1,chosen,0.6231,0.6254,train,normal
1943,晚餐,3,19,不差钱,疲惫,晴,约会,随便,中辣,素食,11,云南小锅米线,面食粉面,1,chosen,0.6231,0.6133,train,normal
1944,晚餐,4,52,省着点,压力大,阴,约会,严格控制,不吃辣,,9,炸酱面,面食粉面,1,chosen,0.6478,0.6683,test,normal
1944,晚餐,4,52,省着点,压力大,阴,约会,严格控制,不吃辣,,9,炸酱面,面食粉面,1,chosen,0.6478,0.5974,test,normal
1944,晚餐,4,52,省着点,压力大,阴,约会,严格控制,不吃辣,,9,炸酱面,面食粉面,1,chosen,0.6478,0.6698,test,normal
1945,夜宵,2,83,想吃好点,一般,冷,家人,严格控制,中辣,,26,烤鸡翅,烧烤小吃,1,chosen,0.7426,0.7458,train,normal
1945,夜宵,2,83,想吃好点,一般,冷,家人,严格控制,中辣,,26,烤鸡翅,烧烤小吃,1,chosen,0.7426,0.7517,train,normal
1945,夜宵,2,83,想吃好点,一般,冷,家人,严格控制,中辣,,30,铁板豆腐,烧烤小吃,1,chosen,0.72,0.7054,train,normal
1946,早餐,3,55,正常,疲惫,热,一个人,严格控制,微辣,,46,燕麦牛奶粥,早餐粥点,1,chosen,0.6978,0.7387,val,normal
1946,早餐,3,55,正常,疲惫,热,一个人,严格控制,微辣,,46,燕麦牛奶粥,早餐粥点,1,chosen,0.6978,0.7488,val,normal
1946,早餐,3,55,正常,疲惫,热,一个人,严格控制,微辣,,46,燕麦牛奶粥,早餐粥点,1,chosen,0.6978,0.6906,val,normal
1947,早餐,1,53,想吃好点,开心,冷,家人,不关心,重辣,素食,44,小笼包+豆浆,早餐粥点,1,chosen,0.6225,0.6386,train,normal
1947,早餐,1,53,想吃好点,开心,冷,家人,不关心,重辣,素食,44,小笼包+豆浆,早餐粥点,1,chosen,0.6225,0.5795,train,normal
1947,早餐,1,53,想吃好点,开心,冷,家人,不关心,重辣,素食,44,小笼包+豆浆,早餐粥点,1,chosen,0.6225,0.6013,train,normal
1948,晚餐,4,38,不差钱,开心,晴,朋友,不关心,微辣,麸质,38,香煎牛排,西式简餐,1,chosen,0.6018,0.5332,train,normal
1948,晚餐,4,38,不差钱,开心,晴,朋友,不关心,微辣,麸质,38,香煎牛排,西式简餐,1,chosen,0.6018,0.6061,train,normal
1948,晚餐,4,38,不差钱,开心,晴,朋友,不关心,微辣,麸质,38,香煎牛排,西式简餐,1,chosen,0.6018,0.5908,train,normal
1949,早餐,3,28,省着点,压力大,晴,一个人,不关心,中辣,,43,皮蛋瘦肉粥+油条,早餐粥点,1,chosen,0.6259,0.6205,train,normal
1949,早餐,3,28,省着点,压力大,晴,一个人,不关心,中辣,,43,皮蛋瘦肉粥+油条,早餐粥点,1,chosen,0.6259,0.5742,train,normal
1949,早餐,3,28,省着点,压力大,晴,一个人,不关心,中辣,,43,皮蛋瘦肉粥+油条,早餐粥点,1,chosen,0.6259,0.6517,train,normal
1949,早餐,3,28,省着点,压力大,晴,一个人,不关心,中辣,,44,小笼包+豆浆,早餐粥点,0,considered,0.6259,0.5661,train,normal
1949,早餐,3,28,省着点,压力大,晴,一个人,不关心,中辣,,46,燕麦牛奶粥,早餐粥点,0,considered,0.6156,0.5573,train,normal
1950,晚餐,3,111,不差钱,压力大,热,一个人,想健康,不吃辣,麸质,24,菌汤火锅,火锅麻辣烫,1,chosen,0.6051,0.6136,train,normal
1950,晚餐,3,111,不差钱,压力大,热,一个人,想健康,不吃辣,麸质,24,菌汤火锅,火锅麻辣烫,1,chosen,0.6051,0.6427,train,normal
1950,晚餐,3,111,不差钱,压力大,热,一个人,想健康,不吃辣,麸质,24,菌汤火锅,火锅麻辣烫,1,chosen,0.6051,0.6334,train,normal
1951,晚餐,2,16,想吃好点,兴奋,阴,约会,随便,重辣,素食,19,麻辣烫,火锅麻辣烫,1,chosen,0.6038,0.6117,train,normal
1951,晚餐,2,16,想吃好点,兴奋,阴,约会,随便,重辣,素食,7,重庆小面,面食粉面,1,chosen,0.5654,0.562,train,normal
1951,晚餐,2,16,想吃好点,兴奋,阴,约会,随便,重辣,素食,19,麻辣烫,火锅麻辣烫,1,chosen,0.6038,0.6298,train,normal
1951,晚餐,2,16,想吃好点,兴奋,阴,约会,随便,重辣,素食,23,冒菜,火锅麻辣烫,0,considered,0.5494,0.4984,train,normal
1951,晚餐,2,16,想吃好点,兴奋,阴,约会,随便,重辣,素食,20,清汤火锅,火锅麻辣烫,0,considered,0.4796,0.4463,train,normal
1952,晚餐,4,32,想吃好点,开心,晴,家人,不关心,中辣,海鲜,15,宫保鸡丁+米饭,家常炒菜,1,chosen,0.6287,0.639,train,normal
1952,晚餐,4,32,想吃好点,开心,晴,家人,不关心,中辣,海鲜,15,宫保鸡丁+米饭,家常炒菜,1,chosen,0.6287,0.6402,train,normal
1952,晚餐,4,32,想吃好点,开心,晴,家人,不关心,中辣,海鲜,15,宫保鸡丁+米饭,家常炒菜,1,chosen,0.6287,0.6425,train,normal
1953,午餐,3,81,想吃好点,压力大,雨,一个人,不关心,不吃辣,,40,奶油蘑菇汤+面包,西式简餐,1,chosen,0.5919,0.5845,train,normal
1953,午餐,3,81,想吃好点,压力大,雨,一个人,不关心,不吃辣,,40,奶油蘑菇汤+面包,西式简餐,1,chosen,0.5919,0.6097,train,normal
1953,午餐,3,81,想吃好点,压力大,雨,一个人,不关心,不吃辣,,40,奶油蘑菇汤+面包,西式简餐,1,chosen,0.5919,0.5977,train,normal
1954,晚餐,3,18,正常,疲惫,晴,一个人,随便,不吃辣,,40,奶油蘑菇汤+面包,西式简餐,1,chosen,0.5365,0.5798,train,normal
1954,晚餐,3,18,正常,疲惫,晴,一个人,随便,不吃辣,,40,奶油蘑菇汤+面包,西式简餐,1,chosen,0.5365,0.5651,train,normal
1954,晚餐,3,18,正常,疲惫,晴,一个人,随便,不吃辣,,40,奶油蘑菇汤+面包,西式简餐,1,chosen,0.5365,0.541,train,normal
1955,晚餐,2,15,正常,兴奋,晴,约会,不关心,重辣,,19,麻辣烫,火锅麻辣烫,1,chosen,0.6021,0.5959,train,normal
1955,晚餐,2,15,正常,兴奋,晴,约会,不关心,重辣,,19,麻辣烫,火锅麻辣烫,1,chosen,0.6021,0.5554,train,normal
1955,晚餐,2,15,正常,兴奋,晴,约会,不关心,重辣,,19,麻辣烫,火锅麻辣烫,1,chosen,0.6021,0.6178,train,normal
1956,夜宵,4,41,不差钱,一般,晴,朋友,不关心,中辣,,26,烤鸡翅,烧烤小吃,1,chosen,0.6621,0.6287,val,normal
1956,夜宵,4,41,不差钱,一般,晴,朋友,不关心,中辣,,26,烤鸡翅,烧烤小吃,1,chosen,0.6621,0.651,val,normal
1956,夜宵,4,41,不差钱,一般,晴,朋友,不关心,中辣,,26,烤鸡翅,烧烤小吃,1,chosen,0.6621,0.6461,val,normal
1956,夜宵,4,41,不差钱,一般,晴,朋友,不关心,中辣,,25,烤羊肉串,烧烤小吃,0,considered,0.6181,0.6176,val,normal
1956,夜宵,4,41,不差钱,一般,晴,朋友,不关心,中辣,,27,烤茄子,烧烤小吃,0,considered,0.5849,0.569,val,normal
1957,下午加餐,3,88,正常,一般,雨,朋友,不关心,微辣,素食,34,全麦鸡肉三明治,轻食健康,1,chosen,0.6584,0.6389,train,normal
1957,下午加餐,3,88,正常,一般,雨,朋友,不关心,微辣,素食,34,全麦鸡肉三明治,轻食健康,1,chosen,0.6584,0.6544,train,normal
1957,下午加餐,3,88,正常,一般,雨,朋友,不关心,微辣,素食,34,全麦鸡肉三明治,轻食健康,1,chosen,0.6584,0.6705,train,normal
1957,下午加餐,3,88,正常,一般,雨,朋友,不关心,微辣,素食,32,藜麦牛油果碗,轻食健康,0,considered,0.6437,0.6299,train,normal
1957,下午加餐,3,88,正常,一般,雨,朋友,不关心,微辣,素食,36,希腊酸奶坚果碗,轻食健康,0,considered,0.6435,0.6872,train,normal
1958,夜宵,4,28,想吃好点,一般,阴,一个人,想健康,重辣,麸质,26,烤鸡翅,烧烤小吃,1,chosen,0.6118,0.6005,val,normal
1958,夜宵,4,28,想吃好点,一般,阴,一个人,想健康,重辣,麸质,26,烤鸡翅,烧烤小吃,1,chosen,0.6118,0.6039,val,normal
1958,夜宵,4,28,想吃好点,一般,阴,一个人,想健康,重辣,麸质,26,烤鸡翅,烧烤小吃,1,chosen,0.6118,0.6293,val,normal
1958,夜宵,4,28,想吃好点,一般,阴,一个人,想健康,重辣,麸质,27,烤茄子,烧烤小吃,0,considered,0.5656,0.5932,val,normal
1958,夜宵,4,28,想吃好点,一般,阴,一个人,想健康,重辣,麸质,30,铁板豆腐,烧烤小吃,0,considered,0.5475,0.4678,val,normal
1959,下午加餐,5,19,想吃好点,疲惫,晴,一个人,严格控制,重辣,,32,藜麦牛油果碗,轻食健康,1,chosen,0.6291,0.6255,train,normal
1959,下午加餐,5,19,想吃好点,疲惫,晴,一个人,严格控制,重辣,,32,藜麦牛油果碗,轻食健康,1,chosen,0.6291,0.6561,train,normal
1959,下午加餐,5,19,想吃好点,疲惫,晴,一个人,严格控制,重辣,,33,三文鱼沙拉,轻食健康,1,chosen,0.6052,0.5807,train,normal
1959,下午加餐,5,19,想吃好点,疲惫,晴,一个人,严格控制,重辣,,34,全麦鸡肉三明治,轻食健康,0,considered,0.6068,0.6601,train,normal
1959,下午加餐,5,19,想吃好点,疲惫,晴,一个人,严格控制,重辣,,36,希腊酸奶坚果碗,轻食健康,0,considered,0.6057,0.6287,train,normal
1960,晚餐,3,65,不差钱,一般,晴,一个人,不关心,不吃辣,,24,菌汤火锅,火锅麻辣烫,1,chosen,0.5037,0.4799,train,normal
1960,晚餐,3,65,不差钱,一般,晴,一个人,不关心,不吃辣,,24,菌汤火锅,火锅麻辣烫,1,chosen,0.5037,0.4351,train,normal
1960,晚餐,3,65,不差钱,一般,晴,一个人,不关心,不吃辣,,24,菌汤火锅,火锅麻辣烫,1,chosen,0.5037,0.4901,train,normal
1961,晚餐,2,32,想吃好点,压力大,热,朋友,随便,微辣,,42,烤鸡胸配土豆泥,西式简餐,1,chosen,0.6186,0.6389,train,normal
1961,晚餐,2,32,想吃好点,压力大,热,朋友,随便,微辣,,42,烤鸡胸配土豆泥,西式简餐,1,chosen,0.6186,0.6806,train,normal
1961,晚餐,2,32,想吃好点,压力大,热,朋友,随便,微辣,,42,烤鸡胸配土豆泥,西式简餐,1,chosen,0.6186,0.5987,train,normal
1962,午餐,5,73,想吃好点,开心,晴,一个人,随便,微辣,麸质,18,地三鲜+米饭,家常炒菜,1,chosen,0.5188,0.5313,train,normal
1962,午餐,5,73,想吃好点,开心,晴,一个人,随便,微辣,麸质,18,地三鲜+米饭,家常炒菜,1,chosen,0.5188,0.5684,train,normal
1962,午餐,5,73,想吃好点,开心,晴,一个人,随便,微辣,麸质,18,地三鲜+米饭,家常炒菜,1,chosen,0.5188,0.4357,train,normal
1962,午餐,5,73,想吃好点,开心,晴,一个人,随便,微辣,麸质,16,红烧肉+米饭,家常炒菜,0,considered,0.4612,0.5363,train,normal
1962,午餐,5,73,想吃好点,开心,晴,一个人,随便,微辣,麸质,15,宫保鸡丁+米饭,家常炒菜,0,considered,0.4416,0.4568,train,normal
1963,夜宵,4,34,省着点,一般,阴,家人,想健康,不吃辣,,9,炸酱面,面食粉面,1,chosen,0.5813,0.606,train,normal
1963,夜宵,4,34,省着点,一般,阴,家人,想健康,不吃辣,,9,炸酱面,面食粉面,1,chosen,0.5813,0.5867,train,normal
1963,夜宵,4,34,省着点,一般,阴,家人,想健康,不吃辣,,9,炸酱面,面食粉面,1,chosen,0.5813,0.5302,train,normal
1964,早餐,4,26,省着点,疲惫,冷,一个人,不关心,微辣,,43,皮蛋瘦肉粥+油条,早餐粥点,1,chosen,0.637,0.6733,train,normal
1964,早餐,4,26,省着点,疲惫,冷,一个人,不关心,微辣,,43,皮蛋瘦肉粥+油条,早餐粥点,1,chosen,0.637,0.6352,train,normal
1964,早餐,4,26,省着点,疲惫,冷,一个人,不关心,微辣,,43,皮蛋瘦肉粥+油条,早餐粥点,1,chosen,0.637,0.6177,train,normal
1964,早餐,4,26,省着点,疲惫,冷,一个人,不关心,微辣,,44,小笼包+豆浆,早餐粥点,0,considered,0.637,0.5942,train,normal
1964,早餐,4,26,省着点,疲惫,冷,一个人,不关心,微辣,,45,杂粮煎饼果子,早餐粥点,0,considered,0.6281,0.6163,train,normal
1965,夜宵,2,25,正常,一般,阴,家人,随便,重辣,,26,烤鸡翅,烧烤小吃,1,chosen,0.667,0.5779,train,normal
1965,夜宵,2,25,正常,一般,阴,家人,随便,重辣,,26,烤鸡翅,烧烤小吃,1,chosen,0.667,0.6091,train,normal
1965,夜宵,2,25,正常,一般,阴,家人,随便,重辣,,26,烤鸡翅,烧烤小吃,1,chosen,0.667,0.6919,train,normal
1965,夜宵,2,25,正常,一般,阴,家人,随便,重辣,,27,烤茄子,烧烤小吃,0,considered,0.6363,0.6535,train,normal
1965,夜宵,2,25,正常,一般,阴,家人,随便,重辣,,30,铁板豆腐,烧烤小吃,0,considered,0.6322,0.7167,train,normal
1966,晚餐,4,44,想吃好点,疲惫,热,家人,严格控制,微辣,,42,烤鸡胸配土豆泥,西式简餐,1,chosen,0.6917,0.6723,train,normal
1966,晚餐,4,44,想吃好点,疲惫,热,家人,严格控制,微辣,,42,烤鸡胸配土豆泥,西式简餐,1,chosen,0.6917,0.6604,train,normal
1966,晚餐,4,44,想吃好点,疲惫,热,家人,严格控制,微辣,,9,炸酱面,面食粉面,1,chosen,0.6766,0.6643,train,normal
1966,晚餐,4,44,想吃好点,疲惫,热,家人,严格控制,微辣,,37,番茄肉酱意面,西式简餐,0,considered,0.6777,0.6589,train,normal
1966,晚餐,4,44,想吃好点,疲惫,热,家人,严格控制,微辣,,40,奶油蘑菇汤+面包,西式简餐,0,considered,0.6672,0.6839,train,normal
1967,夜宵,4,52,正常,疲惫,晴,家人,不关心,重辣,乳制品,26,烤鸡翅,烧烤小吃,1,chosen,0.7011,0.713,train,normal
1967,夜宵,4,52,正常,疲惫,晴,家人,不关心,重辣,乳制品,26,烤鸡翅,烧烤小吃,1,chosen,0.7011,0.6456,train,normal
1967,夜宵,4,52,正常,疲惫,晴,家人,不关心,重辣,乳制品,26,烤鸡翅,烧烤小吃,1,chosen,0.7011,0.7742,train,normal
1967,夜宵,4,52,正常,疲惫,晴,家人,不关心,重辣,乳制品,25,烤羊肉串,烧烤小吃,0,considered,0.6473,0.6204,train,normal
1967,夜宵,4,52,正常,疲惫,晴,家人,不关心,重辣,乳制品,27,烤茄子,烧烤小吃,0,considered,0.637,0.657,train,normal
1968,午餐,2,42,省着点,开心,雨,家人,不关心,不吃辣,,9,炸酱面,面食粉面,1,chosen,0.5787,0.633,train,normal
1968,午餐,2,42,省着点,开心,雨,家人,不关心,不吃辣,,9,炸酱面,面食粉面,1,chosen,0.5787,0.5955,train,normal
1968,午餐,2,42,省着点,开心,雨,家人,不关心,不吃辣,,9,炸酱面,面食粉面,1,chosen,0.5787,0.5596,train,normal
1969,晚餐,2,86,想吃好点,一般,冷,同事,随便,重辣,乳制品,19,麻辣烫,火锅麻辣烫,1,chosen,0.5893,0.6183,train,normal
1969,晚餐,2,86,想吃好点,一般,冷,同事,随便,重辣,乳制品,19,麻辣烫,火锅麻辣烫,1,chosen,0.5893,0.6061,train,normal
1969,晚餐,2,86,想吃好点,一般,冷,同事,随便,重辣,乳制品,19,麻辣烫,火锅麻辣烫,1,chosen,0.5893,0.5565,train,normal
1969,晚餐,2,86,想吃好点,一般,冷,同事,随便,重辣,乳制品,23,冒菜,火锅麻辣烫,0,considered,0.5449,0.6038,train,normal
1969,晚餐,2,86,想吃好点,一般,冷,同事,随便,重辣,乳制品,20,清汤火锅,火锅麻辣烫,0,considered,0.53,0.5022,train,normal
1970,午餐,4,15,想吃好点,一般,热,同事,想健康,重辣,,9,炸酱面,面食粉面,1,chosen,0.5905,0.566,train,normal
1970,午餐,4,15,想吃好点,一般,热,同事,想健康,重辣,,9,炸酱面,面食粉面,1,chosen,0.5905,0.6466,train,normal
1970,午餐,4,15,想吃好点,一般,热,同事,想健康,重辣,,9,炸酱面,面食粉面,1,chosen,0.5905,0.6128,train,normal
1971,晚餐,5,64,省着点,一般,雨,朋友,不关心,重辣,,13,麻婆豆腐+米饭,家常炒菜,1,chosen,0.6571,0.6209,train,normal
1971,晚餐,5,64,省着点,一般,雨,朋友,不关心,重辣,,13,麻婆豆腐+米饭,家常炒菜,1,chosen,0.6571,0.6282,train,normal
1971,晚餐,5,64,省着点,一般,雨,朋友,不关心,重辣,,10,螺蛳粉,面食粉面,1,chosen,0.6494,0.6939,train,normal
1971,晚餐,5,64,省着点,一般,雨,朋友,不关心,重辣,,15,宫保鸡丁+米饭,家常炒菜,0,considered,0.6138,0.6294,train,normal
1971,晚餐,5,64,省着点,一般,雨,朋友,不关心,重辣,,18,地三鲜+米饭,家常炒菜,0,considered,0.61,0.6296,train,normal
1972,早餐,3,57,省着点,压力大,雨,一个人,想健康,不吃辣,,46,燕麦牛奶粥,早餐粥点,1,chosen,0.7119,0.6965,train,normal
1972,早餐,3,57,省着点,压力大,雨,一个人,想健康,不吃辣,,46,燕麦牛奶粥,早餐粥点,1,chosen,0.7119,0.715,train,normal
1972,早餐,3,57,省着点,压力大,雨,一个人,想健康,不吃辣,,46,燕麦牛奶粥,早餐粥点,1,chosen,0.7119,0.6689,train,normal
1973,夜宵,1,21,省着点,压力大,阴,同事,想健康,不吃辣,麸质,8,番茄鸡蛋面,面食粉面,1,chosen,0.6253,0.6266,train,normal
1973,夜宵,1,21,省着点,压力大,阴,同事,想健康,不吃辣,麸质,8,番茄鸡蛋面,面食粉面,1,chosen,0.6253,0.6104,train,normal
1973,夜宵,1,21,省着点,压力大,阴,同事,想健康,不吃辣,麸质,8,番茄鸡蛋面,面食粉面,1,chosen,0.6253,0.6647,train,normal
1973,夜宵,1,21,省着点,压力大,阴,同事,想健康,不吃辣,麸质,9,炸酱面,面食粉面,0,considered,0.5291,0.5343,train,normal
1973,夜宵,1,21,省着点,压力大,阴,同事,想健康,不吃辣,麸质,6,兰州牛肉面,面食粉面,0,considered,0.508,0.4856,train,normal
1974,下午加餐,4,48,省着点,开心,雪,一个人,不关心,微辣,,34,全麦鸡肉三明治,轻食健康,1,chosen,0.597,0.5742,test,snow
1974,下午加餐,4,48,省着点,开心,雪,一个人,不关心,微辣,,34,全麦鸡肉三明治,轻食健康,1,chosen,0.597,0.5873,test,snow
1974,下午加餐,4,48,省着点,开心,雪,一个人,不关心,微辣,,34,全麦鸡肉三明治,轻食健康,1,chosen,0.597,0.6164,test,snow
1975,下午加餐,2,29,想吃好点,疲惫,雪,约会,不关心,微辣,,34,全麦鸡肉三明治,轻食健康,1,chosen,0.7319,0.7078,test,snow
1975,下午加餐,2,29,想吃好点,疲惫,雪,约会,不关心,微辣,,34,全麦鸡肉三明治,轻食健康,1,chosen,0.7319,0.7413,test,snow
1975,下午加餐,2,29,想吃好点,疲惫,雪,约会,不关心,微辣,,34,全麦鸡肉三明治,轻食健康,1,chosen,0.7319,0.6722,test,snow
1975,下午加餐,2,29,想吃好点,疲惫,雪,约会,不关心,微辣,,32,藜麦牛油果碗,轻食健康,0,considered,0.706,0.76,test,snow
1975,下午加餐,2,29,想吃好点,疲惫,雪,约会,不关心,微辣,,35,水煮时蔬+溏心蛋,轻食健康,0,considered,0.696,0.6452,test,snow
1976,午餐,4,31,想吃好点,低落,晴,家人,严格控制,不吃辣,,42,烤鸡胸配土豆泥,西式简餐,1,chosen,0.6493,0.6639,train,normal
1976,午餐,4,31,想吃好点,低落,晴,家人,严格控制,不吃辣,,42,烤鸡胸配土豆泥,西式简餐,1,chosen,0.6493,0.6865,train,normal
1976,午餐,4,31,想吃好点,低落,晴,家人,严格控制,不吃辣,,12,西红柿炒蛋+米饭,家常炒菜,1,chosen,0.5753,0.597,train,normal
1977,午餐,4,91,正常,一般,冷,朋友,随便,中辣,乳制品,15,宫保鸡丁+米饭,家常炒菜,1,chosen,0.6763,0.7212,train,normal
1977,午餐,4,91,正常,一般,冷,朋友,随便,中辣,乳制品,15,宫保鸡丁+米饭,家常炒菜,1,chosen,0.6763,0.6947,train,normal
1977,午餐,4,91,正常,一般,冷,朋友,随便,中辣,乳制品,15,宫保鸡丁+米饭,家常炒菜,1,chosen,0.6763,0.6402,train,normal
1977,午餐,4,91,正常,一般,冷,朋友,随便,中辣,乳制品,18,地三鲜+米饭,家常炒菜,0,considered,0.6496,0.702,train,normal
1977,午餐,4,91,正常,一般,冷,朋友,随便,中辣,乳制品,13,麻婆豆腐+米饭,家常炒菜,0,considered,0.5925,0.564,train,normal
1978,晚餐,3,54,想吃好点,低落,晴,同事,想健康,不吃辣,麸质,42,烤鸡胸配土豆泥,西式简餐,1,chosen,0.5874,0.5907,val,normal
1978,晚餐,3,54,想吃好点,低落,晴,同事,想健康,不吃辣,麸质,42,烤鸡胸配土豆泥,西式简餐,1,chosen,0.5874,0.5616,val,normal
1978,晚餐,3,54,想吃好点,低落,晴,同事,想健康,不吃辣,麸质,42,烤鸡胸配土豆泥,西式简餐,1,chosen,0.5874,0.616,val,normal
1979,早餐,3,15,想吃好点,压力大,阴,约会,不关心,重辣,,44,小笼包+豆浆,早餐粥点,1,chosen,0.683,0.7618,val,normal
1979,早餐,3,15,想吃好点,压力大,阴,约会,不关心,重辣,,44,小笼包+豆浆,早餐粥点,1,chosen,0.683,0.6805,val,normal
1979,早餐,3,15,想吃好点,压力大,阴,约会,不关心,重辣,,44,小笼包+豆浆,早餐粥点,1,chosen,0.683,0.6849,val,normal
1980,下午加餐,2,52,想吃好点,一般,雨,朋友,严格控制,不吃辣,素食,33,三文鱼沙拉,轻食健康,1,chosen,0.7419,0.714,train,normal
1980,下午加餐,2,52,想吃好点,一般,雨,朋友,严格控制,不吃辣,素食,33,三文鱼沙拉,轻食健康,1,chosen,0.7419,0.724,train,normal
1980,下午加餐,2,52,想吃好点,一般,雨,朋友,严格控制,不吃辣,素食,33,三文鱼沙拉,轻食健康,1,chosen,0.7419,0.7509,train,normal
1980,下午加餐,2,52,想吃好点,一般,雨,朋友,严格控制,不吃辣,素食,32,藜麦牛油果碗,轻食健康,0,considered,0.7419,0.694,train,normal
1980,下午加餐,2,52,想吃好点,一般,雨,朋友,严格控制,不吃辣,素食,34,全麦鸡肉三明治,轻食健康,0,considered,0.7249,0.767,train,normal
1981,午餐,1,79,正常,低落,晴,同事,随便,中辣,,26,烤鸡翅,烧烤小吃,1,chosen,0.5472,0.589,test,normal
1981,午餐,1,79,正常,低落,晴,同事,随便,中辣,,26,烤鸡翅,烧烤小吃,1,chosen,0.5472,0.5465,test,normal
1981,午餐,1,79,正常,低落,晴,同事,随便,中辣,,11,云南小锅米线,面食粉面,1,chosen,0.52,0.526,test,normal
1981,午餐,1,79,正常,低落,晴,同事,随便,中辣,,30,铁板豆腐,烧烤小吃,0,considered,0.5112,0.6074,test,normal
1981,午餐,1,79,正常,低落,晴,同事,随便,中辣,,25,烤羊肉串,烧烤小吃,0,considered,0.5107,0.5423,test,normal
1982,午餐,4,70,不差钱,低落,热,同事,不关心,重辣,"海鲜,乳制品",13,麻婆豆腐+米饭,家常炒菜,1,chosen,0.5974,0.6451,train,normal
1982,午餐,4,70,不差钱,低落,热,同事,不关心,重辣,"海鲜,乳制品",13,麻婆豆腐+米饭,家常炒菜,1,chosen,0.5974,0.5795,train,normal
1982,午餐,4,70,不差钱,低落,热,同事,不关心,重辣,"海鲜,乳制品",13,麻婆豆腐+米饭,家常炒菜,1,chosen,0.5974,0.5975,train,normal
1983,晚餐,3,102,不差钱,一般,热,一个人,想健康,不吃辣,海鲜,24,菌汤火锅,火锅麻辣烫,1,chosen,0.5606,0.5552,train,normal
1983,晚餐,3,102,不差钱,一般,热,一个人,想健康,不吃辣,海鲜,24,菌汤火锅,火锅麻辣烫,1,chosen,0.5606,0.5853,train,normal
1983,晚餐,3,102,不差钱,一般,热,一个人,想健康,不吃辣,海鲜,20,清汤火锅,火锅麻辣烫,1,chosen,0.5508,0.4973,train,normal
1984,晚餐,5,76,不差钱,开心,晴,家人,想健康,微辣,,24,菌汤火锅,火锅麻辣烫,1,chosen,0.6581,0.5979,train,normal
1984,晚餐,5,76,不差钱,开心,晴,家人,想健康,微辣,,24,菌汤火锅,火锅麻辣烫,1,chosen,0.6581,0.6499,train,normal
1984,晚餐,5,76,不差钱,开心,晴,家人,想健康,微辣,,24,菌汤火锅,火锅麻辣烫,1,chosen,0.6581,0.6811,train,normal
1984,晚餐,5,76,不差钱,开心,晴,家人,想健康,微辣,,20,清汤火锅,火锅麻辣烫,0,considered,0.6483,0.6463,train,normal
1984,晚餐,5,76,不差钱,开心,晴,家人,想健康,微辣,,23,冒菜,火锅麻辣烫,0,considered,0.4469,0.3532,train,normal
1985,晚餐,4,42,不差钱,一般,冷,家人,随便,中辣,海鲜,15,宫保鸡丁+米饭,家常炒菜,1,chosen,0.6503,0.6284,train,normal
1985,晚餐,4,42,不差钱,一般,冷,家人,随便,中辣,海鲜,15,宫保鸡丁+米饭,家常炒菜,1,chosen,0.6503,0.6295,train,normal
1985,晚餐,4,42,不差钱,一般,冷,家人,随便,中辣,海鲜,15,宫保鸡丁+米饭,家常炒菜,1,chosen,0.6503,0.6893,train,normal
1986,晚餐,2,56,正常,一般,阴,同事,不关心,中辣,,26,烤鸡翅,烧烤小吃,1,chosen,0.5336,0.5291,train,normal
1986,晚餐,2,56,正常,一般,阴,同事,不关心,中辣,,26,烤鸡翅,烧烤小吃,1,chosen,0.5336,0.5832,train,normal
1986,晚餐,2,56,正常,一般,阴,同事,不关心,中辣,,26,烤鸡翅,烧烤小吃,1,chosen,0.5336,0.5178,train,normal
1987,早餐,4,39,正常,开心,冷,朋友,不关心,微辣,,45,杂粮煎饼果子,早餐粥点,1,chosen,0.6534,0.6286,train,normal
1987,早餐,4,39,正常,开心,冷,朋友,不关心,微辣,,45,杂粮煎饼果子,早餐粥点,1,chosen,0.6534,0.6874,train,normal
1987,早餐,4,39,正常,开心,冷,朋友,不关心,微辣,,45,杂粮煎饼果子,早餐粥点,1,chosen,0.6534,0.6484,train,normal
1987,早餐,4,39,正常,开心,冷,朋友,不关心,微辣,,44,小笼包+豆浆,早餐粥点,0,considered,0.6398,0.5969,train,normal
1987,早餐,4,39,正常,开心,冷,朋友,不关心,微辣,,43,皮蛋瘦肉粥+油条,早餐粥点,0,considered,0.6377,0.6632,train,normal
1988,早餐,5,47,想吃好点,开心,晴,约会,想健康,不吃辣,"海鲜,乳制品",44,小笼包+豆浆,早餐粥点,1,chosen,0.6311,0.6346,train,normal
1988,早餐,5,47,想吃好点,开心,晴,约会,想健康,不吃辣,"海鲜,乳制品",44,小笼包+豆浆,早餐粥点,1,chosen,0.6311,0.6403,train,normal
1988,早餐,5,47,想吃好点,开心,晴,约会,想健康,不吃辣,"海鲜,乳制品",44,小笼包+豆浆,早餐粥点,1,chosen,0.6311,0.6783,train,normal
1989,午餐,2,40,正常,兴奋,晴,约会,随便,微辣,,42,烤鸡胸配土豆泥,西式简餐,1,chosen,0.5924,0.6443,train,normal
1989,午餐,2,40,正常,兴奋,晴,约会,随便,微辣,,42,烤鸡胸配土豆泥,西式简餐,1,chosen,0.5924,0.5719,train,normal
1989,午餐,2,40,正常,兴奋,晴,约会,随便,微辣,,42,烤鸡胸配土豆泥,西式简餐,1,chosen,0.5924,0.6134,train,normal
1990,早餐,4,21,想吃好点,疲惫,雨,朋友,不关心,中辣,,11,云南小锅米线,面食粉面,1,chosen,0.6902,0.7734,train,normal
1990,早餐,4,21,想吃好点,疲惫,雨,朋友,不关心,中辣,,11,云南小锅米线,面食粉面,1,chosen,0.6902,0.6448,train,normal
1990,早餐,4,21,想吃好点,疲惫,雨,朋友,不关心,中辣,,11,云南小锅米线,面食粉面,1,chosen,0.6902,0.6868,train,normal
1990,早餐,4,21,想吃好点,疲惫,雨,朋友,不关心,中辣,,6,兰州牛肉面,面食粉面,0,considered,0.6742,0.6142,train,normal
1990,早餐,4,21,想吃好点,疲惫,雨,朋友,不关心,中辣,,8,番茄鸡蛋面,面食粉面,0,considered,0.6442,0.6757,train,normal
1991,晚餐,4,70,省着点,压力大,阴,朋友,严格控制,中辣,,11,云南小锅米线,面食粉面,1,chosen,0.6757,0.6865,train,normal
1991,晚餐,4,70,省着点,压力大,阴,朋友,严格控制,中辣,,11,云南小锅米线,面食粉面,1,chosen,0.6757,0.6404,train,normal
1991,晚餐,4,70,省着点,压力大,阴,朋友,严格控制,中辣,,11,云南小锅米线,面食粉面,1,chosen,0.6757,0.7217,train,normal
1991,晚餐,4,70,省着点,压力大,阴,朋友,严格控制,中辣,,6,兰州牛肉面,面食粉面,0,considered,0.6596,0.7439,train,normal
1991,晚餐,4,70,省着点,压力大,阴,朋友,严格控制,中辣,,9,炸酱面,面食粉面,0,considered,0.6399,0.6745,train,normal
1992,午餐,2,47,省着点,疲惫,阴,约会,不关心,中辣,素食,11,云南小锅米线,面食粉面,1,chosen,0.6162,0.622,train,normal
1992,午餐,2,47,省着点,疲惫,阴,约会,不关心,中辣,素食,11,云南小锅米线,面食粉面,1,chosen,0.6162,0.6909,train,normal
1992,午餐,2,47,省着点,疲惫,阴,约会,不关心,中辣,素食,45,杂粮煎饼果子,早餐粥点,1,chosen,0.5952,0.574,train,normal
1992,午餐,2,47,省着点,疲惫,阴,约会,不关心,中辣,素食,6,兰州牛肉面,面食粉面,0,considered,0.6056,0.5524,train,normal
1992,午餐,2,47,省着点,疲惫,阴,约会,不关心,中辣,素食,9,炸酱面,面食粉面,0,considered,0.5796,0.5687,train,normal
1993,午餐,2,62,省着点,一般,雨,约会,想健康,重辣,麸质,13,麻婆豆腐+米饭,家常炒菜,1,chosen,0.6764,0.6833,train,normal
1993,午餐,2,62,省着点,一般,雨,约会,想健康,重辣,麸质,13,麻婆豆腐+米饭,家常炒菜,1,chosen,0.6764,0.6794,train,normal
1993,午餐,2,62,省着点,一般,雨,约会,想健康,重辣,麸质,13,麻婆豆腐+米饭,家常炒菜,1,chosen,0.6764,0.7379,train,normal
1993,午餐,2,62,省着点,一般,雨,约会,想健康,重辣,麸质,15,宫保鸡丁+米饭,家常炒菜,0,considered,0.6386,0.6097,train,normal
1993,午餐,2,62,省着点,一般,雨,约会,想健康,重辣,麸质,17,蒜蓉西兰花+米饭,家常炒菜,0,considered,0.6113,0.5885,train,normal
1994,早餐,3,72,不差钱,兴奋,冷,一个人,想健康,不吃辣,海鲜,8,番茄鸡蛋面,面食粉面,1,chosen,0.6185,0.5816,train,normal
1994,早餐,3,72,不差钱,兴奋,冷,一个人,想健康,不吃辣,海鲜,34,全麦鸡肉三明治,轻食健康,1,chosen,0.5317,0.5868,train,normal
1994,早餐,3,72,不差钱,兴奋,冷,一个人,想健康,不吃辣,海鲜,46,燕麦牛奶粥,早餐粥点,1,chosen,0.6462,0.6403,train,normal
1994,早餐,3,72,不差钱,兴奋,冷,一个人,想健康,不吃辣,海鲜,44,小笼包+豆浆,早餐粥点,0,considered,0.6324,0.6159,train,normal
1994,早餐,3,72,不差钱,兴奋,冷,一个人,想健康,不吃辣,海鲜,43,皮蛋瘦肉粥+油条,早餐粥点,0,considered,0.6273,0.613,train,normal
1995,午餐,3,43,想吃好点,开心,冷,一个人,随便,微辣,乳制品,6,兰州牛肉面,面食粉面,1,chosen,0.5398,0.5715,train,normal
1995,午餐,3,43,想吃好点,开心,冷,一个人,随便,微辣,乳制品,42,烤鸡胸配土豆泥,西式简餐,1,chosen,0.5559,0.5772,train,normal
1995,午餐,3,43,想吃好点,开心,冷,一个人,随便,微辣,乳制品,42,烤鸡胸配土豆泥,西式简餐,1,chosen,0.5559,0.4971,train,normal
1995,午餐,3,43,想吃好点,开心,冷,一个人,随便,微辣,乳制品,37,番茄肉酱意面,西式简餐,0,considered,0.5423,0.5579,train,normal
1995,午餐,3,43,想吃好点,开心,冷,一个人,随便,微辣,乳制品,38,香煎牛排,西式简餐,0,considered,0.5342,0.5608,train,normal
1996,午餐,2,52,想吃好点,开心,冷,一个人,不关心,重辣,,19,麻辣烫,火锅麻辣烫,1,chosen,0.5711,0.5923,train,normal
1996,午餐,2,52,想吃好点,开心,冷,一个人,不关心,重辣,,19,麻辣烫,火锅麻辣烫,1,chosen,0.5711,0.5625,train,normal
1996,午餐,2,52,想吃好点,开心,冷,一个人,不关心,重辣,,19,麻辣烫,火锅麻辣烫,1,chosen,0.5711,0.5522,train,normal
1997,晚餐,4,17,不差钱,疲惫,阴,一个人,不关心,重辣,,19,麻辣烫,火锅麻辣烫,1,chosen,0.5391,0.5495,train,normal
1997,晚餐,4,17,不差钱,疲惫,阴,一个人,不关心,重辣,,19,麻辣烫,火锅麻辣烫,1,chosen,0.5391,0.5476,train,normal
1997,晚餐,4,17,不差钱,疲惫,阴,一个人,不关心,重辣,,19,麻辣烫,火锅麻辣烫,1,chosen,0.5391,0.575,train,normal
1997,晚餐,4,17,不差钱,疲惫,阴,一个人,不关心,重辣,,23,冒菜,火锅麻辣烫,0,considered,0.526,0.4887,train,normal
1997,晚餐,4,17,不差钱,疲惫,阴,一个人,不关心,重辣,,24,菌汤火锅,火锅麻辣烫,0,considered,0.4296,0.3914,train,normal
1998,夜宵,1,82,省着点,开心,晴,一个人,不关心,微辣,,28,烤冷面,烧烤小吃,1,chosen,0.5414,0.4854,train,normal
1998,夜宵,1,82,省着点,开心,晴,一个人,不关心,微辣,,28,烤冷面,烧烤小吃,1,chosen,0.5414,0.5294,train,normal
1998,夜宵,1,82,省着点,开心,晴,一个人,不关心,微辣,,28,烤冷面,烧烤小吃,1,chosen,0.5414,0.5675,train,normal
1999,午餐,5,15,正常,兴奋,热,一个人,随便,微辣,,9,炸酱面,面食粉面,1,chosen,0.5385,0.5701,train,normal
1999,午餐,5,15,正常,兴奋,热,一个人,随便,微辣,,9,炸酱面,面食粉面,1,chosen,0.5385,0.4928,train,normal
1999,午餐,5,15,正常,兴奋,热,一个人,随便,微辣,,9,炸酱面,面食粉面,1,chosen,0.5385,0.5319,train,normal
1999,午餐,5,15,正常,兴奋,热,一个人,随便,微辣,,6,兰州牛肉面,面食粉面,0,considered,0.5063,0.4871,train,normal
1999,午餐,5,15,正常,兴奋,热,一个人,随便,微辣,,11,云南小锅米线,面食粉面,0,considered,0.4211,0.4014,train,normal
