scenario_id,time_slot,hunger,available_time,budget,mood,weather,companion,health_goal,spicy_tol,taboo,gold_dish_id,gold_dish,gold_category,gold_utility,runner_up_dish,runner_up_utility,split
0,午餐,1,57,正常,开心,热,家人,想健康,不吃辣,,648,卤水鸡翅,烧腊卤味,0.6669347442680776,卤水豆腐,0.6533544973544975,test
1,午餐,3,59,想吃好点,开心,晴,一个人,不关心,不吃辣,乳制品,788,双浇面,长三角粉面,0.5225396825396825,菜心炒牛肉,0.5225396825396825,train
2,午餐,2,15,正常,一般,晴,一个人,不关心,重辣,,580,臭豆腐炒辣椒,湘菜,0.5348148148148149,青椒肉丝(川),0.5269135802469136,train
3,晚餐,2,36,想吃好点,压力大,热,一个人,随便,中辣,,579,腊味萝卜干,湘菜,0.5968091168091169,卤水鸡翅,0.5887749287749288,train
4,夜宵,3,54,正常,疲惫,雪,家人,随便,中辣,,26,烤鸡翅,烧烤小吃,0.8159259259259258,炒年糕,0.8040740740740743,test
5,早餐,5,16,正常,开心,晴,朋友,不关心,重辣,,444,叉烧酥,早餐粥点,0.6053342953342954,杂粮煎饼果子,0.6052067685401019,train
6,下午加餐,3,73,想吃好点,一般,雨,一个人,严格控制,重辣,,33,三文鱼沙拉,轻食健康,0.6920987654320988,藜麦牛油果碗,0.6920987654320988,test
7,早餐,3,29,想吃好点,疲惫,冷,朋友,随便,不吃辣,海鲜,427,南翔小笼包,早餐粥点,0.7184995251661918,皮蛋瘦肉粥(珠三角),0.7114529914529916,train
8,午餐,3,31,省着点,开心,雨,朋友,想健康,不吃辣,素食,658,卤水豆腐,烧腊卤味,0.6897647537647539,韭菜盒子(东北),0.6760705467372136,val
9,晚餐,4,63,省着点,一般,热,朋友,想健康,重辣,,658,卤水豆腐,烧腊卤味,0.6826666666666669,东北饭包,0.6746419753086423,train
10,午餐,3,37,正常,一般,热,一个人,不关心,不吃辣,,658,卤水豆腐,烧腊卤味,0.5592592592592593,卤水鸡翅,0.5592592592592593,test
11,晚餐,4,55,省着点,开心,热,朋友,严格控制,微辣,,658,卤水豆腐,烧腊卤味,0.6921693121693123,东北饭包,0.6841446208112878,test
12,午餐,3,23,正常,兴奋,阴,同事,不关心,不吃辣,素食,194,油焖春笋,家常炒菜,0.5562962962962964,清炒草头,0.5562962962962964,train
13,早餐,4,38,正常,开心,阴,朋友,随便,中辣,素食,807,衢州常山索面,长三角粉面,0.569594356261023,千层油糕,0.5452067685401019,train
14,晚餐,2,33,正常,低落,冷,朋友,不关心,中辣,素食,523,长沙臭豆腐,湘菜,0.7022764889431555,攸县香干,0.6935802469135802,test
15,晚餐,1,27,正常,一般,阴,朋友,想健康,不吃辣,素食,195,清炒草头,家常炒菜,0.5930617283950618,卤水豆腐,0.5868641975308642,train
16,午餐,2,48,想吃好点,疲惫,热,一个人,严格控制,不吃辣,素食,818,牛油果吐司,面包甜点,0.6216265216265215,卤水豆腐,0.6038556505223173,test
17,下午加餐,1,40,省着点,低落,阴,朋友,随便,微辣,,688,双皮奶,糖水甜品,0.6050617283950618,丝袜奶茶,0.5890123456790124,train
18,晚餐,4,43,省着点,一般,晴,约会,想健康,微辣,"海鲜,乳制品",2,青椒肉丝,煲仔饭碟头饭,0.6587407407407406,咸肉菜饭,0.6582222222222223,train
19,午餐,3,90,正常,低落,雨,朋友,想健康,中辣,,15,宫保鸡丁,家常炒菜,0.751817663817664,攸县香干,0.7455308641975309,train
20,晚餐,4,15,不差钱,一般,雨,同事,随便,不吃辣,,134,熏酱拼盘,东北菜,0.5913000449842555,大良炒鲜奶,0.5906852601589444,val
21,下午加餐,1,28,不差钱,压力大,晴,同事,不关心,重辣,,33,三文鱼沙拉,轻食健康,0.637037037037037,藜麦鸡胸沙拉,0.6299445194182036,train
22,晚餐,3,72,想吃好点,疲惫,雨,一个人,随便,不吃辣,,798,杭州虾爆鳝面,长三角粉面,0.6029629629629631,双浇面,0.6029629629629631,train
23,下午加餐,5,24,正常,一般,热,家人,想健康,中辣,,769,凯撒沙拉,轻食健康,0.6601773288439957,藜麦牛油果碗,0.63997964997965,train
24,晚餐,4,70,省着点,一般,热,同事,想健康,不吃辣,素食,658,卤水豆腐,烧腊卤味,0.6256296296296298,清炒草头,0.5925679012345678,train
25,晚餐,4,36,正常,一般,雨,同事,想健康,微辣,,2,青椒肉丝,煲仔饭碟头饭,0.648493827160494,豉椒炒花甲,0.648493827160494,val
26,夜宵,2,84,想吃好点,一般,晴,约会,不关心,中辣,麸质,26,烤鸡翅,烧烤小吃,0.6907407407407408,酸菜鱼,0.6706172839506173,train
27,晚餐,3,43,正常,低落,雨,朋友,想健康,微辣,麸质,292,荤豆花,川菜,0.7310769230769233,干煸茧蛹,0.7241728395061732,train
28,夜宵,3,119,正常,压力大,雨,约会,随便,不吃辣,麸质,399,潮汕牛肉丸粉,广式粥粉面,0.7256790123456793,猪杂汤粉,0.7256790123456793,train
29,午餐,3,45,省着点,疲惫,晴,一个人,想健康,中辣,,575,紫苏煎黄瓜,湘菜,0.6104691358024691,云南小锅米线,0.6092345679012345,test
30,晚餐,3,53,正常,压力大,晴,约会,不关心,微辣,素食,64,土豆炖茄子,东北菜,0.6733333333333336,茄子炖土豆,0.6733333333333336,train
31,晚餐,4,45,不差钱,疲惫,阴,朋友,想健康,微辣,,471,梭子蟹炒年糕,本帮江浙菜,0.688740740740741,连锅汤,0.6873272354675867,train
32,夜宵,4,74,想吃好点,兴奋,阴,朋友,严格控制,重辣,乳制品,613,酸菜鱼,火锅麻辣烫,0.7177777777777777,烤鸡翅,0.7171604938271606,train
33,午餐,5,22,正常,兴奋,阴,一个人,不关心,重辣,,281,泡椒猪肝,川菜,0.5466666666666667,麻辣牛肉面,0.5466666666666667,train
34,晚餐,3,109,正常,一般,晴,同事,不关心,不吃辣,,350,丝瓜炒牛肉,广府家常菜,0.554074074074074,菜心炒牛肉,0.554074074074074,val
35,晚餐,5,15,正常,兴奋,晴,约会,想健康,中辣,,552,攸县香干,湘菜,0.6702222222222224,云南小锅米线,0.6697037037037037,train
36,下午加餐,2,32,正常,开心,雪,朋友,严格控制,重辣,乳制品,34,全麦鸡肉三明治,轻食健康,0.7695532039976485,水煮时蔬+溏心蛋,0.7622868900646679,test
37,晚餐,5,82,正常,一般,冷,一个人,严格控制,不吃辣,素食,64,土豆炖茄子,东北菜,0.6007407407407409,东北乱炖(素),0.6007407407407409,train
38,晚餐,3,36,不差钱,疲惫,阴,一个人,不关心,不吃辣,,471,梭子蟹炒年糕,本帮江浙菜,0.5555555555555557,台州跳鱼捞面,0.5469185784975259,val
39,早餐,5,15,正常,开心,阴,一个人,想健康,中辣,素食,807,衢州常山索面,长三角粉面,0.5304338624338625,常熟蕈油面,0.51463139329806,train
40,下午加餐,2,34,正常,开心,冷,约会,不关心,微辣,,701,核桃糊,糖水甜品,0.6462610229276897,花生糊,0.6394234160900828,val
41,夜宵,3,56,不差钱,一般,冷,家人,想健康,微辣,,24,菌汤火锅,火锅麻辣烫,0.7222222222222224,烤生蚝,0.7062136252311694,train
42,晚餐,3,56,不差钱,压力大,热,朋友,想健康,不吃辣,,655,豉油鸡,烧腊卤味,0.7184741340530815,苏州卤鸭,0.7066852601589446,train
43,午餐,3,45,省着点,开心,热,朋友,不关心,不吃辣,,658,卤水豆腐,烧腊卤味,0.6647619047619048,卤水鸡翅,0.6446289512956179,train
44,午餐,4,38,省着点,一般,冷,家人,不关心,中辣,,668,咸肉菜饭,煲仔饭碟头饭,0.6570370370370372,长沙臭豆腐,0.6555555555555557,train
45,午餐,1,48,正常,开心,雨,一个人,想健康,微辣,乳制品,162,干煸茧蛹,东北菜,0.5996754850088185,炒蚕蛹,0.5996754850088185,val
46,下午加餐,4,126,省着点,一般,晴,一个人,不关心,不吃辣,素食,699,定胜糕,糖水甜品,0.5185185185185185,赤豆糕,0.5185185185185185,train
47,午餐,4,32,想吃好点,兴奋,雨,一个人,想健康,微辣,,366,豉椒炒花甲,广府家常菜,0.6173827160493828,炒蚕蛹,0.6166419753086422,train
48,早餐,3,70,省着点,开心,晴,朋友,想健康,重辣,,434,皮蛋瘦肉粥(珠三角),早餐粥点,0.6784338624338625,艇仔粥,0.6784338624338625,train
49,晚餐,3,54,省着点,开心,冷,朋友,想健康,微辣,,71,干豆腐炒尖椒,东北菜,0.690910052910053,兰州牛肉面,0.690910052910053,train
50,夜宵,5,69,不差钱,兴奋,晴,约会,想健康,微辣,海鲜,24,菌汤火锅,火锅麻辣烫,0.7155555555555557,番茄火锅,0.705777777777778,train
51,晚餐,4,31,正常,疲惫,雪,一个人,想健康,中辣,,15,宫保鸡丁,家常炒菜,0.725283950617284,云南小锅米线,0.725283950617284,test
52,午餐,5,67,省着点,一般,热,家人,不关心,微辣,乳制品,658,卤水豆腐,烧腊卤味,0.6533333333333334,东北饭包,0.6398765432098769,train
53,午餐,4,48,想吃好点,兴奋,冷,朋友,不关心,微辣,素食,371,鱼香茄子煲,广府家常菜,0.6658024691358028,东北乱炖(素),0.6562393162393163,val
54,午餐,5,116,正常,一般,冷,朋友,想健康,不吃辣,"海鲜,乳制品",680,海南鸡饭,煲仔饭碟头饭,0.6961481481481484,土豆炖茄子,0.688740740740741,train
55,午餐,2,63,正常,疲惫,热,朋友,随便,中辣,,579,腊味萝卜干,湘菜,0.697283950617284,卤水鸡翅,0.6874074074074075,train
56,午餐,2,19,正常,压力大,雨,一个人,想健康,微辣,,366,豉椒炒花甲,广府家常菜,0.639604938271605,干豆腐炒尖椒,0.6326913580246916,val
57,晚餐,4,15,想吃好点,一般,晴,一个人,想健康,微辣,,366,豉椒炒花甲,广府家常菜,0.5581234567901235,烤生蚝,0.5507160493827161,train
58,晚餐,3,47,正常,疲惫,雨,约会,想健康,中辣,海鲜,15,宫保鸡丁,家常炒菜,0.772064577397911,荤豆花,0.7641633428300098,train
59,午餐,4,108,省着点,一般,热,朋友,不关心,微辣,,658,卤水豆腐,烧腊卤味,0.6533333333333334,东北饭包,0.645308641975309,train
60,午餐,4,99,省着点,开心,阴,同事,不关心,不吃辣,海鲜,9,炸酱面,长三角粉面,0.5655026455026455,糖油粑粑,0.5655026455026455,test
61,早餐,4,25,正常,一般,雨,家人,随便,中辣,乳制品,424,黑椒牛仔骨,早茶点心,0.6516835016835018,黑椒猪肚,0.6516835016835018,train
62,午餐,2,17,正常,压力大,晴,约会,想健康,不吃辣,海鲜,353,姜葱炒牛肉,广府家常菜,0.6844197530864199,丝瓜炒牛肉,0.6844197530864199,train
63,晚餐,4,40,正常,兴奋,阴,家人,随便,不吃辣,,681,滑鸡煲仔饭,煲仔饭碟头饭,0.617037037037037,海南鸡饭,0.617037037037037,val
64,早餐,3,79,正常,疲惫,冷,一个人,想健康,微辣,,439,菜肉大馄饨,早餐粥点,0.7094814814814815,小笼包+豆浆,0.7034074074074075,train
65,午餐,4,43,不差钱,一般,雨,一个人,不关心,重辣,,600,发丝牛百叶,湘菜,0.5786324786324787,剁椒蒸鱼,0.5786324786324787,test
66,早餐,4,77,正常,低落,雨,同事,随便,微辣,,45,杂粮煎饼果子,早餐粥点,0.6373584440251107,黑椒牛仔骨,0.6369921436588103,val
67,晚餐,4,52,正常,一般,阴,一个人,不关心,重辣,,513,农家小炒肉,湘菜,0.5348148148148149,麻婆豆腐(素),0.5348148148148149,train
68,晚餐,3,64,正常,疲惫,雨,同事,随便,微辣,"海鲜,乳制品",6,兰州牛肉面,长三角粉面,0.6538271604938274,鳝丝面,0.6538271604938274,train
69,晚餐,3,107,想吃好点,疲惫,晴,朋友,随便,不吃辣,,813,台州跳鱼捞面,长三角粉面,0.6496296296296299,东北乱炖,0.6496296296296299,train
70,早餐,3,96,想吃好点,开心,雨,同事,想健康,不吃辣,,439,菜肉大馄饨,早餐粥点,0.6974993894993896,咖喱牛肉汤,0.6974993894993896,train
71,晚餐,3,59,省着点,开心,冷,朋友,不关心,不吃辣,麸质,668,咸肉菜饭,煲仔饭碟头饭,0.6511816578483246,大酱炒鸡蛋,0.6434038800705468,train
72,晚餐,4,65,省着点,低落,阴,朋友,想健康,微辣,海鲜,2,青椒肉丝,煲仔饭碟头饭,0.6700987654320989,干豆腐炒尖椒,0.6609629629629631,train
73,午餐,2,68,不差钱,兴奋,热,同事,严格控制,微辣,海鲜,162,干煸茧蛹,东北菜,0.6126210826210827,炒蚕蛹,0.6111815864447445,train
74,下午加餐,2,55,正常,开心,雨,一个人,不关心,重辣,,762,丝袜奶茶,轻食健康,0.6216931216931217,拿铁,0.6216931216931217,train
75,夜宵,5,31,正常,疲惫,晴,朋友,随便,微辣,,627,炒年糕,烧烤小吃,0.7082716049382718,鸡蛋灌饼,0.6920946954280288,val
76,晚餐,1,70,省着点,压力大,雨,一个人,想健康,中辣,,575,紫苏煎黄瓜,湘菜,0.6171358024691358,手撕包菜(川),0.607358024691358,train
77,午餐,2,69,正常,开心,冷,朋友,不关心,不吃辣,素食,458,油焖笋,本帮江浙菜,0.647477954144621,清炒草头,0.6406878306878308,val
78,午餐,4,77,省着点,疲惫,雪,朋友,随便,中辣,,595,长沙肉丝米粉,湘菜,0.7808641975308643,南京皮肚面,0.7803703703703703,test
79,晚餐,5,72,正常,低落,阴,朋友,随便,微辣,,572,粉蒸肉(湘),湘菜,0.6481481481481484,荤豆花,0.6481481481481484,train
80,午餐,2,26,正常,开心,晴,朋友,想健康,微辣,,166,炒蚕蛹,东北菜,0.6585643738977075,干煸茧蛹,0.6585643738977075,test
81,午餐,2,62,省着点,一般,雨,约会,想健康,重辣,麸质,310,麻婆豆腐(素),川菜,0.7070123456790124,紫苏煎黄瓜,0.6999753086419753,train
82,晚餐,2,52,省着点,兴奋,雨,朋友,不关心,微辣,乳制品,109,东北臭豆腐,东北菜,0.6534567901234571,卤水豆腐,0.6443114909781578,train
83,午餐,3,28,正常,一般,晴,一个人,不关心,微辣,,366,豉椒炒花甲,广府家常菜,0.5190123456790123,上海辣肉面,0.5190123456790123,train
84,晚餐,3,28,正常,压力大,晴,朋友,严格控制,中辣,"海鲜,乳制品",15,宫保鸡丁,家常炒菜,0.7185185185185186,攸县香干,0.7079012345679012,test
85,晚餐,3,41,正常,一般,雪,同事,随便,微辣,素食,48,东北土豆丝,东北菜,0.6730864197530866,手撕包菜(东北),0.6730864197530866,test
86,午餐,3,16,正常,一般,晴,一个人,严格控制,微辣,素食,195,清炒草头,家常炒菜,0.5525925925925927,东北土豆丝,0.5427160493827161,train
87,午餐,5,99,想吃好点,疲惫,热,朋友,严格控制,中辣,,300,酸菜肥牛,川菜,0.7295061728395063,翠竹粉蒸鱼,0.7295061728395063,train
88,午餐,2,15,正常,一般,晴,同事,不关心,微辣,,366,豉椒炒花甲,广府家常菜,0.5619753086419753,凉瓜炒牛肉,0.554074074074074,val
89,晚餐,3,15,正常,疲惫,冷,朋友,不关心,不吃辣,素食,155,韭菜盒子(东北),东北菜,0.6723782390449059,清炒草头,0.6633333333333334,train
90,夜宵,4,64,省着点,开心,晴,家人,随便,不吃辣,麸质,668,咸肉菜饭,煲仔饭碟头饭,0.6129100529100531,猪杂汤粉,0.6129100529100528,test
91,午餐,3,18,正常,一般,阴,家人,不关心,微辣,,366,豉椒炒花甲,广府家常菜,0.5995061728395062,上海辣肉面,0.5995061728395062,val
92,午餐,4,68,省着点,开心,热,朋友,随便,微辣,,658,卤水豆腐,烧腊卤味,0.6647619047619048,东北饭包,0.6567372134038804,train
93,夜宵,4,53,不差钱,一般,晴,朋友,想健康,微辣,,618,烤生蚝,火锅麻辣烫,0.6634975758484531,菌汤火锅,0.6622222222222223,train
94,晚餐,4,15,正常,一般,阴,家人,想健康,微辣,,6,兰州牛肉面,长三角粉面,0.6308395061728397,干豆腐炒尖椒,0.6308395061728397,test
95,午餐,2,22,正常,开心,热,一个人,严格控制,不吃辣,素食,818,牛油果吐司,面包甜点,0.5833766233766234,卤水豆腐,0.5726631393298061,val
96,晚餐,4,38,正常,一般,晴,同事,不关心,微辣,,2,青椒肉丝,煲仔饭碟头饭,0.5619753086419753,鱼香茄子煲,0.5619753086419753,train
97,午餐,1,68,省着点,一般,冷,家人,不关心,微辣,海鲜,109,东北臭豆腐,东北菜,0.6127160493827162,大酱炒鸡蛋,0.6048148148148149,train
98,下午加餐,2,73,想吃好点,低落,阴,朋友,严格控制,不吃辣,麸质,770,波奇饭,轻食健康,0.7145679012345679,三文鱼沙拉,0.7145679012345679,test
99,午餐,4,55,省着点,开心,晴,朋友,不关心,中辣,,523,长沙臭豆腐,湘菜,0.6297001763668431,南京皮肚面,0.6288359788359786,train
100,午餐,4,73,省着点,压力大,热,一个人,不关心,中辣,,60,东北饭包,东北菜,0.6153086419753088,腊味萝卜干,0.6145679012345678,train
101,下午加餐,3,15,正常,压力大,冷,一个人,不关心,重辣,麸质,764,奶茶,轻食健康,0.6236128069461401,丝袜奶茶,0.6228395061728393,train
102,夜宵,3,79,不差钱,疲惫,热,家人,严格控制,中辣,"海鲜,乳制品",24,菌汤火锅,火锅麻辣烫,0.7465432098765433,番茄火锅,0.7324691358024693,test
103,午餐,2,47,正常,一般,热,一个人,想健康,不吃辣,,648,卤水鸡翅,烧腊卤味,0.5885925925925927,卤水豆腐,0.5750123456790124,val
104,晚餐,1,82,不差钱,开心,冷,一个人,随便,不吃辣,素食,195,清炒草头,家常炒菜,0.5146324500710466,油焖笋,0.5082496840391578,test
105,晚餐,4,48,省着点,压力大,阴,家人,想健康,中辣,素食,575,紫苏煎黄瓜,湘菜,0.686888888888889,卤水豆腐,0.6789629629629631,train
106,晚餐,3,24,正常,压力大,雨,朋友,想健康,中辣,,552,攸县香干,湘菜,0.7492345679012347,云南小锅米线,0.7478765432098767,train
107,午餐,4,60,不差钱,一般,热,同事,不关心,不吃辣,,656,卤水拼盘,烧腊卤味,0.6022222222222223,熏酱拼盘,0.5920407857249963,train
108,午餐,3,84,不差钱,开心,雪,一个人,随便,微辣,素食,458,油焖笋,本帮江浙菜,0.6156570914465652,手撕包菜(东北),0.6149213489564368,test
109,早餐,2,34,正常,开心,晴,朋友,想健康,中辣,素食,807,衢州常山索面,长三角粉面,0.6457425044091711,白粥配咸菜,0.6352690272690275,val
110,夜宵,4,49,省着点,一般,晴,一个人,随便,中辣,海鲜,633,煎饼果子,烧烤小吃,0.5745679012345679,鸡蛋灌饼,0.5745679012345679,train
111,午餐,1,37,不差钱,疲惫,冷,约会,想健康,微辣,乳制品,378,姜葱炒蟹,广府家常菜,0.7194814814814815,红烧划水,0.712880291897836,val
112,午餐,4,45,想吃好点,压力大,阴,一个人,想健康,不吃辣,,680,海南鸡饭,煲仔饭碟头饭,0.6057777777777779,黄鳝煲仔饭,0.6057777777777779,train
113,晚餐,4,15,正常,压力大,晴,家人,不关心,中辣,,328,川味香肠炒饭,川菜,0.6551851851851852,川味腊肠炒饭,0.6551851851851852,test
114,晚餐,4,44,想吃好点,开心,晴,朋友,严格控制,不吃辣,,680,海南鸡饭,煲仔饭碟头饭,0.6617989417989418,黄鳝煲仔饭,0.6617989417989418,train
115,晚餐,2,52,想吃好点,一般,冷,朋友,随便,微辣,,511,黄山臭鳜鱼,本帮江浙菜,0.6629629629629633,干煸茧蛹,0.6561728395061732,train
116,晚餐,3,83,省着点,一般,雨,家人,想健康,重辣,,310,麻婆豆腐(素),川菜,0.6968888888888889,紫苏煎黄瓜,0.6898518518518519,train
117,下午加餐,5,53,正常,一般,晴,家人,不关心,微辣,素食,699,定胜糕,糖水甜品,0.5481874915208249,赤豆糕,0.5481874915208249,train
118,下午加餐,3,91,省着点,一般,晴,朋友,想健康,不吃辣,,688,双皮奶,糖水甜品,0.6387160493827161,全麦鸡肉三明治,0.6299658119658119,train
119,午餐,2,35,想吃好点,一般,冷,一个人,想健康,不吃辣,素食,195,清炒草头,家常炒菜,0.5855498575498577,油焖笋,0.5713086419753087,train
120,午餐,4,44,正常,低落,雪,同事,随便,中辣,,786,南京皮肚面,长三角粉面,0.7187654320987654,湖南炒饭,0.7187654320987654,test
121,午餐,3,34,想吃好点,压力大,晴,一个人,严格控制,中辣,,15,宫保鸡丁,家常炒菜,0.6165432098765434,酸菜肥牛,0.6165432098765433,val
122,晚餐,2,52,省着点,低落,晴,朋友,随便,中辣,素食,523,长沙臭豆腐,湘菜,0.6590123456790123,紫苏煎黄瓜,0.641358024691358,train
123,夜宵,4,64,不差钱,一般,阴,约会,不关心,不吃辣,,621,番茄火锅,火锅麻辣烫,0.6548148148148148,菌汤火锅,0.6548148148148148,train
124,下午加餐,3,89,想吃好点,压力大,热,同事,不关心,微辣,,770,波奇饭,轻食健康,0.7059259259259258,珍珠奶茶,0.6959544159544159,val
125,午餐,5,15,正常,疲惫,热,一个人,不关心,不吃辣,,9,炸酱面,长三角粉面,0.6111111111111112,糖油果子,0.6003663003663002,train
126,午餐,2,15,正常,开心,阴,一个人,随便,中辣,素食,523,长沙臭豆腐,湘菜,0.53345814679148,紫苏煎黄瓜,0.5247619047619048,train
127,早餐,5,71,不差钱,开心,晴,朋友,不关心,不吃辣,"海鲜,乳制品",428,及第粥,早餐粥点,0.6005134826187458,芋头糕,0.5826147471761507,train
128,午餐,5,58,不差钱,开心,热,同事,随便,不吃辣,,656,卤水拼盘,烧腊卤味,0.6136507936507937,熏酱拼盘,0.6034693571535678,train
129,晚餐,4,52,想吃好点,疲惫,阴,约会,严格控制,中辣,,300,酸菜肥牛,川菜,0.7343209876543212,宫保鸡丁,0.7343209876543212,train
130,晚餐,3,28,想吃好点,一般,热,一个人,随便,中辣,,579,腊味萝卜干,湘菜,0.5659449192782525,蒜泥白肉,0.5592592592592592,train
131,晚餐,3,69,不差钱,压力大,冷,朋友,想健康,中辣,,241,酸汤肥牛,川菜,0.7635555555555557,翠竹粉蒸鱼,0.7635555555555557,train
132,午餐,3,46,省着点,一般,冷,家人,随便,微辣,,191,干煸四季豆,家常炒菜,0.6439506172839509,咸肉菜饭,0.643456790123457,train
133,午餐,3,51,正常,低落,热,约会,不关心,不吃辣,素食,658,卤水豆腐,烧腊卤味,0.6797530864197533,土豆炖茄子,0.6517283950617285,train
134,早餐,4,52,正常,开心,热,家人,严格控制,微辣,素食,793,常熟蕈油面,长三角粉面,0.6220634920634922,素鸡面,0.6220634920634922,train
135,下午加餐,4,79,省着点,疲惫,冷,家人,不关心,中辣,麸质,702,桂花糖芋艿,糖水甜品,0.6365432098765433,奶茶,0.6297530864197531,train
136,晚餐,2,57,正常,疲惫,热,一个人,不关心,中辣,,579,腊味萝卜干,湘菜,0.6059259259259261,卤水鸭掌,0.5933333333333333,train
137,晚餐,2,50,省着点,低落,晴,朋友,不关心,中辣,素食,523,长沙臭豆腐,湘菜,0.6590123456790123,紫苏煎黄瓜,0.641358024691358,train
138,午餐,5,47,想吃好点,开心,阴,朋友,想健康,不吃辣,海鲜,680,海南鸡饭,煲仔饭碟头饭,0.6594285714285716,汆白肉,0.6520211640211642,val
139,早餐,2,15,省着点,压力大,热,家人,想健康,中辣,,439,菜肉大馄饨,早餐粥点,0.719111111111111,扬州三丁包,0.7093333333333333,train
140,早餐,3,60,正常,低落,晴,同事,不关心,重辣,素食,807,衢州常山索面,长三角粉面,0.6020987654320988,白粥配咸菜,0.5886446886446888,train
141,午餐,1,33,正常,一般,热,一个人,不关心,不吃辣,,648,卤水鸡翅,烧腊卤味,0.5320987654320988,卤水豆腐,0.5185185185185185,val
142,夜宵,5,106,正常,压力大,雪,家人,不关心,不吃辣,麸质,399,潮汕牛肉丸粉,广式粥粉面,0.7693827160493828,猪杂汤粉,0.7693827160493828,test
143,早餐,3,15,省着点,开心,阴,朋友,不关心,重辣,,448,扬州三丁包,早餐粥点,0.6314462081128748,菜肉大馄饨,0.6314462081128748,train
144,午餐,4,64,正常,一般,晴,一个人,随便,中辣,素食,575,紫苏煎黄瓜,湘菜,0.5269135802469136,攸县香干,0.5269135802469136,train
145,午餐,3,27,正常,开心,晴,家人,想健康,不吃辣,,348,豉汁蒸排骨,广府家常菜,0.6489347442680776,酿豆腐,0.6489347442680776,test
146,晚餐,3,56,省着点,一般,晴,同事,想健康,不吃辣,麸质,195,清炒草头,家常炒菜,0.5845432098765433,毛豆炒肉丝,0.5845432098765433,train
147,晚餐,4,61,正常,一般,冷,一个人,想健康,不吃辣,乳制品,347,菜心炒牛肉,广府家常菜,0.5983703703703704,豆豉蒸鲮鱼,0.5983703703703704,val
148,午餐,2,31,正常,开心,热,一个人,不关心,中辣,素食,658,卤水豆腐,烧腊卤味,0.5571075837742504,长沙臭豆腐,0.5414828381495047,train
149,下午加餐,5,46,省着点,一般,雪,约会,不关心,不吃辣,海鲜,702,桂花糖芋艿,糖水甜品,0.6750617283950618,蛋挞,0.665839880284325,test
150,午餐,3,19,正常,开心,雨,同事,不关心,微辣,,6,兰州牛肉面,长三角粉面,0.6208112874779542,豉椒炒花甲,0.6208112874779542,train
151,晚餐,3,58,正常,兴奋,阴,家人,随便,重辣,,529,剁椒蒸排骨,湘菜,0.6407407407407407,酸辣肚丝,0.6343589743589744,train
152,晚餐,5,15,想吃好点,一般,冷,朋友,严格控制,不吃辣,素食,195,清炒草头,家常炒菜,0.6517473884140551,油焖春笋,0.6450123456790124,val
153,早餐,4,32,省着点,疲惫,冷,约会,想健康,不吃辣,,439,菜肉大馄饨,早餐粥点,0.7459012345679014,及第粥,0.7450909090909092,val
154,夜宵,5,62,想吃好点,疲惫,雨,一个人,不关心,中辣,,627,炒年糕,烧烤小吃,0.6647103513770181,鸡蛋灌饼,0.6533143399810066,test
155,晚餐,3,63,正常,压力大,晴,约会,随便,不吃辣,,64,土豆炖茄子,东北菜,0.6733333333333336,锅出溜,0.6733333333333336,train
156,午餐,4,55,正常,兴奋,热,同事,严格控制,重辣,"海鲜,乳制品",60,东北饭包,东北菜,0.6397530864197534,炸酱面,0.6385185185185186,test
157,夜宵,5,24,想吃好点,开心,冷,约会,不关心,微辣,"海鲜,乳制品",627,炒年糕,烧烤小吃,0.7251512684846019,煎饺,0.7104124270790938,train
158,午餐,2,15,想吃好点,压力大,雨,同事,随便,微辣,,366,豉椒炒花甲,广府家常菜,0.6434567901234568,烤生蚝,0.6360493827160495,train
159,午餐,2,80,想吃好点,低落,雨,家人,随便,微辣,,162,干煸茧蛹,东北菜,0.6796296296296298,炒蚕蛹,0.6796296296296298,train
160,早餐,1,56,不差钱,兴奋,晴,同事,不关心,中辣,,445,咖喱牛肉汤,早餐粥点,0.6008187134502925,虾饺,0.5997840755735494,train
161,晚餐,3,45,正常,兴奋,冷,同事,不关心,微辣,,651,牛杂,烧腊卤味,0.6219753086419755,豉椒炒花甲,0.6219753086419755,train
162,午餐,4,91,正常,一般,冷,朋友,随便,中辣,乳制品,275,川味香肠(蒸),川菜,0.6800000000000002,浏阳蒸菜,0.6800000000000002,train
163,午餐,2,82,想吃好点,一般,热,一个人,严格控制,微辣,,480,符离集烧鸡,本帮江浙菜,0.5829629629629631,烧鸡(东北),0.5829629629629631,train
164,午餐,1,26,正常,一般,冷,一个人,不关心,不吃辣,,348,豉汁蒸排骨,广府家常菜,0.5320987654320988,姜葱炒牛肉,0.5320987654320988,train
165,午餐,3,56,不差钱,疲惫,阴,同事,随便,微辣,,811,鳝丝面,长三角粉面,0.5935692507622333,梭子蟹炒年糕,0.5925925925925927,train
166,午餐,4,41,不差钱,一般,晴,朋友,不关心,微辣,素食,371,鱼香茄子煲,广府家常菜,0.5922951966811615,油焖笋,0.583487779277253,train
167,午餐,5,75,省着点,兴奋,晴,约会,随便,不吃辣,素食,124,拔丝苹果,东北菜,0.6232098765432099,拔丝地瓜,0.6232098765432099,train
168,晚餐,5,56,正常,压力大,冷,一个人,想健康,中辣,,11,云南小锅米线,长三角粉面,0.6586172839506175,宫保鸡丁,0.6586172839506175,val
169,晚餐,4,18,想吃好点,低落,阴,朋友,不关心,微辣,,366,豉椒炒花甲,广府家常菜,0.6345679012345682,烤生蚝,0.6271604938271607,train
170,晚餐,4,88,正常,压力大,雨,家人,想健康,重辣,,13,麻婆豆腐,家常炒菜,0.755777777777778,宫保鸡丁,0.7483608736942073,val
171,晚餐,4,20,省着点,一般,热,朋友,想健康,不吃辣,,9,炸酱面,长三角粉面,0.6640246913580249,卤水豆腐,0.6480987654320989,train
172,午餐,4,34,正常,一般,晴,一个人,不关心,中辣,乳制品,596,香干炒腊肉,湘菜,0.5269135802469136,蒸腊肠,0.5269135802469136,train
173,晚餐,2,84,省着点,疲惫,阴,家人,随便,微辣,,658,卤水豆腐,烧腊卤味,0.6360493827160495,干煸四季豆,0.6266666666666668,val
174,早餐,1,29,想吃好点,疲惫,晴,同事,随便,不吃辣,,417,虾饺,早茶点心,0.6370370370370372,燕麦牛奶粥,0.6357264957264959,train
175,早餐,4,27,正常,开心,冷,朋友,随便,中辣,素食,807,衢州常山索面,长三角粉面,0.6177425044091712,常熟蕈油面,0.5910758377425045,val
176,晚餐,3,41,正常,疲惫,雪,朋友,不关心,中辣,,557,浏阳蒸菜,湘菜,0.7911111111111112,宫保鸡丁,0.7911111111111112,test
177,午餐,3,104,省着点,疲惫,雨,家人,想健康,不吃辣,素食,658,卤水豆腐,烧腊卤味,0.722780626780627,韭菜盒子(东北),0.7127901234567905,train
178,晚餐,5,15,正常,压力大,雨,家人,想健康,微辣,海鲜,6,兰州牛肉面,长三角粉面,0.7263950617283954,青椒肉丝,0.7258024691358026,val
179,午餐,5,40,想吃好点,一般,热,同事,随便,微辣,素食,658,卤水豆腐,烧腊卤味,0.5826210826210826,糖油果子,0.5817094017094017,train
180,午餐,3,51,省着点,疲惫,冷,朋友,严格控制,中辣,"海鲜,乳制品",11,云南小锅米线,长三角粉面,0.7534567901234567,紫苏煎黄瓜,0.7519753086419755,train
181,午餐,5,51,正常,疲惫,冷,一个人,想健康,中辣,,11,云南小锅米线,长三角粉面,0.6623209876543211,青椒肉丝,0.6618271604938273,train
182,午餐,5,94,想吃好点,疲惫,热,一个人,严格控制,重辣,,524,香辣鱼块,湘菜,0.6324691358024692,豉油鸡,0.6311111111111112,val
183,午餐,5,44,省着点,压力大,晴,家人,随便,不吃辣,,668,咸肉菜饭,煲仔饭碟头饭,0.6607407407407409,卤水豆腐,0.6496296296296298,train
184,晚餐,3,27,正常,开心,冷,约会,不关心,中辣,,543,干豆角炒肉,湘菜,0.6974779541446209,卜豆角炒肉,0.6974779541446209,val
185,晚餐,4,69,想吃好点,一般,雨,一个人,想健康,不吃辣,"海鲜,乳制品",353,姜葱炒牛肉,广府家常菜,0.5976296296296296,凉瓜炒牛肉,0.5976296296296296,train
186,晚餐,4,15,省着点,一般,雪,一个人,严格控制,不吃辣,乳制品,173,毛豆炒肉丝,家常炒菜,0.6624691358024692,清炒草头,0.6624691358024692,test
187,夜宵,1,53,不差钱,开心,热,一个人,不关心,不吃辣,,609,椰子鸡火锅,火锅麻辣烫,0.5526807760141094,沙县扁肉,0.539220487115224,train
188,午餐,5,31,正常,兴奋,雨,朋友,想健康,中辣,,15,宫保鸡丁,家常炒菜,0.722928774928775,攸县香干,0.7136790123456791,train
189,夜宵,5,56,正常,一般,雪,同事,不关心,中辣,"海鲜,乳制品",627,炒年糕,烧烤小吃,0.7323456790123457,煎饼果子,0.7216008682675349,test
190,晚餐,3,62,正常,一般,冷,朋友,想健康,中辣,麸质,15,宫保鸡丁,家常炒菜,0.7154074074074076,浏阳蒸菜,0.7093333333333335,train
191,晚餐,4,21,想吃好点,低落,冷,同事,随便,微辣,,651,牛杂,烧腊卤味,0.6397530864197533,豉椒炒花甲,0.6397530864197533,train
192,晚餐,4,24,正常,一般,热,一个人,不关心,中辣,麸质,579,腊味萝卜干,湘菜,0.5750617283950618,东北饭包,0.563456790123457,train
193,早餐,4,27,正常,一般,晴,家人,随便,微辣,素食,793,常熟蕈油面,长三角粉面,0.5353086419753087,素鸡面,0.5353086419753087,train
194,午餐,2,79,正常,开心,热,一个人,严格控制,不吃辣,海鲜,648,卤水鸡翅,烧腊卤味,0.5980952380952381,符离集烧鸡,0.5851119251119251,train
195,晚餐,3,46,正常,低落,雨,家人,想健康,中辣,,15,宫保鸡丁,家常炒菜,0.7409534662867998,青椒肉丝(川),0.7346666666666667,train
196,晚餐,4,59,省着点,一般,热,一个人,随便,重辣,,579,腊味萝卜干,湘菜,0.5701234567901233,东北饭包,0.563456790123457,train
197,晚餐,4,43,想吃好点,压力大,雪,家人,不关心,不吃辣,,687,黄鳝煲仔饭,煲仔饭碟头饭,0.771851851851852,滑鸡煲仔饭,0.771851851851852,test
198,午餐,4,66,想吃好点,一般,热,一个人,不关心,不吃辣,素食,658,卤水豆腐,烧腊卤味,0.5455840455840456,糖油果子,0.5387464387464388,train
199,晚餐,3,84,想吃好点,一般,阴,同事,想健康,不吃辣,,348,豉汁蒸排骨,广府家常菜,0.5931851851851853,丝瓜炒牛肉,0.5931851851851853,train
200,晚餐,5,47,省着点,开心,热,朋友,想健康,微辣,,658,卤水豆腐,烧腊卤味,0.6940952380952382,东北饭包,0.6860705467372137,train
201,下午加餐,1,52,省着点,低落,冷,一个人,想健康,微辣,,766,水煮时蔬,轻食健康,0.6186419753086418,鲜榨橙汁,0.6057777777777779,train
202,晚餐,5,15,正常,开心,热,同事,不关心,不吃辣,,9,炸酱面,长三角粉面,0.60994708994709,哈尔滨红肠,0.60994708994709,train
203,下午加餐,4,36,省着点,压力大,晴,一个人,随便,中辣,,767,珍珠奶茶,轻食健康,0.5814814814814815,奶茶,0.5814814814814815,test
204,午餐,2,103,不差钱,兴奋,雨,家人,不关心,中辣,素食,523,长沙臭豆腐,湘菜,0.6334742840005996,攸县香干,0.6263717698805417,train
205,下午加餐,5,88,想吃好点,疲惫,晴,朋友,随便,微辣,,706,芒果班戟,糖水甜品,0.6212086678753346,波奇饭,0.6139506172839506,train
206,午餐,5,38,正常,低落,冷,同事,随便,微辣,,1,黄焖鸡米饭,煲仔饭碟头饭,0.643456790123457,青椒肉丝,0.643456790123457,train
207,午餐,3,38,省着点,开心,热,一个人,随便,中辣,,579,腊味萝卜干,湘菜,0.5815520282186948,卤水豆腐,0.5706878306878307,train
208,晚餐,1,41,省着点,开心,雨,约会,随便,微辣,"海鲜,乳制品",109,东北臭豆腐,东北菜,0.6471075837742505,大酱炒鸡蛋,0.6392063492063492,train
209,晚餐,4,27,省着点,开心,热,一个人,严格控制,不吃辣,素食,658,卤水豆腐,烧腊卤味,0.5980952380952381,清炒草头,0.5671075837742504,test
210,早餐,5,18,正常,开心,雨,朋友,想健康,不吃辣,素食,793,常熟蕈油面,长三角粉面,0.6158659611992946,素鸡面,0.6158659611992946,train
211,晚餐,4,89,省着点,兴奋,晴,一个人,想健康,微辣,,2,青椒肉丝,煲仔饭碟头饭,0.565037037037037,干豆腐炒尖椒,0.5583703703703703,test
212,早餐,2,62,正常,低落,热,同事,不关心,中辣,"海鲜,乳制品",439,菜肉大馄饨,早餐粥点,0.6343209876543209,咖喱牛肉汤,0.6343209876543209,train
213,午餐,3,108,不差钱,一般,雨,家人,不关心,微辣,素食,458,油焖笋,本帮江浙菜,0.6273054430949169,卤水豆腐,0.6209326735642525,val
214,晚餐,2,48,不差钱,一般,阴,朋友,随便,微辣,,511,黄山臭鳜鱼,本帮江浙菜,0.614814814814815,上汤焗龙虾,0.6051851851851852,val
215,下午加餐,4,45,正常,一般,晴,一个人,随便,重辣,"海鲜,乳制品",34,全麦鸡肉三明治,轻食健康,0.5296296296296297,藜麦牛油果碗,0.5203500203500203,train
216,下午加餐,4,15,想吃好点,低落,晴,一个人,不关心,中辣,,770,波奇饭,轻食健康,0.5388888888888889,藜麦牛油果碗,0.5388888888888889,val
217,晚餐,2,63,想吃好点,低落,热,朋友,严格控制,不吃辣,,648,卤水鸡翅,烧腊卤味,0.6947008547008549,豉油鸡,0.6856790123456792,train
218,晚餐,3,15,不差钱,疲惫,雨,约会,想健康,不吃辣,海鲜,175,番茄炒牛肉,家常炒菜,0.717621132603589,姜葱炒牛肉,0.7167124506422753,train
219,早餐,1,55,省着点,疲惫,晴,朋友,随便,不吃辣,麸质,438,艇仔粥,早餐粥点,0.6656790123456792,皮蛋瘦肉粥(珠三角),0.6656790123456792,train
220,下午加餐,3,25,正常,低落,冷,一个人,想健康,不吃辣,乳制品,34,全麦鸡肉三明治,轻食健康,0.6230617283950617,藜麦牛油果碗,0.6155352055352055,train
221,晚餐,2,81,正常,一般,晴,一个人,随便,不吃辣,,648,卤水鸡翅,烧腊卤味,0.5111111111111112,菜心炒牛肉,0.5111111111111112,train
222,午餐,2,30,想吃好点,兴奋,阴,朋友,想健康,微辣,素食,458,油焖笋,本帮江浙菜,0.6231604938271607,清炒草头,0.617031339031339,train
223,夜宵,2,69,不差钱,疲惫,阴,家人,严格控制,微辣,,24,菌汤火锅,火锅麻辣烫,0.7249382716049384,潮汕牛肉火锅,0.7103703703703703,train
224,早餐,5,42,想吃好点,兴奋,雨,朋友,随便,不吃辣,,454,蟹粉小笼包,早餐粥点,0.6610662177328845,及第粥,0.6518829318829319,train
225,晚餐,4,43,想吃好点,一般,冷,一个人,随便,微辣,"海鲜,乳制品",292,荤豆花,川菜,0.5671604938271605,连锅汤,0.5671604938271605,train
226,午餐,3,59,省着点,开心,热,朋友,不关心,微辣,素食,658,卤水豆腐,烧腊卤味,0.6647619047619048,糖油粑粑,0.6308112874779541,test
227,晚餐,3,93,省着点,低落,晴,朋友,不关心,不吃辣,,658,卤水豆腐,烧腊卤味,0.6237037037037036,咸肉菜饭,0.6101234567901235,train
228,夜宵,4,15,省着点,疲惫,阴,一个人,随便,重辣,,633,煎饼果子,烧烤小吃,0.6264197530864197,鸡蛋灌饼,0.6264197530864197,train
229,午餐,5,84,正常,一般,热,一个人,随便,不吃辣,,9,炸酱面,长三角粉面,0.5592592592592593,白灼猪手,0.5592592592592593,train
230,午餐,4,51,正常,低落,晴,家人,想健康,中辣,乳制品,15,宫保鸡丁,家常炒菜,0.697135802469136,浏阳蒸菜,0.6910617283950619,test
231,午餐,2,56,省着点,压力大,晴,朋友,想健康,不吃辣,,658,卤水豆腐,烧腊卤味,0.6653827160493828,清炒草头,0.6493580246913581,train
232,早餐,2,63,省着点,疲惫,晴,一个人,不关心,不吃辣,,448,扬州三丁包,早餐粥点,0.6222222222222221,虾籽馄饨面,0.6222222222222221,train
233,午餐,3,29,正常,一般,雨,约会,随便,不吃辣,,344,梅菜蒸肉饼,广府家常菜,0.6695061728395062,上海大排面,0.6695061728395062,train
234,晚餐,5,55,正常,一般,阴,朋友,不关心,微辣,素食,371,鱼香茄子煲,广府家常菜,0.6117283950617285,卤水豆腐,0.6051851851851852,train
235,午餐,3,15,省着点,疲惫,晴,朋友,不关心,不吃辣,海鲜,155,韭菜盒子(东北),东北菜,0.6271604938271607,杭州片儿川,0.625925925925926,train
236,晚餐,1,79,正常,疲惫,晴,同事,不关心,中辣,,248,青椒肉丝(川),川菜,0.5701234567901234,豉椒炒花甲,0.5688888888888889,train
237,晚餐,3,68,省着点,一般,阴,一个人,想健康,微辣,"海鲜,乳制品",6,兰州牛肉面,长三角粉面,0.5494814814814815,干豆腐炒尖椒,0.5494814814814815,train
238,晚餐,5,41,想吃好点,低落,晴,一个人,随便,不吃辣,,360,白灼猪手,广府家常菜,0.5296296296296297,一品煲,0.5296296296296297,train
239,早餐,4,15,省着点,兴奋,晴,朋友,不关心,重辣,素食,807,衢州常山索面,长三角粉面,0.5590123456790125,千层油糕,0.5474859708193043,train
240,午餐,2,80,省着点,开心,阴,一个人,不关心,重辣,素食,580,臭豆腐炒辣椒,湘菜,0.5462433862433863,长沙臭豆腐,0.5383421516754849,train
241,晚餐,5,73,正常,开心,雨,同事,想健康,中辣,,575,紫苏煎黄瓜,湘菜,0.6611569664902999,攸县香干,0.6611569664902999,train
242,下午加餐,4,24,省着点,低落,热,家人,随便,中辣,素食,699,定胜糕,糖水甜品,0.6202469135802469,赤豆糕,0.6202469135802469,train
243,午餐,4,18,正常,一般,阴,约会,随便,中辣,乳制品,303,铺盖面,川菜,0.6311111111111111,酸菜炒粉皮,0.6311111111111111,val
244,晚餐,3,35,正常,开心,冷,朋友,随便,微辣,,559,湖南蛋饺,湘菜,0.6780952380952383,荤豆花,0.6780952380952383,train
245,晚餐,3,15,不差钱,压力大,晴,一个人,不关心,重辣,素食,563,湘西外婆菜,湘菜,0.5569470685260159,小炒香干,0.5555075723496776,train
246,晚餐,4,53,想吃好点,开心,晴,约会,不关心,重辣,乳制品,550,干锅鸡,湘菜,0.6640211640211641,发丝牛百叶,0.6640211640211641,train
247,晚餐,5,81,正常,开心,雨,朋友,严格控制,中辣,乳制品,15,宫保鸡丁,家常炒菜,0.7285795685795686,攸县香干,0.7222927689594357,train
248,晚餐,2,62,不差钱,兴奋,阴,同事,想健康,重辣,"海鲜,乳制品",280,泡椒牛蛙,川菜,0.6065185185185186,藤椒鸡,0.6000407857249962,train
249,晚餐,3,93,不差钱,疲惫,晴,同事,想健康,不吃辣,麸质,471,梭子蟹炒年糕,本帮江浙菜,0.6317037037037039,爆炒梭子蟹,0.6235555555555556,train
250,午餐,3,53,正常,开心,阴,一个人,想健康,中辣,海鲜,575,紫苏煎黄瓜,湘菜,0.577453262786596,攸县香干,0.577453262786596,train
251,午餐,5,84,想吃好点,低落,雪,朋友,不关心,微辣,,292,荤豆花,川菜,0.7629629629629632,湖南蛋饺,0.7629629629629632,test
252,晚餐,4,41,正常,疲惫,冷,朋友,随便,不吃辣,素食,124,拔丝苹果,东北菜,0.7014814814814817,拔丝地瓜,0.7014814814814817,train
253,晚餐,1,79,省着点,压力大,热,一个人,随便,微辣,,658,卤水豆腐,烧腊卤味,0.562962962962963,东北饭包,0.5474074074074076,train
254,午餐,3,28,正常,一般,晴,同事,随便,不吃辣,麸质,347,菜心炒牛肉,广府家常菜,0.554074074074074,豉汁蒸排骨,0.554074074074074,val
255,晚餐,4,69,正常,压力大,晴,一个人,随便,中辣,素食,575,紫苏煎黄瓜,湘菜,0.5713580246913581,攸县香干,0.5713580246913581,train
256,午餐,5,69,想吃好点,一般,雨,一个人,不关心,不吃辣,,671,烧腊双拼饭,煲仔饭碟头饭,0.5622222222222223,烧鹅饭,0.5622222222222223,train
257,晚餐,2,63,正常,压力大,阴,同事,想健康,微辣,海鲜,69,尖椒干豆腐,东北菜,0.6282469135802471,干豆腐炒尖椒,0.6282469135802471,train
258,晚餐,4,15,想吃好点,低落,晴,一个人,想健康,微辣,麸质,366,豉椒炒花甲,广府家常菜,0.5877530864197532,烤生蚝,0.5803456790123458,train
259,午餐,3,22,想吃好点,一般,阴,家人,随便,中辣,"海鲜,乳制品",308,鱼香肉片,川菜,0.6114814814814814,宫保鸡丁(川),0.6114814814814814,val
260,晚餐,4,64,正常,疲惫,阴,同事,不关心,中辣,,327,川味腊肠炒饭,川菜,0.6150617283950617,铺盖面,0.6150617283950617,train
261,下午加餐,3,56,不差钱,疲惫,晴,一个人,想健康,微辣,,770,波奇饭,轻食健康,0.660104963262858,藜麦牛油果碗,0.6446963562753035,train
262,早餐,4,17,想吃好点,压力大,雪,朋友,不关心,不吃辣,素食,793,常熟蕈油面,长三角粉面,0.6927255460588795,金华佛堂千张面,0.6858879392212727,test
263,午餐,4,26,想吃好点,一般,热,朋友,随便,中辣,,579,腊味萝卜干,湘菜,0.6573029439696106,卤水拼盘,0.6465432098765433,train
264,下午加餐,5,48,正常,开心,冷,约会,严格控制,中辣,素食,702,桂花糖芋艿,糖水甜品,0.6664170397503731,酒酿圆子,0.6528367928367929,train
265,下午加餐,3,30,想吃好点,一般,晴,一个人,不关心,重辣,,770,波奇饭,轻食健康,0.5666666666666667,藜麦牛油果碗,0.5666666666666667,val
266,午餐,3,48,不差钱,压力大,热,一个人,想健康,微辣,,655,豉油鸡,烧腊卤味,0.6244000599790073,蒜泥白肉,0.6123556505223172,train
267,午餐,2,55,省着点,疲惫,阴,约会,不关心,不吃辣,"海鲜,乳制品",658,卤水豆腐,烧腊卤味,0.6439506172839508,咸肉菜饭,0.6437037037037038,val
268,午餐,3,69,不差钱,一般,冷,家人,严格控制,不吃辣,"海鲜,乳制品",24,菌汤火锅,火锅麻辣烫,0.708888888888889,小鸡炖蘑菇,0.694814814814815,val
269,午餐,3,15,正常,一般,晴,同事,随便,微辣,素食,48,东北土豆丝,东北菜,0.5582716049382717,手撕包菜(东北),0.5582716049382717,train
270,夜宵,4,33,想吃好点,压力大,阴,家人,想健康,微辣,素食,647,韭菜盒子,烧烤小吃,0.7023342830009498,土豆炖茄子,0.6634415954415954,train
271,早餐,4,55,正常,一般,晴,同事,想健康,中辣,,439,菜肉大馄饨,早餐粥点,0.6191111111111112,虾籽馄饨面,0.6093333333333334,train
272,晚餐,5,46,正常,一般,晴,朋友,严格控制,中辣,,15,宫保鸡丁,家常炒菜,0.6733333333333335,荤豆花,0.6637037037037039,val
273,午餐,4,54,想吃好点,低落,冷,同事,不关心,不吃辣,,684,窝蛋牛肉饭,煲仔饭碟头饭,0.6221652421652422,油鸡饭,0.6221652421652422,test
274,午餐,4,29,正常,开心,阴,家人,不关心,中辣,,567,烟笋炒腊肉,湘菜,0.6289974223307555,宫保鸡丁,0.6287125220458555,val
275,下午加餐,4,68,正常,压力大,冷,朋友,随便,中辣,乳制品,702,桂花糖芋艿,糖水甜品,0.6336128069461403,核桃糊,0.6260493827160495,val
276,午餐,3,103,想吃好点,压力大,晴,约会,随便,重辣,,524,香辣鱼块,湘菜,0.6970370370370372,酸辣肚丝,0.6970370370370372,train
277,晚餐,3,46,省着点,兴奋,热,约会,不关心,中辣,素食,658,卤水豆腐,烧腊卤味,0.6701234567901236,长沙臭豆腐,0.6480246913580247,train
278,午餐,4,20,想吃好点,疲惫,晴,一个人,不关心,重辣,,253,麻辣烫(川),川菜,0.582962962962963,干锅土豆片,0.582962962962963,train
279,午餐,3,24,正常,一般,雨,朋友,不关心,重辣,,593,酸辣鸡杂,湘菜,0.6858024691358026,白辣椒炒鸡杂,0.6858024691358026,train
280,午餐,5,42,不差钱,兴奋,晴,同事,不关心,中辣,,241,酸汤肥牛,川菜,0.5720987654320988,酸菜肥牛,0.5720987654320988,train
281,早餐,5,26,想吃好点,一般,雪,约会,想健康,不吃辣,麸质,415,腐皮卷,早茶点心,0.7505989812656481,及第粥,0.7394308900975568,test
282,午餐,4,16,正常,开心,阴,一个人,想健康,中辣,,11,云南小锅米线,长三角粉面,0.577453262786596,紫苏煎黄瓜,0.577453262786596,train
283,晚餐,1,45,想吃好点,压力大,雨,同事,随便,微辣,海鲜,166,炒蚕蛹,东北菜,0.6158024691358025,干煸茧蛹,0.6158024691358025,train
284,午餐,1,86,正常,疲惫,雨,一个人,想健康,不吃辣,素食,195,清炒草头,家常炒菜,0.6008395061728395,卤水豆腐,0.587965811965812,train
285,午餐,3,50,正常,一般,热,一个人,想健康,中辣,,658,卤水豆腐,烧腊卤味,0.5885925925925927,卤水鸡翅,0.5885925925925927,train
286,午餐,3,15,正常,兴奋,热,一个人,想健康,中辣,麸质,126,松仁小肚,东北菜,0.5967407407407409,青椒肉丝(川),0.5859012345679012,test
287,午餐,4,81,正常,兴奋,冷,朋友,想健康,中辣,,15,宫保鸡丁,家常炒菜,0.7272592592592595,醋蒸鸡,0.7187855107855108,train
288,晚餐,4,82,正常,一般,热,同事,严格控制,微辣,,60,东北饭包,东北菜,0.6338271604938274,松仁小肚,0.6259259259259261,train
289,晚餐,4,57,正常,一般,雨,朋友,想健康,微辣,海鲜,292,荤豆花,川菜,0.7014472934472936,石锅拌饭,0.6945432098765435,test
290,早餐,3,49,想吃好点,压力大,雨,一个人,随便,微辣,素食,433,白粥配咸菜,早餐粥点,0.6216524216524216,常熟蕈油面,0.6095156695156696,train
291,夜宵,5,55,不差钱,开心,热,一个人,想健康,微辣,海鲜,24,菌汤火锅,火锅麻辣烫,0.605379188712522,炒年糕,0.5981633142685774,train
292,下午加餐,4,28,省着点,一般,热,家人,想健康,不吃辣,海鲜,688,双皮奶,糖水甜品,0.6498271604938273,全麦鸡肉三明治,0.6410769230769232,val
293,早餐,5,15,想吃好点,压力大,晴,同事,想健康,不吃辣,素食,793,常熟蕈油面,长三角粉面,0.593565052231719,葱油拌面,0.5873960113960115,val
294,午餐,1,25,正常,开心,阴,同事,想健康,重辣,麸质,162,干煸茧蛹,东北菜,0.595231040564374,炒蚕蛹,0.595231040564374,train
295,下午加餐,5,43,正常,压力大,冷,朋友,随便,微辣,"海鲜,乳制品",702,桂花糖芋艿,糖水甜品,0.6336128069461403,酒酿圆子,0.62003256003256,train
296,晚餐,4,44,想吃好点,兴奋,晴,约会,想健康,重辣,,280,泡椒牛蛙,川菜,0.7065185185185187,剁椒蒸鱼,0.7065185185185187,train
297,午餐,1,33,省着点,开心,冷,朋友,想健康,微辣,麸质,71,干豆腐炒尖椒,东北菜,0.6501693121693123,干煸四季豆,0.649403880070547,train
298,晚餐,2,32,想吃好点,压力大,热,同事,不关心,微辣,麸质,126,松仁小肚,东北菜,0.6271035137701806,卤水鸡翅,0.6198860398860397,train
299,晚餐,4,15,想吃好点,开心,热,家人,想健康,重辣,,60,东北饭包,东北菜,0.6669632342965678,松仁小肚,0.6656431963098631,train
300,晚餐,3,73,正常,兴奋,晴,约会,随便,中辣,,557,浏阳蒸菜,湘菜,0.6535802469135803,宫保鸡丁,0.6528395061728396,train
301,晚餐,4,49,想吃好点,一般,阴,家人,不关心,重辣,,339,自贡小煎鸡,川菜,0.6288888888888889,跳水兔,0.6288888888888889,train
302,晚餐,4,89,正常,疲惫,阴,朋友,不关心,微辣,"海鲜,乳制品",232,粉蒸肉(川),川菜,0.666666666666667,粉蒸肉(湘),0.666666666666667,val
303,午餐,4,15,正常,一般,晴,同事,随便,不吃辣,,669,扬州炒饭,煲仔饭碟头饭,0.5577777777777778,豉油鸡饭,0.5577777777777778,train
304,晚餐,3,19,不差钱,疲惫,晴,约会,随便,中辣,素食,552,攸县香干,湘菜,0.651803868645974,紫苏煎黄瓜,0.6448508022192234,test
305,早餐,4,96,想吃好点,一般,阴,朋友,随便,微辣,,424,黑椒牛仔骨,早茶点心,0.6097081930415265,黑椒猪肚,0.6097081930415265,train
306,午餐,4,66,正常,开心,雪,家人,不关心,不吃辣,,680,海南鸡饭,煲仔饭碟头饭,0.7351322751322753,咸肉菜饭,0.7351322751322753,test
307,午餐,2,81,正常,开心,晴,家人,不关心,微辣,乳制品,659,卤水鸭掌,烧腊卤味,0.6166137566137566,卤水掌翼,0.6166137566137566,train
308,午餐,2,46,想吃好点,一般,阴,朋友,严格控制,重辣,海鲜,293,藤椒鸡,川菜,0.6903703703703704,泡椒牛蛙,0.6903703703703704,train
309,晚餐,4,58,正常,开心,热,朋友,随便,不吃辣,,648,卤水鸡翅,烧腊卤味,0.6647619047619048,卤水掌翼,0.6647619047619048,val
310,晚餐,5,18,想吃好点,疲惫,晴,约会,随便,不吃辣,,684,窝蛋牛肉饭,煲仔饭碟头饭,0.6608072174738842,烧鹅饭,0.6603703703703704,val
311,午餐,3,53,正常,一般,雨,朋友,想健康,中辣,,15,宫保鸡丁,家常炒菜,0.7110769230769232,攸县香干,0.7047901234567902,train
312,午餐,4,34,省着点,压力大,晴,家人,不关心,微辣,海鲜,668,咸肉菜饭,煲仔饭碟头饭,0.6607407407407409,青椒肉丝,0.6514814814814814,train
313,晚餐,3,92,省着点,压力大,雪,约会,不关心,中辣,,786,南京皮肚面,长三角粉面,0.7895061728395062,酸菜炒粉皮,0.7891358024691357,test
314,晚餐,2,66,正常,开心,阴,约会,随便,不吃辣,素食,458,油焖笋,本帮江浙菜,0.6230335097001765,清炒草头,0.6162433862433864,train
315,午餐,4,23,想吃好点,一般,热,朋友,不关心,微辣,,656,卤水拼盘,烧腊卤味,0.6465432098765433,熏酱拼盘,0.6360493827160496,train
316,午餐,5,58,正常,疲惫,阴,朋友,不关心,不吃辣,,686,豉汁排骨煲仔饭,煲仔饭碟头饭,0.6607407407407409,海南鸡饭,0.6607407407407409,train
317,早餐,4,51,省着点,一般,雨,同事,严格控制,重辣,"海鲜,乳制品",439,菜肉大馄饨,早餐粥点,0.6985185185185185,咖喱牛肉汤,0.6849382716049383,train
318,晚餐,4,51,正常,压力大,阴,约会,不关心,重辣,海鲜,205,冒菜(川),川菜,0.7007407407407409,麻辣烫(川),0.6939506172839508,train
319,早餐,4,59,正常,一般,晴,同事,想健康,不吃辣,,439,菜肉大馄饨,早餐粥点,0.6191111111111112,小笼包+豆浆,0.6093333333333334,val
320,早餐,3,61,省着点,一般,晴,同事,不关心,微辣,海鲜,441,鲜肉小馄饨,早餐粥点,0.617037037037037,扬州三丁包,0.617037037037037,val
321,夜宵,3,80,省着点,低落,晴,朋友,随便,中辣,,645,臭豆腐,烧烤小吃,0.6860493827160496,烤金针菇,0.6745679012345678,val
322,晚餐,2,73,正常,开心,晴,一个人,想健康,中辣,,248,青椒肉丝(川),川菜,0.577453262786596,豉椒炒花甲,0.5695520282186949,train
323,午餐,3,41,正常,一般,雪,朋友,想健康,中辣,,15,宫保鸡丁,家常炒菜,0.7820740740740744,浏阳蒸菜,0.7760000000000002,test
324,午餐,2,35,正常,疲惫,晴,朋友,不关心,微辣,,292,荤豆花,川菜,0.6493827160493829,湖南蛋饺,0.6493827160493829,test
325,晚餐,2,46,正常,兴奋,晴,朋友,不关心,中辣,,594,醋蒸鸡,湘菜,0.6315262515262515,青椒肉丝(川),0.6301234567901234,test
326,下午加餐,4,29,正常,疲惫,雨,同事,随便,微辣,乳制品,34,全麦鸡肉三明治,轻食健康,0.657777777777778,赤豆糕,0.6460887260887261,train
327,晚餐,3,78,正常,开心,热,一个人,想健康,微辣,,658,卤水豆腐,烧腊卤味,0.600021164021164,卤水鸡翅,0.600021164021164,train
328,晚餐,5,45,正常,疲惫,雨,一个人,想健康,中辣,"海鲜,乳制品",11,云南小锅米线,长三角粉面,0.6578765432098768,紫苏煎黄瓜,0.6578765432098765,train
329,晚餐,4,15,正常,压力大,热,一个人,想健康,重辣,,60,东北饭包,东北菜,0.6446419753086422,炸酱面,0.6367407407407408,train
330,晚餐,3,28,想吃好点,开心,雪,家人,随便,不吃辣,,471,梭子蟹炒年糕,本帮江浙菜,0.7247619047619048,油焖笋,0.7247619047619048,test
331,午餐,1,85,省着点,疲惫,雨,一个人,严格控制,微辣,,183,香干炒芹菜,家常炒菜,0.6172390572390571,清炒芥兰,0.6172390572390571,train
332,午餐,2,80,省着点,开心,雨,朋友,随便,中辣,,523,长沙臭豆腐,湘菜,0.6771075837742505,紫苏煎黄瓜,0.6594532627865961,val
333,午餐,2,45,正常,开心,热,同事,随便,不吃辣,素食,658,卤水豆腐,烧腊卤味,0.5941446208112876,清炒草头,0.5698236331569666,train
334,早餐,2,50,不差钱,疲惫,雨,朋友,严格控制,中辣,素食,807,衢州常山索面,长三角粉面,0.7376088369070827,白粥配咸菜,0.7241475483580749,train
335,晚餐,3,15,正常,开心,晴,朋友,随便,微辣,,72,手撕包菜(东北),东北菜,0.6085890652557322,干豆腐炒尖椒,0.6085890652557322,train
336,晚餐,5,76,省着点,低落,阴,同事,不关心,不吃辣,,3,台式卤肉饭,煲仔饭碟头饭,0.5725925925925927,糖油果子,0.5725925925925927,test
337,晚餐,3,70,正常,低落,雪,家人,严格控制,中辣,,15,宫保鸡丁,家常炒菜,0.8180246913580248,攸县香干,0.8081481481481483,test
338,早餐,4,68,省着点,低落,雨,一个人,随便,微辣,,45,杂粮煎饼果子,早餐粥点,0.6051402918069586,皮蛋瘦肉粥,0.5937037037037037,train
339,下午加餐,5,40,想吃好点,压力大,冷,一个人,想健康,中辣,,770,波奇饭,轻食健康,0.6130864197530864,藜麦牛油果碗,0.5891358024691359,val
340,下午加餐,3,71,省着点,压力大,晴,家人,想健康,重辣,海鲜,688,双皮奶,糖水甜品,0.6764938271604939,全麦鸡肉三明治,0.6677435897435898,test
341,午餐,3,15,不差钱,压力大,晴,一个人,想健康,不吃辣,乳制品,175,番茄炒牛肉,家常炒菜,0.5700902684060579,姜葱炒牛肉,0.5691815864447443,train
342,晚餐,3,65,正常,一般,冷,同事,严格控制,中辣,,552,攸县香干,湘菜,0.6565432098765434,青椒肉丝(川),0.6565432098765434,train
343,午餐,3,55,不差钱,一般,雨,一个人,随便,重辣,,600,发丝牛百叶,湘菜,0.5786324786324787,剁椒蒸鱼,0.5786324786324787,val
344,晚餐,3,71,正常,一般,雨,朋友,想健康,中辣,,15,宫保鸡丁,家常炒菜,0.7110769230769232,青椒肉丝(川),0.7047901234567902,test
345,午餐,3,21,想吃好点,开心,热,一个人,随便,重辣,,579,腊味萝卜干,湘菜,0.577373490706824,熏酱拼盘,0.566984126984127,train
346,下午加餐,5,70,正常,开心,热,朋友,不关心,重辣,,706,芒果班戟,糖水甜品,0.6417540484207152,凯撒沙拉,0.6324947891614559,train
347,午餐,3,65,想吃好点,一般,晴,同事,不关心,微辣,乳制品,651,牛杂,烧腊卤味,0.5619753086419753,鳝丝面,0.5619753086419753,train
348,晚餐,3,24,不差钱,疲惫,雨,一个人,想健康,不吃辣,,471,梭子蟹炒年糕,本帮江浙菜,0.63453371320038,爆炒梭子蟹,0.6280000000000001,train
349,午餐,3,61,省着点,开心,热,一个人,不关心,中辣,海鲜,579,腊味萝卜干,湘菜,0.5815520282186948,卤水豆腐,0.5706878306878307,train
350,下午加餐,3,55,省着点,一般,晴,一个人,严格控制,微辣,,772,鲜榨橙汁,轻食健康,0.6377777777777778,水煮时蔬,0.637037037037037,train
351,午餐,5,35,不差钱,一般,晴,约会,不关心,微辣,,383,避风塘炒蟹,广府家常菜,0.6367901234567902,一品煲,0.6288888888888889,train
352,晚餐,1,60,省着点,兴奋,雨,朋友,不关心,微辣,,109,东北臭豆腐,东北菜,0.6262962962962965,卤水豆腐,0.6171509971509971,train
353,下午加餐,2,37,正常,开心,冷,一个人,想健康,中辣,,766,水煮时蔬,轻食健康,0.6273897707231041,水煮时蔬+溏心蛋,0.6273897707231041,train
354,午餐,3,37,省着点,一般,雨,一个人,随便,不吃辣,素食,658,卤水豆腐,烧腊卤味,0.5549287749287749,韭菜盒子(东北),0.5548148148148149,train
355,晚餐,3,70,正常,兴奋,阴,家人,不关心,微辣,,559,湖南蛋饺,湘菜,0.6249382716049383,荤豆花,0.6249382716049383,train
356,午餐,5,53,正常,压力大,晴,一个人,想健康,中辣,,11,云南小锅米线,长三角粉面,0.6141728395061729,青椒肉丝,0.6136790123456791,val
357,晚餐,4,41,省着点,兴奋,雨,一个人,想健康,微辣,海鲜,2,青椒肉丝,煲仔饭碟头饭,0.6124444444444443,干豆腐炒尖椒,0.6057777777777779,train
358,晚餐,3,42,正常,一般,晴,家人,想健康,不吃辣,,91,红烧带鱼,东北菜,0.6405925925925927,土豆炖茄子,0.6405925925925927,train
359,早餐,4,42,省着点,疲惫,雨,家人,想健康,不吃辣,,439,菜肉大馄饨,早餐粥点,0.7214567901234569,及第粥,0.7209503582836917,train
360,晚餐,3,38,想吃好点,一般,热,朋友,不关心,微辣,海鲜,237,蒜泥白肉,川菜,0.666666666666667,卤水鸡翅,0.6487749287749288,train
361,晚餐,5,62,正常,压力大,雨,约会,严格控制,重辣,,13,麻婆豆腐,家常炒菜,0.7855555555555559,宫保鸡丁,0.778138651471985,train
362,午餐,5,15,正常,疲惫,阴,朋友,想健康,微辣,,6,兰州牛肉面,长三角粉面,0.6881234567901238,青椒肉丝,0.6875308641975311,train
363,午餐,1,37,正常,低落,阴,约会,随便,不吃辣,,368,豉汁蒸凤爪,广府家常菜,0.6202469135802469,豉汁蒸鱼头,0.6134567901234568,train
364,晚餐,3,41,想吃好点,开心,阴,同事,想健康,不吃辣,,365,豆豉蒸鲮鱼,广府家常菜,0.6046137566137566,豉汁蒸鱼头,0.6046137566137566,train
365,午餐,1,75,不差钱,开心,冷,约会,不关心,重辣,海鲜,601,口味蛇,湘菜,0.6985890652557321,发丝牛百叶,0.6850088183421518,train
366,下午加餐,5,63,正常,一般,热,家人,随便,中辣,,706,芒果班戟,糖水甜品,0.6303254769921438,凯撒沙拉,0.6210662177328845,train
367,晚餐,4,87,正常,低落,热,同事,想健康,不吃辣,,9,炸酱面,长三角粉面,0.6463703703703706,松仁小肚,0.6463703703703706,train
368,晚餐,3,39,想吃好点,疲惫,冷,家人,随便,中辣,,15,宫保鸡丁,家常炒菜,0.7135802469135805,浏阳蒸菜,0.7135802469135804,val
369,午餐,3,15,想吃好点,兴奋,阴,朋友,随便,不吃辣,,357,烧肉炒芥兰,广府家常菜,0.5993827160493828,菜心炒牛肉,0.5993827160493828,train
370,晚餐,3,35,正常,疲惫,阴,朋友,严格控制,中辣,,15,宫保鸡丁,家常炒菜,0.7214814814814817,荤豆花,0.7081481481481484,train
371,早餐,5,30,想吃好点,开心,阴,家人,想健康,不吃辣,,454,蟹粉小笼包,早餐粥点,0.6455318261984929,及第粥,0.6281434121434122,val
372,晚餐,3,28,正常,一般,热,朋友,不关心,中辣,,579,腊味萝卜干,湘菜,0.6664197530864199,卤水豆腐,0.6503703703703706,val
373,午餐,4,28,想吃好点,一般,阴,同事,想健康,中辣,,309,鱼香虾仁,川菜,0.6023209876543211,豉椒炒花甲,0.6010864197530865,train
374,下午加餐,3,49,不差钱,低落,雨,约会,严格控制,不吃辣,海鲜,32,藜麦牛油果碗,轻食健康,0.7424741340530814,全麦鸡肉三明治,0.7243544759334234,train
375,午餐,2,55,想吃好点,开心,阴,朋友,不关心,微辣,,511,黄山臭鳜鱼,本帮江浙菜,0.6262433862433865,干煸茧蛹,0.6194532627865963,train
376,午餐,2,37,省着点,疲惫,晴,一个人,不关心,重辣,,580,臭豆腐炒辣椒,湘菜,0.5688888888888889,长沙臭豆腐,0.5609876543209876,train
377,晚餐,2,15,正常,一般,冷,约会,随便,重辣,,580,臭豆腐炒辣椒,湘菜,0.6782716049382719,青椒肉丝(川),0.6703703703703705,train
378,下午加餐,1,25,正常,疲惫,雨,约会,想健康,重辣,,34,全麦鸡肉三明治,轻食健康,0.7296049382716051,拿铁,0.717604938271605,train
379,午餐,1,30,省着点,一般,热,家人,想健康,微辣,海鲜,658,卤水豆腐,烧腊卤味,0.6419259259259259,卤水鸡翅,0.6175954415954417,train
380,晚餐,5,67,想吃好点,兴奋,热,约会,想健康,微辣,,655,豉油鸡,烧腊卤味,0.705382716049383,蒜泥白肉,0.6991172839506177,train
381,晚餐,4,70,正常,一般,晴,朋友,不关心,中辣,,602,浏阳豆豉蒸肉,湘菜,0.6318518518518518,川味香肠(蒸),0.6318518518518518,val
382,晚餐,3,41,想吃好点,疲惫,阴,朋友,不关心,不吃辣,海鲜,460,糖醋排骨,本帮江浙菜,0.6496296296296299,大丰收,0.6496296296296299,test
383,晚餐,4,63,正常,低落,雨,同事,想健康,微辣,,366,豉椒炒花甲,广府家常菜,0.6781234567901235,青椒肉丝,0.6781234567901235,val
384,午餐,1,54,想吃好点,一般,晴,同事,随便,中辣,,166,炒蚕蛹,东北菜,0.5446913580246915,干煸茧蛹,0.5446913580246915,train
385,晚餐,1,50,正常,兴奋,阴,一个人,不关心,微辣,"海鲜,乳制品",166,炒蚕蛹,东北菜,0.5165432098765433,干煸茧蛹,0.5165432098765433,train
386,晚餐,4,22,正常,低落,雨,朋友,想健康,微辣,,2,青椒肉丝,煲仔饭碟头饭,0.7224444444444446,豉椒炒花甲,0.7210864197530866,train
387,晚餐,5,39,正常,疲惫,晴,约会,随便,重辣,麸质,205,冒菜(川),川菜,0.7007407407407409,麻辣烫(川),0.6939506172839508,train
388,早餐,4,61,正常,低落,晴,同事,不关心,重辣,素食,807,衢州常山索面,长三角粉面,0.5650617283950617,常熟蕈油面,0.5337037037037037,train
389,晚餐,3,55,省着点,一般,热,家人,想健康,中辣,,658,卤水豆腐,烧腊卤味,0.6826666666666669,卤水鸡翅,0.6625337132003799,train
390,晚餐,4,15,不差钱,兴奋,雨,一个人,严格控制,微辣,乳制品,366,豉椒炒花甲,广府家常菜,0.6097815764482432,烤生蚝,0.6095716499225271,val
391,午餐,2,42,正常,低落,晴,一个人,严格控制,中辣,,248,青椒肉丝(川),川菜,0.6128395061728396,紫苏煎黄瓜,0.5992592592592593,train
392,午餐,4,48,不差钱,低落,热,同事,随便,中辣,,579,腊味萝卜干,湘菜,0.6269075823461788,卤水拼盘,0.6207407407407408,val
393,晚餐,3,15,省着点,开心,热,朋友,不关心,中辣,"海鲜,乳制品",579,腊味萝卜干,湘菜,0.664021164021164,东北饭包,0.6431569664903001,train
394,夜宵,2,34,正常,疲惫,雨,同事,不关心,重辣,,641,烤金针菇,烧烤小吃,0.7039506172839507,烤茄子,0.7039506172839507,train
395,午餐,4,80,省着点,疲惫,阴,朋友,严格控制,中辣,素食,575,紫苏煎黄瓜,湘菜,0.7038271604938272,攸县香干,0.6953656220322887,train
396,午餐,4,89,正常,兴奋,冷,朋友,想健康,中辣,,15,宫保鸡丁,家常炒菜,0.7272592592592595,醋蒸鸡,0.7187855107855108,val
397,夜宵,3,15,不差钱,压力大,晴,一个人,想健康,中辣,乳制品,640,烤玉米,烧烤小吃,0.6353014444944269,烤茄子,0.6243890638276604,train
398,早餐,4,57,不差钱,低落,晴,朋友,想健康,中辣,,424,黑椒牛仔骨,早茶点心,0.6549959423292757,蟹粉小笼包,0.6461440404949177,test
399,午餐,3,15,正常,疲惫,雨,一个人,不关心,中辣,,11,云南小锅米线,长三角粉面,0.6224691358024692,酸菜炒粉皮,0.6224691358024692,train
400,夜宵,3,57,不差钱,兴奋,晴,一个人,想健康,不吃辣,,24,菌汤火锅,火锅麻辣烫,0.5977777777777779,椰子鸡火锅,0.5909629629629629,train
401,下午加餐,4,97,省着点,一般,阴,家人,不关心,不吃辣,"海鲜,乳制品",699,定胜糕,糖水甜品,0.5628395061728395,赤豆糕,0.5628395061728395,train
402,晚餐,1,15,想吃好点,兴奋,晴,朋友,想健康,不吃辣,素食,195,清炒草头,家常炒菜,0.5898708452041787,油焖春笋,0.5639753086419753,train
403,午餐,4,98,正常,低落,晴,一个人,想健康,中辣,,552,攸县香干,湘菜,0.6067654320987654,紫苏煎黄瓜,0.6067654320987654,train
404,下午加餐,5,55,不差钱,开心,热,一个人,不关心,微辣,,770,波奇饭,轻食健康,0.5682178380423996,珍珠奶茶,0.5573266499582289,train
405,晚餐,4,69,省着点,低落,晴,家人,严格控制,微辣,,2,青椒肉丝,煲仔饭碟头饭,0.6707407407407409,干豆腐炒尖椒,0.6616049382716049,train
406,午餐,1,78,不差钱,开心,晴,一个人,不关心,微辣,海鲜,162,干煸茧蛹,东北菜,0.49948175281508617,炒蚕蛹,0.4980422566387479,train
407,午餐,3,111,想吃好点,疲惫,雨,一个人,不关心,不吃辣,,798,杭州虾爆鳝面,长三角粉面,0.6066666666666668,双浇面,0.6066666666666668,train
408,下午加餐,4,20,不差钱,疲惫,阴,一个人,随便,不吃辣,乳制品,770,波奇饭,轻食健康,0.5741790373369321,藜麦牛油果碗,0.5587704303493777,train
409,晚餐,3,41,正常,一般,雨,一个人,随便,不吃辣,乳制品,344,梅菜蒸肉饼,广府家常菜,0.5585185185185185,酿豆腐,0.5585185185185185,test
410,午餐,5,62,正常,压力大,冷,同事,严格控制,微辣,海鲜,2,青椒肉丝,煲仔饭碟头饭,0.7108641975308644,兰州牛肉面,0.7034567901234569,train
411,晚餐,5,60,不差钱,开心,雪,约会,随便,中辣,,300,酸菜肥牛,川菜,0.7709347442680777,酸汤肥牛,0.7709347442680777,test
412,晚餐,3,16,想吃好点,开心,热,朋友,想健康,不吃辣,素食,195,清炒草头,家常炒菜,0.6305586758920092,卤水豆腐,0.6300496540496541,test
413,晚餐,2,15,正常,疲惫,晴,约会,想健康,不吃辣,海鲜,347,菜心炒牛肉,广府家常菜,0.6844197530864199,丝瓜炒牛肉,0.6844197530864199,test
414,下午加餐,4,63,省着点,疲惫,晴,朋友,想健康,重辣,,688,双皮奶,糖水甜品,0.6394567901234569,全麦鸡肉三明治,0.6307065527065527,test
415,晚餐,3,65,正常,压力大,雨,同事,想健康,中辣,,11,云南小锅米线,长三角粉面,0.694172839506173,攸县香干,0.6941728395061729,train
416,晚餐,2,45,省着点,一般,晴,朋友,不关心,重辣,,580,臭豆腐炒辣椒,湘菜,0.631604938271605,长沙臭豆腐,0.6182716049382717,train
417,晚餐,3,15,正常,开心,晴,朋友,不关心,不吃辣,,350,丝瓜炒牛肉,广府家常菜,0.5989594356261023,菜心炒牛肉,0.5989594356261023,train
418,晚餐,3,15,正常,一般,冷,朋友,不关心,微辣,"海鲜,乳制品",72,手撕包菜(东北),东北菜,0.645308641975309,干豆腐炒尖椒,0.645308641975309,train
419,午餐,5,35,省着点,一般,雪,朋友,严格控制,不吃辣,"海鲜,乳制品",668,咸肉菜饭,煲仔饭碟头饭,0.7511111111111114,土豆炖茄子,0.7413485280151948,test
420,午餐,5,17,省着点,低落,晴,一个人,严格控制,不吃辣,麸质,173,毛豆炒肉丝,家常炒菜,0.5661728395061728,炸酱面,0.5570370370370371,val
421,下午加餐,3,38,省着点,一般,晴,朋友,想健康,不吃辣,海鲜,688,双皮奶,糖水甜品,0.6387160493827161,全麦鸡肉三明治,0.6299658119658119,val
422,下午加餐,3,58,省着点,疲惫,阴,家人,随便,微辣,"海鲜,乳制品",699,定胜糕,糖水甜品,0.6517283950617283,赤豆糕,0.6517283950617283,test
423,晚餐,4,38,省着点,一般,热,家人,不关心,微辣,素食,658,卤水豆腐,烧腊卤味,0.6533333333333334,糖油粑粑,0.6329629629629631,train
424,早餐,2,48,省着点,兴奋,晴,朋友,随便,中辣,海鲜,434,皮蛋瘦肉粥(珠三角),早餐粥点,0.6474074074074074,咖喱牛肉汤,0.639753086419753,train
425,晚餐,2,58,省着点,一般,阴,一个人,不关心,中辣,,523,长沙臭豆腐,湘菜,0.5269135802469136,东北臭豆腐,0.5153086419753087,train
426,晚餐,4,74,想吃好点,压力大,晴,朋友,严格控制,不吃辣,,687,黄鳝煲仔饭,煲仔饭碟头饭,0.7022222222222223,海南鸡饭,0.7022222222222223,train
427,午餐,3,65,省着点,一般,阴,一个人,想健康,不吃辣,,195,清炒草头,家常炒菜,0.5415802469135803,毛豆炒肉丝,0.5415802469135803,train
428,下午加餐,3,98,想吃好点,开心,雨,约会,想健康,不吃辣,,770,波奇饭,轻食健康,0.7094708994708996,三文鱼沙拉,0.7094708994708996,val
429,晚餐,2,34,想吃好点,低落,阴,一个人,不关心,中辣,麸质,301,酸菜鱼片,川菜,0.5676543209876543,酸菜鱼(川),0.5676543209876543,test
430,晚餐,3,27,正常,压力大,雨,朋友,随便,微辣,海鲜,811,鳝丝面,长三角粉面,0.7035802469135807,牛杂,0.7035802469135805,val
431,午餐,5,93,正常,开心,冷,家人,随便,不吃辣,海鲜,686,豉汁排骨煲仔饭,煲仔饭碟头饭,0.6684656084656085,窝蛋牛肉煲仔饭,0.6684656084656085,train
432,下午加餐,4,33,不差钱,一般,晴,一个人,随便,微辣,素食,32,藜麦牛油果碗,轻食健康,0.5209926525715999,鲜榨橙汁,0.48797920727745286,train
433,午餐,2,66,正常,低落,晴,一个人,严格控制,重辣,,310,麻婆豆腐(素),川菜,0.6182716049382717,麻婆豆腐(川),0.6182716049382717,train
434,晚餐,4,98,正常,一般,热,约会,随便,微辣,麸质,237,蒜泥白肉,川菜,0.6691358024691361,蒜泥白肉(东北),0.6620132953466289,val
435,早餐,4,18,省着点,一般,阴,朋友,想健康,微辣,素食,797,无锡素面,长三角粉面,0.5744197530864198,素鸡面,0.5744197530864198,train
436,早餐,2,33,省着点,开心,晴,朋友,不关心,中辣,麸质,434,皮蛋瘦肉粥(珠三角),早餐粥点,0.6491005291005292,艇仔粥,0.6491005291005292,val
437,晚餐,4,36,正常,兴奋,晴,一个人,随便,重辣,,516,常德牛肉粉,湘菜,0.5466666666666667,剁椒蒸排骨,0.5466666666666667,train
438,晚餐,4,81,省着点,开心,雨,朋友,想健康,微辣,,2,青椒肉丝,煲仔饭碟头饭,0.699305114638448,干豆腐炒尖椒,0.6901693121693123,val
439,晚餐,4,48,正常,开心,雨,朋友,不关心,微辣,素食,371,鱼香茄子煲,广府家常菜,0.6705643738977074,卤水豆腐,0.6604314204314206,train
440,午餐,3,63,省着点,一般,热,朋友,随便,中辣,乳制品,579,腊味萝卜干,湘菜,0.6614814814814814,卤水豆腐,0.6533333333333334,train
441,午餐,2,59,正常,疲惫,雨,同事,不关心,不吃辣,,344,梅菜蒸肉饼,广府家常菜,0.6355555555555555,菜心炒牛肉,0.6355555555555555,train
442,早餐,4,38,正常,疲惫,雨,家人,随便,中辣,素食,807,衢州常山索面,长三角粉面,0.6466666666666667,千层油糕,0.6330374563707898,train
443,早餐,5,53,正常,一般,晴,一个人,不关心,中辣,素食,807,衢州常山索面,长三角粉面,0.48370370370370375,葱油拌面,0.47464387464387464,train
444,午餐,3,62,正常,兴奋,雨,家人,随便,不吃辣,海鲜,658,卤水豆腐,烧腊卤味,0.657891737891738,酿豆腐,0.6576543209876543,train
445,午餐,3,41,正常,一般,雨,家人,严格控制,不吃辣,,348,豉汁蒸排骨,广府家常菜,0.6909876543209876,豆豉蒸鲮鱼,0.6909876543209876,train
446,午餐,3,40,正常,压力大,热,一个人,不关心,中辣,,579,腊味萝卜干,湘菜,0.6195061728395062,蒜泥白肉,0.6079012345679012,train
447,晚餐,2,34,想吃好点,开心,晴,朋友,随便,微辣,,162,干煸茧蛹,东北菜,0.6194532627865963,炒蚕蛹,0.6194532627865963,train
448,晚餐,3,74,正常,一般,冷,朋友,想健康,中辣,,15,宫保鸡丁,家常炒菜,0.7154074074074076,浏阳蒸菜,0.7093333333333335,test
449,晚餐,4,65,省着点,兴奋,冷,家人,想健康,中辣,,2,青椒肉丝,煲仔饭碟头饭,0.6950370370370371,紫苏煎黄瓜,0.6935555555555557,train
450,夜宵,4,62,不差钱,开心,晴,一个人,不关心,中辣,"海鲜,乳制品",26,烤鸡翅,烧烤小吃,0.5780632492913194,炒年糕,0.5608052895772194,train
451,下午加餐,4,28,不差钱,疲惫,雨,朋友,不关心,微辣,乳制品,770,波奇饭,轻食健康,0.6604753336332285,藜麦牛油果碗,0.645066726645674,test
452,晚餐,4,55,不差钱,一般,雨,家人,随便,重辣,,532,剁椒蒸鱼,湘菜,0.6727065527065528,发丝牛百叶,0.6727065527065528,train
453,晚餐,1,30,想吃好点,开心,阴,家人,严格控制,不吃辣,"海鲜,乳制品",348,豉汁蒸排骨,广府家常菜,0.6278483245149912,凉瓜炒牛肉,0.616984126984127,train
454,晚餐,3,17,想吃好点,开心,阴,家人,想健康,微辣,,366,豉椒炒花甲,广府家常菜,0.6490582010582011,烤生蚝,0.6416507936507938,train
455,晚餐,5,67,省着点,疲惫,热,同事,想健康,中辣,,60,东北饭包,东北菜,0.6876049382716052,炸酱面,0.6797037037037038,train
456,夜宵,4,95,想吃好点,一般,晴,家人,想健康,中辣,,26,烤鸡翅,烧烤小吃,0.6963703703703705,酸菜鱼,0.6860246913580247,test
457,午餐,2,16,省着点,一般,雨,约会,想健康,中辣,,575,紫苏煎黄瓜,湘菜,0.6999753086419753,青椒肉丝(川),0.6925584045584046,train
458,夜宵,5,57,不差钱,开心,热,朋友,随便,不吃辣,素食,647,韭菜盒子,烧烤小吃,0.6315905147484095,东北乱炖(素),0.5852472348963575,train
459,午餐,3,56,正常,疲惫,雪,约会,想健康,微辣,,292,荤豆花,川菜,0.8351604938271607,大丰收,0.8272592592592595,test
460,晚餐,4,68,正常,一般,晴,同事,严格控制,微辣,素食,195,清炒草头,家常炒菜,0.5955555555555557,东北土豆丝,0.5856790123456791,train
461,下午加餐,5,59,正常,开心,阴,朋友,不关心,微辣,,706,芒果班戟,糖水甜品,0.593605900272567,凯撒沙拉,0.5843466410133077,train
462,晚餐,1,29,正常,疲惫,冷,同事,不关心,中辣,素食,575,紫苏煎黄瓜,湘菜,0.6150617283950617,攸县香干,0.6150617283950617,train
463,午餐,4,39,省着点,低落,热,家人,随便,不吃辣,,658,卤水豆腐,烧腊卤味,0.671851851851852,炸酱面,0.6569135802469136,train
464,午餐,2,80,想吃好点,兴奋,热,一个人,不关心,重辣,,165,沟帮子熏鸡,东北菜,0.5703703703703705,烧鸡(东北),0.5703703703703705,train
465,下午加餐,3,88,省着点,开心,雪,家人,想健康,微辣,,702,桂花糖芋艿,糖水甜品,0.7253474426807762,花生糊,0.718557319223986,test
466,下午加餐,5,66,正常,疲惫,冷,家人,随便,微辣,麸质,702,桂花糖芋艿,糖水甜品,0.6336128069461403,奶茶,0.6268226834893501,train
467,下午加餐,3,15,正常,兴奋,热,家人,随便,微辣,,34,全麦鸡肉三明治,轻食健康,0.6709876543209877,藜麦牛油果碗,0.6641771808438475,train
468,晚餐,4,31,省着点,一般,晴,约会,想健康,重辣,,310,麻婆豆腐(素),川菜,0.6731851851851851,紫苏煎黄瓜,0.6661481481481482,train
469,早餐,2,40,想吃好点,低落,晴,朋友,随便,中辣,,438,艇仔粥,早餐粥点,0.6393447293447294,黑椒猪肚,0.6393378226711561,train
470,晚餐,4,52,省着点,压力大,阴,约会,严格控制,不吃辣,,668,咸肉菜饭,煲仔饭碟头饭,0.7081481481481483,茄子炖土豆,0.6983855650522317,train
471,午餐,4,74,正常,一般,热,约会,随便,不吃辣,乳制品,360,白灼猪手,广府家常菜,0.6612345679012348,卤水掌翼,0.6612345679012348,val
472,夜宵,1,71,不差钱,一般,阴,朋友,不关心,不吃辣,乳制品,609,椰子鸡火锅,火锅麻辣烫,0.6044444444444445,潮汕牛肉火锅,0.6039506172839507,train
473,夜宵,4,61,不差钱,开心,阴,同事,不关心,中辣,,26,烤鸡翅,烧烤小吃,0.6143595455876157,炒年糕,0.6037682525401825,train
474,早餐,4,88,想吃好点,开心,雨,家人,想健康,重辣,麸质,424,黑椒牛仔骨,早茶点心,0.6924454064454066,及第粥,0.6837559477559478,train
475,午餐,2,78,正常,开心,热,家人,想健康,微辣,乳制品,648,卤水鸡翅,烧腊卤味,0.6940952380952382,符离集烧鸡,0.6811119251119252,train
476,晚餐,2,81,省着点,压力大,晴,家人,随便,重辣,,580,臭豆腐炒辣椒,湘菜,0.6493827160493828,长沙臭豆腐,0.6414814814814815,train
477,晚餐,3,19,想吃好点,疲惫,雨,家人,想健康,不吃辣,素食,194,油焖春笋,家常炒菜,0.7064444444444447,韭菜盒子(东北),0.6968357075023742,train
478,晚餐,5,49,省着点,开心,冷,家人,想健康,微辣,乳制品,2,青椒肉丝,煲仔饭碟头饭,0.6946137566137566,咸肉菜饭,0.6940952380952382,train
479,午餐,4,15,正常,一般,冷,同事,随便,中辣,,328,川味香肠炒饭,川菜,0.611358024691358,榨菜肉丝(湘),0.611358024691358,train
480,晚餐,4,61,不差钱,疲惫,晴,一个人,随便,不吃辣,海鲜,118,小鸡炖蘑菇粉条,东北菜,0.5555555555555557,乐山甜皮鸭,0.5555555555555556,train
481,晚餐,2,17,正常,疲惫,热,一个人,随便,重辣,"海鲜,乳制品",579,腊味萝卜干,湘菜,0.6059259259259261,松仁小肚,0.5864197530864199,train
482,午餐,3,100,正常,疲惫,晴,同事,随便,重辣,,253,麻辣烫(川),川菜,0.6125925925925927,重庆小面(川),0.6125925925925927,train
483,午餐,2,23,想吃好点,疲惫,冷,家人,随便,重辣,,281,泡椒猪肝,川菜,0.7011111111111112,泡椒鸡杂,0.7011111111111112,train
484,午餐,2,82,省着点,疲惫,阴,朋友,严格控制,不吃辣,,658,卤水豆腐,烧腊卤味,0.6634567901234569,清炒草头,0.6554320987654321,train
485,午餐,4,40,正常,疲惫,阴,朋友,随便,重辣,麸质,205,冒菜(川),川菜,0.6933333333333336,麻辣烫(川),0.6865432098765434,test
486,晚餐,3,26,正常,开心,冷,朋友,不关心,不吃辣,海鲜,370,陈皮蒸牛肉饼,广府家常菜,0.6579717813051147,豉汁蒸排骨,0.6579717813051147,train
487,夜宵,5,58,不差钱,一般,热,朋友,想健康,不吃辣,,24,菌汤火锅,火锅麻辣烫,0.6880246913580247,番茄火锅,0.6575061728395063,train
488,午餐,3,100,省着点,一般,晴,家人,不关心,微辣,海鲜,658,卤水豆腐,烧腊卤味,0.6051851851851852,干煸四季豆,0.5958024691358026,val
489,晚餐,3,27,省着点,一般,阴,朋友,不关心,不吃辣,"海鲜,乳制品",658,卤水豆腐,烧腊卤味,0.5982716049382716,韭菜盒子(东北),0.5879012345679013,val
490,晚餐,5,79,省着点,开心,晴,一个人,想健康,不吃辣,"海鲜,乳制品",173,毛豆炒肉丝,家常炒菜,0.5530088183421517,卤水豆腐,0.5518730158730158,test
491,下午加餐,4,34,正常,开心,热,朋友,严格控制,中辣,,32,藜麦牛油果碗,轻食健康,0.7147591914258581,波奇饭,0.7010839777506445,train
492,晚餐,3,83,正常,疲惫,雪,朋友,想健康,中辣,,15,宫保鸡丁,家常炒菜,0.8302222222222224,浏阳蒸菜,0.8204444444444446,test
493,晚餐,3,48,正常,疲惫,雨,一个人,想健康,中辣,麸质,11,云南小锅米线,长三角粉面,0.6578765432098768,攸县香干,0.6578765432098765,train
494,午餐,3,90,正常,一般,雪,一个人,严格控制,微辣,海鲜,292,荤豆花,川菜,0.6790123456790126,兰州牛肉面,0.6790123456790126,test
495,午餐,3,40,想吃好点,疲惫,阴,约会,随便,微辣,海鲜,292,荤豆花,川菜,0.6812345679012347,湖南蛋饺,0.6812345679012347,train
496,午餐,3,90,省着点,压力大,雨,同事,不关心,微辣,,48,东北土豆丝,东北菜,0.6538271604938274,车仔面,0.6538271604938274,train
497,午餐,3,83,想吃好点,疲惫,热,同事,不关心,不吃辣,,126,松仁小肚,东北菜,0.6406837606837607,熏酱拼盘,0.6392592592592593,val
498,晚餐,3,37,正常,压力大,阴,一个人,随便,微辣,,48,东北土豆丝,东北菜,0.563456790123457,兰州牛肉面,0.563456790123457,val
499,晚餐,3,110,正常,疲惫,雨,家人,随便,不吃辣,,152,锅出溜,东北菜,0.6934472934472937,卤水豆腐,0.6934472934472936,val
500,晚餐,3,43,想吃好点,压力大,雨,一个人,不关心,微辣,,811,鳝丝面,长三角粉面,0.6108641975308644,牛杂,0.6108641975308643,train
501,晚餐,3,24,正常,疲惫,冷,同事,想健康,中辣,,11,云南小锅米线,长三角粉面,0.6949135802469137,紫苏煎黄瓜,0.6949135802469136,train
502,午餐,2,33,正常,疲惫,晴,朋友,严格控制,不吃辣,,348,豉汁蒸排骨,广府家常菜,0.6776543209876543,豆豉蒸鲮鱼,0.6776543209876543,train
503,午餐,3,70,想吃好点,一般,热,同事,想健康,不吃辣,,126,松仁小肚,东北菜,0.6255726495726497,凯撒鸡肉卷,0.6167407407407409,test
504,晚餐,3,102,不差钱,一般,热,一个人,想健康,不吃辣,海鲜,478,白切羊肉,本帮江浙菜,0.5946666666666668,豉油鸡,0.5799556155345629,train
505,晚餐,5,60,想吃好点,一般,雨,家人,想健康,重辣,"海鲜,乳制品",13,麻婆豆腐,家常炒菜,0.7053504273504273,酸菜肥牛,0.7039164292497626,train
506,午餐,2,47,省着点,疲惫,阴,约会,不关心,中辣,素食,523,长沙臭豆腐,湘菜,0.6651851851851852,紫苏煎黄瓜,0.6579012345679013,train
507,午餐,2,15,想吃好点,压力大,雨,约会,随便,重辣,海鲜,541,小炒香干,湘菜,0.7063722697056031,酸豆角肉泥,0.7061158594491929,test
508,晚餐,4,98,省着点,疲惫,热,家人,想健康,不吃辣,,658,卤水豆腐,烧腊卤味,0.7271111111111113,炸酱面,0.7158765432098767,train
509,晚餐,3,100,正常,疲惫,雨,一个人,想健康,中辣,"海鲜,乳制品",11,云南小锅米线,长三角粉面,0.6578765432098768,攸县香干,0.6578765432098765,test
510,午餐,5,93,正常,开心,热,朋友,不关心,微辣,素食,658,卤水豆腐,烧腊卤味,0.6647619047619048,糖油果子,0.6336467236467236,train
511,午餐,5,60,正常,疲惫,晴,一个人,不关心,微辣,,1,黄焖鸡米饭,煲仔饭碟头饭,0.574567901234568,青椒肉丝,0.574567901234568,val
512,早餐,3,49,正常,压力大,晴,朋友,想健康,中辣,素食,807,衢州常山索面,长三角粉面,0.6862716049382717,白粥配咸菜,0.6625706145706147,train
513,午餐,1,40,想吃好点,一般,晴,家人,随便,微辣,素食,458,油焖笋,本帮江浙菜,0.5607407407407408,油焖春笋,0.5512345679012346,train
514,午餐,3,72,想吃好点,开心,晴,朋友,想健康,不吃辣,,813,台州跳鱼捞面,长三角粉面,0.6557248677248678,煎酿鲮鱼,0.6557248677248678,train
515,晚餐,4,26,想吃好点,一般,阴,一个人,不关心,不吃辣,,656,卤水拼盘,烧腊卤味,0.5111111111111112,滑鸡煲仔饭,0.5111111111111112,train
516,午餐,4,30,不差钱,开心,雨,约会,想健康,中辣,,241,酸汤肥牛,川菜,0.7390487043820378,酸菜肥牛,0.7390487043820378,train
517,晚餐,3,46,正常,一般,冷,约会,不关心,重辣,素食,580,臭豆腐炒辣椒,湘菜,0.6871604938271607,湘西外婆菜,0.6871604938271607,train
518,午餐,3,47,不差钱,疲惫,冷,同事,随便,微辣,,811,鳝丝面,长三角粉面,0.6417173989103815,梭子蟹炒年糕,0.6407407407407409,train
519,午餐,4,68,正常,开心,阴,一个人,随便,中辣,"海鲜,乳制品",11,云南小锅米线,长三角粉面,0.5383421516754849,干豆角炒肉,0.5383421516754849,train
520,晚餐,4,85,正常,压力大,雨,一个人,想健康,中辣,麸质,11,云南小锅米线,长三角粉面,0.6578765432098768,紫苏煎黄瓜,0.6578765432098765,train
521,早餐,4,105,省着点,压力大,雨,一个人,随便,不吃辣,,44,小笼包+豆浆,早餐粥点,0.6362962962962965,皮蛋瘦肉粥,0.6362962962962965,val
522,晚餐,5,45,正常,压力大,晴,朋友,不关心,不吃辣,,683,窝蛋牛肉煲仔饭,煲仔饭碟头饭,0.6570370370370371,咸肉菜饭,0.6570370370370371,train
523,晚餐,3,38,正常,开心,雪,约会,想健康,不吃辣,,64,土豆炖茄子,东北菜,0.7905396825396828,红烧带鱼,0.7905396825396828,test
524,午餐,4,23,正常,开心,热,家人,不关心,微辣,,60,东北饭包,东北菜,0.6513051146384482,炸酱面,0.6498236331569665,train
525,早餐,4,71,正常,一般,热,一个人,想健康,中辣,素食,807,衢州常山索面,长三角粉面,0.5444197530864197,白粥配咸菜,0.5345459232125899,train
526,晚餐,5,80,正常,疲惫,热,同事,严格控制,重辣,"海鲜,乳制品",60,东北饭包,东北菜,0.6856790123456792,炸酱面,0.6777777777777779,train
527,早餐,2,85,正常,疲惫,雨,朋友,随便,微辣,素食,793,常熟蕈油面,长三角粉面,0.6679012345679013,素鸡面,0.6679012345679013,test
528,午餐,2,87,想吃好点,一般,冷,朋友,不关心,微辣,,511,黄山臭鳜鱼,本帮江浙菜,0.6629629629629633,干煸茧蛹,0.6561728395061732,val
529,下午加餐,5,51,想吃好点,开心,雨,朋友,随便,重辣,海鲜,706,芒果班戟,糖水甜品,0.621032301032301,凯撒沙拉,0.6208898508898509,train
530,早餐,5,101,想吃好点,开心,阴,朋友,想健康,微辣,海鲜,428,及第粥,早餐粥点,0.64592118992119,黑椒牛仔骨,0.6368898508898511,train
531,晚餐,3,36,正常,低落,热,一个人,随便,重辣,麸质,579,腊味萝卜干,湘菜,0.6158024691358024,蒜泥白肉,0.5967901234567903,train
532,午餐,4,15,不差钱,一般,晴,家人,随便,微辣,,366,豉椒炒花甲,广府家常菜,0.5769420702754036,烤生蚝,0.5767321437496876,train
533,午餐,5,67,不差钱,疲惫,雪,朋友,不关心,不吃辣,,687,黄鳝煲仔饭,煲仔饭碟头饭,0.7647593342330187,梭子蟹炒年糕,0.7644444444444446,test
534,晚餐,4,89,省着点,兴奋,热,家人,不关心,微辣,,658,卤水豆腐,烧腊卤味,0.6622222222222223,东北饭包,0.6458024691358027,train
535,晚餐,4,15,正常,疲惫,热,约会,随便,不吃辣,麸质,9,炸酱面,长三角粉面,0.6900987654320988,糖油果子,0.6819712386379053,train
536,晚餐,3,52,正常,疲惫,雨,一个人,不关心,微辣,海鲜,48,东北土豆丝,东北菜,0.6108641975308644,鳝丝面,0.6108641975308644,val
537,晚餐,4,73,想吃好点,一般,阴,朋友,想健康,微辣,,297,连锅汤,川菜,0.6576296296296298,荤豆花,0.6576296296296298,train
538,午餐,3,87,正常,一般,晴,同事,严格控制,微辣,,6,兰州牛肉面,长三角粉面,0.6071604938271605,豉椒炒花甲,0.6071604938271605,train
539,午餐,2,94,想吃好点,一般,雨,约会,想健康,不吃辣,乳制品,365,豆豉蒸鲮鱼,广府家常菜,0.7086172839506174,豉汁蒸鱼头,0.7086172839506174,train
540,下午加餐,3,54,想吃好点,压力大,晴,约会,随便,中辣,麸质,770,波奇饭,轻食健康,0.6645679012345679,藜麦牛油果碗,0.6541975308641975,train
541,晚餐,3,51,省着点,一般,雨,同事,不关心,微辣,,48,东北土豆丝,东北菜,0.6056790123456792,手撕包菜(东北),0.6056790123456792,train
542,下午加餐,5,44,想吃好点,开心,热,朋友,不关心,不吃辣,"海鲜,乳制品",32,藜麦牛油果碗,轻食健康,0.6079894179894181,全麦鸡肉三明治,0.5979989146655813,train
543,晚餐,3,15,省着点,开心,雪,家人,想健康,微辣,麸质,71,干豆腐炒尖椒,东北菜,0.7521446208112876,兰州牛肉面,0.7521446208112876,test
544,晚餐,3,15,正常,兴奋,热,家人,随便,重辣,海鲜,579,腊味萝卜干,湘菜,0.6525925925925927,松仁小肚,0.6390123456790126,train
545,午餐,3,32,正常,一般,冷,朋友,严格控制,中辣,,15,宫保鸡丁,家常炒菜,0.7214814814814817,荤豆花,0.7118518518518522,train
546,午餐,3,15,想吃好点,开心,雨,一个人,不关心,不吃辣,,377,大良炒鲜奶,广府家常菜,0.5699470899470899,烧肉炒芥兰,0.5699470899470899,train
547,夜宵,2,78,正常,一般,热,一个人,严格控制,不吃辣,,625,沙县扁肉,烧烤小吃,0.6250942884276216,生滚鱼片粥,0.6050617283950618,train
548,午餐,4,31,想吃好点,压力大,晴,一个人,不关心,中辣,,308,鱼香肉片,川菜,0.5750617283950618,宫保鸡丁(川),0.5750617283950618,train
549,晚餐,3,21,省着点,一般,热,同事,想健康,中辣,,60,东北饭包,东北菜,0.6221728395061731,炸酱面,0.6142716049382718,val
550,晚餐,3,59,想吃好点,一般,晴,朋友,随便,不吃辣,麸质,360,白灼猪手,广府家常菜,0.6051851851851852,烧乳鸽,0.6051851851851852,train
551,晚餐,5,63,省着点,疲惫,晴,家人,不关心,不吃辣,,668,咸肉菜饭,煲仔饭碟头饭,0.6570370370370371,卤水豆腐,0.6496296296296298,test
552,早餐,5,58,省着点,疲惫,晴,同事,想健康,不吃辣,,44,小笼包+豆浆,早餐粥点,0.6611851851851852,皮蛋瘦肉粥,0.6611851851851852,train
553,早餐,4,53,省着点,开心,晴,同事,想健康,中辣,,439,菜肉大馄饨,早餐粥点,0.6267301587301588,燕麦牛奶粥,0.6191181657848325,val
554,午餐,3,83,想吃好点,低落,阴,同事,想健康,重辣,乳制品,524,香辣鱼块,湘菜,0.6494814814814815,剁椒蒸鱼,0.6494814814814815,train
555,午餐,3,86,正常,开心,晴,一个人,严格控制,中辣,乳制品,575,紫苏煎黄瓜,湘菜,0.5835273368606702,攸县香干,0.5835273368606702,train
556,早餐,2,22,想吃好点,压力大,晴,家人,随便,微辣,,427,南翔小笼包,早餐粥点,0.6703513770180436,虾籽馄饨面,0.6605792972459639,train
557,晚餐,2,30,省着点,一般,雨,朋友,不关心,微辣,,109,东北臭豆腐,东北菜,0.6445679012345681,卤水豆腐,0.6354226020892688,val
558,晚餐,3,21,省着点,一般,晴,一个人,想健康,中辣,,575,紫苏煎黄瓜,湘菜,0.5660246913580247,云南小锅米线,0.5573827160493827,val
559,晚餐,3,37,省着点,一般,阴,约会,想健康,微辣,素食,48,东北土豆丝,东北菜,0.6447654320987657,手撕包菜(东北),0.6447654320987657,train
560,晚餐,4,47,正常,一般,晴,约会,不关心,中辣,素食,552,攸县香干,湘菜,0.6311111111111111,鱼香茄子煲,0.63,test
561,午餐,2,70,省着点,兴奋,阴,一个人,想健康,不吃辣,麸质,66,大酱炒鸡蛋,东北菜,0.5485925925925927,清炒草头,0.5475061728395062,val
562,午餐,3,55,想吃好点,压力大,阴,家人,不关心,中辣,,15,宫保鸡丁,家常炒菜,0.6654320987654323,翠竹粉蒸鱼,0.6654320987654322,train
563,晚餐,5,15,正常,兴奋,阴,家人,想健康,不吃辣,乳制品,173,毛豆炒肉丝,家常炒菜,0.6347901234567902,番茄炒牛肉,0.6347901234567902,train
564,早餐,3,25,正常,兴奋,晴,约会,想健康,微辣,,445,咖喱牛肉汤,早餐粥点,0.7025679012345679,菜肉大馄饨,0.695530864197531,train
565,午餐,1,89,正常,一般,热,一个人,想健康,微辣,,648,卤水鸡翅,烧腊卤味,0.5614320987654321,干煸茧蛹,0.5488641975308642,train
566,早餐,4,64,正常,低落,冷,约会,随便,不吃辣,,428,及第粥,早餐粥点,0.7046464646464649,凤爪,0.6935353535353537,train
567,午餐,4,70,正常,一般,雨,朋友,随便,微辣,"海鲜,乳制品",292,荤豆花,川菜,0.6623361823361825,湖南蛋饺,0.6623361823361825,train
568,夜宵,3,45,想吃好点,一般,晴,朋友,想健康,微辣,乳制品,618,烤生蚝,火锅麻辣烫,0.6699753086419754,炒年糕,0.6630560303893639,train
569,晚餐,3,42,想吃好点,开心,雨,朋友,随便,不吃辣,海鲜,370,陈皮蒸牛肉饼,广府家常菜,0.657231040564374,金钱肚,0.657231040564374,train
570,晚餐,5,56,省着点,低落,晴,约会,想健康,不吃辣,,668,咸肉菜饭,煲仔饭碟头饭,0.6767407407407409,菜饭骨头汤,0.6650123456790124,train
571,晚餐,4,97,正常,一般,晴,同事,想健康,微辣,,2,青椒肉丝,煲仔饭碟头饭,0.6010864197530865,豉椒炒花甲,0.6010864197530865,train
572,夜宵,4,38,正常,开心,晴,家人,想健康,微辣,,627,炒年糕,烧烤小吃,0.6917495590828926,韭菜盒子,0.6770107176773843,train
573,午餐,3,81,省着点,开心,热,一个人,不关心,微辣,海鲜,658,卤水豆腐,烧腊卤味,0.5706878306878307,东北饭包,0.561305114638448,train
574,晚餐,3,58,省着点,压力大,冷,朋友,随便,不吃辣,,668,咸肉菜饭,煲仔饭碟头饭,0.6916049382716051,韭菜盒子(东北),0.6841975308641978,train
575,早餐,5,54,正常,兴奋,冷,一个人,严格控制,不吃辣,素食,808,金华佛堂千张面,长三角粉面,0.5960493827160493,素鸡面,0.5960493827160493,train
576,午餐,4,34,想吃好点,开心,冷,同事,想健康,中辣,,309,鱼香虾仁,川菜,0.6618977072310406,豉椒炒花甲,0.660663139329806,val
577,下午加餐,5,90,想吃好点,一般,雨,一个人,想健康,不吃辣,乳制品,770,波奇饭,轻食健康,0.6014814814814814,藜麦牛油果碗,0.5879012345679012,train
578,午餐,3,15,想吃好点,一般,热,家人,随便,中辣,乳制品,579,腊味萝卜干,湘菜,0.6375498575498576,熏酱拼盘,0.6271604938271607,val
579,早餐,3,21,省着点,压力大,阴,家人,想健康,微辣,素食,797,无锡素面,长三角粉面,0.659604938271605,素鸡面,0.659604938271605,train
580,午餐,4,71,省着点,开心,雪,家人,想健康,重辣,海鲜,310,麻婆豆腐(素),川菜,0.7757248677248677,紫苏煎黄瓜,0.7686878306878308,test
581,晚餐,5,75,正常,疲惫,晴,一个人,随便,不吃辣,海鲜,0,番茄牛腩饭,煲仔饭碟头饭,0.562962962962963,台式卤肉饭,0.562962962962963,train
582,夜宵,3,32,省着点,压力大,雨,朋友,严格控制,中辣,麸质,640,烤玉米,烧烤小吃,0.8001234567901235,烤金针菇,0.781604938271605,train
583,午餐,1,48,想吃好点,兴奋,雨,朋友,想健康,中辣,海鲜,162,干煸茧蛹,东北菜,0.695777777777778,炒蚕蛹,0.695777777777778,val
584,午餐,3,70,省着点,压力大,晴,一个人,随便,微辣,,48,东北土豆丝,东北菜,0.563456790123457,车仔面,0.563456790123457,test
585,午餐,3,42,正常,压力大,雨,一个人,想健康,微辣,麸质,6,兰州牛肉面,长三角粉面,0.6536790123456792,青椒肉丝,0.6475061728395063,train
586,晚餐,4,34,正常,开心,阴,同事,随便,不吃辣,"海鲜,乳制品",665,金钱肚,烧腊卤味,0.5655026455026455,北菇滑鸡饭,0.5655026455026455,train
587,晚餐,4,49,省着点,兴奋,晴,约会,想健康,不吃辣,,668,咸肉菜饭,煲仔饭碟头饭,0.6671111111111112,菜饭骨头汤,0.6553827160493827,val
588,午餐,4,63,省着点,开心,晴,家人,不关心,重辣,,580,臭豆腐炒辣椒,湘菜,0.6267372134038801,螺蛳粉,0.6267372134038801,test
589,晚餐,2,57,想吃好点,疲惫,阴,朋友,随便,微辣,素食,458,油焖笋,本帮江浙菜,0.6323456790123458,油焖春笋,0.6228395061728397,train
590,下午加餐,4,61,省着点,疲惫,阴,一个人,不关心,重辣,素食,699,定胜糕,糖水甜品,0.5703703703703704,赤豆糕,0.5703703703703704,train
591,下午加餐,2,61,不差钱,低落,阴,家人,想健康,微辣,"海鲜,乳制品",32,藜麦牛油果碗,轻食健康,0.6659309241765382,全麦鸡肉三明治,0.6370458339581148,train
592,午餐,2,55,正常,一般,热,一个人,想健康,中辣,,648,卤水鸡翅,烧腊卤味,0.5885925925925927,卤水豆腐,0.5750123456790124,test
593,下午加餐,2,88,正常,压力大,雨,家人,不关心,不吃辣,,762,丝袜奶茶,轻食健康,0.7024691358024691,全麦鸡肉三明治,0.6961728395061728,val
594,午餐,4,59,正常,开心,冷,一个人,随便,不吃辣,,678,北菇滑鸡饭,煲仔饭碟头饭,0.5743915343915345,豉油鸡饭,0.5743915343915345,test
595,晚餐,5,49,省着点,疲惫,冷,家人,随便,微辣,,668,咸肉菜饭,煲仔饭碟头饭,0.7051851851851852,拔丝苹果,0.6965432098765433,val
596,夜宵,3,91,不差钱,疲惫,热,一个人,严格控制,不吃辣,,24,菌汤火锅,火锅麻辣烫,0.6524691358024691,椰子鸡火锅,0.6435802469135802,train
597,晚餐,2,77,正常,一般,冷,一个人,不关心,重辣,,580,臭豆腐炒辣椒,湘菜,0.582962962962963,青椒肉丝(川),0.5750617283950618,train
598,晚餐,4,17,不差钱,压力大,雪,家人,随便,不吃辣,,684,窝蛋牛肉饭,煲仔饭碟头饭,0.7333248363072925,蚝仔烙,0.7318828410056482,test
599,早餐,3,62,省着点,低落,雪,同事,想健康,不吃辣,素食,433,白粥配咸菜,早餐粥点,0.7536410256410256,豆腐花,0.7535840455840457,test
600,午餐,2,75,想吃好点,压力大,晴,同事,不关心,重辣,,366,豉椒炒花甲,广府家常菜,0.5960493827160493,酸辣鸡杂,0.5953086419753086,train
601,夜宵,4,39,想吃好点,一般,热,朋友,不关心,微辣,,627,炒年糕,烧烤小吃,0.6553276353276354,臭豆腐,0.6473504273504275,train
602,下午加餐,5,47,想吃好点,一般,雨,朋友,随便,不吃辣,,706,芒果班戟,糖水甜品,0.6096037296037295,凯撒沙拉,0.6094612794612795,val
603,晚餐,3,65,正常,疲惫,阴,同事,不关心,微辣,,48,东北土豆丝,东北菜,0.6064197530864199,牛杂,0.6064197530864199,test
604,午餐,1,15,不差钱,兴奋,晴,朋友,想健康,重辣,,532,剁椒蒸鱼,湘菜,0.6176296296296295,小炒香干,0.6110384365472085,val
605,下午加餐,4,57,省着点,压力大,晴,家人,想健康,不吃辣,,688,双皮奶,糖水甜品,0.6394567901234569,全麦鸡肉三明治,0.6307065527065527,train
606,午餐,4,37,正常,开心,雪,同事,不关心,不吃辣,,670,油鸡饭,煲仔饭碟头饭,0.6840211640211641,扬州炒饭,0.6840211640211641,test
607,晚餐,4,26,正常,一般,阴,同事,想健康,微辣,乳制品,2,青椒肉丝,煲仔饭碟头饭,0.6010864197530865,豉椒炒花甲,0.6010864197530865,train
608,晚餐,2,58,不差钱,开心,冷,一个人,想健康,微辣,"海鲜,乳制品",162,干煸茧蛹,东北菜,0.6003212589879257,炒蚕蛹,0.5988817628115874,test
609,午餐,3,25,正常,低落,晴,朋友,随便,中辣,,543,干豆角炒肉,湘菜,0.6658024691358024,卜豆角炒肉,0.6658024691358024,train
610,午餐,2,53,想吃好点,开心,阴,约会,不关心,微辣,乳制品,511,黄山臭鳜鱼,本帮江浙菜,0.644514991181658,豉汁蒸凤爪,0.638038258038258,train
611,下午加餐,2,66,正常,疲惫,阴,朋友,随便,中辣,,762,丝袜奶茶,轻食健康,0.6550617283950616,全麦鸡肉三明治,0.6487654320987654,train
612,午餐,4,60,想吃好点,压力大,阴,家人,想健康,不吃辣,海鲜,680,海南鸡饭,煲仔饭碟头饭,0.6998518518518521,滑鸡煲仔饭,0.6900740740740743,train
613,晚餐,2,47,不差钱,一般,阴,同事,不关心,重辣,,600,发丝牛百叶,湘菜,0.5585185185185186,剁椒蒸鱼,0.5585185185185186,train
614,早餐,4,49,正常,低落,晴,朋友,想健康,微辣,,424,黑椒牛仔骨,早茶点心,0.6686711560044896,及第粥,0.6621279461279462,train
615,晚餐,3,49,正常,疲惫,热,一个人,想健康,微辣,素食,658,卤水豆腐,烧腊卤味,0.6330370370370372,土豆炖茄子,0.6026913580246914,val
616,午餐,5,50,正常,开心,晴,一个人,严格控制,中辣,,552,攸县香干,湘菜,0.5835273368606702,紫苏煎黄瓜,0.5835273368606702,train
617,下午加餐,4,63,正常,疲惫,晴,家人,随便,微辣,,706,芒果班戟,糖水甜品,0.6303254769921438,珍珠奶茶,0.6217283950617285,test
618,午餐,2,15,正常,压力大,雨,朋友,随便,不吃辣,素食,195,清炒草头,家常炒菜,0.6625925925925927,油焖春笋,0.6477283950617285,train
619,午餐,3,81,想吃好点,压力大,雨,一个人,不关心,不吃辣,,788,双浇面,长三角粉面,0.6066666666666668,杭州虾爆鳝面,0.6066666666666668,train
620,晚餐,2,22,不差钱,一般,晴,家人,严格控制,中辣,素食,552,攸县香干,湘菜,0.6152606587694307,紫苏煎黄瓜,0.6083075923426802,train
621,午餐,3,96,想吃好点,一般,晴,约会,不关心,微辣,,297,连锅汤,川菜,0.6367901234567902,樟茶鸭,0.6367901234567902,train
622,下午加餐,3,41,不差钱,低落,晴,一个人,不关心,中辣,素食,32,藜麦牛油果碗,轻食健康,0.5672889488678962,鲜榨橙汁,0.5385964912280701,train
623,午餐,3,44,正常,兴奋,冷,一个人,不关心,中辣,,554,榨菜肉丝(湘),湘菜,0.5869135802469136,鱼香肉丝(川),0.5869135802469136,train
624,午餐,2,73,省着点,低落,阴,朋友,随便,不吃辣,,658,卤水豆腐,烧腊卤味,0.6101234567901235,卤水鸡翅,0.6035707502374168,train
625,晚餐,5,66,正常,疲惫,晴,朋友,想健康,重辣,"海鲜,乳制品",13,麻婆豆腐,家常炒菜,0.7246666666666669,麻辣烫(川),0.7158765432098768,train
626,早餐,3,38,不差钱,疲惫,阴,同事,严格控制,重辣,麸质,46,燕麦牛奶粥,早餐粥点,0.7135792472634578,小笼包+豆浆,0.6941520467836257,train
627,夜宵,1,84,不差钱,低落,冷,家人,随便,微辣,,620,猪肚鸡,火锅麻辣烫,0.6896296296296298,臭豆腐,0.6713755185685011,train
628,夜宵,5,89,不差钱,压力大,阴,朋友,严格控制,中辣,,24,菌汤火锅,火锅麻辣烫,0.7385185185185186,番茄火锅,0.7244444444444446,val
629,午餐,2,70,不差钱,压力大,阴,一个人,想健康,微辣,,620,猪肚鸡,火锅麻辣烫,0.5847901234567902,上汤焗龙虾,0.5842962962962963,train
630,午餐,4,61,不差钱,兴奋,晴,家人,严格控制,微辣,乳制品,24,菌汤火锅,火锅麻辣烫,0.6725925925925926,连锅汤,0.6593272354675865,train
631,午餐,3,66,省着点,兴奋,阴,一个人,想健康,中辣,麸质,11,云南小锅米线,长三角粉面,0.5699753086419752,紫苏煎黄瓜,0.5689876543209876,train
632,晚餐,3,27,省着点,开心,阴,同事,想健康,不吃辣,,173,毛豆炒肉丝,家常炒菜,0.5959717813051145,清炒草头,0.5959717813051145,train
633,晚餐,5,15,想吃好点,兴奋,热,一个人,想健康,重辣,乳制品,126,松仁小肚,东北菜,0.5944615384615385,熏酱拼盘,0.5855370370370372,train
634,午餐,1,63,正常,疲惫,冷,一个人,随便,不吃辣,"海鲜,乳制品",344,梅菜蒸肉饼,广府家常菜,0.5661728395061728,菜心炒牛肉,0.5661728395061728,train
635,晚餐,5,34,想吃好点,一般,雨,朋友,想健康,不吃辣,海鲜,680,海南鸡饭,煲仔饭碟头饭,0.6881139601139602,酿豆腐,0.680355175688509,train
636,午餐,3,62,省着点,一般,晴,朋友,想健康,不吃辣,,658,卤水豆腐,烧腊卤味,0.6345185185185186,咸肉菜饭,0.6246419753086421,train
637,晚餐,1,50,想吃好点,低落,雨,约会,随便,微辣,,162,干煸茧蛹,东北菜,0.6897530864197533,炒蚕蛹,0.6897530864197533,train
638,午餐,2,33,想吃好点,开心,雨,家人,不关心,不吃辣,,665,金钱肚,烧腊卤味,0.657231040564374,陈皮蒸牛肉饼,0.657231040564374,val
639,午餐,4,52,正常,低落,晴,一个人,随便,重辣,,310,麻婆豆腐(素),川菜,0.5866666666666668,常德牛肉粉,0.5866666666666668,train
640,午餐,2,67,正常,一般,雪,朋友,想健康,微辣,,162,干煸茧蛹,东北菜,0.761950617283951,炒蚕蛹,0.761950617283951,test
641,晚餐,2,83,省着点,兴奋,冷,同事,想健康,微辣,,66,大酱炒鸡蛋,东北菜,0.6397037037037039,清炒草头,0.6386172839506173,test
642,午餐,4,25,省着点,一般,热,一个人,不关心,重辣,,579,腊味萝卜干,湘菜,0.5701234567901233,东北饭包,0.563456790123457,train
643,晚餐,4,77,不差钱,低落,雨,约会,不关心,重辣,,532,剁椒蒸鱼,湘菜,0.7482621082621085,发丝牛百叶,0.7482621082621085,test
644,晚餐,5,16,想吃好点,低落,阴,约会,不关心,微辣,,397,星洲炒米粉,广式粥粉面,0.6382146248812915,尖椒干豆腐,0.6373599240265908,train
645,晚餐,4,54,正常,压力大,晴,朋友,严格控制,重辣,,13,麻婆豆腐,家常炒菜,0.7307407407407409,宫保鸡丁,0.7214814814814817,train
646,晚餐,4,59,不差钱,开心,冷,家人,随便,微辣,,383,避风塘炒蟹,广府家常菜,0.6726631393298061,全家福(湘),0.6726631393298061,train
647,晚餐,3,28,不差钱,疲惫,雨,一个人,想健康,不吃辣,,471,梭子蟹炒年糕,本帮江浙菜,0.6384843304843307,台州跳鱼捞面,0.6298473534263008,train
648,晚餐,1,59,正常,压力大,热,一个人,随便,中辣,麸质,579,腊味萝卜干,湘菜,0.5787654320987654,卤水鸡翅,0.5661728395061728,train
649,晚餐,2,45,想吃好点,疲惫,热,同事,想健康,中辣,"海鲜,乳制品",126,松仁小肚,东北菜,0.6564368471035139,卤水鸡翅,0.6492193732193732,train
650,午餐,4,70,不差钱,低落,热,同事,不关心,重辣,"海鲜,乳制品",579,腊味萝卜干,湘菜,0.6269075823461788,卤水拼盘,0.6207407407407408,train
651,晚餐,4,95,不差钱,疲惫,晴,一个人,不关心,微辣,素食,371,鱼香茄子煲,广府家常菜,0.54402359174289,地三鲜,0.5361223571749888,train
652,午餐,1,42,正常,开心,冷,一个人,严格控制,中辣,,166,炒蚕蛹,东北菜,0.6064902998236333,干煸茧蛹,0.6064902998236333,train
653,夜宵,3,85,省着点,开心,冷,家人,不关心,重辣,,645,臭豆腐,烧烤小吃,0.7105643738977073,锅贴,0.7026631393298061,train
654,午餐,3,53,想吃好点,开心,雨,同事,不关心,不吃辣,,370,陈皮蒸牛肉饼,广府家常菜,0.6129100529100528,豉汁蒸鱼头,0.6129100529100528,val
655,早餐,4,93,正常,一般,雨,同事,随便,中辣,素食,807,衢州常山索面,长三角粉面,0.5809876543209876,常熟蕈油面,0.5718518518518518,train
656,晚餐,2,31,省着点,一般,晴,同事,不关心,重辣,,580,臭豆腐炒辣椒,湘菜,0.5644444444444445,长沙臭豆腐,0.5632098765432099,train
657,晚餐,1,65,想吃好点,压力大,热,约会,随便,微辣,素食,658,卤水豆腐,烧腊卤味,0.6512630579297247,油焖笋,0.6369135802469137,train
658,午餐,3,36,不差钱,开心,雨,约会,随便,微辣,,378,姜葱炒蟹,广府家常菜,0.6809347442680777,梭子蟹炒年糕,0.6804314204314207,val
659,午餐,4,29,省着点,一般,冷,家人,想健康,不吃辣,,668,咸肉菜饭,煲仔饭碟头饭,0.6863703703703706,菜饭骨头汤,0.6746419753086421,train
660,下午加餐,3,80,省着点,压力大,晴,朋友,想健康,不吃辣,,688,双皮奶,糖水甜品,0.6764938271604939,全麦鸡肉三明治,0.6677435897435898,train
661,晚餐,5,34,想吃好点,低落,阴,朋友,想健康,重辣,,524,香辣鱼块,湘菜,0.7361481481481483,酸辣肚丝,0.7263703703703706,train
662,午餐,2,33,不差钱,压力大,晴,同事,想健康,不吃辣,"海鲜,乳制品",353,姜葱炒牛肉,广府家常菜,0.6121445494077072,菜心炒牛肉,0.610705053231369,train
663,午餐,2,22,正常,开心,热,一个人,随便,不吃辣,,126,松仁小肚,东北菜,0.5534038800705469,卤水豆腐,0.5452557319223986,test
664,下午加餐,4,20,正常,压力大,雪,朋友,随便,不吃辣,麸质,764,奶茶,轻食健康,0.6986333830778274,丝袜奶茶,0.6978600823045268,test
665,晚餐,3,54,省着点,开心,雨,朋友,不关心,微辣,,658,卤水豆腐,烧腊卤味,0.6604314204314206,干煸四季豆,0.6600705467372137,train
666,午餐,5,36,省着点,低落,热,家人,不关心,不吃辣,海鲜,658,卤水豆腐,烧腊卤味,0.671851851851852,炸酱面,0.6569135802469136,train
667,晚餐,5,101,想吃好点,疲惫,雨,朋友,严格控制,中辣,乳制品,15,宫保鸡丁,家常炒菜,0.7652991452991457,酸菜肥牛,0.7652991452991453,val
668,午餐,4,15,省着点,开心,阴,家人,严格控制,中辣,,575,紫苏煎黄瓜,湘菜,0.65994708994709,云南小锅米线,0.653379188712522,train
669,早餐,4,49,想吃好点,低落,热,家人,想健康,中辣,,424,黑椒牛仔骨,早茶点心,0.6712637485970822,及第粥,0.6610358283691617,train
670,晚餐,3,85,不差钱,一般,雨,约会,想健康,不吃辣,,378,姜葱炒蟹,广府家常菜,0.7086172839506174,梭子蟹炒年糕,0.7081139601139603,train
671,下午加餐,5,23,省着点,疲惫,雪,家人,想健康,不吃辣,麸质,711,酒酿圆子,糖水甜品,0.718962962962963,花生糊,0.7084691358024693,test
672,夜宵,3,80,正常,兴奋,阴,朋友,不关心,微辣,,645,臭豆腐,烧烤小吃,0.6604246370913038,煎饺,0.6490449057115724,train
673,晚餐,2,78,正常,一般,晴,一个人,严格控制,不吃辣,麸质,350,丝瓜炒牛肉,广府家常菜,0.5562962962962964,菜心炒牛肉,0.5562962962962964,train
674,午餐,4,84,正常,兴奋,热,同事,想健康,微辣,,60,东北饭包,东北菜,0.6416790123456793,炸酱面,0.6404444444444445,train
675,午餐,1,58,省着点,压力大,雨,一个人,严格控制,微辣,,174,清炒芥兰,家常炒菜,0.6172390572390571,香干炒芹菜,0.6172390572390571,val
676,晚餐,3,72,正常,压力大,雨,一个人,想健康,中辣,,11,云南小锅米线,长三角粉面,0.6578765432098768,攸县香干,0.6578765432098765,val
677,午餐,3,29,正常,一般,阴,同事,随便,中辣,素食,575,紫苏煎黄瓜,湘菜,0.5632098765432099,攸县香干,0.5632098765432099,train
678,午餐,3,72,想吃好点,一般,阴,朋友,不关心,不吃辣,乳制品,813,台州跳鱼捞面,长三角粉面,0.6051851851851852,白灼猪手,0.6051851851851852,train
679,下午加餐,3,16,省着点,疲惫,雨,同事,随便,微辣,乳制品,699,定胜糕,糖水甜品,0.6977777777777777,赤豆糕,0.6977777777777777,val
680,晚餐,3,100,正常,疲惫,阴,朋友,随便,不吃辣,素食,64,土豆炖茄子,东北菜,0.6496296296296299,茄子炖土豆,0.6496296296296299,train
681,午餐,3,55,想吃好点,开心,雨,一个人,不关心,中辣,,543,干豆角炒肉,湘菜,0.5857495590828924,卜豆角炒肉,0.5857495590828924,train
682,夜宵,3,73,正常,压力大,阴,家人,想健康,中辣,乳制品,26,烤鸡翅,烧烤小吃,0.7304444444444445,炒年糕,0.7185925925925929,train
683,下午加餐,5,73,省着点,压力大,雨,一个人,想健康,中辣,,823,贝果,面包甜点,0.6137777777777779,吐司配果酱,0.6137777777777779,train
684,晚餐,4,81,正常,一般,阴,朋友,想健康,中辣,乳制品,15,宫保鸡丁,家常炒菜,0.6672592592592593,浏阳蒸菜,0.6611851851851852,train
685,午餐,1,67,正常,压力大,雨,约会,随便,不吃辣,,370,陈皮蒸牛肉饼,广府家常菜,0.6764197530864199,豉汁蒸鱼头,0.6764197530864199,train
686,晚餐,1,37,省着点,疲惫,热,家人,随便,不吃辣,"海鲜,乳制品",658,卤水豆腐,烧腊卤味,0.6570370370370371,卤水鸡翅,0.6401139601139603,train
687,晚餐,3,50,不差钱,一般,雨,家人,随便,不吃辣,,378,姜葱炒蟹,广府家常菜,0.6458024691358025,梭子蟹炒年糕,0.6452991452991454,train
688,晚餐,5,15,正常,一般,晴,朋友,不关心,不吃辣,,684,窝蛋牛肉饭,煲仔饭碟头饭,0.5875308641975309,扬州炒饭,0.5875308641975309,train
689,午餐,3,15,想吃好点,低落,热,一个人,想健康,不吃辣,麸质,126,松仁小肚,东北菜,0.6011282051282052,熏酱拼盘,0.5922037037037039,train
690,晚餐,4,29,正常,一般,热,朋友,不关心,重辣,,579,腊味萝卜干,湘菜,0.6664197530864199,卤水豆腐,0.6533333333333334,val
691,午餐,3,70,不差钱,一般,阴,家人,想健康,不吃辣,海鲜,24,菌汤火锅,火锅麻辣烫,0.6466666666666667,小鸡炖蘑菇,0.6405925925925927,train
692,晚餐,4,62,想吃好点,一般,热,一个人,不关心,微辣,素食,658,卤水豆腐,烧腊卤味,0.5455840455840456,糖油果子,0.5387464387464388,train
693,午餐,4,22,省着点,兴奋,晴,一个人,不关心,中辣,,595,长沙肉丝米粉,湘菜,0.5358024691358024,长沙臭豆腐,0.5358024691358024,val
694,晚餐,3,15,省着点,一般,冷,一个人,想健康,微辣,,71,干豆腐炒尖椒,东北菜,0.5976296296296297,兰州牛肉面,0.5976296296296297,train
695,午餐,5,63,正常,开心,晴,约会,不关心,中辣,,557,浏阳蒸菜,湘菜,0.6561199294532628,邵阳猪血丸子,0.6561199294532628,val
696,午餐,3,66,正常,疲惫,雨,一个人,不关心,微辣,,787,南京老卤面,长三角粉面,0.6145679012345681,兰州牛肉面,0.6145679012345681,train
697,晚餐,2,41,想吃好点,一般,阴,一个人,随便,不吃辣,麸质,657,卤水掌翼,烧腊卤味,0.5111111111111112,陈皮蒸牛肉饼,0.5111111111111112,val
698,晚餐,5,15,想吃好点,疲惫,阴,一个人,不关心,微辣,,671,烧腊双拼饭,煲仔饭碟头饭,0.562962962962963,烧鹅饭,0.562962962962963,train
699,夜宵,4,15,正常,一般,晴,朋友,不关心,不吃辣,麸质,399,潮汕牛肉丸粉,广式粥粉面,0.5975308641975309,猪杂汤粉,0.5975308641975309,val
700,午餐,3,15,正常,兴奋,阴,一个人,想健康,不吃辣,素食,195,清炒草头,家常炒菜,0.5524444444444446,韭菜盒子(东北),0.5397362637362637,train
701,早餐,4,69,正常,一般,晴,同事,想健康,不吃辣,,439,菜肉大馄饨,早餐粥点,0.6191111111111112,虾籽馄饨面,0.6093333333333334,train
702,午餐,4,15,正常,开心,晴,同事,不关心,中辣,乳制品,303,铺盖面,川菜,0.5746384479717813,川味腊肠炒饭,0.5746384479717813,train
703,午餐,1,83,想吃好点,兴奋,晴,一个人,不关心,中辣,,162,干煸茧蛹,东北菜,0.5165432098765433,炒蚕蛹,0.5165432098765433,train
704,晚餐,1,52,省着点,低落,晴,朋友,随便,不吃辣,素食,658,卤水豆腐,烧腊卤味,0.5829629629629629,清炒草头,0.5675308641975308,train
705,午餐,1,21,不差钱,开心,冷,一个人,想健康,中辣,麸质,378,姜葱炒蟹,广府家常菜,0.5962186948853615,干煸茧蛹,0.5867410120743455,train
706,下午加餐,3,68,想吃好点,疲惫,晴,同事,随便,中辣,麸质,770,波奇饭,轻食健康,0.6577777777777777,珍珠奶茶,0.6478062678062677,train
707,晚餐,3,68,想吃好点,压力大,晴,朋友,想健康,重辣,乳制品,524,香辣鱼块,湘菜,0.7287407407407409,麻婆豆腐,0.7223874643874645,train
708,晚餐,3,53,正常,开心,晴,朋友,想健康,中辣,"海鲜,乳制品",15,宫保鸡丁,家常炒菜,0.6786878306878308,浏阳蒸菜,0.6726137566137567,train
709,晚餐,2,35,不差钱,一般,雨,约会,不关心,中辣,素食,523,长沙臭豆腐,湘菜,0.6482890988154145,攸县香干,0.6411865846953566,train
710,午餐,4,15,想吃好点,疲惫,阴,一个人,随便,微辣,乳制品,397,星洲炒米粉,广式粥粉面,0.5648812915479582,窝蛋牛肉饭,0.5643874643874643,train
711,下午加餐,2,61,正常,一般,冷,约会,不关心,重辣,,701,核桃糊,糖水甜品,0.6386419753086421,芝麻糊,0.6318043684710352,train
712,晚餐,1,78,正常,兴奋,晴,家人,想健康,微辣,海鲜,166,炒蚕蛹,东北菜,0.6429382716049384,干煸茧蛹,0.6429382716049384,train
713,夜宵,2,55,正常,一般,晴,家人,不关心,微辣,,645,臭豆腐,烧烤小吃,0.6461036494369828,烤韭菜,0.618674535341202,val
714,午餐,5,29,想吃好点,疲惫,冷,家人,想健康,中辣,乳制品,15,宫保鸡丁,家常炒菜,0.7526913580246917,酸菜肥牛,0.7526913580246914,train
715,午餐,3,41,正常,疲惫,阴,家人,随便,中辣,,15,宫保鸡丁,家常炒菜,0.6654320987654323,浏阳蒸菜,0.6654320987654322,test
716,晚餐,2,15,正常,兴奋,晴,同事,不关心,重辣,素食,580,臭豆腐炒辣椒,湘菜,0.5733333333333334,长沙臭豆腐,0.5672147605480938,val
717,晚餐,2,66,正常,压力大,冷,家人,不关心,不吃辣,素食,458,油焖笋,本帮江浙菜,0.680493827160494,油焖春笋,0.6709876543209878,train
718,晚餐,4,52,正常,压力大,雨,家人,严格控制,不吃辣,,680,海南鸡饭,煲仔饭碟头饭,0.7460398860398861,黄鳝煲仔饭,0.7390313390313392,test
719,午餐,3,67,正常,疲惫,热,朋友,随便,微辣,,237,蒜泥白肉,川菜,0.7074074074074076,蒜泥白肉(东北),0.7002849002849004,val
720,晚餐,5,82,正常,疲惫,雪,一个人,随便,微辣,,1,黄焖鸡米饭,煲仔饭碟头饭,0.6856790123456791,青椒肉丝,0.6856790123456791,test
721,晚餐,4,44,正常,一般,晴,家人,严格控制,微辣,乳制品,292,荤豆花,川菜,0.6582716049382717,海南鸡饭,0.6503703703703705,train
722,午餐,2,15,省着点,开心,雨,朋友,不关心,中辣,,523,长沙臭豆腐,湘菜,0.6682186948853617,紫苏煎黄瓜,0.6594532627865961,train
723,午餐,3,47,正常,开心,雨,朋友,想健康,不吃辣,,348,豉汁蒸排骨,广府家常菜,0.6963421516754851,酿豆腐,0.6963421516754851,val
724,早餐,5,51,想吃好点,一般,雨,一个人,严格控制,重辣,素食,807,衢州常山索面,长三角粉面,0.5885470085470085,常熟蕈油面,0.5818613485280152,train
725,午餐,5,31,省着点,一般,雨,朋友,想健康,微辣,,2,青椒肉丝,煲仔饭碟头饭,0.6915802469135803,兰州牛肉面,0.6824444444444445,train
726,午餐,4,15,正常,开心,阴,朋友,不关心,不吃辣,,684,窝蛋牛肉饭,煲仔饭碟头饭,0.6026631393298061,扬州炒饭,0.6026631393298061,train
727,夜宵,4,47,正常,疲惫,阴,家人,严格控制,微辣,,627,炒年糕,烧烤小吃,0.7302469135802471,煎饼果子,0.7140700040700041,val
728,晚餐,4,25,省着点,开心,阴,一个人,随便,微辣,,259,军屯锅魁,川菜,0.5304409171075838,牛肉焦饼,0.5304409171075838,train
729,午餐,5,26,正常,开心,阴,一个人,不关心,重辣,素食,563,湘西外婆菜,湘菜,0.5462433862433863,小炒香干,0.5462433862433863,val
730,晚餐,3,37,不差钱,疲惫,阴,一个人,不关心,不吃辣,,471,梭子蟹炒年糕,本帮江浙菜,0.5555555555555557,台州跳鱼捞面,0.5469185784975259,train
731,午餐,2,93,不差钱,疲惫,雨,一个人,随便,重辣,乳制品,532,剁椒蒸鱼,湘菜,0.6127065527065527,发丝牛百叶,0.6127065527065527,train
732,夜宵,3,89,想吃好点,一般,热,家人,想健康,微辣,,618,烤生蚝,火锅麻辣烫,0.672567901234568,卤味拼盘,0.6661899335232669,val
733,下午加餐,5,49,正常,一般,阴,家人,随便,微辣,,706,芒果班戟,糖水甜品,0.5821773288439955,凯撒沙拉,0.5729180695847363,train
734,午餐,3,98,想吃好点,疲惫,晴,一个人,想健康,不吃辣,海鲜,47,东北乱炖,东北菜,0.5946666666666668,小鸡炖蘑菇粉条,0.5946666666666668,train
735,午餐,3,79,想吃好点,一般,晴,同事,随便,微辣,麸质,651,牛杂,烧腊卤味,0.5619753086419753,豉椒炒花甲,0.5619753086419753,train
736,午餐,4,15,省着点,疲惫,冷,朋友,想健康,重辣,"海鲜,乳制品",519,湖南米粉,湘菜,0.7568641975308644,邵阳米粉,0.7568641975308644,train
737,早餐,3,80,不差钱,开心,阴,一个人,想健康,不吃辣,,46,燕麦牛奶粥,早餐粥点,0.5929443266285372,咖喱牛肉汤,0.5927340573656364,train
738,下午加餐,5,32,正常,开心,阴,朋友,随便,微辣,,706,芒果班戟,糖水甜品,0.593605900272567,凯撒沙拉,0.5843466410133077,train
739,晚餐,3,65,不差钱,疲惫,冷,同事,想健康,微辣,麸质,471,梭子蟹炒年糕,本帮江浙菜,0.679851851851852,爆炒梭子蟹,0.6717037037037038,train
740,晚餐,4,91,正常,开心,晴,同事,想健康,微辣,,2,青椒肉丝,煲仔饭碟头饭,0.6125149911816579,豉椒炒花甲,0.6125149911816579,train
741,晚餐,3,45,想吃好点,一般,冷,同事,想健康,不吃辣,"海鲜,乳制品",350,丝瓜炒牛肉,广府家常菜,0.6413333333333334,菜心炒牛肉,0.6413333333333334,train
742,下午加餐,4,50,省着点,压力大,阴,家人,想健康,重辣,海鲜,688,双皮奶,糖水甜品,0.6394567901234569,全麦鸡肉三明治,0.6307065527065527,test
743,晚餐,4,32,想吃好点,开心,阴,朋友,严格控制,重辣,,532,剁椒蒸鱼,湘菜,0.701798941798942,香辣鱼块,0.701798941798942,train
744,午餐,2,15,正常,一般,雪,约会,不关心,重辣,,580,臭豆腐炒辣椒,湘菜,0.7449382716049385,青椒肉丝(川),0.7370370370370373,test
745,下午加餐,4,70,想吃好点,压力大,冷,一个人,随便,微辣,乳制品,770,波奇饭,轻食健康,0.5777777777777778,全麦鸡肉三明治,0.5708736942070275,train
746,午餐,1,36,正常,开心,冷,一个人,想健康,微辣,素食,195,清炒草头,家常炒菜,0.5789347442680777,手撕包菜(东北),0.5634779541446209,train
747,午餐,3,44,正常,一般,阴,一个人,不关心,中辣,素食,575,紫苏煎黄瓜,湘菜,0.5269135802469136,攸县香干,0.5269135802469136,train
748,晚餐,5,55,省着点,一般,晴,约会,想健康,微辣,"海鲜,乳制品",2,青椒肉丝,煲仔饭碟头饭,0.6587407407407406,咸肉菜饭,0.6582222222222223,test
749,下午加餐,3,26,想吃好点,兴奋,晴,一个人,随便,中辣,,33,三文鱼沙拉,轻食健康,0.5814814814814815,藜麦鸡胸沙拉,0.5814814814814815,train
750,晚餐,4,34,省着点,一般,热,同事,不关心,中辣,,60,东北饭包,东北菜,0.6064197530864199,腊味萝卜干,0.6064197530864197,train
751,夜宵,3,43,想吃好点,一般,热,家人,严格控制,不吃辣,,398,海鲜砂锅粥,广式粥粉面,0.6724691358024694,生滚鱼片粥,0.6656315289648623,train
752,午餐,4,74,想吃好点,压力大,雨,家人,不关心,微辣,乳制品,680,海南鸡饭,煲仔饭碟头饭,0.7045584045584048,滑鸡煲仔饭,0.7045584045584048,val
753,下午加餐,4,84,正常,一般,雨,一个人,随便,重辣,"海鲜,乳制品",34,全麦鸡肉三明治,轻食健康,0.577037037037037,藜麦牛油果碗,0.5568932302265635,test
754,下午加餐,4,15,正常,一般,阴,朋友,不关心,中辣,,769,凯撒沙拉,轻食健康,0.5864983164983166,全麦鸡肉三明治,0.5739506172839507,train
755,午餐,3,78,正常,开心,热,朋友,随便,重辣,,237,蒜泥白肉,川菜,0.6780952380952383,腊味萝卜干,0.6778483245149912,train
756,午餐,5,20,省着点,一般,雨,一个人,不关心,微辣,,284,牛肉焦饼,川菜,0.5664197530864198,军屯锅魁,0.5664197530864198,train
757,午餐,3,15,想吃好点,疲惫,阴,一个人,想健康,中辣,,11,云南小锅米线,长三角粉面,0.6050560303893637,攸县香干,0.6036315289648622,train
758,晚餐,5,18,正常,疲惫,热,一个人,不关心,不吃辣,海鲜,9,炸酱面,长三角粉面,0.6074074074074075,糖油果子,0.6003663003663002,val
759,夜宵,5,15,正常,疲惫,热,家人,随便,中辣,海鲜,627,炒年糕,烧烤小吃,0.7108641975308643,沙县蒸饺,0.6973165106498439,train
760,午餐,3,16,正常,兴奋,晴,朋友,不关心,微辣,"海鲜,乳制品",6,兰州牛肉面,长三角粉面,0.6097530864197532,上海辣肉面,0.608888888888889,val
761,早餐,3,33,正常,疲惫,雨,约会,随便,中辣,素食,807,衢州常山索面,长三角粉面,0.7074074074074075,常熟蕈油面,0.6916049382716051,train
762,晚餐,5,48,正常,疲惫,阴,一个人,不关心,中辣,,520,湘式炒粉,湘菜,0.5787654320987654,炒米粉(湘),0.5787654320987654,val
763,午餐,4,55,不差钱,疲惫,冷,同事,随便,微辣,麸质,383,避风塘炒蟹,广府家常菜,0.6523456790123459,梭子蟹炒年糕,0.6407407407407409,train
764,夜宵,3,92,不差钱,低落,冷,朋友,随便,微辣,,620,猪肚鸡,火锅麻辣烫,0.7222222222222224,臭豆腐,0.7039681111610938,train
765,午餐,4,91,不差钱,疲惫,雨,约会,随便,微辣,,383,避风塘炒蟹,广府家常菜,0.7287559354226024,梭子蟹炒年糕,0.7171509971509975,train
766,午餐,3,74,正常,疲惫,雨,一个人,想健康,微辣,,6,兰州牛肉面,长三角粉面,0.6536790123456792,青椒肉丝,0.6475061728395063,test
767,晚餐,4,26,想吃好点,疲惫,冷,朋友,想健康,不吃辣,乳制品,680,海南鸡饭,煲仔饭碟头饭,0.7334320987654322,台州跳鱼捞面,0.7260246913580249,train
768,晚餐,2,48,省着点,开心,热,一个人,不关心,微辣,,658,卤水豆腐,烧腊卤味,0.5571075837742504,卤水鸡翅,0.5505548772215438,train
769,午餐,4,44,正常,疲惫,晴,同事,想健康,微辣,,2,青椒肉丝,煲仔饭碟头饭,0.6566419753086421,石锅拌饭,0.6492345679012348,train
770,午餐,3,30,想吃好点,低落,雪,朋友,不关心,微辣,,559,湖南蛋饺,湘菜,0.7629629629629632,荤豆花,0.7629629629629632,test
771,晚餐,2,60,正常,低落,晴,一个人,想健康,不吃辣,麸质,365,豆豉蒸鲮鱼,广府家常菜,0.5687407407407408,豉汁蒸鱼头,0.5687407407407408,train
772,晚餐,3,53,正常,疲惫,雨,家人,随便,不吃辣,,152,锅出溜,东北菜,0.6934472934472937,卤水豆腐,0.6934472934472936,train
773,夜宵,5,34,正常,一般,热,朋友,不关心,微辣,,627,炒年糕,烧烤小吃,0.6644444444444446,鸡蛋灌饼,0.6482675349342016,test
774,午餐,3,96,想吃好点,疲惫,雨,家人,随便,中辣,乳制品,15,宫保鸡丁,家常炒菜,0.7092497625830961,酸菜肥牛,0.709249762583096,test
775,晚餐,5,22,省着点,兴奋,雨,家人,想健康,微辣,,2,青椒肉丝,煲仔饭碟头饭,0.6942962962962963,兰州牛肉面,0.6821975308641977,train
776,早餐,4,40,想吃好点,开心,阴,朋友,随便,重辣,,425,黑椒猪肚,早茶点心,0.6211367644700979,黑椒牛仔骨,0.6211367644700979,train
777,午餐,1,65,正常,开心,热,一个人,想健康,中辣,,648,卤水鸡翅,烧腊卤味,0.5728606701940036,干煸茧蛹,0.5602927689594357,val
778,午餐,2,82,省着点,兴奋,雨,一个人,想健康,不吃辣,素食,195,清炒草头,家常炒菜,0.5949135802469135,卤水豆腐,0.5795707502374169,val
779,晚餐,2,15,想吃好点,压力大,阴,朋友,不关心,不吃辣,,350,丝瓜炒牛肉,广府家常菜,0.621604938271605,凉瓜炒牛肉,0.621604938271605,train
780,下午加餐,5,19,想吃好点,疲惫,晴,一个人,严格控制,重辣,,770,波奇饭,轻食健康,0.6530864197530865,藜麦牛油果碗,0.6291358024691358,train
781,晚餐,4,56,正常,一般,晴,同事,想健康,不吃辣,"海鲜,乳制品",350,丝瓜炒牛肉,广府家常菜,0.5931851851851853,菜心炒牛肉,0.5931851851851853,train
782,午餐,5,63,省着点,一般,热,朋友,不关心,微辣,乳制品,658,卤水豆腐,烧腊卤味,0.6533333333333334,东北饭包,0.645308641975309,train
783,夜宵,3,17,正常,开心,晴,朋友,不关心,微辣,,645,臭豆腐,烧烤小吃,0.6629643196309863,炒年糕,0.654268077601411,train
784,晚餐,5,15,省着点,开心,热,同事,想健康,微辣,,60,东北饭包,东北菜,0.6471816578483247,炸酱面,0.6392804232804233,train
785,晚餐,4,48,正常,低落,阴,一个人,随便,微辣,,371,鱼香茄子煲,广府家常菜,0.548641975308642,豉椒炒花甲,0.548641975308642,train
786,午餐,2,17,正常,开心,雪,约会,不关心,微辣,,366,豉椒炒花甲,广府家常菜,0.7484656084656086,菜心炒牛肉,0.7374779541446209,test
787,晚餐,3,39,正常,压力大,晴,约会,想健康,中辣,海鲜,15,宫保鸡丁,家常炒菜,0.7282469135802472,荤豆花,0.7203456790123459,train
788,午餐,4,27,想吃好点,开心,晴,同事,不关心,不吃辣,,670,油鸡饭,煲仔饭碟头饭,0.5669271469271469,北菇滑鸡饭,0.5669271469271469,train
789,下午加餐,4,42,省着点,一般,晴,朋友,随便,微辣,,696,蛋挞,糖水甜品,0.5781032547699214,芒果班戟,0.5772390572390572,val
790,晚餐,4,32,省着点,兴奋,冷,家人,不关心,微辣,,668,咸肉菜饭,煲仔饭碟头饭,0.6622222222222223,青椒肉丝,0.6559259259259259,train
791,晚餐,2,25,不差钱,一般,热,朋友,不关心,微辣,,378,姜葱炒蟹,广府家常菜,0.6064197530864198,卤水拼盘,0.6058024691358024,train
792,夜宵,1,43,想吃好点,疲惫,阴,家人,严格控制,不吃辣,,398,海鲜砂锅粥,广式粥粉面,0.6886419753086422,生滚鱼片粥,0.6818043684710352,train
793,午餐,3,15,正常,一般,热,家人,想健康,中辣,乳制品,126,松仁小肚,东北菜,0.656493827160494,东北饭包,0.65562962962963,train
794,午餐,5,47,想吃好点,疲惫,雨,朋友,想健康,重辣,"海鲜,乳制品",13,麻婆豆腐,家常炒菜,0.7697948717948719,麻辣烫(川),0.7632839506172843,train
795,晚餐,1,67,想吃好点,低落,阴,一个人,想健康,不吃辣,"海鲜,乳制品",350,丝瓜炒牛肉,广府家常菜,0.5415802469135803,凉瓜炒牛肉,0.5415802469135803,train
796,午餐,3,25,正常,低落,晴,一个人,随便,微辣,,559,湖南蛋饺,湘菜,0.548641975308642,兰州牛肉面,0.548641975308642,train
797,早餐,4,56,正常,压力大,阴,朋友,随便,不吃辣,,428,及第粥,早餐粥点,0.6587205387205388,萝卜糕,0.6459135925802593,test
798,夜宵,4,32,不差钱,一般,阴,同事,不关心,不吃辣,乳制品,632,煎饺,烧烤小吃,0.5801199580146948,锅贴,0.5801199580146948,train
799,晚餐,3,27,想吃好点,疲惫,晴,家人,不关心,微辣,海鲜,811,鳝丝面,长三角粉面,0.6507407407407411,牛杂,0.6507407407407408,train
800,夜宵,4,74,不差钱,一般,晴,家人,随便,微辣,海鲜,611,潮汕牛肉火锅,火锅麻辣烫,0.6311111111111111,清汤火锅,0.6311111111111111,train
801,夜宵,2,85,不差钱,一般,冷,家人,不关心,不吃辣,海鲜,611,潮汕牛肉火锅,火锅麻辣烫,0.6792592592592593,菌汤火锅,0.6656790123456792,train
802,早餐,2,15,正常,开心,晴,约会,随便,微辣,,439,菜肉大馄饨,早餐粥点,0.6551499118165786,虾籽馄饨面,0.6551499118165786,train
803,午餐,3,101,正常,开心,雨,约会,想健康,微辣,,292,荤豆花,川菜,0.7311474698141367,干煸茧蛹,0.7242433862433865,train
804,午餐,2,31,正常,开心,热,家人,不关心,微辣,素食,658,卤水豆腐,烧腊卤味,0.6511816578483246,油焖笋,0.6073544973544974,train
805,晚餐,1,15,不差钱,一般,冷,约会,随便,不吃辣,,378,姜葱炒蟹,广府家常菜,0.6250617283950618,姜葱炒牛肉,0.6171075123706703,train
806,午餐,2,54,省着点,低落,阴,同事,不关心,微辣,海鲜,109,东北臭豆腐,东北菜,0.5879012345679013,手撕包菜(东北),0.574320987654321,train
807,晚餐,4,35,正常,开心,冷,同事,严格控制,中辣,素食,552,攸县香干,湘菜,0.6679717813051147,紫苏煎黄瓜,0.6679717813051147,train
808,午餐,2,16,正常,兴奋,雪,一个人,想健康,重辣,麸质,248,青椒肉丝(川),川菜,0.6926913580246915,豉椒炒花甲,0.6847901234567902,test
809,午餐,3,46,正常,压力大,晴,朋友,想健康,重辣,海鲜,13,麻婆豆腐,家常炒菜,0.7246666666666669,麻辣烫(川),0.7158765432098768,train
810,晚餐,3,75,正常,疲惫,雨,同事,想健康,中辣,,11,云南小锅米线,长三角粉面,0.694172839506173,紫苏煎黄瓜,0.6941728395061729,test
811,午餐,3,15,想吃好点,压力大,阴,一个人,想健康,中辣,,11,云南小锅米线,长三角粉面,0.6050560303893637,攸县香干,0.6036315289648622,train
812,午餐,3,62,省着点,压力大,晴,同事,严格控制,重辣,,575,紫苏煎黄瓜,湘菜,0.6528395061728396,云南小锅米线,0.6516049382716048,val
813,下午加餐,5,48,省着点,开心,阴,朋友,想健康,不吃辣,,688,双皮奶,糖水甜品,0.5821375661375663,桂花糖芋艿,0.5734955908289242,train
814,午餐,2,56,正常,疲惫,雪,同事,不关心,不吃辣,,347,菜心炒牛肉,广府家常菜,0.702962962962963,豉汁蒸排骨,0.702962962962963,test
815,午餐,3,30,想吃好点,开心,晴,同事,随便,微辣,,651,牛杂,烧腊卤味,0.5734038800705468,豉椒炒花甲,0.5734038800705468,train
816,早餐,4,77,正常,一般,热,同事,随便,中辣,素食,413,白糖糕,早茶点心,0.5627703161036495,青团,0.5621598154931489,train
817,早餐,2,15,正常,疲惫,晴,一个人,想健康,重辣,海鲜,439,菜肉大馄饨,早餐粥点,0.6613333333333332,南翔小笼包,0.6515555555555556,train
818,午餐,3,48,省着点,疲惫,晴,朋友,严格控制,微辣,,6,兰州牛肉面,长三角粉面,0.6892592592592593,青椒肉丝,0.6885185185185188,val
819,午餐,5,63,正常,开心,热,家人,不关心,中辣,素食,658,卤水豆腐,烧腊卤味,0.6647619047619048,糖油果子,0.6336467236467236,train
820,晚餐,4,45,想吃好点,开心,热,一个人,随便,重辣,素食,658,卤水豆腐,烧腊卤味,0.557012617012617,糖油果子,0.5501750101750101,train
821,晚餐,5,49,不差钱,低落,热,家人,想健康,微辣,素食,658,卤水豆腐,烧腊卤味,0.6731150097465888,东北乱炖(素),0.6462631079122308,train
822,晚餐,3,54,正常,疲惫,冷,朋友,随便,微辣,,559,湖南蛋饺,湘菜,0.7111111111111114,荤豆花,0.7111111111111114,train
823,晚餐,3,68,想吃好点,一般,晴,家人,随便,不吃辣,麸质,655,豉油鸡,烧腊卤味,0.6051851851851852,卤水掌翼,0.6051851851851852,train
824,晚餐,3,107,不差钱,开心,雨,同事,随便,微辣,素食,72,手撕包菜(东北),东北菜,0.5904769045119923,油焖春笋,0.5897731508257823,train
825,晚餐,2,62,正常,一般,阴,一个人,不关心,微辣,素食,109,东北臭豆腐,东北菜,0.5084710351377018,清炒草头,0.5074074074074075,val
826,夜宵,1,24,正常,开心,晴,一个人,想健康,不吃辣,,625,沙县扁肉,烧烤小吃,0.5871083977750644,生滚鱼片粥,0.5551252204585538,train
827,晚餐,3,33,正常,疲惫,晴,一个人,不关心,微辣,,48,东北土豆丝,东北菜,0.563456790123457,上海辣肉面,0.563456790123457,train
828,午餐,2,15,想吃好点,一般,晴,一个人,不关心,微辣,"海鲜,乳制品",357,烧肉炒芥兰,广府家常菜,0.5111111111111112,菜心炒牛肉,0.5111111111111112,train
829,早餐,4,75,省着点,开心,晴,一个人,想健康,微辣,,439,菜肉大馄饨,早餐粥点,0.5837671957671958,燕麦牛奶粥,0.5761552028218696,val
830,下午加餐,3,23,不差钱,开心,雪,同事,不关心,重辣,"海鲜,乳制品",34,全麦鸡肉三明治,轻食健康,0.6747718774619359,藜麦牛油果碗,0.6604635520424993,test
831,午餐,3,31,正常,疲惫,雨,朋友,严格控制,中辣,麸质,15,宫保鸡丁,家常炒菜,0.7652991452991457,云南小锅米线,0.7576543209876543,train
832,下午加餐,2,15,正常,压力大,雪,一个人,想健康,微辣,乳制品,34,全麦鸡肉三明治,轻食健康,0.7233909465020576,水煮时蔬,0.7161316872427983,test
833,下午加餐,4,90,正常,开心,阴,一个人,严格控制,不吃辣,,32,藜麦牛油果碗,轻食健康,0.6168579568579567,全麦鸡肉三明治,0.6083597883597883,train
834,午餐,4,25,省着点,低落,热,约会,随便,微辣,,60,东北饭包,东北菜,0.6774074074074078,卤水豆腐,0.6649382716049386,train
835,午餐,2,37,正常,兴奋,晴,一个人,想健康,中辣,,248,青椒肉丝(川),川菜,0.5778765432098766,豉椒炒花甲,0.5699753086419753,train
836,下午加餐,5,47,不差钱,兴奋,冷,一个人,不关心,中辣,,770,波奇饭,轻食健康,0.5243024941270555,奶茶,0.5111076123356825,train
837,下午加餐,5,55,省着点,压力大,冷,一个人,不关心,中辣,麸质,764,奶茶,轻食健康,0.5895061728395062,珍珠奶茶,0.5814814814814815,train
838,午餐,4,48,正常,开心,热,朋友,随便,不吃辣,素食,658,卤水豆腐,烧腊卤味,0.6647619047619048,糖油果子,0.6336467236467236,train
839,午餐,1,60,正常,压力大,雪,朋友,随便,中辣,乳制品,557,浏阳蒸菜,湘菜,0.7503703703703705,干豆角炒肉,0.7435802469135803,test
840,午餐,3,37,正常,疲惫,冷,同事,想健康,微辣,海鲜,6,兰州牛肉面,长三角粉面,0.6973827160493828,青椒肉丝,0.69120987654321,train
841,午餐,4,29,正常,低落,热,同事,不关心,重辣,,579,腊味萝卜干,湘菜,0.6520987654320988,东北饭包,0.6360493827160496,train
842,午餐,3,46,正常,压力大,阴,朋友,想健康,中辣,,15,宫保鸡丁,家常炒菜,0.7154074074074076,浏阳蒸菜,0.7056296296296297,train
843,夜宵,3,53,想吃好点,压力大,雨,同事,不关心,微辣,素食,640,烤玉米,烧烤小吃,0.699696106362773,韭菜盒子,0.686951566951567,train
844,晚餐,4,39,正常,压力大,雨,约会,严格控制,微辣,"海鲜,乳制品",88,石锅拌饭,东北菜,0.770740740740741,荤豆花,0.7702374169040839,train
845,午餐,2,26,正常,一般,晴,一个人,不关心,不吃辣,麸质,665,金钱肚,烧腊卤味,0.5111111111111112,豉汁蒸鱼头,0.5111111111111112,val
846,晚餐,4,63,想吃好点,疲惫,晴,家人,不关心,不吃辣,麸质,687,黄鳝煲仔饭,煲仔饭碟头饭,0.6570370370370371,滑鸡煲仔饭,0.6570370370370371,train
847,晚餐,4,53,省着点,开心,阴,约会,不关心,微辣,,668,咸肉菜饭,煲仔饭碟头饭,0.6403174603174604,拔丝地瓜,0.6316754850088183,train
848,晚餐,3,70,想吃好点,开心,晴,同事,想健康,中辣,"海鲜,乳制品",248,青椒肉丝(川),川菜,0.6091911545244877,干煸茧蛹,0.6088112874779542,train
849,午餐,2,45,正常,一般,热,一个人,想健康,微辣,乳制品,648,卤水鸡翅,烧腊卤味,0.5885925925925927,卤水豆腐,0.5750123456790124,val
850,晚餐,2,15,正常,一般,冷,同事,随便,重辣,素食,580,臭豆腐炒辣椒,湘菜,0.6125925925925927,长沙臭豆腐,0.606474019807353,test
851,夜宵,4,42,不差钱,一般,晴,一个人,想健康,微辣,,627,炒年糕,烧烤小吃,0.5787100514819813,烤生蚝,0.5775716499225272,train
852,午餐,3,77,正常,低落,晴,家人,不关心,不吃辣,,659,卤水鸭掌,烧腊卤味,0.6237037037037036,白灼猪手,0.6237037037037036,val
853,早餐,3,27,正常,低落,热,家人,不关心,重辣,素食,807,衢州常山索面,长三角粉面,0.6276543209876543,白糖糕,0.61993080993081,train
854,晚餐,5,33,正常,低落,热,同事,想健康,中辣,素食,575,紫苏煎黄瓜,湘菜,0.6510864197530865,攸县香干,0.6510864197530865,train
855,晚餐,3,62,正常,开心,晴,朋友,想健康,不吃辣,,91,红烧带鱼,东北菜,0.6520211640211642,土豆炖茄子,0.6520211640211642,test
856,晚餐,5,26,省着点,压力大,冷,一个人,随便,微辣,,284,牛肉焦饼,川菜,0.6190123456790124,军屯锅魁,0.6190123456790124,train
857,晚餐,4,65,正常,疲惫,晴,一个人,不关心,不吃辣,麸质,669,扬州炒饭,煲仔饭碟头饭,0.562962962962963,油鸡饭,0.562962962962963,val
858,午餐,3,62,正常,低落,热,家人,严格控制,中辣,,15,宫保鸡丁,家常炒菜,0.7112345679012347,青椒肉丝(川),0.7013580246913582,train
859,晚餐,3,66,正常,疲惫,冷,一个人,随便,微辣,,787,南京老卤面,长三角粉面,0.6116049382716051,鳝丝面,0.6116049382716051,train
860,下午加餐,4,34,省着点,一般,热,朋友,严格控制,中辣,,688,双皮奶,糖水甜品,0.6738271604938272,全麦鸡肉三明治,0.6730769230769232,train
861,晚餐,4,58,省着点,开心,晴,家人,想健康,微辣,素食,658,卤水豆腐,烧腊卤味,0.64594708994709,东北土豆丝,0.6324902998236334,val
862,午餐,4,92,正常,疲惫,晴,家人,随便,不吃辣,,680,海南鸡饭,煲仔饭碟头饭,0.6607407407407409,滑鸡煲仔饭,0.6607407407407409,train
863,午餐,4,56,省着点,压力大,晴,家人,想健康,微辣,,2,青椒肉丝,煲仔饭碟头饭,0.6905925925925926,咸肉菜饭,0.6900740740740743,train
864,晚餐,4,43,正常,压力大,阴,朋友,想健康,重辣,,13,麻婆豆腐,家常炒菜,0.7246666666666669,麻辣烫(川),0.7158765432098768,train
865,早餐,3,51,正常,疲惫,雪,家人,随便,中辣,素食,807,衢州常山索面,长三角粉面,0.7511111111111111,白粥配咸菜,0.7382743182743183,test
866,早餐,3,52,正常,疲惫,热,同事,随便,微辣,素食,413,白糖糕,早茶点心,0.6516592049925384,青团,0.6510487043820377,train
867,午餐,4,20,不差钱,疲惫,热,朋友,随便,微辣,,656,卤水拼盘,烧腊卤味,0.679135802469136,熏酱拼盘,0.6703123906632679,val
868,晚餐,4,15,不差钱,一般,阴,朋友,随便,微辣,,366,豉椒炒花甲,广府家常菜,0.5823741690408357,烤生蚝,0.5821642425151198,val
869,午餐,3,71,正常,一般,晴,家人,不关心,微辣,,559,湖南蛋饺,湘菜,0.6130864197530864,蒜泥白肉,0.6130864197530864,train
870,晚餐,1,57,省着点,开心,雨,同事,不关心,微辣,,109,东北臭豆腐,东北菜,0.58994708994709,大酱炒鸡蛋,0.5820458553791887,train
871,晚餐,3,58,正常,低落,冷,一个人,想健康,重辣,乳制品,252,麻婆豆腐(川),川菜,0.6739259259259259,小炒香干,0.6739259259259259,train
872,午餐,4,61,想吃好点,疲惫,晴,一个人,想健康,不吃辣,"海鲜,乳制品",680,海南鸡饭,煲仔饭碟头饭,0.6057777777777779,滑鸡煲仔饭,0.5960000000000001,val
873,晚餐,3,36,不差钱,疲惫,晴,约会,想健康,微辣,,471,梭子蟹炒年糕,本帮江浙菜,0.7124444444444448,台州跳鱼捞面,0.703807467386415,test
874,午餐,2,30,想吃好点,开心,晴,家人,不关心,重辣,乳制品,312,麻辣牛肉,川菜,0.6403174603174604,剁椒蒸鱼,0.6403174603174604,val
875,午餐,5,56,正常,开心,晴,朋友,不关心,不吃辣,,686,豉汁排骨煲仔饭,煲仔饭碟头饭,0.6203174603174604,窝蛋牛肉煲仔饭,0.6203174603174604,test
876,下午加餐,3,53,正常,一般,雨,一个人,不关心,中辣,,34,全麦鸡肉三明治,轻食健康,0.6140740740740741,丝袜奶茶,0.6140740740740741,train
877,晚餐,5,27,省着点,开心,阴,同事,想健康,中辣,,575,紫苏煎黄瓜,湘菜,0.6137495590828924,青椒肉丝,0.6075767195767194,test
878,夜宵,3,36,正常,一般,雨,家人,想健康,不吃辣,,647,韭菜盒子,烧烤小吃,0.7129895536562204,沙县拌面,0.6939772079772081,train
879,早餐,4,53,正常,一般,阴,同事,想健康,重辣,素食,807,衢州常山索面,长三角粉面,0.5726913580246914,白粥配咸菜,0.5635582688916023,val
880,午餐,3,102,省着点,兴奋,晴,家人,随便,不吃辣,,658,卤水豆腐,烧腊卤味,0.6140740740740741,咸肉菜饭,0.6041975308641976,train
881,晚餐,4,37,想吃好点,兴奋,晴,一个人,不关心,中辣,"海鲜,乳制品",241,酸汤肥牛,川菜,0.5417283950617284,酸菜肥牛,0.5417283950617284,train
882,早餐,5,15,正常,开心,阴,朋友,严格控制,不吃辣,素食,793,常熟蕈油面,长三角粉面,0.5915696649029983,素鸡面,0.5915696649029983,train
883,下午加餐,4,36,正常,疲惫,晴,家人,不关心,中辣,,706,芒果班戟,糖水甜品,0.6303254769921438,珍珠奶茶,0.6217283950617285,train
884,午餐,2,57,正常,开心,晴,同事,想健康,中辣,素食,195,清炒草头,家常炒菜,0.600910052910053,紫苏煎黄瓜,0.6001693121693121,train
885,午餐,3,73,想吃好点,压力大,雨,朋友,不关心,中辣,麸质,15,宫保鸡丁,家常炒菜,0.7201139601139603,酸汤肥牛,0.7201139601139602,train
886,晚餐,3,16,正常,低落,阴,一个人,想健康,不吃辣,素食,195,清炒草头,家常炒菜,0.5650370370370372,韭菜盒子(东北),0.5523288563288563,train
887,晚餐,3,57,想吃好点,压力大,雨,家人,随便,中辣,,15,宫保鸡丁,家常炒菜,0.7092497625830961,酸菜肥牛,0.709249762583096,train
888,晚餐,4,39,正常,疲惫,晴,一个人,想健康,中辣,,11,云南小锅米线,长三角粉面,0.6104691358024693,宫保鸡丁,0.6104691358024693,train
889,午餐,3,31,正常,疲惫,晴,约会,随便,微辣,素食,458,油焖笋,本帮江浙菜,0.6696296296296298,东北土豆丝,0.6635802469135805,train
890,午餐,2,48,想吃好点,疲惫,热,一个人,严格控制,不吃辣,素食,818,牛油果吐司,面包甜点,0.6216265216265215,卤水豆腐,0.6038556505223173,train
891,早餐,4,60,想吃好点,兴奋,阴,家人,随便,中辣,素食,807,衢州常山索面,长三角粉面,0.5433618233618235,常熟蕈油面,0.5366761633428301,train
892,下午加餐,2,46,想吃好点,兴奋,晴,朋友,严格控制,中辣,素食,32,藜麦牛油果碗,轻食健康,0.7141975308641976,水煮时蔬,0.6727350427350426,train
893,午餐,1,28,正常,一般,晴,朋友,想健康,微辣,海鲜,162,干煸茧蛹,东北菜,0.6335555555555556,炒蚕蛹,0.6335555555555556,val
894,午餐,5,54,正常,低落,雪,同事,想健康,中辣,,11,云南小锅米线,长三角粉面,0.7578765432098765,紫苏煎黄瓜,0.7578765432098765,test
895,午餐,3,46,想吃好点,疲惫,晴,家人,想健康,中辣,海鲜,15,宫保鸡丁,家常炒菜,0.7045432098765434,酸菜肥牛,0.7045432098765433,train
896,晚餐,3,50,省着点,低落,雨,约会,想健康,微辣,,6,兰州牛肉面,长三角粉面,0.7266419753086422,干豆腐炒尖椒,0.7266419753086422,test
897,夜宵,4,102,正常,一般,晴,家人,随便,中辣,麸质,26,烤鸡翅,烧烤小吃,0.6670370370370371,炒年糕,0.6509876543209878,test
898,早餐,4,22,想吃好点,开心,晴,朋友,随便,中辣,,425,黑椒猪肚,早茶点心,0.6171861471861474,黑椒牛仔骨,0.6171861471861474,train
899,午餐,5,77,正常,开心,阴,家人,不关心,微辣,素食,371,鱼香茄子煲,广府家常菜,0.6177248677248678,卤水豆腐,0.6166137566137566,train
900,晚餐,1,48,省着点,一般,热,朋友,随便,中辣,素食,658,卤水豆腐,烧腊卤味,0.6125925925925926,长沙臭豆腐,0.5991358024691358,train
901,午餐,5,60,正常,疲惫,热,一个人,不关心,不吃辣,,9,炸酱面,长三角粉面,0.6111111111111112,蜜汁叉烧,0.603988603988604,train
902,夜宵,3,41,正常,压力大,阴,一个人,想健康,不吃辣,素食,647,韭菜盒子,烧烤小吃,0.6373105413105412,常熟蕈油面,0.5946666666666668,val
903,午餐,4,99,正常,压力大,冷,同事,不关心,微辣,麸质,2,青椒肉丝,煲仔饭碟头饭,0.6656790123456792,星洲炒米粉,0.6582716049382717,train
904,午餐,3,36,正常,开心,阴,朋友,严格控制,中辣,,15,宫保鸡丁,家常炒菜,0.6847619047619048,荤豆花,0.6751322751322753,train
905,午餐,4,26,不差钱,开心,热,一个人,不关心,中辣,麸质,656,卤水拼盘,烧腊卤味,0.5706878306878307,腊味萝卜干,0.5612991167377133,val
906,午餐,5,37,正常,一般,雨,家人,想健康,不吃辣,,680,海南鸡饭,煲仔饭碟头饭,0.691817663817664,酿豆腐,0.6849135802469136,train
907,晚餐,4,76,省着点,一般,阴,朋友,随便,微辣,海鲜,658,卤水豆腐,烧腊卤味,0.6051851851851852,咸肉菜饭,0.6051851851851852,val
908,午餐,2,39,正常,一般,冷,约会,不关心,不吃辣,,368,豉汁蒸凤爪,广府家常菜,0.6770370370370372,豆豉蒸鲮鱼,0.6702469135802471,val
909,午餐,5,18,正常,疲惫,雨,约会,不关心,微辣,,2,青椒肉丝,煲仔饭碟头饭,0.7259506172839509,咖喱鸡排饭,0.7195802469135805,val
910,早餐,3,27,想吃好点,低落,热,家人,随便,微辣,素食,413,白糖糕,早茶点心,0.6077207977207978,青团,0.5984140550807218,train
911,午餐,2,15,想吃好点,一般,雨,约会,随便,重辣,,580,臭豆腐炒辣椒,湘菜,0.6661348528015195,青椒肉丝(川),0.6650712250712251,train
912,午餐,5,31,省着点,开心,热,同事,不关心,中辣,"海鲜,乳制品",60,东北饭包,东北菜,0.6178483245149913,腊味萝卜干,0.617848324514991,train
913,午餐,5,65,正常,压力大,雨,朋友,严格控制,不吃辣,,680,海南鸡饭,煲仔饭碟头饭,0.7497435897435899,黄鳝煲仔饭,0.7427350427350429,val
914,晚餐,5,34,想吃好点,一般,阴,朋友,随便,重辣,乳制品,524,香辣鱼块,湘菜,0.6451851851851852,干锅茶树菇,0.6451851851851852,train
915,午餐,4,75,省着点,开心,雨,同事,随便,微辣,"海鲜,乳制品",284,牛肉焦饼,川菜,0.6208112874779542,军屯锅魁,0.6208112874779542,train
916,午餐,3,58,想吃好点,一般,晴,一个人,不关心,中辣,乳制品,307,魔芋烧鸭,川菜,0.5269135802469136,冒鸭子,0.5269135802469136,train
917,夜宵,4,37,想吃好点,一般,阴,朋友,不关心,微辣,,627,炒年糕,烧烤小吃,0.6473029439696107,臭豆腐,0.6393257359924028,val
918,午餐,3,46,省着点,低落,晴,家人,不关心,中辣,,523,长沙臭豆腐,湘菜,0.6481481481481481,南京皮肚面,0.6472839506172838,val
919,午餐,4,15,正常,低落,阴,约会,严格控制,不吃辣,,347,菜心炒牛肉,广府家常菜,0.6749382716049384,丝瓜炒牛肉,0.6749382716049384,train
920,午餐,4,47,省着点,压力大,雨,朋友,随便,重辣,,10,螺蛳粉,长三角粉面,0.7271604938271607,重庆酸辣粉,0.7267901234567904,train
921,晚餐,3,71,正常,压力大,雪,家人,不关心,中辣,"海鲜,乳制品",15,宫保鸡丁,家常炒菜,0.780246913580247,浏阳蒸菜,0.780246913580247,test
922,午餐,2,59,正常,一般,晴,朋友,严格控制,微辣,麸质,162,干煸茧蛹,东北菜,0.6532098765432102,炒蚕蛹,0.6532098765432102,train
923,晚餐,2,73,正常,兴奋,晴,朋友,严格控制,中辣,,594,醋蒸鸡,湘菜,0.6767114367114366,青椒肉丝(川),0.6753086419753086,train
924,晚餐,2,56,正常,疲惫,阴,约会,不关心,中辣,,557,浏阳蒸菜,湘菜,0.6755555555555556,干豆角炒肉,0.6687654320987655,train
925,午餐,5,57,正常,兴奋,冷,同事,想健康,微辣,,2,青椒肉丝,煲仔饭碟头饭,0.6647901234567903,兰州牛肉面,0.6581234567901235,train
926,午餐,3,33,正常,疲惫,热,朋友,随便,中辣,,579,腊味萝卜干,湘菜,0.7108641975308643,蒜泥白肉,0.7014814814814817,train
927,午餐,2,17,不差钱,疲惫,冷,朋友,不关心,微辣,素食,72,手撕包菜(东北),东北菜,0.649542160243915,东北臭豆腐,0.64843354825811,val
928,晚餐,1,46,不差钱,一般,阴,朋友,不关心,微辣,,501,清蒸大闸蟹,本帮江浙菜,0.5879012345679013,黄山臭鳜鱼,0.5876543209876544,train
929,晚餐,3,47,省着点,开心,冷,朋友,想健康,微辣,,71,干豆腐炒尖椒,东北菜,0.690910052910053,兰州牛肉面,0.690910052910053,train
930,午餐,4,25,想吃好点,压力大,阴,同事,想健康,不吃辣,乳制品,680,海南鸡饭,煲仔饭碟头饭,0.6428148148148151,北菇滑鸡饭,0.6366837606837606,train
931,晚餐,2,43,想吃好点,一般,阴,一个人,严格控制,不吃辣,,353,姜葱炒牛肉,广府家常菜,0.5562962962962964,姜葱焗鱼,0.5562962962962964,train
932,晚餐,4,33,正常,开心,雨,一个人,随便,微辣,,2,青椒肉丝,煲仔饭碟头饭,0.5778483245149911,牛杂,0.5778483245149911,train
933,午餐,3,67,正常,低落,雨,朋友,严格控制,中辣,,15,宫保鸡丁,家常炒菜,0.7578917378917381,攸县香干,0.7516049382716049,train
934,午餐,3,86,想吃好点,开心,阴,一个人,随便,中辣,,588,血鸭,湘菜,0.5383421516754849,酸菜肥牛,0.5383421516754849,val
935,午餐,4,43,正常,低落,阴,家人,想健康,中辣,,15,宫保鸡丁,家常炒菜,0.697135802469136,浏阳蒸菜,0.6910617283950619,val
936,午餐,4,67,不差钱,压力大,阴,朋友,严格控制,微辣,"海鲜,乳制品",24,菌汤火锅,火锅麻辣烫,0.7051851851851852,连锅汤,0.6973519268256113,train
937,早餐,3,57,正常,开心,晴,家人,想健康,不吃辣,素食,433,白粥配咸菜,早餐粥点,0.6352690272690275,明火白粥,0.6197351784018451,train
938,早餐,3,46,想吃好点,疲惫,热,家人,随便,微辣,素食,413,白糖糕,早茶点心,0.6503133903133903,青团,0.6410066476733143,test
939,早餐,2,40,省着点,一般,阴,一个人,想健康,中辣,,46,燕麦牛奶粥,早餐粥点,0.6229629629629629,鲜肉小馄饨,0.6131851851851852,train
940,午餐,3,16,省着点,压力大,晴,朋友,不关心,中辣,,11,云南小锅米线,长三角粉面,0.6597283950617283,紫苏煎黄瓜,0.658641975308642,train
941,午餐,5,78,正常,压力大,阴,朋友,想健康,不吃辣,海鲜,680,海南鸡饭,煲仔饭碟头饭,0.6998518518518521,咸肉菜饭,0.6900740740740743,val
942,晚餐,5,45,想吃好点,疲惫,晴,朋友,不关心,不吃辣,,687,黄鳝煲仔饭,煲仔饭碟头饭,0.6570370370370371,豉汁排骨煲仔饭,0.6570370370370371,test
943,夜宵,3,89,省着点,压力大,雨,一个人,不关心,不吃辣,麸质,625,沙县扁肉,烧烤小吃,0.6518518518518519,陈村粉,0.6214814814814816,train
944,晚餐,5,68,正常,压力大,雨,约会,想健康,不吃辣,乳制品,680,海南鸡饭,煲仔饭碟头饭,0.7636695156695159,黄鳝煲仔饭,0.7566609686609688,val
945,早餐,1,52,省着点,开心,热,约会,严格控制,重辣,,445,咖喱牛肉汤,早餐粥点,0.7383597883597885,艇仔粥,0.7205820105820108,train
946,午餐,1,60,想吃好点,一般,阴,一个人,想健康,微辣,,166,炒蚕蛹,东北菜,0.5408395061728396,干煸茧蛹,0.5408395061728396,val
947,晚餐,3,33,想吃好点,压力大,雨,朋友,想健康,中辣,,15,宫保鸡丁,家常炒菜,0.7592250712250715,酸菜肥牛,0.7592250712250714,val
948,晚餐,3,73,正常,疲惫,热,约会,想健康,微辣,"海鲜,乳制品",658,卤水豆腐,烧腊卤味,0.7350123456790126,荤豆花,0.7283703703703707,train
949,午餐,3,53,省着点,兴奋,晴,家人,不关心,中辣,"海鲜,乳制品",523,长沙臭豆腐,湘菜,0.6162962962962963,南京皮肚面,0.615432098765432,train
950,晚餐,2,15,想吃好点,开心,晴,一个人,不关心,重辣,,580,臭豆腐炒辣椒,湘菜,0.5348473748473748,青椒肉丝(川),0.5337837471170803,train
951,午餐,4,79,正常,压力大,雪,朋友,随便,不吃辣,,680,海南鸡饭,煲仔饭碟头饭,0.7755555555555558,滑鸡煲仔饭,0.7755555555555558,test
952,晚餐,4,105,正常,疲惫,晴,家人,不关心,中辣,海鲜,15,宫保鸡丁,家常炒菜,0.6654320987654323,川味香肠,0.6654320987654322,train
953,晚餐,5,15,正常,疲惫,晴,同事,随便,中辣,,303,铺盖面,川菜,0.6150617283950617,湖南炒饭,0.6150617283950617,train
954,晚餐,5,67,正常,疲惫,阴,同事,想健康,不吃辣,麸质,680,海南鸡饭,煲仔饭碟头饭,0.6391111111111113,酿豆腐,0.6376296296296298,train
955,下午加餐,3,76,想吃好点,疲惫,晴,一个人,想健康,微辣,,770,波奇饭,轻食健康,0.6637037037037037,藜麦牛油果碗,0.6533333333333333,val
956,晚餐,3,23,正常,疲惫,冷,家人,不关心,不吃辣,海鲜,98,酱烧茄子,东北菜,0.6909876543209879,双浇面,0.6909876543209879,val
957,早餐,4,38,正常,一般,雪,约会,不关心,不吃辣,"海鲜,乳制品",428,及第粥,早餐粥点,0.752794612794613,凤爪,0.7416835016835018,test
958,午餐,3,67,正常,一般,雨,同事,随便,不吃辣,"海鲜,乳制品",809,镇江锅盖面,长三角粉面,0.6014814814814815,绍兴次坞打面,0.6014814814814815,train
959,晚餐,4,75,省着点,压力大,热,一个人,想健康,中辣,"海鲜,乳制品",60,东北饭包,东北菜,0.6446419753086422,炸酱面,0.6367407407407408,test
960,晚餐,1,18,想吃好点,一般,冷,同事,不关心,微辣,,166,炒蚕蛹,东北菜,0.5849382716049383,干煸茧蛹,0.5849382716049383,train
961,午餐,4,53,想吃好点,疲惫,雨,约会,不关心,不吃辣,乳制品,680,海南鸡饭,煲仔饭碟头饭,0.7282621082621085,滑鸡煲仔饭,0.7282621082621085,train
962,早餐,4,66,正常,一般,阴,家人,不关心,不吃辣,海鲜,428,及第粥,早餐粥点,0.6142760942760943,凤爪,0.6031649831649831,train
963,晚餐,5,36,正常,低落,热,朋友,想健康,微辣,,237,蒜泥白肉,川菜,0.7144259259259264,东北饭包,0.704271604938272,train
964,夜宵,3,27,不差钱,兴奋,阴,家人,随便,微辣,,618,烤生蚝,火锅麻辣烫,0.6308062178237619,臭豆腐,0.6296471235067727,train
965,午餐,2,62,正常,一般,热,一个人,想健康,微辣,,648,卤水鸡翅,烧腊卤味,0.5885925925925927,符离集烧鸡,0.5756092796092797,train
966,午餐,2,38,省着点,兴奋,热,同事,随便,微辣,,658,卤水豆腐,烧腊卤味,0.591604938271605,卤水鸡翅,0.5820892687559355,train
967,晚餐,3,74,正常,压力大,雪,朋友,随便,重辣,,253,麻辣烫(川),川菜,0.8013580246913582,酸辣肚丝,0.8010256410256411,test
968,晚餐,5,61,想吃好点,压力大,晴,同事,随便,中辣,,4,咖喱鸡排饭,煲仔饭碟头饭,0.6115479582146249,鱼香肉片,0.611358024691358,val
969,夜宵,4,26,正常,压力大,冷,一个人,不关心,微辣,,627,炒年糕,烧烤小吃,0.674567901234568,煎饼果子,0.6638230904897571,train
970,晚餐,5,73,想吃好点,低落,热,一个人,随便,重辣,,579,腊味萝卜干,湘菜,0.6066856600189934,蒜泥白肉,0.5967901234567903,test
971,下午加餐,3,104,不差钱,一般,晴,家人,想健康,重辣,海鲜,32,藜麦牛油果碗,轻食健康,0.6566716649172789,藜麦鸡胸沙拉,0.6278457539861049,train
972,晚餐,5,15,正常,压力大,雨,同事,不关心,不吃辣,乳制品,3,台式卤肉饭,煲仔饭碟头饭,0.6533333333333334,烧腊双拼饭,0.6533333333333334,test
973,午餐,2,44,省着点,压力大,晴,一个人,随便,不吃辣,,658,卤水豆腐,烧腊卤味,0.5419753086419754,大酱炒鸡蛋,0.5414814814814816,test
974,晚餐,3,52,正常,疲惫,阴,一个人,想健康,中辣,麸质,11,云南小锅米线,长三角粉面,0.6104691358024693,宫保鸡丁,0.6104691358024693,train
975,下午加餐,1,48,省着点,兴奋,晴,家人,不关心,不吃辣,,688,双皮奶,糖水甜品,0.6046913580246914,全麦鸡肉三明治,0.5891263057929725,train
976,晚餐,3,33,想吃好点,开心,阴,一个人,不关心,中辣,,309,鱼香虾仁,川菜,0.5383421516754849,鱼香肉片,0.5383421516754849,val
977,午餐,4,68,正常,一般,雨,朋友,想健康,中辣,,15,宫保鸡丁,家常炒菜,0.7110769230769232,攸县香干,0.7047901234567902,val
978,午餐,5,46,正常,压力大,阴,同事,不关心,重辣,海鲜,2,青椒肉丝,煲仔饭碟头饭,0.6175308641975309,咖喱鸡排饭,0.6175308641975309,train
979,早餐,2,59,正常,一般,阴,一个人,想健康,微辣,,439,菜肉大馄饨,早餐粥点,0.6131851851851852,咖喱牛肉汤,0.6131851851851852,train
980,晚餐,4,74,正常,兴奋,雪,朋友,想健康,中辣,,15,宫保鸡丁,家常炒菜,0.7939259259259261,浏阳蒸菜,0.7848888888888891,test
981,早餐,5,36,不差钱,兴奋,晴,约会,随便,微辣,,454,蟹粉小笼包,早餐粥点,0.6308847812356584,及第粥,0.6216775037827671,train
982,午餐,3,85,正常,兴奋,雨,同事,不关心,不吃辣,,369,豉汁蒸鱼头,广府家常菜,0.6133333333333333,豆豉蒸鲮鱼,0.6133333333333333,test
983,午餐,3,56,正常,压力大,雨,同事,不关心,中辣,,786,南京皮肚面,长三角粉面,0.6587654320987655,酸菜炒粉皮,0.6587654320987655,train
984,晚餐,1,59,省着点,低落,阴,一个人,不关心,中辣,,523,长沙臭豆腐,湘菜,0.5404938271604938,紫苏煎黄瓜,0.5269135802469135,train
985,午餐,4,54,想吃好点,疲惫,阴,一个人,想健康,微辣,,88,石锅拌饭,东北菜,0.6062716049382717,海南鸡饭,0.6057777777777779,val
986,晚餐,5,23,省着点,开心,阴,朋友,不关心,重辣,,10,螺蛳粉,长三角粉面,0.6393298059964728,宜宾燃面,0.6389594356261024,test
987,晚餐,5,47,想吃好点,压力大,冷,家人,随便,不吃辣,海鲜,674,腊味煲仔饭,煲仔饭碟头饭,0.7051851851851852,滑鸡煲仔饭,0.7051851851851852,train
988,晚餐,4,77,不差钱,兴奋,晴,一个人,随便,重辣,麸质,538,口味虾,湘菜,0.5496296296296297,口味蟹,0.5496296296296297,test
989,早餐,2,38,正常,一般,阴,朋友,随便,微辣,海鲜,434,皮蛋瘦肉粥(珠三角),早餐粥点,0.6385510785510786,南翔小笼包,0.6279012345679013,train
990,午餐,3,46,省着点,一般,热,一个人,随便,不吃辣,,658,卤水豆腐,烧腊卤味,0.5592592592592593,炸酱面,0.5456790123456791,train
991,夜宵,3,63,想吃好点,疲惫,冷,朋友,想健康,中辣,乳制品,26,烤鸡翅,烧烤小吃,0.7894567901234568,酸菜鱼,0.7791111111111112,train
992,晚餐,4,36,正常,压力大,热,同事,想健康,微辣,,60,东北饭包,东北菜,0.6876049382716052,炸酱面,0.6797037037037038,train
993,夜宵,1,21,省着点,压力大,阴,同事,想健康,不吃辣,麸质,625,沙县扁肉,烧烤小吃,0.6631604938271606,猪肠粉,0.6224197530864201,train
994,午餐,3,77,正常,开心,热,一个人,严格控制,微辣,,648,卤水鸡翅,烧腊卤味,0.5980952380952381,卤水豆腐,0.5980952380952381,train
995,晚餐,4,82,正常,低落,冷,一个人,不关心,微辣,,2,青椒肉丝,煲仔饭碟头饭,0.5967901234567903,牛杂,0.5967901234567903,train
996,夜宵,5,56,不差钱,疲惫,晴,家人,想健康,中辣,乳制品,24,菌汤火锅,火锅麻辣烫,0.7185185185185188,炒年糕,0.7069816564202532,train
997,夜宵,3,30,不差钱,开心,阴,朋友,想健康,微辣,麸质,618,烤生蚝,火锅麻辣烫,0.6749261472770246,炒年糕,0.6584102278488245,train
998,晚餐,5,16,正常,一般,热,朋友,想健康,中辣,"海鲜,乳制品",60,东北饭包,东北菜,0.6746419753086423,炸酱面,0.6636296296296297,train
999,晚餐,4,29,想吃好点,疲惫,冷,朋友,想健康,不吃辣,,680,海南鸡饭,煲仔饭碟头饭,0.7442962962962965,梭子蟹炒年糕,0.7368888888888891,train
1000,下午加餐,4,39,省着点,低落,阴,家人,随便,中辣,,696,蛋挞,糖水甜品,0.59662177328844,芒果班戟,0.5957575757575756,train
1001,夜宵,2,54,想吃好点,一般,晴,约会,不关心,中辣,乳制品,26,烤鸡翅,烧烤小吃,0.6907407407407408,酸菜鱼,0.6706172839506173,train
1002,夜宵,3,51,不差钱,一般,阴,约会,不关心,重辣,麸质,617,小龙虾,火锅麻辣烫,0.6755555555555556,烤鸡翅,0.6749062828010196,train
1003,午餐,5,65,想吃好点,开心,晴,一个人,不关心,微辣,"海鲜,乳制品",4,咖喱鸡排饭,煲仔饭碟头饭,0.5318654185320851,樟茶鸭,0.5304409171075838,train
1004,午餐,4,77,正常,压力大,晴,朋友,想健康,微辣,,292,荤豆花,川菜,0.7020740740740743,青椒肉丝,0.7009629629629631,train
1005,晚餐,2,55,想吃好点,一般,热,家人,想健康,微辣,"海鲜,乳制品",648,卤水鸡翅,烧腊卤味,0.6781082621082622,豉油鸡,0.6690864197530866,test
1006,晚餐,5,55,正常,一般,晴,一个人,不关心,中辣,乳制品,575,紫苏煎黄瓜,湘菜,0.5269135802469136,腊味萝卜干,0.5269135802469136,train
1007,下午加餐,5,39,正常,开心,晴,约会,随便,不吃辣,,706,芒果班戟,糖水甜品,0.593605900272567,蛋挞,0.5866882500215832,val
1008,午餐,2,40,正常,压力大,雨,同事,想健康,不吃辣,海鲜,347,菜心炒牛肉,广府家常菜,0.6746666666666667,豉汁蒸排骨,0.6746666666666667,train
1009,晚餐,4,38,不差钱,开心,晴,朋友,不关心,微辣,麸质,383,避风塘炒蟹,广府家常菜,0.6299470899470901,上汤焗龙虾,0.6166137566137566,train
1010,午餐,3,74,省着点,疲惫,热,朋友,不关心,中辣,,579,腊味萝卜干,湘菜,0.7059259259259258,卤水豆腐,0.6977777777777779,train
1011,午餐,5,60,想吃好点,兴奋,晴,朋友,想健康,重辣,,524,香辣鱼块,湘菜,0.6961481481481483,酸菜肥牛,0.6857777777777778,train
1012,早餐,3,37,不差钱,一般,阴,朋友,随便,不吃辣,海鲜,434,皮蛋瘦肉粥(珠三角),早餐粥点,0.6119718098665468,南翔小笼包,0.6048692957464887,val
1013,晚餐,3,32,不差钱,开心,阴,家人,严格控制,不吃辣,海鲜,42,烤鸡胸配土豆泥,西式简餐,0.637557026469307,豉汁蒸排骨,0.6370151161379232,train
1014,下午加餐,4,73,正常,压力大,晴,家人,随便,微辣,,706,芒果班戟,糖水甜品,0.6303254769921438,珍珠奶茶,0.6217283950617285,train
1015,午餐,3,28,正常,疲惫,雨,同事,想健康,重辣,,11,云南小锅米线,长三角粉面,0.6978765432098767,兰州牛肉面,0.6966419753086421,train
1016,晚餐,3,21,正常,一般,冷,家人,严格控制,不吃辣,素食,195,清炒草头,家常炒菜,0.6744444444444447,油焖春笋,0.6675308641975312,train
1017,夜宵,4,22,正常,低落,雪,一个人,随便,不吃辣,麸质,399,潮汕牛肉丸粉,广式粥粉面,0.6592592592592593,猪杂汤粉,0.6592592592592593,test
1018,午餐,2,18,省着点,疲惫,雨,一个人,随便,不吃辣,素食,195,清炒草头,家常炒菜,0.5839506172839506,韭菜盒子(东北),0.5758024691358026,train
1019,下午加餐,5,72,正常,一般,热,朋友,随便,中辣,,706,芒果班戟,糖水甜品,0.6303254769921438,凯撒沙拉,0.6210662177328845,val
1020,夜宵,3,82,不差钱,开心,晴,朋友,随便,微辣,"海鲜,乳制品",620,猪肚鸡,火锅麻辣烫,0.6558730158730159,菌汤火锅,0.6425396825396825,train
1021,晚餐,3,58,想吃好点,一般,雪,朋友,想健康,微辣,,292,荤豆花,川菜,0.7724444444444448,湖南蛋饺,0.762666666666667,test
1022,午餐,4,45,省着点,低落,阴,约会,想健康,微辣,,2,青椒肉丝,煲仔饭碟头饭,0.6920740740740742,兰州牛肉面,0.6829382716049383,train
1023,夜宵,1,43,正常,兴奋,热,同事,想健康,不吃辣,素食,647,韭菜盒子,烧烤小吃,0.5917549857549858,素鸡面,0.5792345679012347,train
1024,午餐,2,48,正常,一般,晴,朋友,不关心,微辣,,166,炒蚕蛹,东北菜,0.6080246913580248,干煸茧蛹,0.6080246913580248,train
1025,晚餐,3,59,省着点,低落,晴,一个人,不关心,微辣,乳制品,109,东北臭豆腐,东北菜,0.5449382716049384,手撕包菜,0.5449382716049384,train
1026,夜宵,3,64,想吃好点,兴奋,阴,家人,严格控制,中辣,,613,酸菜鱼,火锅麻辣烫,0.7069135802469136,烤鸡翅,0.7062962962962964,train
1027,午餐,4,74,正常,一般,冷,一个人,不关心,重辣,海鲜,571,白辣椒炒鸡杂,湘菜,0.582962962962963,泡椒鸡杂,0.582962962962963,train
1028,午餐,3,73,不差钱,兴奋,阴,一个人,严格控制,微辣,,24,菌汤火锅,火锅麻辣烫,0.5785185185185187,猪肚鸡,0.571604938271605,train
1029,晚餐,1,43,省着点,压力大,晴,朋友,严格控制,中辣,麸质,575,紫苏煎黄瓜,湘菜,0.6630864197530864,攸县香干,0.6546248812915479,train
1030,午餐,3,41,正常,压力大,阴,朋友,想健康,重辣,,13,麻婆豆腐,家常炒菜,0.7246666666666669,麻辣烫(川),0.7158765432098768,train
1031,晚餐,4,59,正常,疲惫,热,同事,严格控制,微辣,,60,东北饭包,东北菜,0.6856790123456792,炸酱面,0.6777777777777779,train
1032,午餐,2,31,省着点,低落,阴,同事,随便,微辣,,109,东北臭豆腐,东北菜,0.5879012345679013,手撕包菜(东北),0.574320987654321,train
1033,晚餐,4,57,想吃好点,疲惫,雨,朋友,想健康,中辣,,15,宫保鸡丁,家常炒菜,0.7592250712250715,酸菜肥牛,0.7592250712250714,train
1034,晚餐,5,32,省着点,一般,阴,家人,想健康,微辣,"海鲜,乳制品",2,青椒肉丝,煲仔饭碟头饭,0.635037037037037,卤水豆腐,0.6345185185185186,val
1035,午餐,4,67,不差钱,疲惫,冷,同事,想健康,不吃辣,麸质,471,梭子蟹炒年糕,本帮江浙菜,0.679851851851852,鳗鱼饭,0.6783703703703705,train
1036,午餐,3,29,正常,压力大,热,约会,想健康,微辣,,658,卤水豆腐,烧腊卤味,0.7350123456790126,荤豆花,0.7283703703703707,train
1037,晚餐,2,69,正常,疲惫,阴,一个人,随便,不吃辣,素食,658,卤水豆腐,烧腊卤味,0.5419753086419754,清炒草头,0.5414814814814816,test
1038,晚餐,5,62,省着点,低落,晴,家人,不关心,不吃辣,"海鲜,乳制品",658,卤水豆腐,烧腊卤味,0.6237037037037036,咸肉菜饭,0.6237037037037036,train
1039,晚餐,3,79,正常,疲惫,冷,一个人,不关心,微辣,,811,鳝丝面,长三角粉面,0.6116049382716051,兰州牛肉面,0.6116049382716051,train
1040,晚餐,2,72,省着点,开心,晴,朋友,不关心,重辣,,580,臭豆腐炒辣椒,湘菜,0.6430335097001765,长沙臭豆腐,0.6297001763668431,val
1041,晚餐,3,85,正常,疲惫,阴,朋友,随便,中辣,,15,宫保鸡丁,家常炒菜,0.6762962962962965,浏阳蒸菜,0.6762962962962964,train
1042,晚餐,2,88,省着点,开心,热,约会,随便,中辣,素食,658,卤水豆腐,烧腊卤味,0.6590828924162259,长沙臭豆腐,0.6505643738977072,train
1043,午餐,4,73,想吃好点,一般,雪,一个人,随便,中辣,,567,烟笋炒腊肉,湘菜,0.6417283950617284,浏阳蒸菜,0.6417283950617284,test
1044,午餐,5,50,正常,压力大,晴,朋友,想健康,不吃辣,"海鲜,乳制品",680,海南鸡饭,煲仔饭碟头饭,0.6998518518518521,咸肉菜饭,0.6900740740740743,train
1045,夜宵,4,85,不差钱,一般,热,约会,随便,不吃辣,"海鲜,乳制品",621,番茄火锅,火锅麻辣烫,0.6628395061728396,清汤火锅,0.6628395061728396,train
1046,午餐,2,46,省着点,一般,晴,家人,不关心,不吃辣,乳制品,658,卤水豆腐,烧腊卤味,0.5916049382716049,卤水鸡翅,0.5850522317188983,train
1047,晚餐,3,15,省着点,开心,晴,同事,随便,重辣,,234,红油水饺,川菜,0.5758730158730159,重庆小面(川),0.5758730158730159,train
1048,午餐,3,76,省着点,一般,热,家人,不关心,微辣,海鲜,658,卤水豆腐,烧腊卤味,0.6533333333333334,卤水鸡翅,0.6332003798670465,train
1049,晚餐,4,41,正常,开心,阴,一个人,随便,微辣,乳制品,2,青椒肉丝,煲仔饭碟头饭,0.5304409171075838,牛杂,0.5304409171075838,train
1050,夜宵,3,44,省着点,压力大,阴,同事,想健康,微辣,,640,烤玉米,烧烤小吃,0.7084938271604939,韭菜盒子,0.6871111111111111,train
1051,午餐,4,30,不差钱,低落,热,一个人,想健康,不吃辣,,656,卤水拼盘,烧腊卤味,0.5959074074074076,熏酱拼盘,0.5857259709101815,train
1052,午餐,5,75,正常,低落,雨,家人,严格控制,不吃辣,,680,海南鸡饭,煲仔饭碟头饭,0.7164102564102566,酿豆腐,0.7095061728395061,train
1053,午餐,5,55,正常,兴奋,雪,一个人,随便,微辣,,1,黄焖鸡米饭,煲仔饭碟头饭,0.6493827160493829,青椒肉丝,0.6493827160493829,test
1054,晚餐,4,45,正常,一般,热,约会,想健康,微辣,,658,卤水豆腐,烧腊卤味,0.6905679012345681,卤水鸡翅,0.6905679012345681,test
1055,夜宵,3,57,不差钱,兴奋,晴,一个人,想健康,微辣,,24,菌汤火锅,火锅麻辣烫,0.5977777777777779,椰子鸡火锅,0.5909629629629629,train
1056,早餐,5,15,省着点,一般,冷,家人,想健康,重辣,,45,杂粮煎饼果子,早餐粥点,0.6765723905723908,皮蛋瘦肉粥,0.6642716049382718,train
1057,晚餐,2,45,省着点,一般,冷,家人,随便,重辣,素食,580,臭豆腐炒辣椒,湘菜,0.6634567901234569,长沙臭豆腐,0.6555555555555557,train
1058,晚餐,3,39,正常,一般,热,一个人,不关心,重辣,,579,腊味萝卜干,湘菜,0.5750617283950618,蒜泥白肉,0.5671604938271605,train
1059,早餐,4,44,正常,低落,阴,同事,想健康,不吃辣,,439,菜肉大馄饨,早餐粥点,0.6283703703703704,小笼包+豆浆,0.6185925925925927,test
1060,晚餐,2,57,正常,一般,热,家人,不关心,重辣,"海鲜,乳制品",659,卤水鸭掌,烧腊卤味,0.6533333333333334,卤水鸡翅,0.6533333333333334,train
1061,午餐,4,86,正常,疲惫,雨,家人,想健康,不吃辣,麸质,680,海南鸡饭,煲仔饭碟头饭,0.7436695156695159,黄鳝煲仔饭,0.7366609686609688,train
1062,午餐,4,22,想吃好点,疲惫,晴,家人,不关心,微辣,,781,上海大肠面,长三角粉面,0.6504938271604941,鳝丝面,0.6504938271604941,val
1063,午餐,4,15,不差钱,一般,热,同事,随便,不吃辣,,134,熏酱拼盘,东北菜,0.5920407857249963,卤水拼盘,0.5824691358024693,test
1064,早餐,3,56,省着点,一般,冷,一个人,不关心,不吃辣,麸质,44,小笼包+豆浆,早餐粥点,0.6222222222222222,皮蛋瘦肉粥(珠三角),0.6222222222222222,train
1065,晚餐,5,41,正常,一般,热,同事,随便,不吃辣,乳制品,9,炸酱面,长三角粉面,0.5985185185185187,哈尔滨红肠,0.5985185185185187,test
1066,晚餐,4,60,省着点,压力大,热,同事,想健康,重辣,乳制品,60,东北饭包,东北菜,0.6876049382716052,炸酱面,0.6797037037037038,test
1067,晚餐,3,53,正常,一般,雨,一个人,想健康,中辣,海鲜,575,紫苏煎黄瓜,湘菜,0.613432098765432,攸县香干,0.613432098765432,val
1068,晚餐,3,82,正常,开心,冷,一个人,不关心,重辣,麸质,541,小炒香干,湘菜,0.5943915343915344,湘西外婆菜,0.5943915343915344,train
1069,午餐,3,69,想吃好点,开心,阴,朋友,随便,不吃辣,,360,白灼猪手,广府家常菜,0.6166137566137566,盐焗鸡,0.6166137566137566,val
1070,下午加餐,5,40,正常,疲惫,晴,家人,不关心,微辣,,706,芒果班戟,糖水甜品,0.6303254769921438,珍珠奶茶,0.6217283950617285,train
1071,晚餐,4,61,正常,低落,阴,朋友,严格控制,中辣,,15,宫保鸡丁,家常炒菜,0.7140740740740742,攸县香干,0.7041975308641975,train
1072,晚餐,3,15,想吃好点,低落,晴,家人,随便,微辣,"海鲜,乳制品",71,干豆腐炒尖椒,东北菜,0.6122412155745489,兰州牛肉面,0.6122412155745489,train
1073,晚餐,3,66,正常,疲惫,热,朋友,严格控制,不吃辣,,658,卤水豆腐,烧腊卤味,0.7251851851851854,苏州卤鸭,0.7180626780626782,val
1074,晚餐,3,25,正常,压力大,晴,一个人,随便,微辣,,48,东北土豆丝,东北菜,0.563456790123457,兰州牛肉面,0.563456790123457,train
1075,午餐,3,39,正常,疲惫,晴,一个人,严格控制,不吃辣,,64,土豆炖茄子,东北菜,0.6007407407407409,大丰收,0.6007407407407409,train
1076,晚餐,4,74,正常,疲惫,晴,家人,想健康,中辣,,15,宫保鸡丁,家常炒菜,0.7045432098765434,荤豆花,0.6966419753086421,train
1077,午餐,3,66,正常,开心,热,一个人,想健康,重辣,"海鲜,乳制品",648,卤水鸡翅,烧腊卤味,0.600021164021164,卤水豆腐,0.600021164021164,train
1078,晚餐,4,61,省着点,疲惫,冷,家人,不关心,不吃辣,,668,咸肉菜饭,煲仔饭碟头饭,0.7051851851851852,拔丝苹果,0.6965432098765433,test
1079,午餐,3,83,不差钱,压力大,冷,朋友,严格控制,微辣,,24,菌汤火锅,火锅麻辣烫,0.7533333333333334,连锅汤,0.7455000749737594,train
1080,夜宵,1,81,想吃好点,疲惫,晴,约会,想健康,不吃辣,,24,菌汤火锅,火锅麻辣烫,0.6811965811965812,海鲜砂锅粥,0.680345679012346,train
1081,夜宵,4,67,不差钱,疲惫,冷,朋友,严格控制,重辣,"海鲜,乳制品",24,菌汤火锅,火锅麻辣烫,0.7866666666666667,番茄火锅,0.7725925925925928,train
1082,午餐,4,51,想吃好点,疲惫,晴,家人,不关心,中辣,麸质,15,宫保鸡丁,家常炒菜,0.6654320987654323,浏阳蒸菜,0.6654320987654322,train
1083,午餐,3,52,省着点,兴奋,雨,约会,随便,中辣,麸质,523,长沙臭豆腐,湘菜,0.6874074074074075,云南小锅米线,0.681111111111111,train
1084,晚餐,2,38,正常,疲惫,阴,同事,随便,重辣,,580,臭豆腐炒辣椒,湘菜,0.5985185185185186,青椒肉丝(川),0.597283950617284,train
1085,晚餐,5,52,省着点,压力大,晴,家人,严格控制,不吃辣,,668,咸肉菜饭,煲仔饭碟头饭,0.6844444444444446,卤水豆腐,0.6770370370370372,test
1086,午餐,1,59,正常,一般,阴,约会,不关心,中辣,海鲜,162,干煸茧蛹,东北菜,0.6127160493827162,炒蚕蛹,0.6127160493827162,val
1087,晚餐,3,58,正常,压力大,晴,一个人,想健康,中辣,,11,云南小锅米线,长三角粉面,0.6104691358024693,宫保鸡丁,0.6104691358024693,train
1088,夜宵,2,27,想吃好点,压力大,雨,家人,想健康,微辣,,618,烤生蚝,火锅麻辣烫,0.746024691358025,烤玉米,0.7320170940170941,train
1089,晚餐,1,15,想吃好点,疲惫,热,朋友,不关心,微辣,麸质,126,松仁小肚,东北菜,0.6285849952516621,东北饭包,0.6155840455840459,train
1090,晚餐,4,39,想吃好点,开心,晴,朋友,想健康,微辣,,292,荤豆花,川菜,0.6690582010582012,湖南蛋饺,0.6592804232804235,train
1091,晚餐,4,22,想吃好点,疲惫,晴,一个人,不关心,不吃辣,,670,油鸡饭,煲仔饭碟头饭,0.5606837606837606,北菇滑鸡饭,0.5606837606837606,train
1092,下午加餐,4,44,省着点,疲惫,晴,朋友,不关心,重辣,,694,菠萝包,糖水甜品,0.6272390572390573,蛋挞,0.6262514029180698,train
1093,早餐,4,37,正常,一般,晴,朋友,想健康,不吃辣,,428,及第粥,早餐粥点,0.6436094276094276,艇仔粥,0.6337777777777779,train
1094,夜宵,4,65,省着点,一般,阴,朋友,严格控制,重辣,麸质,627,炒年糕,烧烤小吃,0.6788888888888891,麻婆豆腐(素),0.6644444444444444,train
1095,午餐,3,19,想吃好点,开心,热,家人,想健康,中辣,,126,松仁小肚,东北菜,0.674532085198752,熏酱拼盘,0.6656075837742507,train
1096,晚餐,3,23,省着点,兴奋,阴,家人,想健康,中辣,,575,紫苏煎黄瓜,湘菜,0.6454074074074073,云南小锅米线,0.6454074074074073,train
1097,晚餐,3,69,省着点,疲惫,雨,朋友,不关心,不吃辣,乳制品,658,卤水豆腐,烧腊卤味,0.6934472934472936,咸肉菜饭,0.6872744539411207,train
1098,下午加餐,3,57,正常,开心,冷,朋友,想健康,不吃辣,素食,32,藜麦牛油果碗,轻食健康,0.663648080314747,桂花糖芋艿,0.6557503730837064,test
1099,早餐,4,78,省着点,疲惫,雨,约会,想健康,中辣,素食,807,衢州常山索面,长三角粉面,0.7094814814814816,无锡素面,0.6936790123456791,train
1100,晚餐,4,42,省着点,一般,阴,同事,想健康,中辣,,575,紫苏煎黄瓜,湘菜,0.6023209876543211,青椒肉丝,0.5961481481481482,test
1101,晚餐,4,57,省着点,疲惫,阴,同事,想健康,重辣,,2,青椒肉丝,煲仔饭碟头饭,0.6480000000000001,紫苏煎黄瓜,0.6467654320987655,train
1102,午餐,3,47,想吃好点,一般,雪,同事,不关心,不吃辣,麸质,369,豉汁蒸鱼头,广府家常菜,0.668888888888889,陈皮蒸牛肉饼,0.668888888888889,test
1103,午餐,2,73,省着点,一般,晴,一个人,不关心,微辣,乳制品,109,东北臭豆腐,东北菜,0.5153086419753087,大酱炒鸡蛋,0.5074074074074075,train
1104,午餐,3,39,想吃好点,疲惫,阴,朋友,不关心,中辣,"海鲜,乳制品",15,宫保鸡丁,家常炒菜,0.6762962962962965,酸汤肥牛,0.6762962962962964,train
1105,晚餐,3,75,正常,兴奋,热,同事,不关心,重辣,"海鲜,乳制品",579,腊味萝卜干,湘菜,0.617283950617284,松仁小肚,0.6103703703703706,train
1106,晚餐,4,58,正常,一般,冷,同事,想健康,微辣,,366,豉椒炒花甲,广府家常菜,0.6492345679012347,青椒肉丝,0.6492345679012347,train
1107,午餐,1,30,想吃好点,一般,冷,朋友,严格控制,重辣,,532,剁椒蒸鱼,湘菜,0.7113580246913581,香辣鱼块,0.6977777777777779,train
1108,下午加餐,2,45,想吃好点,低落,阴,约会,随便,不吃辣,素食,32,藜麦牛油果碗,轻食健康,0.625679012345679,核桃糊,0.5860778727445394,train
1109,晚餐,3,57,正常,疲惫,雨,一个人,随便,微辣,乳制品,811,鳝丝面,长三角粉面,0.6108641975308644,东北土豆丝,0.6108641975308644,train
1110,夜宵,3,69,不差钱,一般,阴,家人,想健康,不吃辣,,24,菌汤火锅,火锅麻辣烫,0.6799999999999999,清汤火锅,0.6702222222222223,train
1111,午餐,4,52,正常,一般,晴,一个人,随便,中辣,,543,干豆角炒肉,湘菜,0.5269135802469136,卜豆角炒肉,0.5269135802469136,train
1112,午餐,5,83,省着点,疲惫,热,同事,随便,不吃辣,,289,糖油果子,川菜,0.654074074074074,炸酱面,0.654074074074074,train
1113,午餐,4,64,不差钱,开心,阴,朋友,想健康,不吃辣,海鲜,24,菌汤火锅,火锅麻辣烫,0.6580952380952382,番茄火锅,0.6483174603174604,test
1114,午餐,4,54,省着点,一般,雨,朋友,不关心,微辣,,668,咸肉菜饭,煲仔饭碟头饭,0.6527065527065529,青椒肉丝,0.6524691358024691,train
1115,午餐,4,69,想吃好点,疲惫,雨,一个人,不关心,不吃辣,,670,油鸡饭,煲仔饭碟头饭,0.6117948717948719,北菇滑鸡饭,0.6117948717948719,train
1116,午餐,5,15,正常,一般,晴,一个人,想健康,中辣,,575,紫苏煎黄瓜,湘菜,0.5660246913580247,攸县香干,0.5660246913580247,train
1117,夜宵,3,15,正常,压力大,冷,一个人,想健康,不吃辣,,647,韭菜盒子,烧烤小吃,0.6854586894586894,沙县扁肉,0.678995522995523,val
1118,晚餐,4,43,正常,疲惫,雨,朋友,严格控制,重辣,,13,麻婆豆腐,家常炒菜,0.7781481481481484,麻婆豆腐(素),0.7686419753086421,train
1119,晚餐,3,25,正常,疲惫,雪,一个人,想健康,中辣,,575,紫苏煎黄瓜,湘菜,0.725283950617284,攸县香干,0.725283950617284,test
1120,午餐,5,104,不差钱,一般,阴,朋友,想健康,不吃辣,,24,菌汤火锅,火锅麻辣烫,0.6466666666666667,梭子蟹炒年糕,0.6405925925925927,test
1121,下午加餐,3,46,省着点,疲惫,热,家人,想健康,微辣,,688,双皮奶,糖水甜品,0.724641975308642,全麦鸡肉三明治,0.7158917378917379,train
1122,夜宵,2,103,不差钱,疲惫,冷,约会,严格控制,中辣,,613,酸菜鱼,火锅麻辣烫,0.7980246913580248,菌汤火锅,0.7967901234567903,test
1123,晚餐,2,41,想吃好点,兴奋,热,家人,严格控制,重辣,素食,658,卤水豆腐,烧腊卤味,0.6623741690408359,麻婆豆腐(素),0.654710351377018,train
1124,夜宵,3,24,想吃好点,疲惫,晴,一个人,严格控制,中辣,素食,640,烤玉米,烧烤小吃,0.6804368471035138,烤茄子,0.6644634377967711,train
1125,早餐,5,20,正常,低落,阴,同事,严格控制,不吃辣,素食,793,常熟蕈油面,长三角粉面,0.5912345679012346,素鸡面,0.5912345679012346,val
1126,午餐,5,56,正常,一般,阴,朋友,想健康,中辣,,15,宫保鸡丁,家常炒菜,0.6672592592592593,浏阳蒸菜,0.6611851851851852,test
1127,夜宵,4,91,不差钱,一般,晴,家人,不关心,微辣,,620,猪肚鸡,火锅麻辣烫,0.6390123456790123,番茄火锅,0.6311111111111111,test
1128,晚餐,5,15,不差钱,一般,晴,同事,想健康,微辣,乳制品,366,豉椒炒花甲,广府家常菜,0.5738309591642925,尖椒干豆腐,0.5736310291398011,train
1129,晚餐,2,15,正常,开心,晴,同事,想健康,微辣,乳制品,366,豉椒炒花甲,广府家常菜,0.6125149911816579,菜心炒牛肉,0.6046137566137566,train
1130,午餐,2,57,省着点,兴奋,雨,一个人,想健康,微辣,,66,大酱炒鸡蛋,东北菜,0.5960000000000001,清炒草头,0.5949135802469135,train
1131,早餐,5,28,正常,开心,雨,朋友,不关心,微辣,素食,443,千层油糕,早餐粥点,0.5926141759475092,白糖糕,0.5805128205128206,train
1132,午餐,2,64,正常,一般,阴,约会,严格控制,不吃辣,麸质,369,豉汁蒸鱼头,广府家常菜,0.667283950617284,豆豉蒸鲮鱼,0.667283950617284,train
1133,晚餐,1,83,省着点,一般,热,一个人,严格控制,中辣,,457,宁波烤菜,本帮江浙菜,0.5678563411896745,川味炒时蔬,0.5521773288439954,train
1134,午餐,3,36,省着点,压力大,晴,一个人,不关心,重辣,,7,重庆小面,长三角粉面,0.582962962962963,重庆小面(川),0.582962962962963,train
1135,下午加餐,4,15,正常,一般,冷,一个人,随便,微辣,,34,全麦鸡肉三明治,轻食健康,0.5376543209876543,丝袜奶茶,0.5376543209876543,train
1136,午餐,2,39,想吃好点,低落,雨,约会,想健康,微辣,麸质,162,干煸茧蛹,东北菜,0.7424444444444447,炒蚕蛹,0.7424444444444447,train
1137,晚餐,3,16,正常,疲惫,冷,朋友,随便,不吃辣,素食,155,韭菜盒子(东北),东北菜,0.6763288563288564,油焖春笋,0.6660000000000001,test
1138,午餐,1,75,省着点,疲惫,晴,家人,不关心,重辣,,580,臭豆腐炒辣椒,湘菜,0.6222222222222222,长沙臭豆腐,0.614320987654321,val
1139,早餐,3,23,正常,疲惫,晴,同事,随便,重辣,素食,807,衢州常山索面,长三角粉面,0.6187654320987654,白粥配咸菜,0.6118545651878985,val
1140,夜宵,3,40,想吃好点,低落,晴,朋友,想健康,微辣,麸质,618,烤生蚝,火锅麻辣烫,0.6996049382716052,炒年糕,0.6926856600189936,train
1141,晚餐,4,30,不差钱,疲惫,阴,朋友,严格控制,微辣,,471,梭子蟹炒年糕,本帮江浙菜,0.694814814814815,荤豆花,0.6887149497675815,val
1142,夜宵,3,48,正常,疲惫,阴,家人,不关心,不吃辣,麸质,392,猪杂汤粉,广式粥粉面,0.6545679012345681,潮汕牛肉丸粉,0.6545679012345681,val
1143,午餐,5,41,正常,一般,晴,朋友,严格控制,中辣,,15,宫保鸡丁,家常炒菜,0.6733333333333335,荤豆花,0.6637037037037039,train
1144,午餐,3,56,想吃好点,兴奋,热,一个人,想健康,微辣,,655,豉油鸡,烧腊卤味,0.6034074074074075,蒜泥白肉,0.5971419753086421,train
1145,晚餐,2,60,不差钱,一般,晴,家人,随便,微辣,素食,458,油焖笋,本帮江浙菜,0.5699075323636728,卤水豆腐,0.5635347628330084,test
1146,晚餐,1,58,正常,压力大,晴,约会,想健康,不吃辣,乳制品,369,豉汁蒸鱼头,广府家常菜,0.6681234567901235,豆豉蒸鲮鱼,0.6681234567901235,train
1147,晚餐,1,15,正常,一般,雨,一个人,想健康,微辣,,366,豉椒炒花甲,广府家常菜,0.5783703703703703,菜心炒牛肉,0.570469135802469,train
1148,夜宵,5,43,想吃好点,开心,雨,约会,不关心,中辣,,26,烤鸡翅,烧烤小吃,0.7359964726631395,炒年糕,0.7244105277438613,test
1149,午餐,3,89,正常,一般,阴,一个人,严格控制,中辣,乳制品,248,青椒肉丝(川),川菜,0.5720987654320988,攸县香干,0.5720987654320988,train
1150,晚餐,3,21,省着点,疲惫,晴,朋友,不关心,微辣,,191,干煸四季豆,家常炒菜,0.6456790123456793,东北土豆丝,0.645308641975309,train
1151,晚餐,3,15,正常,开心,晴,朋友,不关心,微辣,麸质,71,干豆腐炒尖椒,东北菜,0.6085890652557322,手撕包菜(东北),0.6085890652557322,train
1152,晚餐,2,39,省着点,一般,雨,朋友,随便,中辣,,523,长沙臭豆腐,湘菜,0.6656790123456789,紫苏煎黄瓜,0.6480246913580247,train
1153,午餐,4,20,省着点,低落,阴,同事,严格控制,不吃辣,,195,清炒草头,家常炒菜,0.6091358024691358,毛豆炒肉丝,0.6091358024691358,train
1154,早餐,5,48,正常,一般,阴,一个人,想健康,重辣,素食,807,衢州常山索面,长三角粉面,0.5228148148148148,常熟蕈油面,0.5070123456790123,train
1155,晚餐,1,42,正常,一般,晴,一个人,随便,微辣,,162,干煸茧蛹,东北菜,0.5017283950617285,炒蚕蛹,0.5017283950617285,train
1156,晚餐,4,55,省着点,压力大,热,家人,想健康,不吃辣,,658,卤水豆腐,烧腊卤味,0.7271111111111113,炸酱面,0.7158765432098767,train
1157,晚餐,5,50,想吃好点,疲惫,晴,家人,严格控制,微辣,,297,连锅汤,川菜,0.7027160493827163,荤豆花,0.7027160493827163,train
1158,下午加餐,4,44,正常,开心,雨,同事,想健康,重辣,,34,全麦鸡肉三明治,轻食健康,0.6667301587301587,藜麦牛油果碗,0.6563641296974629,val
1159,午餐,5,43,正常,一般,冷,同事,随便,重辣,,1,黄焖鸡米饭,煲仔饭碟头饭,0.6138271604938274,青椒肉丝,0.6138271604938274,train
1160,午餐,3,52,想吃好点,一般,雨,一个人,不关心,微辣,,651,牛杂,烧腊卤味,0.5664197530864198,豉椒炒花甲,0.5664197530864198,test
1161,晚餐,2,25,省着点,压力大,晴,一个人,想健康,微辣,素食,195,清炒草头,家常炒菜,0.5756543209876542,手撕包菜(东北),0.5755061728395062,train
1162,晚餐,3,68,想吃好点,一般,雨,朋友,想健康,重辣,海鲜,293,藤椒鸡,川菜,0.7221310541310543,泡椒牛蛙,0.7221310541310543,train
1163,午餐,2,15,想吃好点,兴奋,阴,一个人,随便,微辣,麸质,366,豉椒炒花甲,广府家常菜,0.5308641975308642,烤生蚝,0.5234567901234568,train
1164,午餐,1,24,正常,兴奋,晴,朋友,不关心,中辣,,162,干煸茧蛹,东北菜,0.6092592592592595,炒蚕蛹,0.6092592592592595,train
1165,午餐,3,94,正常,开心,晴,朋友,想健康,中辣,麸质,15,宫保鸡丁,家常炒菜,0.6786878306878308,浏阳蒸菜,0.6726137566137567,train
1166,午餐,4,63,正常,压力大,阴,朋友,想健康,中辣,麸质,15,宫保鸡丁,家常炒菜,0.7154074074074076,浏阳蒸菜,0.7056296296296297,train
1167,晚餐,2,52,正常,开心,热,家人,不关心,中辣,,648,卤水鸡翅,烧腊卤味,0.6647619047619048,卤水掌翼,0.6647619047619048,train
1168,晚餐,3,95,不差钱,开心,冷,家人,严格控制,微辣,,24,菌汤火锅,火锅麻辣烫,0.7203174603174604,猪肚鸡,0.7104409171075838,train
1169,午餐,4,23,省着点,低落,阴,一个人,想健康,不吃辣,,195,清炒草头,家常炒菜,0.5600987654320988,毛豆炒肉丝,0.5600987654320988,train
1170,午餐,2,51,正常,兴奋,冷,约会,不关心,中辣,,594,醋蒸鸡,湘菜,0.6925139058472392,青椒肉丝(川),0.6911111111111112,val
1171,午餐,4,15,想吃好点,开心,冷,朋友,想健康,不吃辣,,353,姜葱炒牛肉,广府家常菜,0.6862186948853617,凉瓜炒牛肉,0.6862186948853617,train
1172,晚餐,1,62,正常,一般,热,约会,不关心,重辣,,657,卤水掌翼,烧腊卤味,0.6340740740740741,卤水鸭掌,0.6340740740740741,train
1173,晚餐,2,104,正常,一般,晴,家人,严格控制,微辣,乳制品,162,干煸茧蛹,东北菜,0.647777777777778,炒蚕蛹,0.647777777777778,train
1174,午餐,2,50,正常,开心,晴,朋友,随便,微辣,,166,炒蚕蛹,东北菜,0.6194532627865963,干煸茧蛹,0.6194532627865963,val
1175,晚餐,4,47,正常,疲惫,热,同事,想健康,微辣,素食,658,卤水豆腐,烧腊卤味,0.6700740740740742,东北土豆丝,0.643777777777778,train
1176,夜宵,3,79,省着点,低落,晴,家人,不关心,重辣,,645,臭豆腐,烧烤小吃,0.6806172839506175,麻辣烫,0.6721462488129155,train
1177,晚餐,5,46,省着点,压力大,晴,朋友,严格控制,微辣,,2,青椒肉丝,煲仔饭碟头饭,0.698395061728395,兰州牛肉面,0.6855555555555559,train
1178,晚餐,3,15,正常,压力大,雪,一个人,想健康,中辣,麸质,552,攸县香干,湘菜,0.725283950617284,云南小锅米线,0.725283950617284,test
1179,晚餐,4,52,正常,压力大,阴,家人,想健康,中辣,麸质,15,宫保鸡丁,家常炒菜,0.7045432098765434,荤豆花,0.6966419753086421,train
1180,午餐,2,19,不差钱,一般,雨,家人,想健康,中辣,,366,豉椒炒花甲,广府家常菜,0.6723494776828111,烤生蚝,0.6721395511570951,train
1181,午餐,4,47,正常,疲惫,热,朋友,想健康,不吃辣,,658,卤水豆腐,烧腊卤味,0.7271111111111113,炸酱面,0.7195802469135804,val
1182,夜宵,5,42,正常,疲惫,热,同事,不关心,微辣,,627,炒年糕,烧烤小吃,0.6774074074074073,鸡蛋灌饼,0.6666625966625965,train
1183,午餐,5,50,正常,一般,晴,同事,不关心,微辣,麸质,1,黄焖鸡米饭,煲仔饭碟头饭,0.5656790123456791,青椒肉丝,0.5656790123456791,val
1184,午餐,4,75,想吃好点,一般,晴,家人,想健康,不吃辣,"海鲜,乳制品",680,海南鸡饭,煲仔饭碟头饭,0.6480000000000001,小鸡炖蘑菇,0.6405925925925927,test
1185,午餐,4,44,省着点,压力大,晴,一个人,想健康,微辣,乳制品,2,青椒肉丝,煲仔饭碟头饭,0.6087407407407407,兰州牛肉面,0.6013333333333334,train
1186,午餐,4,30,正常,疲惫,晴,一个人,想健康,微辣,乳制品,2,青椒肉丝,煲仔饭碟头饭,0.6136790123456791,兰州牛肉面,0.6062716049382717,train
1187,午餐,4,51,想吃好点,疲惫,晴,家人,想健康,微辣,,680,海南鸡饭,煲仔饭碟头饭,0.6998518518518521,黄鳝煲仔饭,0.6998518518518521,train
1188,晚餐,4,15,正常,疲惫,晴,朋友,不关心,不吃辣,,684,窝蛋牛肉饭,煲仔饭碟头饭,0.6393827160493828,扬州炒饭,0.6393827160493828,train
1189,晚餐,3,73,正常,压力大,雨,一个人,想健康,中辣,,11,云南小锅米线,长三角粉面,0.6578765432098768,攸县香干,0.6578765432098765,train
1190,晚餐,4,49,省着点,疲惫,热,一个人,想健康,重辣,素食,658,卤水豆腐,烧腊卤味,0.6330370370370372,麻婆豆腐(素),0.6214567901234568,train
1191,晚餐,4,41,想吃好点,开心,晴,同事,不关心,微辣,"海鲜,乳制品",371,鱼香茄子煲,广府家常菜,0.5734038800705468,牛杂,0.5734038800705468,train
1192,午餐,2,22,省着点,一般,晴,家人,不关心,微辣,素食,109,东北臭豆腐,东北菜,0.5917283950617285,手撕包菜(东北),0.5781481481481482,test
1193,夜宵,2,75,省着点,开心,晴,同事,想健康,中辣,乳制品,642,烤韭菜,烧烤小吃,0.6642610229276897,烤金针菇,0.6557178130511465,train
1194,夜宵,1,15,想吃好点,一般,晴,约会,随便,不吃辣,海鲜,625,沙县扁肉,烧烤小吃,0.6051566951566952,锅贴,0.5965147198480532,train
1195,午餐,3,39,正常,开心,阴,同事,严格控制,微辣,,6,兰州牛肉面,长三角粉面,0.618589065255732,豉椒炒花甲,0.618589065255732,train
1196,午餐,1,47,正常,开心,阴,家人,不关心,微辣,,166,炒蚕蛹,东北菜,0.6004409171075837,干煸茧蛹,0.6004409171075837,val
1197,下午加餐,4,29,正常,疲惫,阴,朋友,随便,重辣,,706,芒果班戟,糖水甜品,0.6303254769921438,珍珠奶茶,0.6217283950617285,test
1198,晚餐,3,64,正常,一般,阴,同事,想健康,微辣,"海鲜,乳制品",6,兰州牛肉面,长三角粉面,0.5973827160493829,干豆腐炒尖椒,0.5973827160493829,train
1199,午餐,4,81,正常,开心,晴,约会,随便,不吃辣,,668,咸肉菜饭,煲仔饭碟头饭,0.6440211640211642,滑鸡煲仔饭,0.6440211640211642,test
1200,晚餐,4,50,不差钱,开心,阴,一个人,不关心,中辣,,607,翠竹粉蒸鱼,湘菜,0.5383421516754849,酸菜肥牛,0.5383421516754849,train
1201,晚餐,3,35,正常,疲惫,晴,同事,不关心,微辣,,48,东北土豆丝,东北菜,0.6064197530864199,鳝丝面,0.6064197530864199,val
1202,晚餐,1,59,省着点,低落,晴,约会,随便,微辣,海鲜,109,东北臭豆腐,东北菜,0.6179012345679014,干煸四季豆,0.6083950617283952,train
1203,午餐,5,46,正常,兴奋,热,一个人,随便,不吃辣,乳制品,360,白灼猪手,广府家常菜,0.5681481481481482,炸酱面,0.5681481481481482,train
1204,晚餐,3,15,省着点,开心,雨,一个人,想健康,中辣,海鲜,575,紫苏煎黄瓜,湘菜,0.6248606701940035,云南小锅米线,0.6162186948853615,test
1205,午餐,3,79,正常,一般,晴,朋友,想健康,不吃辣,海鲜,64,土豆炖茄子,东北菜,0.6405925925925927,东北乱炖(素),0.6405925925925927,train
1206,夜宵,4,92,正常,低落,冷,一个人,严格控制,微辣,麸质,627,炒年糕,烧烤小吃,0.6797530864197533,烤玉米,0.6722764889431557,train
1207,午餐,3,58,正常,压力大,晴,朋友,想健康,中辣,,15,宫保鸡丁,家常炒菜,0.7154074074074076,浏阳蒸菜,0.7056296296296297,train
1208,下午加餐,4,67,不差钱,疲惫,阴,一个人,随便,重辣,,770,波奇饭,轻食健康,0.5741790373369321,藜麦牛油果碗,0.5587704303493777,train
1209,晚餐,3,37,想吃好点,疲惫,晴,约会,严格控制,中辣,"海鲜,乳制品",300,酸菜肥牛,川菜,0.7343209876543212,酸汤肥牛,0.7343209876543212,train
1210,午餐,5,23,正常,兴奋,冷,朋友,想健康,不吃辣,,349,酿豆腐,广府家常菜,0.6975061728395063,北菇滑鸡饭,0.6914320987654323,val
1211,午餐,4,77,正常,疲惫,晴,朋友,严格控制,重辣,,13,麻婆豆腐,家常炒菜,0.7307407407407409,宫保鸡丁,0.7214814814814817,train
1212,午餐,2,93,想吃好点,疲惫,热,同事,随便,不吃辣,,126,松仁小肚,东北菜,0.6271035137701806,卤水鸡翅,0.6198860398860397,val
1213,早餐,4,41,想吃好点,压力大,雨,家人,想健康,不吃辣,,454,蟹粉小笼包,早餐粥点,0.7296588103254772,及第粥,0.7167718207718209,train
1214,下午加餐,5,68,正常,一般,晴,朋友,随便,中辣,海鲜,706,芒果班戟,糖水甜品,0.5821773288439955,凯撒沙拉,0.5729180695847363,val
1215,晚餐,5,64,正常,低落,热,同事,随便,微辣,,60,东北饭包,东北菜,0.6360493827160496,蒜泥白肉,0.6279012345679014,train
1216,早餐,5,59,正常,开心,雨,一个人,不关心,重辣,素食,807,衢州常山索面,长三角粉面,0.5387301587301587,葱油拌面,0.5296703296703297,train
1217,下午加餐,3,51,正常,低落,雨,一个人,不关心,不吃辣,,762,丝袜奶茶,轻食健康,0.6233333333333334,拿铁,0.6233333333333334,test
1218,晚餐,4,32,正常,低落,晴,家人,随便,不吃辣,海鲜,658,卤水豆腐,烧腊卤味,0.6237037037037036,咸肉菜饭,0.6237037037037036,train
1219,晚餐,3,45,省着点,开心,晴,朋友,随便,不吃辣,,658,卤水豆腐,烧腊卤味,0.6166137566137566,咸肉菜饭,0.6030335097001763,train
1220,夜宵,3,46,正常,低落,晴,约会,随便,不吃辣,,635,锅贴,烧烤小吃,0.6823782390449057,煎饺,0.6823782390449057,val
1221,晚餐,1,15,想吃好点,一般,热,朋友,想健康,中辣,海鲜,248,青椒肉丝(川),川菜,0.6247996201329534,松仁小肚,0.6134738841405509,train
1222,午餐,1,48,省着点,低落,雨,约会,想健康,微辣,,71,干豆腐炒尖椒,东北菜,0.6859012345679013,干煸四季豆,0.685135802469136,train
1223,晚餐,3,37,想吃好点,一般,晴,一个人,不关心,不吃辣,海鲜,377,大良炒鲜奶,广府家常菜,0.5111111111111112,姜葱炒牛肉,0.5111111111111112,train
1224,晚餐,1,58,省着点,开心,热,一个人,严格控制,中辣,,457,宁波烤菜,本帮江浙菜,0.5754753888087222,川味炒时蔬,0.559796376463043,test
1225,早餐,5,61,想吃好点,一般,晴,约会,想健康,不吃辣,素食,793,常熟蕈油面,长三角粉面,0.5799848053181388,金华佛堂千张面,0.5731471984805319,train
1226,夜宵,3,53,正常,疲惫,阴,家人,想健康,不吃辣,麸质,392,猪杂汤粉,广式粥粉面,0.6839012345679015,潮汕牛肉丸粉,0.6839012345679015,train
1227,晚餐,3,54,想吃好点,低落,晴,同事,想健康,不吃辣,麸质,365,豆豉蒸鲮鱼,广府家常菜,0.6117037037037037,豉汁蒸鱼头,0.6117037037037037,test
1228,晚餐,4,40,正常,开心,阴,家人,严格控制,微辣,,292,荤豆花,川菜,0.6697001763668431,海南鸡饭,0.6617989417989418,val
1229,晚餐,3,15,正常,兴奋,晴,朋友,想健康,不吃辣,素食,195,清炒草头,家常炒菜,0.6261481481481482,韭菜盒子(东北),0.6113412020078687,train
1230,晚餐,3,67,正常,开心,雨,朋友,想健康,中辣,,15,宫保鸡丁,家常炒菜,0.7225054945054947,攸县香干,0.7162186948853616,train
1231,午餐,1,87,正常,开心,热,家人,随便,不吃辣,,648,卤水鸡翅,烧腊卤味,0.6376014109347443,卤水掌翼,0.6376014109347443,test
1232,午餐,3,83,省着点,一般,阴,朋友,随便,微辣,素食,658,卤水豆腐,烧腊卤味,0.6051851851851852,东北土豆丝,0.5971604938271605,test
1233,晚餐,4,53,想吃好点,疲惫,雨,一个人,随便,不吃辣,素食,18,地三鲜,家常炒菜,0.5993732193732195,油焖春笋,0.5992592592592594,train
1234,晚餐,5,50,想吃好点,兴奋,阴,同事,不关心,微辣,素食,371,鱼香茄子煲,广府家常菜,0.5679012345679012,油焖春笋,0.5562962962962964,train
1235,晚餐,3,57,想吃好点,低落,雨,约会,严格控制,中辣,素食,552,攸县香干,湘菜,0.7576068376068376,紫苏煎黄瓜,0.7489743589743589,train
1236,午餐,4,56,省着点,一般,阴,家人,想健康,重辣,乳制品,310,麻婆豆腐(素),川菜,0.6494814814814814,紫苏煎黄瓜,0.6424444444444445,test
1237,晚餐,5,82,正常,开心,阴,一个人,不关心,中辣,,579,腊味萝卜干,湘菜,0.5383421516754849,紫苏煎黄瓜,0.5383421516754849,val
1238,午餐,3,51,正常,开心,雨,同事,严格控制,中辣,,11,云南小锅米线,长三角粉面,0.6672310405643738,紫苏煎黄瓜,0.6672310405643738,train
1239,晚餐,4,35,正常,开心,晴,一个人,想健康,不吃辣,,348,豉汁蒸排骨,广府家常菜,0.5616507936507936,菜心炒牛肉,0.5616507936507936,train
1240,晚餐,3,56,正常,开心,阴,朋友,想健康,中辣,,15,宫保鸡丁,家常炒菜,0.6786878306878308,浏阳蒸菜,0.6726137566137567,train
1241,晚餐,3,15,正常,开心,热,一个人,随便,中辣,,579,腊味萝卜干,湘菜,0.5864902998236331,松仁小肚,0.566984126984127,train
1242,午餐,2,25,想吃好点,疲惫,热,同事,严格控制,微辣,素食,818,牛油果吐司,面包甜点,0.6645894845894845,卤水豆腐,0.6408926875593544,train
1243,夜宵,3,18,不差钱,低落,雨,朋友,想健康,微辣,,618,烤生蚝,火锅麻辣烫,0.7405346128854904,炒年糕,0.7240186934572903,train
1244,早餐,5,15,正常,疲惫,热,同事,想健康,微辣,素食,778,葱油拌面,长三角粉面,0.6068167141500476,牛油果吐司,0.6066666666666668,train
1245,午餐,3,48,省着点,开心,晴,朋友,严格控制,重辣,,310,麻婆豆腐(素),川菜,0.6832804232804232,麻婆豆腐(川),0.6756830823497489,train
1246,午餐,4,79,正常,疲惫,冷,朋友,不关心,中辣,,15,宫保鸡丁,家常炒菜,0.7244444444444447,蒸腊肠,0.7244444444444446,train
1247,晚餐,4,29,正常,低落,热,朋友,不关心,不吃辣,麸质,658,卤水豆腐,烧腊卤味,0.671851851851852,松仁小肚,0.6545679012345681,train
1248,早餐,3,65,正常,压力大,晴,家人,严格控制,重辣,素食,807,衢州常山索面,长三角粉面,0.7074074074074074,白粥配咸菜,0.6945706145706146,val
1249,午餐,4,93,正常,疲惫,雨,朋友,想健康,重辣,,13,麻婆豆腐,家常炒菜,0.7720740740740744,麻辣烫(川),0.7632839506172843,train
1250,午餐,3,104,正常,压力大,雨,家人,不关心,重辣,,253,麻辣烫(川),川菜,0.7176543209876546,麻婆豆腐,0.7166666666666669,train
1251,晚餐,2,15,正常,压力大,晴,同事,严格控制,不吃辣,"海鲜,乳制品",351,凉瓜炒牛肉,广府家常菜,0.6333333333333334,姜葱炒牛肉,0.6333333333333334,train
1252,早餐,2,74,正常,一般,晴,朋友,想健康,重辣,素食,807,衢州常山索面,长三角粉面,0.6381234567901234,白粥配咸菜,0.6314595034595035,train
1253,夜宵,3,64,正常,兴奋,雪,家人,不关心,不吃辣,麸质,399,潮汕牛肉丸粉,广式粥粉面,0.7330864197530866,猪杂汤粉,0.7330864197530866,test
1254,晚餐,5,57,正常,一般,晴,朋友,严格控制,中辣,,15,宫保鸡丁,家常炒菜,0.6733333333333335,荤豆花,0.6637037037037039,train
1255,晚餐,3,55,不差钱,压力大,热,朋友,想健康,微辣,海鲜,655,豉油鸡,烧腊卤味,0.7184741340530815,蒜泥白肉,0.7118618233618236,val
1256,午餐,5,68,不差钱,一般,阴,朋友,想健康,不吃辣,,24,菌汤火锅,火锅麻辣烫,0.6466666666666667,梭子蟹炒年糕,0.6405925925925927,train
1257,晚餐,3,70,想吃好点,开心,晴,一个人,不关心,不吃辣,,377,大良炒鲜奶,广府家常菜,0.5225396825396825,煎焗鱼嘴,0.5225396825396825,train
1258,晚餐,3,43,正常,开心,雨,一个人,想健康,中辣,麸质,552,攸县香干,湘菜,0.6248606701940035,紫苏煎黄瓜,0.6248606701940035,train
1259,午餐,2,57,正常,兴奋,晴,约会,随便,中辣,素食,523,长沙臭豆腐,湘菜,0.635115995115995,攸县香干,0.6264197530864197,train
1260,晚餐,1,59,省着点,开心,雪,家人,随便,微辣,,109,东北臭豆腐,东北菜,0.6908112874779543,大酱炒鸡蛋,0.682910052910053,test
1261,午餐,3,34,不差钱,一般,晴,家人,不关心,微辣,素食,458,油焖笋,本帮江浙菜,0.583487779277253,土豆炖茄子,0.5771939821062628,train
1262,下午加餐,3,37,省着点,一般,晴,家人,随便,不吃辣,素食,699,定胜糕,糖水甜品,0.5998765432098766,赤豆糕,0.5998765432098766,train
1263,晚餐,4,37,正常,一般,冷,同事,不关心,微辣,,2,青椒肉丝,煲仔饭碟头饭,0.6101234567901236,豉椒炒花甲,0.6101234567901236,test
1264,早餐,3,98,想吃好点,疲惫,雨,朋友,随便,重辣,"海鲜,乳制品",427,南翔小笼包,早餐粥点,0.717758784425451,皮蛋瘦肉粥(珠三角),0.7071225071225072,train
1265,晚餐,4,15,正常,一般,雪,朋友,想健康,微辣,,71,干豆腐炒尖椒,东北菜,0.7510864197530869,兰州牛肉面,0.7510864197530869,test
1266,午餐,4,36,想吃好点,疲惫,晴,家人,想健康,中辣,,15,宫保鸡丁,家常炒菜,0.7045432098765434,酸菜肥牛,0.7045432098765433,train
1267,晚餐,4,47,省着点,一般,雨,一个人,随便,重辣,,519,湖南米粉,湘菜,0.5822222222222222,臭豆腐炒辣椒,0.5822222222222222,train
1268,晚餐,5,15,想吃好点,一般,冷,家人,随便,不吃辣,,684,窝蛋牛肉饭,煲仔饭碟头饭,0.6333998100664767,烧腊双拼饭,0.6329629629629631,val
1269,午餐,2,44,想吃好点,压力大,雨,一个人,随便,重辣,"海鲜,乳制品",593,酸辣鸡杂,湘菜,0.6130864197530864,泡椒鸡杂,0.6130864197530864,train
1270,夜宵,3,57,想吃好点,一般,雨,同事,不关心,微辣,,642,烤韭菜,烧烤小吃,0.6489838556505224,烤玉米,0.6478442545109212,val
1271,午餐,2,58,省着点,一般,雨,一个人,不关心,中辣,麸质,523,长沙臭豆腐,湘菜,0.5743209876543209,东北臭豆腐,0.5627160493827161,train
1272,晚餐,4,68,不差钱,一般,雪,同事,随便,重辣,海鲜,600,发丝牛百叶,湘菜,0.6733333333333335,酸菜肥牛,0.6720987654320988,test
1273,午餐,4,21,省着点,兴奋,热,约会,不关心,重辣,麸质,579,腊味萝卜干,湘菜,0.6644444444444445,臭豆腐炒辣椒,0.6559259259259259,train
1274,午餐,2,60,想吃好点,一般,晴,朋友,随便,微辣,,511,黄山臭鳜鱼,本帮江浙菜,0.614814814814815,炒蚕蛹,0.6080246913580248,test
1275,午餐,4,63,正常,疲惫,雨,朋友,想健康,中辣,,15,宫保鸡丁,家常炒菜,0.7592250712250715,云南小锅米线,0.7515802469135804,train
1276,晚餐,4,58,省着点,开心,冷,家人,不关心,不吃辣,,668,咸肉菜饭,煲仔饭碟头饭,0.6647619047619048,拔丝苹果,0.6561199294532628,train
1277,晚餐,3,18,正常,压力大,晴,同事,不关心,微辣,,6,兰州牛肉面,长三角粉面,0.6064197530864199,南京老卤面,0.6064197530864199,val
1278,下午加餐,4,76,省着点,一般,阴,朋友,不关心,微辣,,696,蛋挞,糖水甜品,0.5781032547699214,芒果班戟,0.5772390572390572,val
1279,晚餐,2,48,正常,疲惫,雨,朋友,随便,中辣,,543,干豆角炒肉,湘菜,0.7033333333333334,卜豆角炒肉,0.7033333333333334,val
1280,晚餐,1,15,正常,一般,热,朋友,随便,中辣,海鲜,579,腊味萝卜干,湘菜,0.6167901234567902,青椒肉丝(川),0.590246913580247,train
1281,午餐,5,68,正常,开心,冷,朋友,严格控制,中辣,,15,宫保鸡丁,家常炒菜,0.7329100529100531,荤豆花,0.7232804232804235,train
1282,午餐,2,98,不差钱,压力大,雨,朋友,想健康,微辣,素食,458,油焖笋,本帮江浙菜,0.6875029739591146,卤水豆腐,0.6811302044284502,train
1283,下午加餐,2,111,省着点,疲惫,晴,约会,随便,重辣,,762,丝袜奶茶,轻食健康,0.6629629629629629,奶茶,0.6530864197530866,train
1284,午餐,5,20,不差钱,压力大,晴,约会,想健康,微辣,,2,青椒肉丝,煲仔饭碟头饭,0.6940433848153148,石锅拌饭,0.6874137052031791,train
1285,晚餐,2,33,想吃好点,开心,冷,一个人,随便,不吃辣,,348,豉汁蒸排骨,广府家常菜,0.5706878306878307,丝瓜炒牛肉,0.5706878306878307,train
1286,早餐,4,25,正常,兴奋,雨,同事,想健康,中辣,素食,807,衢州常山索面,长三角粉面,0.6260246913580246,素鸡面,0.6198518518518519,val
1287,晚餐,5,48,不差钱,疲惫,晴,一个人,随便,不吃辣,麸质,471,梭子蟹炒年糕,本帮江浙菜,0.5555555555555557,松鼠桂鱼,0.5555555555555557,train
1288,午餐,3,16,省着点,开心,阴,朋友,严格控制,不吃辣,素食,195,清炒草头,家常炒菜,0.6327865961199295,韭菜盒子(东北),0.6217989417989419,val
1289,晚餐,3,57,省着点,一般,阴,家人,不关心,微辣,海鲜,658,卤水豆腐,烧腊卤味,0.6051851851851852,干煸四季豆,0.5958024691358026,train
1290,晚餐,4,51,正常,疲惫,雪,家人,严格控制,中辣,,15,宫保鸡丁,家常炒菜,0.8254320987654323,荤豆花,0.8175308641975312,test
1291,午餐,3,16,正常,开心,热,朋友,随便,不吃辣,,126,松仁小肚,东北菜,0.6425396825396825,炸酱面,0.6358483245149912,train
1292,午餐,4,58,正常,开心,晴,一个人,想健康,中辣,,248,青椒肉丝(川),川菜,0.577453262786596,云南小锅米线,0.577453262786596,val
1293,午餐,4,52,想吃好点,一般,阴,一个人,不关心,微辣,乳制品,811,鳝丝面,长三角粉面,0.5190123456790123,全家福(湘),0.5190123456790123,train
1294,夜宵,1,60,想吃好点,开心,晴,朋友,随便,重辣,,26,烤鸡翅,烧烤小吃,0.6621693121693121,酸菜鱼,0.6420458553791887,val
1295,晚餐,4,35,想吃好点,疲惫,阴,朋友,随便,中辣,,15,宫保鸡丁,家常炒菜,0.6762962962962965,冬笋炒腊肉,0.6762962962962964,train
1296,晚餐,4,34,正常,压力大,热,同事,随便,微辣,,60,东北饭包,东北菜,0.6582716049382717,炸酱面,0.6503703703703705,val
1297,晚餐,4,54,正常,一般,晴,一个人,不关心,微辣,,559,湖南蛋饺,湘菜,0.5190123456790123,青椒肉丝,0.5190123456790123,test
1298,晚餐,2,18,正常,疲惫,热,同事,严格控制,中辣,,818,牛油果吐司,面包甜点,0.6631649831649832,松仁小肚,0.6567901234567903,train
1299,下午加餐,2,50,正常,压力大,冷,朋友,不关心,重辣,,701,核桃糊,糖水甜品,0.6630864197530865,丝袜奶茶,0.6630864197530862,train
1300,晚餐,3,25,正常,开心,热,同事,随便,重辣,素食,658,卤水豆腐,烧腊卤味,0.6077248677248677,糖油果子,0.5893257359924027,train
1301,午餐,2,15,正常,一般,晴,朋友,不关心,重辣,,580,臭豆腐炒辣椒,湘菜,0.6227160493827162,小炒香干,0.6139506172839505,train
1302,晚餐,3,43,正常,疲惫,晴,一个人,想健康,微辣,,6,兰州牛肉面,长三角粉面,0.6025679012345682,荤豆花,0.6025679012345679,val
1303,午餐,3,40,正常,一般,雨,同事,严格控制,重辣,,310,麻婆豆腐(素),川菜,0.6570370370370371,麻婆豆腐(川),0.6570370370370371,train
1304,午餐,4,66,正常,一般,热,一个人,严格控制,中辣,素食,658,卤水豆腐,烧腊卤味,0.5866666666666668,紫苏煎黄瓜,0.5801234567901234,val
1305,晚餐,3,47,想吃好点,低落,雨,朋友,想健康,微辣,,292,荤豆花,川菜,0.7310769230769233,干煸茧蛹,0.7241728395061732,train
1306,午餐,1,42,想吃好点,兴奋,晴,朋友,随便,不吃辣,素食,458,油焖笋,本帮江浙菜,0.5666666666666667,卤水豆腐,0.5596581196581196,val
1307,晚餐,2,60,不差钱,开心,雨,同事,想健康,微辣,"海鲜,乳制品",162,干煸茧蛹,东北菜,0.6425434812101479,炒蚕蛹,0.6411039850338097,test
1308,午餐,4,94,想吃好点,一般,热,一个人,严格控制,不吃辣,,478,白切羊肉,本帮江浙菜,0.6007407407407409,豉油鸡,0.5866666666666668,train
1309,午餐,4,56,正常,疲惫,晴,朋友,严格控制,重辣,,13,麻婆豆腐,家常炒菜,0.7307407407407409,宫保鸡丁,0.7214814814814817,train
1310,晚餐,1,62,正常,开心,热,朋友,想健康,中辣,"海鲜,乳制品",648,卤水鸡翅,烧腊卤味,0.6669347442680776,卤水豆腐,0.6533544973544975,train
1311,早餐,5,39,正常,兴奋,雪,朋友,不关心,重辣,素食,807,衢州常山索面,长三角粉面,0.6691358024691358,桂花糖芋艿,0.6489214489214489,test
1312,早餐,5,43,正常,压力大,热,同事,不关心,微辣,素食,413,白糖糕,早茶点心,0.6146221679555013,青团,0.6140116673450007,train
1313,早餐,2,92,正常,疲惫,冷,一个人,想健康,微辣,海鲜,439,菜肉大馄饨,早餐粥点,0.7094814814814815,南翔小笼包,0.6997037037037037,val
1314,午餐,2,60,想吃好点,一般,阴,家人,随便,不吃辣,素食,458,油焖笋,本帮江浙菜,0.5879012345679013,油焖春笋,0.5783950617283952,train
1315,早餐,5,81,正常,低落,热,一个人,想健康,重辣,素食,807,衢州常山索面,长三角粉面,0.5623209876543209,牛油果吐司,0.5248148148148148,train
1316,午餐,5,15,省着点,压力大,热,约会,随便,不吃辣,,9,炸酱面,长三角粉面,0.6938024691358025,糖油果子,0.6927160493827161,train
1317,晚餐,3,44,不差钱,疲惫,冷,同事,想健康,中辣,,241,酸汤肥牛,川菜,0.6889876543209877,酸菜肥牛,0.6889876543209877,train
1318,晚餐,3,33,想吃好点,一般,冷,约会,不关心,不吃辣,乳制品,458,油焖笋,本帮江浙菜,0.6733333333333336,梭子蟹炒年糕,0.6733333333333336,train
1319,午餐,4,49,想吃好点,一般,雨,朋友,随便,微辣,,559,湖南蛋饺,湘菜,0.6623361823361825,荤豆花,0.6623361823361825,val
1320,早餐,4,40,省着点,疲惫,雨,一个人,想健康,重辣,素食,807,衢州常山索面,长三角粉面,0.6319506172839505,无锡素面,0.6161481481481481,train
1321,早餐,3,30,正常,开心,热,朋友,想健康,中辣,素食,807,衢州常山索面,长三角粉面,0.6537671957671959,白粥配咸菜,0.6432937186270521,test
1322,晚餐,3,66,正常,疲惫,阴,一个人,不关心,微辣,,811,鳝丝面,长三角粉面,0.563456790123457,上海辣肉面,0.563456790123457,train
1323,夜宵,5,43,不差钱,开心,冷,家人,严格控制,中辣,,613,酸菜鱼,火锅麻辣烫,0.7380952380952382,烤鸡翅,0.7246064591678627,train
1324,午餐,1,57,正常,低落,雨,一个人,严格控制,中辣,,248,青椒肉丝(川),川菜,0.6330864197530863,干煸茧蛹,0.6239506172839507,train
1325,夜宵,3,80,不差钱,低落,热,朋友,不关心,重辣,,617,小龙虾,火锅麻辣烫,0.7309876543209879,烤鸡翅,0.7108322087269455,train
1326,晚餐,4,44,正常,疲惫,阴,朋友,严格控制,重辣,,13,麻婆豆腐,家常炒菜,0.7307407407407409,宫保鸡丁,0.7214814814814817,train
1327,晚餐,5,27,正常,开心,热,家人,想健康,微辣,麸质,658,卤水豆腐,烧腊卤味,0.6871816578483246,东北饭包,0.6806384479717815,test
1328,晚餐,3,36,正常,一般,热,一个人,严格控制,重辣,,252,麻婆豆腐(川),川菜,0.5880246913580248,小炒香干,0.5880246913580248,val
1329,早餐,2,93,不差钱,开心,冷,约会,随便,微辣,"海鲜,乳制品",434,皮蛋瘦肉粥(珠三角),早餐粥点,0.6914427093374463,南翔小笼包,0.6843401952173883,train
1330,午餐,5,42,正常,低落,冷,一个人,不关心,中辣,素食,575,紫苏煎黄瓜,湘菜,0.6158024691358024,攸县香干,0.6158024691358024,train
1331,下午加餐,4,62,正常,一般,晴,朋友,严格控制,中辣,,32,藜麦牛油果碗,轻食健康,0.6589919956586622,波奇饭,0.6453167819834486,train
1332,夜宵,5,55,不差钱,一般,阴,朋友,想健康,不吃辣,海鲜,24,菌汤火锅,火锅麻辣烫,0.6701234567901234,韭菜盒子,0.6414705852951467,train
1333,晚餐,3,62,不差钱,疲惫,晴,朋友,想健康,不吃辣,素食,159,东北乱炖(素),东北菜,0.6678680461838357,土豆炖茄子,0.6664285500074975,train
1334,下午加餐,5,54,正常,一般,热,约会,随便,重辣,,706,芒果班戟,糖水甜品,0.6303254769921438,蛋挞,0.6234078267411601,train
1335,晚餐,3,66,正常,疲惫,晴,家人,想健康,不吃辣,,64,土豆炖茄子,东北菜,0.688740740740741,大丰收,0.688740740740741,train
1336,下午加餐,3,58,正常,低落,雨,家人,严格控制,中辣,麸质,32,藜麦牛油果碗,轻食健康,0.7418315018315018,波奇饭,0.7281562881562882,train
1337,晚餐,2,83,省着点,疲惫,热,一个人,想健康,中辣,,658,卤水豆腐,烧腊卤味,0.6194567901234569,紫苏煎黄瓜,0.6049135802469137,train
1338,午餐,3,44,正常,一般,阴,朋友,不关心,微辣,"海鲜,乳制品",559,湖南蛋饺,湘菜,0.6185185185185186,荤豆花,0.6185185185185186,train
1339,晚餐,2,32,正常,疲惫,雨,家人,不关心,不吃辣,,348,豉汁蒸排骨,广府家常菜,0.6798765432098767,豆豉蒸鲮鱼,0.6798765432098767,train
1340,午餐,4,51,正常,疲惫,晴,一个人,想健康,中辣,,11,云南小锅米线,长三角粉面,0.6141728395061729,青椒肉丝,0.6136790123456791,test
1341,午餐,3,54,不差钱,开心,热,朋友,想健康,不吃辣,,655,豉油鸡,烧腊卤味,0.6854582610372084,卤水鸡翅,0.6717830473619948,train
1342,早餐,4,15,省着点,疲惫,热,约会,严格控制,重辣,素食,807,衢州常山索面,长三角粉面,0.6932098765432101,无锡素面,0.6774074074074077,test
1343,午餐,2,57,省着点,疲惫,晴,家人,不关心,微辣,麸质,658,卤水豆腐,烧腊卤味,0.6360493827160495,干煸四季豆,0.6266666666666668,test
1344,晚餐,3,64,正常,疲惫,冷,一个人,随便,不吃辣,,803,爆鱼面,长三角粉面,0.6037037037037039,绍兴次坞打面,0.6037037037037039,train
1345,午餐,3,50,正常,疲惫,晴,同事,想健康,微辣,,6,兰州牛肉面,长三角粉面,0.6492345679012347,青椒肉丝,0.6430617283950619,test
1346,下午加餐,5,47,正常,一般,雨,一个人,想健康,重辣,,34,全麦鸡肉三明治,轻食健康,0.5889876543209875,藜麦牛油果碗,0.5786216252882919,train
1347,午餐,4,15,省着点,一般,冷,同事,想健康,微辣,麸质,6,兰州牛肉面,长三角粉面,0.6442962962962964,青椒肉丝,0.6440493827160495,train
1348,下午加餐,3,75,省着点,一般,阴,一个人,想健康,中辣,,772,鲜榨橙汁,轻食健康,0.6057777777777779,水煮时蔬,0.5970370370370369,train
1349,早餐,3,37,省着点,开心,阴,同事,随便,中辣,乳制品,43,皮蛋瘦肉粥,早餐粥点,0.6246560846560847,小笼包+豆浆,0.6246560846560847,train
1350,晚餐,3,15,正常,一般,晴,约会,不关心,微辣,"海鲜,乳制品",48,东北土豆丝,东北菜,0.6154320987654323,手撕包菜(东北),0.6154320987654323,train
1351,夜宵,4,31,正常,疲惫,阴,朋友,不关心,不吃辣,"海鲜,乳制品",639,沙县蒸饺,烧烤小吃,0.6892918192918193,锅贴,0.6883041649708316,train
1352,午餐,3,81,正常,兴奋,雨,朋友,不关心,不吃辣,,658,卤水豆腐,烧腊卤味,0.657891737891738,豉汁蒸鱼头,0.6576543209876543,test
1353,午餐,4,102,正常,疲惫,雨,同事,想健康,中辣,,2,青椒肉丝,煲仔饭碟头饭,0.7040493827160497,云南小锅米线,0.6978765432098767,train
1354,午餐,2,82,正常,开心,热,朋友,不关心,重辣,,659,卤水鸭掌,烧腊卤味,0.6647619047619048,卤水掌翼,0.6647619047619048,test
1355,晚餐,4,30,正常,疲惫,热,约会,随便,微辣,麸质,658,卤水豆腐,烧腊卤味,0.7056790123456792,东北饭包,0.6996296296296299,test
1356,午餐,4,30,不差钱,开心,热,同事,不关心,不吃辣,,656,卤水拼盘,烧腊卤味,0.6136507936507937,熏酱拼盘,0.6034693571535678,test
1357,午餐,2,47,想吃好点,一般,冷,家人,想健康,微辣,素食,458,油焖笋,本帮江浙菜,0.665382716049383,东北乱炖(素),0.6593010446343781,train
1358,晚餐,5,49,想吃好点,压力大,晴,一个人,想健康,中辣,,15,宫保鸡丁,家常炒菜,0.6104691358024693,鱼香虾仁,0.6104691358024691,train
1359,晚餐,5,110,省着点,压力大,雪,朋友,想健康,不吃辣,,668,咸肉菜饭,煲仔饭碟头饭,0.8011851851851853,菜饭骨头汤,0.7894567901234568,test
1360,午餐,4,72,想吃好点,开心,雨,同事,不关心,微辣,,371,鱼香茄子煲,广府家常菜,0.6208112874779542,豉椒炒花甲,0.6208112874779542,train
1361,晚餐,5,15,正常,低落,热,朋友,严格控制,微辣,,60,东北饭包,东北菜,0.7023456790123461,干豆腐炒尖椒,0.6800000000000004,train
1362,午餐,4,49,正常,低落,雨,家人,想健康,不吃辣,"海鲜,乳制品",680,海南鸡饭,煲仔饭碟头饭,0.7103361823361825,豉汁蒸排骨,0.7034320987654321,val
1363,晚餐,5,78,不差钱,一般,雨,家人,不关心,不吃辣,海鲜,656,卤水拼盘,烧腊卤味,0.6458024691358025,海南鸡饭,0.6353276353276353,train
1364,午餐,3,62,想吃好点,一般,阴,朋友,不关心,中辣,,301,酸菜鱼片,川菜,0.6318518518518518,泡菜鱼,0.6318518518518518,train
1365,晚餐,5,95,不差钱,低落,雨,家人,想健康,不吃辣,麸质,471,梭子蟹炒年糕,本帮江浙菜,0.7029287749287751,海南鸡饭,0.692957264957265,train
1366,下午加餐,5,43,想吃好点,兴奋,冷,家人,不关心,中辣,"海鲜,乳制品",702,桂花糖芋艿,糖水甜品,0.5716999050332384,全麦鸡肉三明治,0.562108262108262,train
1367,晚餐,4,45,正常,压力大,热,同事,不关心,不吃辣,乳制品,9,炸酱面,长三角粉面,0.6503703703703705,糖油果子,0.6433292633292632,val
1368,晚餐,3,44,正常,开心,雪,朋友,想健康,中辣,,15,宫保鸡丁,家常炒菜,0.7935026455026457,浏阳蒸菜,0.7874285714285715,test
1369,午餐,4,55,省着点,一般,阴,一个人,严格控制,不吃辣,,173,毛豆炒肉丝,家常炒菜,0.5476543209876543,清炒草头,0.5476543209876543,train
1370,下午加餐,5,36,想吃好点,一般,阴,一个人,想健康,中辣,,770,波奇饭,轻食健康,0.5649382716049383,藜麦牛油果碗,0.551358024691358,train
1371,晚餐,4,50,想吃好点,疲惫,晴,一个人,随便,不吃辣,"海鲜,乳制品",681,滑鸡煲仔饭,煲仔饭碟头饭,0.562962962962963,海南鸡饭,0.562962962962963,train
1372,晚餐,3,42,正常,疲惫,晴,家人,想健康,不吃辣,,64,土豆炖茄子,东北菜,0.688740740740741,大丰收,0.688740740740741,train
1373,午餐,3,81,正常,疲惫,雨,同事,不关心,中辣,,786,南京皮肚面,长三角粉面,0.6587654320987655,鱼香肉片,0.6587654320987655,train
1374,晚餐,3,21,正常,一般,晴,同事,严格控制,不吃辣,乳制品,347,菜心炒牛肉,广府家常菜,0.5992592592592593,豉汁蒸排骨,0.5992592592592593,test
1375,晚餐,4,15,正常,压力大,阴,约会,想健康,微辣,,6,兰州牛肉面,长三角粉面,0.7026913580246917,青椒肉丝,0.7020987654320989,train
1376,早餐,4,29,正常,开心,热,一个人,不关心,重辣,,44,小笼包+豆浆,早餐粥点,0.5526807760141094,虾籽馄饨面,0.5526807760141094,train
1377,晚餐,4,25,想吃好点,一般,热,约会,随便,不吃辣,素食,658,卤水豆腐,烧腊卤味,0.6327445394112061,油焖春笋,0.6237037037037039,train
1378,晚餐,3,23,想吃好点,开心,晴,约会,不关心,中辣,麸质,543,干豆角炒肉,湘菜,0.6493298059964727,卜豆角炒肉,0.6493298059964727,val
1379,午餐,3,52,想吃好点,一般,热,同事,想健康,微辣,,126,松仁小肚,东北菜,0.6255726495726497,凯撒鸡肉卷,0.6167407407407409,train
1380,夜宵,2,57,不差钱,开心,阴,同事,想健康,微辣,素食,642,烤韭菜,烧烤小吃,0.634751351312755,烤玉米,0.6204513563110055,train
1381,晚餐,2,60,省着点,疲惫,雨,家人,不关心,不吃辣,,658,卤水豆腐,烧腊卤味,0.6798670465337133,大酱炒鸡蛋,0.6653086419753088,train
1382,晚餐,3,15,正常,低落,晴,一个人,想健康,微辣,海鲜,69,尖椒干豆腐,东北菜,0.5840493827160496,干豆腐炒尖椒,0.5840493827160496,train
1383,早餐,4,39,省着点,兴奋,热,约会,严格控制,微辣,素食,808,金华佛堂千张面,长三角粉面,0.6470370370370371,素鸡面,0.6470370370370371,train
1384,下午加餐,4,61,省着点,压力大,雨,家人,严格控制,中辣,,34,全麦鸡肉三明治,轻食健康,0.71011396011396,双皮奶,0.7000000000000001,train
1385,晚餐,4,49,正常,疲惫,雨,一个人,不关心,不吃辣,,669,扬州炒饭,煲仔饭碟头饭,0.6103703703703706,菜饭骨头汤,0.6103703703703706,train
1386,午餐,3,91,正常,压力大,热,一个人,不关心,中辣,麸质,579,腊味萝卜干,湘菜,0.6195061728395062,蒜泥白肉,0.6079012345679012,val
1387,午餐,5,93,不差钱,低落,热,家人,不关心,不吃辣,,335,甜皮鸭,川菜,0.671851851851852,乐山甜皮鸭,0.671851851851852,train
1388,午餐,3,85,正常,压力大,晴,朋友,严格控制,重辣,海鲜,13,麻婆豆腐,家常炒菜,0.7307407407407409,宫保鸡丁,0.7214814814814817,train
1389,晚餐,4,27,想吃好点,疲惫,冷,一个人,想健康,中辣,,15,宫保鸡丁,家常炒菜,0.6586172839506175,鱼香虾仁,0.6586172839506174,train
1390,早餐,4,33,正常,低落,热,家人,想健康,微辣,,424,黑椒牛仔骨,早茶点心,0.6712637485970822,及第粥,0.664226711560045,val
1391,午餐,3,89,想吃好点,开心,晴,朋友,随便,不吃辣,海鲜,663,烧乳鸽,烧腊卤味,0.6166137566137566,盐焗鸡,0.6166137566137566,train
1392,午餐,4,34,正常,压力大,雨,朋友,想健康,重辣,海鲜,13,麻婆豆腐,家常炒菜,0.7720740740740744,麻辣烫(川),0.7632839506172843,test
1393,午餐,3,79,正常,一般,热,家人,随便,中辣,素食,658,卤水豆腐,烧腊卤味,0.6533333333333334,攸县香干,0.6154320987654321,train
1394,午餐,5,15,想吃好点,疲惫,阴,同事,随便,微辣,,671,烧腊双拼饭,煲仔饭碟头饭,0.6096296296296296,烧鹅饭,0.6096296296296296,train
1395,晚餐,3,29,省着点,兴奋,热,同事,不关心,微辣,素食,658,卤水豆腐,烧腊卤味,0.6051851851851853,糖油粑粑,0.591604938271605,train
1396,午餐,3,87,正常,压力大,晴,约会,严格控制,不吃辣,,64,土豆炖茄子,东北菜,0.7185185185185188,东北乱炖(素),0.7185185185185188,train
1397,下午加餐,4,67,想吃好点,一般,雪,同事,想健康,微辣,乳制品,34,全麦鸡肉三明治,轻食健康,0.6869806900918012,波奇饭,0.6733333333333333,test
1398,晚餐,3,32,不差钱,兴奋,晴,家人,随便,中辣,,300,酸菜肥牛,川菜,0.6358024691358025,酸汤肥牛,0.6358024691358025,val
1399,午餐,1,41,不差钱,疲惫,晴,同事,不关心,不吃辣,,378,姜葱炒蟹,广府家常菜,0.5641975308641975,爆炒梭子蟹,0.557283950617284,train
1400,晚餐,2,58,正常,一般,雨,朋友,不关心,微辣,,162,干煸茧蛹,东北菜,0.6554320987654323,炒蚕蛹,0.6554320987654323,train
1401,晚餐,4,34,正常,一般,热,朋友,不关心,微辣,乳制品,237,蒜泥白肉,川菜,0.6646913580246916,卤水豆腐,0.6533333333333334,train
1402,午餐,3,72,省着点,开心,热,一个人,想健康,微辣,素食,658,卤水豆腐,烧腊卤味,0.600021164021164,东北土豆丝,0.5640952380952382,train
1403,午餐,3,84,正常,疲惫,热,同事,随便,中辣,,579,腊味萝卜干,湘菜,0.6558024691358025,东北饭包,0.6446913580246915,train
1404,夜宵,3,53,正常,低落,热,一个人,想健康,中辣,"海鲜,乳制品",26,烤鸡翅,烧烤小吃,0.6605679012345678,烤金针菇,0.6513086419753086,train
1405,午餐,3,15,正常,一般,晴,同事,不关心,重辣,海鲜,233,红油抄手,川菜,0.5644444444444445,红油水饺,0.5644444444444445,test
1406,晚餐,4,49,想吃好点,一般,阴,一个人,随便,不吃辣,,357,烧肉炒芥兰,广府家常菜,0.5111111111111112,姜葱焗鱼,0.5111111111111112,train
1407,下午加餐,4,64,想吃好点,疲惫,雪,朋友,不关心,中辣,,702,桂花糖芋艿,糖水甜品,0.6872554605887939,全麦鸡肉三明治,0.6870053814498258,test
1408,午餐,3,15,正常,一般,雪,家人,不关心,重辣,,541,小炒香干,湘菜,0.7260493827160496,红油抄手,0.7260493827160496,test
1409,晚餐,4,89,想吃好点,开心,阴,一个人,不关心,不吃辣,,348,豉汁蒸排骨,广府家常菜,0.5225396825396825,丝瓜炒牛肉,0.5225396825396825,train
1410,午餐,5,57,省着点,一般,阴,一个人,随便,不吃辣,,3,台式卤肉饭,煲仔饭碟头饭,0.514814814814815,咸肉菜饭,0.514814814814815,train
1411,早餐,4,58,正常,疲惫,热,同事,不关心,微辣,素食,413,白糖糕,早茶点心,0.6146221679555013,青团,0.6140116673450007,test
1412,早餐,4,43,想吃好点,一般,阴,一个人,想健康,中辣,素食,807,衢州常山索面,长三角粉面,0.5227198480531814,白粥配咸菜,0.5216372269705603,train
1413,午餐,3,30,正常,开心,雪,同事,随便,微辣,,787,南京老卤面,长三角粉面,0.6882186948853616,豉椒炒花甲,0.6882186948853616,test
1414,夜宵,1,116,想吃好点,开心,冷,家人,严格控制,不吃辣,海鲜,609,椰子鸡火锅,火锅麻辣烫,0.6982743182743184,沙县扁肉,0.6905535205535206,train
1415,午餐,2,47,省着点,压力大,冷,同事,随便,重辣,,580,臭豆腐炒辣椒,湘菜,0.6466666666666667,长沙臭豆腐,0.6454320987654321,train
1416,夜宵,3,82,想吃好点,一般,冷,一个人,想健康,中辣,,26,烤鸡翅,烧烤小吃,0.6599506172839507,烤茄子,0.6508338081671415,train
1417,晚餐,4,15,正常,开心,热,同事,不关心,微辣,,60,东北饭包,东北菜,0.6178483245149913,炸酱面,0.60994708994709,val
1418,午餐,3,33,正常,一般,雨,一个人,不关心,中辣,,786,南京皮肚面,长三角粉面,0.5743209876543209,鱼香肉片,0.5743209876543209,train
1419,午餐,3,15,正常,开心,雨,朋友,随便,中辣,,554,榨菜肉丝(湘),湘菜,0.6730335097001764,紫苏煎黄瓜,0.6730335097001764,train
1420,早餐,4,53,正常,一般,雨,约会,随便,重辣,,428,及第粥,早餐粥点,0.6758145558145559,黑椒猪肚,0.6753872053872055,train
1421,午餐,4,16,想吃好点,压力大,晴,同事,不关心,重辣,,272,川味肥肠粉,川菜,0.6117378917378916,津市牛肉粉,0.6117378917378916,train
1422,晚餐,5,125,省着点,压力大,阴,朋友,不关心,不吃辣,乳制品,668,咸肉菜饭,煲仔饭碟头饭,0.6570370370370371,卤水豆腐,0.6496296296296298,train
1423,早餐,4,32,正常,开心,热,朋友,不关心,中辣,,425,黑椒猪肚,早茶点心,0.6291614558281226,黑椒牛仔骨,0.6291614558281226,train
1424,晚餐,4,50,省着点,兴奋,热,家人,想健康,微辣,,658,卤水豆腐,烧腊卤味,0.6915555555555557,东北饭包,0.6751358024691362,train
1425,下午加餐,5,20,正常,一般,雪,同事,不关心,不吃辣,"海鲜,乳制品",699,定胜糕,糖水甜品,0.6266648577759689,赤豆糕,0.6266648577759689,test
1426,午餐,4,46,正常,兴奋,晴,朋友,想健康,中辣,,15,宫保鸡丁,家常炒菜,0.6791111111111112,醋蒸鸡,0.6706373626373626,train
1427,早餐,1,58,想吃好点,疲惫,晴,一个人,随便,微辣,,417,虾饺,早茶点心,0.5940740740740742,燕麦牛奶粥,0.5927635327635329,train
1428,下午加餐,3,42,不差钱,一般,晴,约会,随便,重辣,"海鲜,乳制品",32,藜麦牛油果碗,轻食健康,0.60778277602839,全麦鸡肉三明治,0.5965766981556455,train
1429,午餐,3,38,正常,一般,雨,朋友,想健康,中辣,乳制品,15,宫保鸡丁,家常炒菜,0.7110769230769232,攸县香干,0.7047901234567902,train
1430,晚餐,3,60,省着点,疲惫,热,一个人,随便,重辣,素食,658,卤水豆腐,烧腊卤味,0.6037037037037037,糖油粑粑,0.5975308641975309,train
1431,晚餐,3,15,正常,疲惫,晴,家人,想健康,不吃辣,,173,毛豆炒肉丝,家常炒菜,0.6673827160493829,番茄炒牛肉,0.6673827160493829,train
1432,下午加餐,5,88,省着点,一般,晴,朋友,想健康,微辣,麸质,688,双皮奶,糖水甜品,0.5745185185185187,桂花糖芋艿,0.5658765432098766,test
1433,午餐,3,43,不差钱,疲惫,阴,家人,想健康,重辣,,524,香辣鱼块,湘菜,0.7059667116509223,酸菜肥牛,0.7045432098765433,test
1434,午餐,4,15,想吃好点,疲惫,晴,同事,随便,微辣,麸质,397,星洲炒米粉,广式粥粉面,0.6078442545109213,窝蛋牛肉饭,0.6073504273504272,train
1435,下午加餐,3,51,省着点,疲惫,晴,家人,严格控制,微辣,海鲜,688,双皮奶,糖水甜品,0.7004938271604938,全麦鸡肉三明治,0.6997435897435899,train
1436,晚餐,1,33,正常,疲惫,阴,家人,想健康,不吃辣,,369,豉汁蒸鱼头,广府家常菜,0.6444197530864199,豉汁蒸排骨,0.6444197530864199,train
1437,早餐,4,69,想吃好点,开心,晴,一个人,不关心,中辣,"海鲜,乳制品",427,南翔小笼包,早餐粥点,0.538958078958079,小笼包+豆浆,0.5309808709808711,test
1438,午餐,4,51,省着点,疲惫,晴,一个人,想健康,微辣,,2,青椒肉丝,煲仔饭碟头饭,0.6087407407407407,兰州牛肉面,0.6013333333333334,train
1439,晚餐,2,77,正常,开心,热,一个人,随便,微辣,麸质,657,卤水掌翼,烧腊卤味,0.5706878306878307,卤水鸡翅,0.5706878306878307,train
1440,午餐,2,18,正常,压力大,晴,家人,不关心,微辣,,366,豉椒炒花甲,广府家常菜,0.6335802469135804,尖椒干豆腐,0.6266666666666668,train
1441,晚餐,4,52,省着点,一般,热,朋友,想健康,微辣,乳制品,658,卤水豆腐,烧腊卤味,0.6826666666666669,东北饭包,0.6746419753086423,train
1442,午餐,2,75,想吃好点,一般,阴,朋友,不关心,微辣,麸质,511,黄山臭鳜鱼,本帮江浙菜,0.614814814814815,炒蚕蛹,0.6080246913580248,val
1443,早餐,5,64,正常,压力大,冷,约会,严格控制,微辣,素食,793,常熟蕈油面,长三角粉面,0.7128395061728396,素鸡面,0.7128395061728396,train
1444,夜宵,3,33,想吃好点,开心,晴,朋友,想健康,微辣,乳制品,618,烤生蚝,火锅麻辣烫,0.6814038800705469,炒年糕,0.6744846018179353,train
1445,早餐,2,62,省着点,一般,阴,家人,不关心,微辣,乳制品,434,皮蛋瘦肉粥(珠三角),早餐粥点,0.6414814814814815,艇仔粥,0.6414814814814815,train
1446,午餐,4,95,正常,一般,冷,朋友,不关心,微辣,"海鲜,乳制品",292,荤豆花,川菜,0.666666666666667,粉蒸肉(川),0.666666666666667,train
1447,午餐,3,68,不差钱,疲惫,热,同事,想健康,重辣,,126,松仁小肚,东北菜,0.6514236017393913,卤水拼盘,0.6512160493827162,val
1448,夜宵,2,19,想吃好点,开心,晴,家人,严格控制,中辣,,26,烤鸡翅,烧烤小吃,0.6991569664902998,烤茄子,0.6881318681318681,val
1449,午餐,3,82,想吃好点,疲惫,雪,一个人,严格控制,中辣,,300,酸菜肥牛,川菜,0.731358024691358,鱼香虾仁,0.731358024691358,test
1450,夜宵,3,71,不差钱,压力大,热,朋友,想健康,不吃辣,,24,菌汤火锅,火锅麻辣烫,0.7324691358024693,番茄火锅,0.7263950617283952,train
1451,午餐,3,40,正常,疲惫,雪,同事,随便,中辣,,11,云南小锅米线,长三角粉面,0.7261728395061728,鱼香肉片,0.7261728395061728,test
1452,晚餐,3,91,正常,开心,晴,朋友,想健康,中辣,乳制品,15,宫保鸡丁,家常炒菜,0.6786878306878308,浏阳蒸菜,0.6726137566137567,train
1453,夜宵,4,42,正常,兴奋,热,约会,随便,重辣,,26,烤鸡翅,烧烤小吃,0.7106172839506173,炒年糕,0.6886419753086421,train
1454,晚餐,3,55,想吃好点,一般,雪,一个人,不关心,不吃辣,麸质,665,金钱肚,烧腊卤味,0.625925925925926,姜葱炒牛肉,0.625925925925926,test
1455,早餐,2,19,正常,压力大,晴,朋友,想健康,微辣,素食,793,常熟蕈油面,长三角粉面,0.659604938271605,素鸡面,0.659604938271605,train
1456,午餐,4,46,省着点,疲惫,冷,朋友,随便,中辣,,595,长沙肉丝米粉,湘菜,0.7141975308641976,南京皮肚面,0.7137037037037037,train
1457,晚餐,4,44,想吃好点,一般,冷,朋友,严格控制,微辣,,292,荤豆花,川菜,0.7118518518518522,连锅汤,0.7039506172839508,train
1458,午餐,5,56,正常,疲惫,晴,家人,想健康,不吃辣,素食,64,土豆炖茄子,东北菜,0.688740740740741,茄子炖土豆,0.688740740740741,val
1459,午餐,4,55,正常,低落,晴,一个人,随便,不吃辣,,680,海南鸡饭,煲仔饭碟头饭,0.5333333333333334,咸肉菜饭,0.5333333333333334,train
1460,午餐,2,83,想吃好点,开心,晴,朋友,不关心,微辣,素食,458,油焖笋,本帮江浙菜,0.5993298059964728,东北臭豆腐,0.5903554470221136,train
1461,午餐,3,51,想吃好点,压力大,热,家人,想健康,不吃辣,,655,豉油鸡,烧腊卤味,0.7241481481481484,卤水豆腐,0.7134358974358975,train
1462,午餐,5,37,省着点,兴奋,冷,朋友,随便,微辣,素食,48,东北土豆丝,东北菜,0.6482716049382719,手撕包菜(东北),0.6482716049382719,val
1463,午餐,5,50,正常,一般,晴,朋友,随便,微辣,素食,371,鱼香茄子煲,广府家常菜,0.6117283950617285,卤水豆腐,0.6051851851851852,train
1464,午餐,2,41,正常,疲惫,晴,家人,不关心,中辣,,557,浏阳蒸菜,湘菜,0.6518518518518519,卜豆角炒肉,0.6450617283950618,train
1465,晚餐,3,55,正常,开心,晴,同事,随便,中辣,,552,攸县香干,湘菜,0.5746384479717813,卜豆角炒肉,0.5746384479717813,test
1466,下午加餐,5,46,想吃好点,疲惫,晴,一个人,随便,重辣,"海鲜,乳制品",699,定胜糕,糖水甜品,0.5475783475783477,赤豆糕,0.5475783475783477,test
1467,晚餐,5,68,省着点,兴奋,阴,朋友,严格控制,微辣,海鲜,2,青椒肉丝,煲仔饭碟头饭,0.6583950617283951,兰州牛肉面,0.6462962962962963,train
1468,午餐,3,18,想吃好点,开心,雪,朋友,不关心,微辣,,366,豉椒炒花甲,广府家常菜,0.7311816578483247,上海辣肉面,0.7243440510107177,test
1469,夜宵,1,82,省着点,开心,晴,一个人,不关心,微辣,,642,烤韭菜,烧烤小吃,0.5821869488536155,沙县扁肉,0.5607054673721341,train
1470,午餐,5,15,正常,兴奋,热,一个人,随便,微辣,,60,东北饭包,东北菜,0.5693827160493828,炸酱面,0.5681481481481482,train
1471,晚餐,3,30,省着点,低落,晴,约会,想健康,微辣,,71,干豆腐炒尖椒,东北菜,0.6792345679012347,兰州牛肉面,0.6792345679012347,train
1472,午餐,1,48,不差钱,一般,热,一个人,不关心,重辣,,542,小龙虾(湘味),湘菜,0.5292592592592593,口味蟹,0.5292592592592593,test
1473,早餐,3,52,正常,疲惫,热,同事,想健康,不吃辣,,439,菜肉大馄饨,早餐粥点,0.7123209876543208,小笼包+豆浆,0.7062469135802468,train
1474,午餐,1,44,正常,疲惫,雪,一个人,不关心,不吃辣,"海鲜,乳制品",665,金钱肚,烧腊卤味,0.6328395061728395,梅菜蒸肉饼,0.6328395061728395,test
1475,晚餐,5,71,正常,开心,雪,同事,不关心,微辣,"海鲜,乳制品",371,鱼香茄子煲,广府家常菜,0.6882186948853616,青椒肉丝,0.6882186948853616,test
1476,下午加餐,2,73,想吃好点,一般,晴,家人,不关心,中辣,,32,藜麦牛油果碗,轻食健康,0.6164197530864198,三文鱼沙拉,0.6164197530864198,train
1477,晚餐,4,39,想吃好点,开心,热,同事,想健康,重辣,素食,658,卤水豆腐,烧腊卤味,0.6233829873829875,小炒香干,0.6161712115045448,train
1478,晚餐,5,45,想吃好点,低落,阴,家人,不关心,重辣,,518,水煮鱼片(湘),湘菜,0.6807407407407409,鲜锅兔,0.6807407407407409,train
1479,午餐,3,43,正常,疲惫,热,同事,不关心,微辣,素食,658,卤水豆腐,烧腊卤味,0.6407407407407407,糖油果子,0.6297490164156831,train
1480,下午加餐,2,29,省着点,疲惫,冷,约会,随便,不吃辣,乳制品,701,核桃糊,糖水甜品,0.6867901234567902,花生糊,0.6867901234567902,test
1481,午餐,3,65,想吃好点,兴奋,冷,朋友,严格控制,重辣,,293,藤椒鸡,川菜,0.7533333333333334,泡椒牛蛙,0.7533333333333334,val
1482,午餐,3,58,省着点,压力大,雨,同事,想健康,重辣,,575,紫苏煎黄瓜,湘菜,0.6941728395061729,云南小锅米线,0.6929382716049383,train
1483,晚餐,5,23,想吃好点,开心,阴,家人,不关心,重辣,,281,泡椒猪肝,川菜,0.6335273368606702,泡椒鸡杂,0.6335273368606702,val
1484,晚餐,4,44,正常,疲惫,热,同事,想健康,不吃辣,乳制品,9,炸酱面,长三角粉面,0.6797037037037038,松仁小肚,0.6722962962962965,train
1485,晚餐,3,76,想吃好点,开心,冷,一个人,不关心,不吃辣,,347,菜心炒牛肉,广府家常菜,0.5706878306878307,豉汁蒸鱼头,0.5706878306878307,train
1486,午餐,3,67,正常,一般,晴,一个人,想健康,微辣,,6,兰州牛肉面,长三角粉面,0.5581234567901235,荤豆花,0.5581234567901235,train
1487,午餐,4,43,想吃好点,疲惫,热,家人,想健康,微辣,"海鲜,乳制品",237,蒜泥白肉,川菜,0.7201049382716052,卤水豆腐,0.7134358974358975,train
1488,午餐,4,51,省着点,兴奋,冷,朋友,想健康,微辣,,2,青椒肉丝,煲仔饭碟头饭,0.704172839506173,咸肉菜饭,0.6952592592592595,train
1489,晚餐,4,15,想吃好点,兴奋,阴,约会,想健康,不吃辣,,351,凉瓜炒牛肉,广府家常菜,0.6621975308641976,丝瓜炒牛肉,0.6621975308641976,train
1490,午餐,5,101,省着点,开心,阴,一个人,随便,中辣,麸质,520,湘式炒粉,湘菜,0.5383421516754849,炒米粉(湘),0.5383421516754849,train
1491,晚餐,2,32,省着点,疲惫,热,同事,随便,微辣,,658,卤水豆腐,烧腊卤味,0.6271604938271605,东北饭包,0.6175308641975309,train
1492,午餐,4,17,省着点,一般,冷,同事,随便,重辣,,7,重庆小面,长三角粉面,0.6125925925925927,螺蛳粉,0.6125925925925927,train
1493,早餐,4,72,正常,一般,阴,家人,不关心,微辣,,428,及第粥,早餐粥点,0.6142760942760943,艇仔粥,0.6044444444444445,train
1494,晚餐,3,56,正常,一般,热,同事,随便,中辣,"海鲜,乳制品",579,腊味萝卜干,湘菜,0.611358024691358,松仁小肚,0.5985185185185187,train
1495,早餐,4,88,省着点,疲惫,雨,约会,想健康,微辣,,45,杂粮煎饼果子,早餐粥点,0.7513872053872057,菜肉大馄饨,0.7451604938271607,train
1496,下午加餐,3,75,省着点,低落,晴,约会,想健康,不吃辣,素食,702,桂花糖芋艿,糖水甜品,0.6358765432098766,核桃糊,0.6290864197530865,train
1497,午餐,4,60,正常,开心,晴,同事,随便,重辣,,2,青椒肉丝,煲仔饭碟头饭,0.5771075837742505,农家小炒肉,0.5758730158730159,train
1498,早餐,4,15,想吃好点,一般,冷,朋友,不关心,不吃辣,素食,793,常熟蕈油面,长三角粉面,0.5700094966761634,金华佛堂千张面,0.5631718898385566,train
1499,下午加餐,3,65,正常,压力大,冷,家人,随便,重辣,,702,桂花糖芋艿,糖水甜品,0.6706498439831772,奶茶,0.663859720526387,val
1500,夜宵,3,63,想吃好点,开心,晴,家人,想健康,微辣,,618,烤生蚝,火锅麻辣烫,0.6759717813051147,炒年糕,0.6690525030525032,train
1501,下午加餐,5,79,正常,低落,热,朋友,不关心,中辣,,706,芒果班戟,糖水甜品,0.6488439955106623,凯撒沙拉,0.6395847362514031,train
1502,夜宵,3,86,不差钱,一般,冷,一个人,想健康,不吃辣,乳制品,24,菌汤火锅,火锅麻辣烫,0.6340740740740741,潮汕牛肉火锅,0.6242962962962963,train
1503,晚餐,4,66,省着点,一般,雨,同事,想健康,中辣,麸质,575,紫苏煎黄瓜,湘菜,0.6497283950617285,青椒肉丝,0.6435555555555555,val
1504,晚餐,2,50,想吃好点,一般,晴,朋友,不关心,微辣,,511,黄山臭鳜鱼,本帮江浙菜,0.614814814814815,干煸茧蛹,0.6080246913580248,val
1505,下午加餐,4,15,不差钱,开心,晴,同事,不关心,微辣,素食,32,藜麦牛油果碗,轻食健康,0.5715746631536105,赤豆糕,0.5352723689565795,train
1506,晚餐,5,59,正常,疲惫,热,一个人,想健康,重辣,,60,东北饭包,东北菜,0.6446419753086422,炸酱面,0.6367407407407408,test
1507,晚餐,5,27,省着点,疲惫,晴,家人,想健康,微辣,,2,青椒肉丝,煲仔饭碟头饭,0.6868888888888889,咸肉菜饭,0.6794567901234569,train
1508,晚餐,3,15,正常,一般,晴,家人,不关心,微辣,乳制品,48,东北土豆丝,东北菜,0.5917283950617285,椒盐豆腐,0.5917283950617285,train
1509,午餐,4,69,省着点,疲惫,晴,朋友,严格控制,中辣,,11,云南小锅米线,长三角粉面,0.7053086419753086,紫苏煎黄瓜,0.7038271604938272,val
1510,午餐,2,34,想吃好点,压力大,阴,同事,随便,重辣,,366,豉椒炒花甲,广府家常菜,0.5960493827160493,白辣椒炒鸡杂,0.5953086419753086,train
1511,早餐,4,67,正常,低落,阴,家人,随便,微辣,,425,黑椒猪肚,早茶点心,0.633905723905724,黑椒牛仔骨,0.633905723905724,train
1512,晚餐,4,15,不差钱,疲惫,晴,一个人,想健康,不吃辣,麸质,684,窝蛋牛肉饭,煲仔饭碟头饭,0.5714236017393911,油鸡饭,0.5714236017393911,test
1513,晚餐,3,15,正常,一般,阴,一个人,想健康,不吃辣,,350,丝瓜炒牛肉,广府家常菜,0.5502222222222223,凉瓜炒牛肉,0.5502222222222223,train
1514,下午加餐,4,88,想吃好点,疲惫,雨,家人,随便,重辣,海鲜,706,芒果班戟,糖水甜品,0.6577518777518777,凯撒沙拉,0.6571156004489339,train
1515,晚餐,1,66,不差钱,压力大,晴,约会,严格控制,不吃辣,乳制品,24,菌汤火锅,火锅麻辣烫,0.6881481481481482,清蒸大闸蟹,0.6804938271604939,train
1516,晚餐,3,101,不差钱,低落,雨,朋友,想健康,中辣,素食,552,攸县香干,湘菜,0.7217791772879493,紫苏煎黄瓜,0.7148261108611987,val
1517,早餐,5,65,正常,开心,雪,朋友,不关心,微辣,素食,702,桂花糖芋艿,糖水甜品,0.6535775335775336,常熟蕈油面,0.6441622574955909,test
1518,夜宵,1,56,不差钱,一般,阴,家人,不关心,重辣,乳制品,617,小龙虾,火锅麻辣烫,0.6412345679012347,烤鸡翅,0.6240420852701554,train
1519,午餐,3,59,省着点,兴奋,冷,朋友,不关心,中辣,,523,长沙臭豆腐,湘菜,0.6753086419753087,南京皮肚面,0.6744444444444443,train
1520,下午加餐,5,54,正常,一般,晴,家人,不关心,重辣,,706,芒果班戟,糖水甜品,0.5821773288439955,凯撒沙拉,0.5729180695847363,train
1521,晚餐,3,15,正常,一般,冷,朋友,不关心,微辣,,48,东北土豆丝,东北菜,0.645308641975309,兰州牛肉面,0.645308641975309,train
1522,晚餐,5,15,正常,兴奋,晴,同事,不关心,不吃辣,麸质,364,蚝仔烙,广府家常菜,0.5659259259259259,猪脚饭,0.5659259259259259,train
1523,午餐,1,86,想吃好点,疲惫,晴,同事,想健康,重辣,"海鲜,乳制品",162,干煸茧蛹,东北菜,0.6075061728395063,炒蚕蛹,0.6075061728395063,train
1524,晚餐,2,18,正常,开心,雨,一个人,不关心,不吃辣,,350,丝瓜炒牛肉,广府家常菜,0.5699470899470899,凉瓜炒牛肉,0.5699470899470899,train
1525,午餐,4,53,想吃好点,压力大,晴,一个人,想健康,中辣,,15,宫保鸡丁,家常炒菜,0.6104691358024693,鱼香虾仁,0.6104691358024691,train
1526,下午加餐,4,36,想吃好点,一般,雨,一个人,不关心,微辣,乳制品,34,全麦鸡肉三明治,轻食健康,0.5724786324786324,波奇饭,0.5661728395061728,val
1527,早餐,4,55,省着点,一般,雨,约会,随便,不吃辣,,434,皮蛋瘦肉粥(珠三角),早餐粥点,0.6719658119658121,艇仔粥,0.6719658119658121,train
1528,晚餐,1,15,省着点,一般,晴,约会,随便,微辣,"海鲜,乳制品",109,东北臭豆腐,东北菜,0.5882716049382717,大酱炒鸡蛋,0.5803703703703704,train
1529,晚餐,3,61,省着点,一般,阴,朋友,严格控制,微辣,,6,兰州牛肉面,长三角粉面,0.6374074074074074,干豆腐炒尖椒,0.6374074074074074,train
1530,夜宵,1,90,想吃好点,一般,热,约会,严格控制,不吃辣,,398,海鲜砂锅粥,广式粥粉面,0.6825925925925925,生滚鱼片粥,0.6757549857549857,val
1531,午餐,1,50,正常,疲惫,晴,一个人,不关心,微辣,"海鲜,乳制品",162,干煸茧蛹,东北菜,0.5254320987654322,炒蚕蛹,0.5254320987654322,val
1532,下午加餐,2,72,省着点,低落,热,朋友,想健康,中辣,,688,双皮奶,糖水甜品,0.6961234567901236,全麦鸡肉三明治,0.6873732193732194,val
1533,晚餐,4,44,正常,压力大,冷,同事,不关心,不吃辣,,685,菜饭骨头汤,煲仔饭碟头饭,0.654074074074074,窝蛋牛肉饭,0.654074074074074,train
1534,午餐,1,83,正常,低落,晴,同事,不关心,重辣,,580,臭豆腐炒辣椒,湘菜,0.5891358024691359,青椒肉丝(川),0.57679012345679,train
1535,午餐,5,72,正常,一般,冷,一个人,随便,中辣,麸质,11,云南小锅米线,长三角粉面,0.5750617283950618,川味香肠,0.5750617283950618,val
1536,午餐,3,65,正常,一般,冷,同事,想健康,不吃辣,海鲜,347,菜心炒牛肉,广府家常菜,0.6413333333333334,丝瓜炒牛肉,0.6413333333333334,train
1537,晚餐,2,42,正常,开心,冷,朋友,不关心,不吃辣,"海鲜,乳制品",368,豉汁蒸凤爪,广府家常菜,0.6647619047619048,梅菜蒸肉饼,0.6579717813051147,train
1538,下午加餐,3,47,正常,疲惫,雪,约会,严格控制,中辣,,702,桂花糖芋艿,糖水甜品,0.8143535476868811,全麦鸡肉三明治,0.8076131687242799,test
1539,午餐,2,81,正常,一般,热,同事,不关心,中辣,,579,腊味萝卜干,湘菜,0.5977777777777779,卤水鸡翅,0.5903703703703704,train
1540,夜宵,4,62,正常,低落,雪,朋友,想健康,中辣,,26,烤鸡翅,烧烤小吃,0.8627901234567901,炒年糕,0.8301975308641978,test
1541,午餐,4,29,正常,疲惫,晴,一个人,想健康,重辣,,13,麻婆豆腐,家常炒菜,0.6183703703703706,麻婆豆腐(川),0.6183703703703705,train
1542,晚餐,3,118,想吃好点,压力大,冷,一个人,不关心,微辣,海鲜,811,鳝丝面,长三角粉面,0.6116049382716051,荤豆花,0.611604938271605,train
1543,午餐,4,41,正常,压力大,晴,一个人,严格控制,中辣,,11,云南小锅米线,长三角粉面,0.6202469135802469,青椒肉丝,0.6197530864197532,val
1544,夜宵,2,59,想吃好点,一般,晴,一个人,不关心,微辣,乳制品,642,烤韭菜,烧烤小吃,0.5586134852801519,臭豆腐,0.5574738841405508,train
1545,晚餐,1,25,想吃好点,低落,雨,家人,严格控制,中辣,,162,干煸茧蛹,东北菜,0.7112345679012347,炒蚕蛹,0.7112345679012347,test
1546,下午加餐,5,56,想吃好点,低落,晴,约会,不关心,中辣,,706,芒果班戟,糖水甜品,0.5915790382457049,凯撒沙拉,0.5914365881032548,train
1547,夜宵,1,50,想吃好点,开心,雪,朋友,想健康,不吃辣,,395,生滚鱼片粥,广式粥粉面,0.7344604531271199,海鲜砂锅粥,0.7336727876335721,test
1548,午餐,3,33,正常,一般,雨,家人,想健康,微辣,,292,荤豆花,川菜,0.6960151946818615,炒蚕蛹,0.6891111111111113,train
1549,午餐,1,28,正常,低落,热,朋友,随便,不吃辣,,658,卤水豆腐,烧腊卤味,0.6281481481481482,卤水鸡翅,0.6190123456790124,train
1550,晚餐,4,91,正常,疲惫,晴,朋友,想健康,中辣,,15,宫保鸡丁,家常炒菜,0.7154074074074076,浏阳蒸菜,0.7056296296296297,train
1551,晚餐,2,28,省着点,开心,雨,同事,严格控制,不吃辣,,195,清炒草头,家常炒菜,0.649453262786596,茭白炒肉丝,0.6418559218559218,test
1552,午餐,4,58,正常,兴奋,热,同事,不关心,微辣,,60,东北饭包,东北菜,0.6123456790123458,炸酱面,0.6111111111111112,test
1553,午餐,5,15,省着点,开心,热,家人,想健康,不吃辣,海鲜,9,炸酱面,长三角粉面,0.6748112874779542,松仁小肚,0.6401921041921043,train
1554,夜宵,3,76,不差钱,一般,热,家人,严格控制,微辣,乳制品,24,菌汤火锅,火锅麻辣烫,0.7020987654320988,番茄火锅,0.684320987654321,train
1555,晚餐,2,69,正常,一般,雨,一个人,随便,重辣,素食,580,臭豆腐炒辣椒,湘菜,0.5822222222222222,长沙臭豆腐,0.569436982770316,train
1556,晚餐,2,26,正常,一般,热,家人,想健康,中辣,素食,658,卤水豆腐,烧腊卤味,0.6582222222222223,攸县香干,0.640962962962963,train
1557,下午加餐,5,55,省着点,一般,阴,朋友,不关心,中辣,素食,699,定胜糕,糖水甜品,0.5628395061728395,赤豆糕,0.5628395061728395,train
1558,晚餐,3,15,正常,开心,晴,一个人,不关心,重辣,,244,重庆小面(川),川菜,0.5462433862433863,麻婆豆腐(川),0.5462433862433863,train
1559,早餐,4,45,正常,压力大,冷,家人,不关心,微辣,乳制品,428,及第粥,早餐粥点,0.706868686868687,萝卜糕,0.6940617407284074,test
1560,早餐,5,46,正常,一般,雨,家人,不关心,微辣,,428,及第粥,早餐粥点,0.6521108521108522,芋头糕,0.6451728518395184,test
1561,下午加餐,2,69,正常,一般,阴,同事,随便,中辣,,772,鲜榨橙汁,轻食健康,0.6096296296296296,鸡胸肉沙拉,0.6096296296296296,train
1562,夜宵,5,76,不差钱,兴奋,晴,朋友,想健康,不吃辣,,24,菌汤火锅,火锅麻辣烫,0.6918518518518519,番茄火锅,0.6820740740740742,train
1563,午餐,5,15,省着点,开心,晴,一个人,不关心,重辣,乳制品,519,湖南米粉,湘菜,0.5462433862433863,宜宾燃面(干),0.5462433862433863,val
1564,午餐,3,42,想吃好点,开心,晴,朋友,随便,中辣,麸质,557,浏阳蒸菜,湘菜,0.6432804232804232,酸菜肥牛,0.6432804232804232,train
1565,晚餐,4,65,省着点,疲惫,雪,一个人,想健康,重辣,,590,邵阳米粉,湘菜,0.7308148148148149,湖南米粉,0.7308148148148149,test
1566,晚餐,3,72,省着点,一般,雨,朋友,想健康,微辣,,71,干豆腐炒尖椒,东北菜,0.6787407407407409,兰州牛肉面,0.6787407407407409,test
1567,晚餐,5,15,正常,一般,晴,一个人,随便,重辣,"海鲜,乳制品",310,麻婆豆腐(素),川菜,0.5348148148148149,宜宾燃面(干),0.5348148148148149,test
1568,早餐,2,57,省着点,疲惫,冷,同事,随便,不吃辣,,453,虾籽馄饨面,早餐粥点,0.7133333333333333,菜肉大馄饨,0.7133333333333333,train
1569,晚餐,4,105,正常,一般,阴,一个人,想健康,微辣,乳制品,2,青椒肉丝,煲仔饭碟头饭,0.5581234567901235,豉椒炒花甲,0.5581234567901235,train
1570,晚餐,4,49,不差钱,一般,热,同事,想健康,重辣,麸质,656,卤水拼盘,烧腊卤味,0.620351851851852,熏酱拼盘,0.610170415354626,train
1571,晚餐,3,55,正常,开心,冷,同事,随便,不吃辣,乳制品,352,咸鱼茄煲,广府家常菜,0.6136507936507937,姜葱炒牛肉,0.6136507936507937,test
1572,夜宵,3,60,不差钱,疲惫,冷,家人,不关心,不吃辣,,24,菌汤火锅,火锅麻辣烫,0.7237037037037038,番茄火锅,0.7145679012345681,val
1573,早餐,5,85,省着点,疲惫,热,朋友,严格控制,中辣,素食,807,衢州常山索面,长三角粉面,0.6756790123456791,无锡素面,0.6490123456790124,train
1574,午餐,3,100,省着点,开心,晴,一个人,随便,中辣,乳制品,223,手撕包菜(川),川菜,0.5383421516754849,长沙臭豆腐,0.5383421516754849,train
1575,午餐,3,15,正常,一般,晴,同事,不关心,重辣,,252,麻婆豆腐(川),川菜,0.5644444444444445,酸豆角肉泥,0.5644444444444445,train
1576,夜宵,4,26,正常,开心,热,一个人,想健康,中辣,海鲜,26,烤鸡翅,烧烤小吃,0.6312557319223986,炒年糕,0.6233544973544974,train
1577,晚餐,5,37,正常,低落,晴,家人,严格控制,中辣,,15,宫保鸡丁,家常炒菜,0.7032098765432099,攸县香干,0.6933333333333335,train
1578,午餐,3,27,省着点,开心,冷,一个人,想健康,不吃辣,,195,清炒草头,家常炒菜,0.6011569664902998,毛豆炒肉丝,0.6011569664902998,train
1579,午餐,4,71,正常,低落,阴,朋友,想健康,中辣,,15,宫保鸡丁,家常炒菜,0.7080000000000001,浏阳蒸菜,0.701925925925926,train
1580,晚餐,3,42,正常,压力大,热,朋友,严格控制,不吃辣,,658,卤水豆腐,烧腊卤味,0.7251851851851854,卤水鸡翅,0.714814814814815,train
1581,午餐,4,111,想吃好点,一般,晴,同事,不关心,微辣,海鲜,651,牛杂,烧腊卤味,0.5619753086419753,上海大肠面,0.5619753086419753,val
1582,晚餐,5,25,正常,开心,晴,一个人,随便,微辣,,559,湖南蛋饺,湘菜,0.5304409171075838,鱼香茄子煲,0.5304409171075838,train
1583,午餐,2,33,想吃好点,一般,晴,朋友,随便,微辣,海鲜,162,干煸茧蛹,东北菜,0.6080246913580248,炒蚕蛹,0.6080246913580248,train
1584,晚餐,3,69,想吃好点,疲惫,晴,朋友,想健康,不吃辣,"海鲜,乳制品",47,东北乱炖,东北菜,0.688740740740741,大丰收,0.688740740740741,train
1585,午餐,3,62,正常,疲惫,晴,同事,随便,微辣,,6,兰州牛肉面,长三角粉面,0.6101234567901236,上海辣肉面,0.6101234567901236,train
1586,晚餐,4,27,想吃好点,一般,晴,朋友,随便,微辣,,371,鱼香茄子煲,广府家常菜,0.6117283950617285,牛杂,0.6117283950617285,val
1587,早餐,3,54,省着点,疲惫,阴,朋友,随便,中辣,素食,807,衢州常山索面,长三角粉面,0.6471604938271605,白粥配咸菜,0.6345299145299146,train
1588,午餐,4,63,省着点,开心,冷,家人,随便,中辣,,668,咸肉菜饭,煲仔饭碟头饭,0.6684656084656085,长沙臭豆腐,0.666984126984127,val
1589,晚餐,3,57,想吃好点,一般,冷,家人,不关心,中辣,麸质,300,酸菜肥牛,川菜,0.669135802469136,酸菜鱼片,0.669135802469136,train
1590,下午加餐,1,51,正常,一般,晴,朋友,不关心,中辣,,765,拿铁,轻食健康,0.6055555555555556,全麦鸡肉三明治,0.5974074074074075,train
1591,晚餐,5,85,想吃好点,压力大,晴,家人,想健康,中辣,,15,宫保鸡丁,家常炒菜,0.7045432098765434,魔芋烧鸭,0.7045432098765433,train
1592,早餐,2,15,正常,疲惫,阴,约会,严格控制,中辣,,439,菜肉大馄饨,早餐粥点,0.7667901234567901,虾籽馄饨面,0.7490123456790123,train
1593,午餐,5,35,正常,疲惫,阴,朋友,不关心,不吃辣,,674,腊味煲仔饭,煲仔饭碟头饭,0.6607407407407409,海南鸡饭,0.6607407407407409,test
1594,早餐,4,120,正常,压力大,冷,家人,不关心,不吃辣,海鲜,428,及第粥,早餐粥点,0.706868686868687,萝卜糕,0.6940617407284074,train
1595,晚餐,3,40,正常,压力大,晴,家人,不关心,不吃辣,"海鲜,乳制品",64,土豆炖茄子,东北菜,0.6496296296296299,茄子炖土豆,0.6496296296296299,train
1596,早餐,3,36,省着点,一般,雨,一个人,不关心,中辣,,44,小笼包+豆浆,早餐粥点,0.6214814814814815,燕麦牛奶粥,0.6214814814814815,test
1597,午餐,3,100,正常,一般,阴,同事,随便,微辣,,811,鳝丝面,长三角粉面,0.5619753086419753,豉椒炒花甲,0.5619753086419753,val
1598,晚餐,3,16,正常,开心,阴,朋友,随便,微辣,素食,48,东北土豆丝,东北菜,0.6085890652557322,手撕包菜(东北),0.6085890652557322,train
1599,晚餐,1,29,正常,低落,阴,一个人,随便,微辣,素食,109,东北臭豆腐,东北菜,0.510940170940171,手撕包菜(东北),0.5041975308641976,test
1600,下午加餐,3,101,正常,疲惫,冷,一个人,不关心,微辣,,764,奶茶,轻食健康,0.6236128069461401,丝袜奶茶,0.6228395061728393,val
1601,下午加餐,3,82,正常,疲惫,雪,约会,想健康,不吃辣,,702,桂花糖芋艿,糖水甜品,0.790353547686881,核桃糊,0.7827901234567902,test
1602,午餐,2,19,正常,一般,热,朋友,想健康,不吃辣,,126,松仁小肚,东北菜,0.6518024691358028,卤味拼盘,0.6363703703703705,train
1603,夜宵,3,54,不差钱,开心,冷,同事,不关心,重辣,海鲜,26,烤鸡翅,烧烤小吃,0.6625076937357638,烤茄子,0.6493414447800413,val
1604,夜宵,3,65,想吃好点,疲惫,阴,家人,不关心,不吃辣,麸质,621,番茄火锅,火锅麻辣烫,0.6576068376068377,潮汕牛肉丸粉,0.6500094966761635,train
1605,午餐,3,93,省着点,压力大,冷,同事,随便,微辣,,48,东北土豆丝,东北菜,0.6545679012345681,车仔面,0.6545679012345681,train
1606,早餐,3,50,想吃好点,兴奋,阴,朋友,随便,微辣,,438,艇仔粥,早餐粥点,0.6389743589743591,皮蛋瘦肉粥(珠三角),0.6314529914529915,train
1607,下午加餐,3,29,省着点,一般,热,家人,想健康,不吃辣,,688,双皮奶,糖水甜品,0.6868641975308643,全麦鸡肉三明治,0.6781139601139601,train
1608,下午加餐,5,63,正常,开心,热,同事,随便,微辣,乳制品,710,赤豆糕,糖水甜品,0.6025966625966627,定胜糕,0.6025966625966627,train
1609,晚餐,2,77,正常,疲惫,晴,同事,想健康,微辣,乳制品,366,豉椒炒花甲,广府家常菜,0.6351604938271606,尖椒干豆腐,0.6282469135802471,test
1610,午餐,4,15,想吃好点,兴奋,冷,一个人,随便,中辣,素食,552,攸县香干,湘菜,0.5771130104463437,长沙臭豆腐,0.5668566001899334,train
1611,晚餐,1,44,想吃好点,一般,雪,同事,随便,中辣,麸质,166,炒蚕蛹,东北菜,0.6595061728395064,干煸茧蛹,0.6595061728395064,test
1612,午餐,4,32,正常,开心,冷,一个人,想健康,中辣,,575,紫苏煎黄瓜,湘菜,0.6256014109347442,攸县香干,0.6256014109347442,train
1613,午餐,3,52,省着点,一般,热,一个人,不关心,不吃辣,,658,卤水豆腐,烧腊卤味,0.5592592592592593,糖油果子,0.5456790123456791,train
1614,下午加餐,3,71,正常,兴奋,热,朋友,不关心,重辣,麸质,32,藜麦牛油果碗,轻食健康,0.6641771808438475,希腊酸奶坚果碗,0.6639506172839506,train
1615,晚餐,2,53,省着点,一般,阴,家人,不关心,中辣,,523,长沙臭豆腐,湘菜,0.6074074074074075,东北臭豆腐,0.5917283950617285,train
1616,晚餐,2,47,正常,开心,冷,一个人,想健康,不吃辣,海鲜,348,豉汁蒸排骨,广府家常菜,0.6097989417989418,菜心炒牛肉,0.6097989417989418,train
1617,午餐,4,42,想吃好点,兴奋,热,朋友,不关心,重辣,"海鲜,乳制品",237,蒜泥白肉,川菜,0.6785185185185187,自贡小煎鸡,0.6680246913580248,train
1618,晚餐,4,20,想吃好点,一般,冷,一个人,不关心,微辣,素食,371,鱼香茄子煲,广府家常菜,0.5671604938271605,油焖春笋,0.5555555555555557,train
1619,午餐,4,53,正常,低落,阴,家人,想健康,中辣,,15,宫保鸡丁,家常炒菜,0.697135802469136,浏阳蒸菜,0.6910617283950619,val
1620,午餐,4,29,省着点,一般,冷,家人,不关心,中辣,"海鲜,乳制品",668,咸肉菜饭,煲仔饭碟头饭,0.6570370370370372,长沙臭豆腐,0.6555555555555557,train
1621,午餐,4,15,想吃好点,疲惫,雪,约会,严格控制,中辣,素食,575,紫苏煎黄瓜,湘菜,0.8200854700854701,攸县香干,0.81982905982906,test
1622,午餐,4,44,省着点,疲惫,雨,同事,不关心,中辣,,595,长沙肉丝米粉,湘菜,0.6624691358024692,牛肉焦饼,0.6612345679012348,val
1623,晚餐,4,75,想吃好点,疲惫,阴,家人,想健康,重辣,,524,香辣鱼块,湘菜,0.7124444444444445,麻婆豆腐,0.7060911680911681,train
1624,晚餐,2,42,不差钱,兴奋,晴,同事,想健康,不吃辣,素食,195,清炒草头,家常炒菜,0.5702162243214877,油焖春笋,0.5526161843354827,test
1625,午餐,3,59,不差钱,疲惫,晴,一个人,想健康,不吃辣,海鲜,24,菌汤火锅,火锅麻辣烫,0.597037037037037,番茄火锅,0.590962962962963,train
1626,午餐,3,56,正常,兴奋,雨,一个人,随便,微辣,麸质,651,牛杂,烧腊卤味,0.5782716049382716,豉椒炒花甲,0.5782716049382716,val
1627,晚餐,5,30,不差钱,疲惫,雪,朋友,不关心,不吃辣,,471,梭子蟹炒年糕,本帮江浙菜,0.7644444444444446,海南鸡饭,0.7581766381766383,test
1628,晚餐,5,78,正常,疲惫,晴,同事,想健康,不吃辣,乳制品,680,海南鸡饭,煲仔饭碟头饭,0.6391111111111113,酿豆腐,0.6376296296296298,train
1629,午餐,5,45,想吃好点,压力大,雪,家人,不关心,中辣,,527,冬笋炒腊肉,湘菜,0.780246913580247,浏阳蒸菜,0.780246913580247,test
1630,夜宵,2,63,想吃好点,一般,雨,家人,想健康,微辣,,618,烤生蚝,火锅麻辣烫,0.7119506172839507,烤韭菜,0.6921690408357075,test
1631,晚餐,5,56,不差钱,一般,阴,一个人,想健康,中辣,麸质,298,酸汤鱼,川菜,0.5660246913580247,酸汤肥牛,0.5660246913580247,train
1632,下午加餐,5,45,想吃好点,兴奋,晴,同事,不关心,微辣,乳制品,770,波奇饭,轻食健康,0.5708641975308643,藜麦牛油果碗,0.554320987654321,train
1633,夜宵,3,52,想吃好点,一般,阴,家人,想健康,微辣,,618,烤生蚝,火锅麻辣烫,0.6645432098765433,炒年糕,0.6576239316239317,train
1634,晚餐,2,40,正常,开心,冷,家人,随便,不吃辣,素食,458,油焖笋,本帮江浙菜,0.647477954144621,清炒草头,0.6406878306878308,val
1635,夜宵,3,50,正常,兴奋,雨,朋友,不关心,中辣,海鲜,26,烤鸡翅,烧烤小吃,0.7371604938271606,臭豆腐,0.7078320444987114,test
1636,午餐,2,107,正常,开心,晴,约会,严格控制,重辣,,293,藤椒鸡,川菜,0.6940659340659342,青椒肉丝(川),0.6877248677248677,train
1637,午餐,3,15,正常,一般,阴,一个人,想健康,微辣,,6,兰州牛肉面,长三角粉面,0.5581234567901235,豉椒炒花甲,0.5581234567901235,train
1638,午餐,5,53,想吃好点,兴奋,雨,朋友,严格控制,中辣,,241,酸汤肥牛,川菜,0.7356695156695159,酸菜肥牛,0.7356695156695159,train
1639,早餐,4,70,想吃好点,兴奋,雨,朋友,想健康,微辣,麸质,424,黑椒牛仔骨,早茶点心,0.6983007856341191,及第粥,0.6812162652162653,train
1640,早餐,4,43,省着点,疲惫,阴,一个人,想健康,微辣,,439,菜肉大馄饨,早餐粥点,0.6242962962962963,皮蛋瘦肉粥,0.6182222222222222,train
1641,午餐,3,70,正常,一般,阴,同事,想健康,中辣,,552,攸县香干,湘菜,0.6023209876543211,紫苏煎黄瓜,0.6023209876543211,test
1642,夜宵,2,71,正常,一般,雨,一个人,不关心,中辣,,26,烤鸡翅,烧烤小吃,0.6298765432098766,烤茄子,0.6298765432098766,train
1643,下午加餐,4,56,省着点,疲惫,晴,家人,想健康,微辣,,688,双皮奶,糖水甜品,0.6394567901234569,全麦鸡肉三明治,0.6307065527065527,train
1644,晚餐,4,46,想吃好点,一般,热,一个人,想健康,微辣,素食,658,卤水豆腐,烧腊卤味,0.5749173789173789,东北乱炖(素),0.5522640075973408,train
1645,晚餐,3,44,不差钱,压力大,阴,一个人,不关心,不吃辣,,471,梭子蟹炒年糕,本帮江浙菜,0.5555555555555557,煎酿鲮鱼,0.5490778227620333,train
1646,下午加餐,3,53,正常,一般,阴,一个人,不关心,不吃辣,,762,丝袜奶茶,轻食健康,0.5666666666666667,鲜榨橙汁,0.5666666666666667,train
1647,晚餐,5,46,省着点,兴奋,热,约会,不关心,微辣,"海鲜,乳制品",658,卤水豆腐,烧腊卤味,0.6701234567901236,东北饭包,0.653703703703704,train
1648,下午加餐,3,69,省着点,压力大,阴,家人,想健康,中辣,,688,双皮奶,糖水甜品,0.6764938271604939,全麦鸡肉三明治,0.6677435897435898,train
1649,午餐,3,50,正常,压力大,冷,同事,想健康,微辣,麸质,6,兰州牛肉面,长三角粉面,0.6973827160493828,青椒肉丝,0.69120987654321,train
1650,午餐,2,90,省着点,疲惫,阴,朋友,想健康,不吃辣,,658,卤水豆腐,烧腊卤味,0.6653827160493828,清炒草头,0.6493580246913581,train
1651,午餐,4,45,正常,疲惫,阴,约会,不关心,中辣,,15,宫保鸡丁,家常炒菜,0.689135802469136,蒸腊肠,0.6891358024691359,train
1652,晚餐,4,57,正常,压力大,冷,朋友,想健康,微辣,素食,64,土豆炖茄子,东北菜,0.7368888888888891,茄子炖土豆,0.7368888888888891,train
1653,晚餐,5,57,省着点,低落,阴,同事,想健康,中辣,,575,紫苏煎黄瓜,湘菜,0.6430617283950617,云南小锅米线,0.6344197530864197,train
1654,午餐,3,81,正常,开心,晴,一个人,不关心,中辣,"海鲜,乳制品",591,酸菜炒粉皮,湘菜,0.5383421516754849,鱼香肉片,0.5383421516754849,train
1655,晚餐,2,15,正常,一般,阴,一个人,想健康,中辣,,248,青椒肉丝(川),川菜,0.5660246913580247,豉椒炒花甲,0.5581234567901235,train
1656,午餐,4,96,想吃好点,低落,阴,同事,随便,微辣,,781,上海大肠面,长三角粉面,0.591604938271605,豉椒炒花甲,0.591604938271605,train
1657,晚餐,3,62,不差钱,疲惫,阴,朋友,想健康,不吃辣,"海鲜,乳制品",24,菌汤火锅,火锅麻辣烫,0.6911111111111112,东北乱炖,0.6801037636827112,train
1658,晚餐,3,37,正常,开心,阴,同事,严格控制,微辣,"海鲜,乳制品",6,兰州牛肉面,长三角粉面,0.6148853615520283,尖椒干豆腐,0.6148853615520283,test
1659,晚餐,4,49,正常,一般,热,家人,不关心,不吃辣,素食,658,卤水豆腐,烧腊卤味,0.6533333333333334,糖油果子,0.6222181522181522,train
1660,午餐,4,51,正常,疲惫,晴,同事,想健康,中辣,麸质,2,青椒肉丝,煲仔饭碟头饭,0.6566419753086421,云南小锅米线,0.6504691358024692,train
1661,午餐,5,24,正常,开心,晴,一个人,想健康,中辣,"海鲜,乳制品",552,攸县香干,湘菜,0.577453262786596,紫苏煎黄瓜,0.577453262786596,train
1662,早餐,4,30,正常,疲惫,晴,朋友,想健康,微辣,,45,杂粮煎饼果子,早餐粥点,0.6749633822967157,菜肉大馄饨,0.6740493827160494,val
1663,晚餐,2,47,想吃好点,开心,冷,朋友,想健康,不吃辣,素食,458,油焖笋,本帮江浙菜,0.6768112874779543,东北乱炖(素),0.6707296160629495,train
1664,下午加餐,2,20,省着点,压力大,晴,朋友,想健康,中辣,,688,双皮奶,糖水甜品,0.6764938271604939,全麦鸡肉三明治,0.6677435897435898,train
1665,晚餐,4,34,正常,压力大,冷,朋友,想健康,中辣,,15,宫保鸡丁,家常炒菜,0.7635555555555558,浏阳蒸菜,0.7518024691358026,train
1666,午餐,4,76,省着点,低落,热,一个人,随便,微辣,,60,东北饭包,东北菜,0.5930864197530866,糖油粑粑,0.5777777777777778,train
1667,晚餐,2,32,想吃好点,开心,晴,一个人,想健康,不吃辣,素食,195,清炒草头,家常炒菜,0.5488302808302807,油焖笋,0.534589065255732,train
1668,晚餐,4,44,正常,一般,阴,约会,随便,不吃辣,,668,咸肉菜饭,煲仔饭碟头饭,0.6288888888888889,煎酿三宝,0.6288888888888889,train
1669,午餐,4,15,想吃好点,低落,晴,家人,严格控制,中辣,,248,青椒肉丝(川),川菜,0.6798860398860399,云南小锅米线,0.6785128205128205,train
1670,午餐,3,60,正常,一般,晴,一个人,不关心,不吃辣,,353,姜葱炒牛肉,广府家常菜,0.5111111111111112,烧肉炒芥兰,0.5111111111111112,train
1671,晚餐,5,62,正常,一般,冷,一个人,想健康,中辣,,552,攸县香干,湘菜,0.6141728395061729,紫苏煎黄瓜,0.6141728395061729,val
1672,午餐,3,59,正常,压力大,雨,同事,想健康,中辣,,11,云南小锅米线,长三角粉面,0.6978765432098767,兰州牛肉面,0.6966419753086421,train
1673,午餐,3,26,省着点,开心,热,同事,想健康,不吃辣,麸质,658,卤水豆腐,烧腊卤味,0.6370582010582011,炸酱面,0.6294038800705469,test
1674,晚餐,4,41,想吃好点,疲惫,冷,同事,不关心,中辣,乳制品,212,宫保鸡丁(川),川菜,0.6595061728395062,鱼香肉片,0.6595061728395062,val
1675,午餐,1,70,不差钱,一般,阴,同事,随便,重辣,,378,姜葱炒蟹,广府家常菜,0.5404938271604939,剁椒蒸鱼,0.5313580246913581,val
1676,晚餐,4,45,正常,低落,热,约会,随便,微辣,素食,658,卤水豆腐,烧腊卤味,0.6797530864197533,鱼香茄子煲,0.6676543209876544,train
1677,午餐,2,15,省着点,开心,阴,家人,想健康,中辣,,575,紫苏煎黄瓜,湘菜,0.6402927689594355,青椒肉丝(川),0.6289252475919143,train
1678,午餐,2,53,不差钱,疲惫,晴,朋友,随便,微辣,,511,黄山臭鳜鱼,本帮江浙菜,0.6488888888888892,上汤焗龙虾,0.6392592592592593,train
1679,午餐,3,56,正常,一般,阴,一个人,不关心,不吃辣,海鲜,360,白灼猪手,广府家常菜,0.5111111111111112,豉汁蒸凤爪,0.5111111111111112,val
1680,早餐,3,54,不差钱,压力大,冷,一个人,随便,不吃辣,,427,南翔小笼包,早餐粥点,0.647338431548958,小笼包+豆浆,0.6460038986354776,train
1681,晚餐,4,43,正常,压力大,雨,朋友,想健康,不吃辣,海鲜,680,海南鸡饭,煲仔饭碟头饭,0.7399658119658121,咸肉菜饭,0.7301880341880344,val
1682,夜宵,4,79,省着点,兴奋,雨,同事,想健康,中辣,麸质,627,炒年糕,烧烤小吃,0.6952592592592594,烤玉米,0.6699753086419754,train
1683,早餐,4,55,正常,疲惫,热,约会,想健康,不吃辣,素食,793,常熟蕈油面,长三角粉面,0.6542962962962965,素鸡面,0.6542962962962965,train
1684,午餐,5,52,想吃好点,一般,热,家人,严格控制,不吃辣,,655,豉油鸡,烧腊卤味,0.680740740740741,卤水豆腐,0.6670655270655272,train
1685,早餐,4,47,想吃好点,压力大,冷,一个人,想健康,重辣,素食,807,衢州常山索面,长三角粉面,0.6190161443494778,常熟蕈油面,0.6123304843304844,train
1686,午餐,1,114,省着点,开心,雨,一个人,想健康,中辣,,575,紫苏煎黄瓜,湘菜,0.5841199294532627,青椒肉丝(川),0.5775672229005561,train
1687,晚餐,3,55,省着点,低落,晴,朋友,想健康,不吃辣,"海鲜,乳制品",658,卤水豆腐,烧腊卤味,0.6530370370370371,咸肉菜饭,0.6394567901234568,train
1688,晚餐,4,29,正常,压力大,雨,朋友,想健康,中辣,,15,宫保鸡丁,家常炒菜,0.7592250712250715,攸县香干,0.7492345679012347,train
1689,午餐,1,15,不差钱,一般,晴,一个人,随便,微辣,,366,豉椒炒花甲,广府家常菜,0.47817663817663814,烤生蚝,0.47796671165092214,train
1690,午餐,4,52,省着点,一般,雨,家人,随便,重辣,,10,螺蛳粉,长三角粉面,0.6627160493827161,臭豆腐炒辣椒,0.6627160493827161,val
1691,午餐,1,39,正常,一般,阴,约会,随便,微辣,,162,干煸茧蛹,东北菜,0.6127160493827162,炒蚕蛹,0.6127160493827162,train
1692,晚餐,4,33,正常,一般,阴,家人,不关心,中辣,,567,烟笋炒腊肉,湘菜,0.617568850902184,宫保鸡丁,0.617283950617284,test
1693,午餐,2,70,正常,兴奋,热,家人,想健康,不吃辣,麸质,648,卤水鸡翅,烧腊卤味,0.6945185185185188,符离集烧鸡,0.6844981684981687,train
1694,下午加餐,3,40,不差钱,疲惫,热,同事,不关心,微辣,,770,波奇饭,轻食健康,0.7023271854850802,藜麦牛油果碗,0.6869185784975258,train
1695,夜宵,4,34,正常,一般,雨,同事,想健康,微辣,,627,炒年糕,烧烤小吃,0.6942716049382718,煎饼果子,0.683526794193461,train
1696,晚餐,2,54,省着点,疲惫,雨,同事,不关心,重辣,,580,臭豆腐炒辣椒,湘菜,0.645925925925926,长沙臭豆腐,0.6446913580246914,train
1697,晚餐,4,26,正常,一般,晴,同事,想健康,微辣,麸质,2,青椒肉丝,煲仔饭碟头饭,0.6010864197530865,豉椒炒花甲,0.6010864197530865,test
1698,午餐,3,40,正常,疲惫,热,朋友,不关心,重辣,素食,658,卤水豆腐,烧腊卤味,0.6977777777777779,湘西外婆菜,0.6840740740740743,test
1699,午餐,3,51,正常,疲惫,晴,一个人,随便,重辣,素食,563,湘西外婆菜,湘菜,0.5792592592592594,小炒香干,0.5792592592592594,train
1700,午餐,4,41,想吃好点,压力大,晴,一个人,想健康,微辣,,88,石锅拌饭,东北菜,0.6062716049382717,黄鳝煲仔饭,0.6057777777777779,val
1701,晚餐,4,94,想吃好点,一般,晴,家人,想健康,微辣,,297,连锅汤,川菜,0.6521975308641976,荤豆花,0.6521975308641976,train
1702,晚餐,4,40,省着点,一般,雨,朋友,随便,不吃辣,,658,卤水豆腐,烧腊卤味,0.6490028490028491,咸肉菜饭,0.6490028490028491,val
1703,下午加餐,3,45,正常,疲惫,雨,约会,不关心,微辣,乳制品,34,全麦鸡肉三明治,轻食健康,0.7040740740740742,赤豆糕,0.6923850223850224,train
1704,下午加餐,4,50,省着点,兴奋,热,家人,随便,中辣,,696,蛋挞,糖水甜品,0.6321773288439957,芒果班戟,0.6313131313131314,train
1705,晚餐,3,106,想吃好点,疲惫,冷,家人,想健康,不吃辣,"海鲜,乳制品",96,西红柿炖牛腩,东北菜,0.7368888888888891,小鸡炖蘑菇粉条,0.7368888888888891,train
1706,午餐,2,20,想吃好点,疲惫,晴,朋友,随便,微辣,,366,豉椒炒花甲,广府家常菜,0.6390123456790126,烤生蚝,0.6316049382716051,train
1707,下午加餐,2,84,正常,疲惫,雨,一个人,随便,重辣,乳制品,34,全麦鸡肉三明治,轻食健康,0.6518518518518519,鲜榨橙汁,0.6446913580246914,val
1708,早餐,3,50,正常,开心,雨,一个人,严格控制,不吃辣,,445,咖喱牛肉汤,早餐粥点,0.7002116402116404,菜肉大馄饨,0.7002116402116404,train
1709,午餐,3,73,不差钱,开心,冷,一个人,严格控制,不吃辣,,24,菌汤火锅,火锅麻辣烫,0.6262433862433864,上汤焗龙虾,0.6158730158730159,test
1710,晚餐,5,38,正常,压力大,阴,同事,随便,不吃辣,麸质,0,番茄牛腩饭,煲仔饭碟头饭,0.6059259259259259,台式卤肉饭,0.6059259259259259,train
1711,午餐,3,15,不差钱,疲惫,雨,一个人,不关心,不吃辣,,134,熏酱拼盘,东北菜,0.5890778227620332,牛腩面,0.5820902684060579,train
1712,晚餐,3,39,不差钱,疲惫,晴,一个人,想健康,不吃辣,,471,梭子蟹炒年糕,本帮江浙菜,0.5946666666666668,台州跳鱼捞面,0.586029689608637,train
1713,晚餐,4,43,想吃好点,疲惫,阴,约会,不关心,中辣,麸质,15,宫保鸡丁,家常炒菜,0.689135802469136,冬笋炒腊肉,0.6891358024691359,test
1714,午餐,3,64,想吃好点,开心,雨,约会,严格控制,微辣,,292,荤豆花,川菜,0.7372215438882107,干煸茧蛹,0.7303174603174605,train
1715,晚餐,3,52,想吃好点,一般,雨,一个人,想健康,不吃辣,,365,豆豉蒸鲮鱼,广府家常菜,0.5976296296296296,豉汁蒸鱼头,0.5976296296296296,test
1716,晚餐,4,28,不差钱,疲惫,冷,朋友,不关心,不吃辣,,471,梭子蟹炒年糕,本帮江浙菜,0.694814814814815,海南鸡饭,0.6885470085470087,train
1717,晚餐,4,74,正常,疲惫,热,同事,想健康,不吃辣,海鲜,9,炸酱面,长三角粉面,0.6797037037037038,松仁小肚,0.6722962962962965,train
1718,夜宵,4,82,想吃好点,开心,晴,家人,严格控制,微辣,,618,烤生蚝,火锅麻辣烫,0.6820458553791888,炒年糕,0.6807068240401575,train
1719,晚餐,4,63,正常,一般,冷,家人,严格控制,不吃辣,素食,64,土豆炖茄子,东北菜,0.694814814814815,东北乱炖(素),0.694814814814815,train
1720,午餐,2,54,不差钱,兴奋,晴,家人,随便,不吃辣,,373,上汤焗龙虾,广府家常菜,0.6200000000000001,清蒸大闸蟹,0.6133333333333334,test
1721,晚餐,3,84,不差钱,开心,热,约会,严格控制,微辣,,24,菌汤火锅,火锅麻辣烫,0.7038977072310405,猪肚鸡,0.6940211640211641,test
1722,晚餐,4,15,不差钱,一般,晴,一个人,想健康,微辣,,366,豉椒炒花甲,广府家常菜,0.5444482431149097,烤生蚝,0.5442383165891937,train
1723,午餐,2,57,正常,低落,冷,约会,随便,微辣,海鲜,162,干煸茧蛹,东北菜,0.7040740740740744,炒蚕蛹,0.7040740740740744,train
1724,晚餐,5,72,正常,兴奋,热,家人,不关心,中辣,"海鲜,乳制品",237,蒜泥白肉,川菜,0.6730864197530866,蒜泥白肉(东北),0.6659639126305795,train
1725,午餐,4,17,正常,一般,晴,一个人,不关心,不吃辣,,676,豉油鸡饭,煲仔饭碟头饭,0.514814814814815,扬州炒饭,0.514814814814815,val
1726,午餐,2,48,省着点,一般,冷,约会,不关心,微辣,,109,东北臭豆腐,东北菜,0.6635802469135805,大酱炒鸡蛋,0.6556790123456793,test
1727,早餐,4,15,不差钱,一般,冷,一个人,不关心,中辣,素食,807,衢州常山索面,长三角粉面,0.5173619233268356,豆腐花,0.5091767881241566,train
1728,午餐,3,51,想吃好点,疲惫,晴,朋友,想健康,重辣,,524,香辣鱼块,湘菜,0.7287407407407409,麻婆豆腐,0.7223874643874645,train
1729,晚餐,5,64,省着点,一般,雨,朋友,不关心,重辣,,10,螺蛳粉,长三角粉面,0.6753086419753088,宜宾燃面,0.6749382716049384,train
1730,晚餐,3,15,正常,兴奋,热,约会,不关心,重辣,"海鲜,乳制品",579,腊味萝卜干,湘菜,0.6604938271604941,红油抄手,0.6518518518518519,train
1731,午餐,3,71,省着点,压力大,晴,家人,严格控制,微辣,海鲜,6,兰州牛肉面,长三角粉面,0.6838271604938272,青椒肉丝,0.6830864197530866,train
1732,早餐,4,36,不差钱,一般,晴,朋友,不关心,重辣,素食,807,衢州常山索面,长三角粉面,0.5339051332033788,白粥配咸菜,0.5139101314539911,train
1733,晚餐,4,46,省着点,开心,晴,一个人,随便,微辣,,284,牛肉焦饼,川菜,0.5304409171075838,军屯锅魁,0.5304409171075838,train
1734,晚餐,5,58,不差钱,疲惫,冷,同事,想健康,不吃辣,,471,梭子蟹炒年糕,本帮江浙菜,0.679851851851852,鳗鱼饭,0.6783703703703705,test
1735,晚餐,5,15,正常,一般,晴,同事,严格控制,中辣,,552,攸县香干,湘菜,0.6083950617283951,紫苏煎黄瓜,0.6083950617283951,val
1736,夜宵,3,57,不差钱,兴奋,冷,一个人,严格控制,中辣,乳制品,609,椰子鸡火锅,火锅麻辣烫,0.671111111111111,烤韭菜,0.6702434148048183,test
1737,夜宵,3,82,省着点,压力大,雪,一个人,想健康,重辣,,640,烤玉米,烧烤小吃,0.7803456790123456,烤金针菇,0.764395061728395,test
1738,晚餐,3,27,省着点,兴奋,晴,一个人,想健康,微辣,,6,兰州牛肉面,长三角粉面,0.5583703703703703,干豆腐炒尖椒,0.5583703703703703,test
1739,午餐,1,61,想吃好点,开心,雨,约会,随便,微辣,,166,炒蚕蛹,东北菜,0.6715520282186951,干煸茧蛹,0.6715520282186951,train
1740,下午加餐,3,90,不差钱,兴奋,晴,朋友,不关心,微辣,麸质,33,三文鱼沙拉,轻食健康,0.6312345679012347,波奇饭,0.624672864497426,train
1741,午餐,2,55,想吃好点,疲惫,晴,朋友,随便,微辣,素食,458,油焖笋,本帮江浙菜,0.6323456790123458,油焖春笋,0.6228395061728397,train
1742,夜宵,3,33,想吃好点,开心,晴,一个人,想健康,中辣,,26,烤鸡翅,烧烤小吃,0.6232310405643738,烤茄子,0.6103047076380409,val
1743,午餐,2,42,想吃好点,一般,热,一个人,严格控制,不吃辣,素食,818,牛油果吐司,面包甜点,0.5734783734783735,宁波烤菜,0.5636778036778037,train
1744,早餐,4,42,正常,低落,阴,一个人,想健康,不吃辣,素食,793,常熟蕈油面,长三角粉面,0.5298518518518519,素鸡面,0.5298518518518519,val
1745,早餐,4,62,正常,一般,阴,约会,想健康,中辣,,428,及第粥,早餐粥点,0.6673131313131314,艇仔粥,0.6574814814814816,train
1746,午餐,3,42,想吃好点,一般,晴,一个人,想健康,不吃辣,麸质,369,豉汁蒸鱼头,广府家常菜,0.5502222222222223,豆豉蒸鲮鱼,0.5502222222222223,train
1747,晚餐,3,32,想吃好点,疲惫,晴,一个人,不关心,不吃辣,乳制品,788,双浇面,长三角粉面,0.5555555555555557,大丰收,0.5555555555555557,test
1748,下午加餐,4,58,省着点,一般,冷,家人,不关心,中辣,乳制品,702,桂花糖芋艿,糖水甜品,0.5846913580246914,花生糊,0.5779012345679013,train
1749,夜宵,2,107,想吃好点,疲惫,雪,家人,随便,微辣,,645,臭豆腐,烧烤小吃,0.7827825261158595,烤生蚝,0.7743209876543211,test
1750,早餐,4,44,想吃好点,压力大,雨,同事,想健康,中辣,素食,807,衢州常山索面,长三角粉面,0.6545716999050333,常熟蕈油面,0.6545527065527066,train
1751,晚餐,4,30,想吃好点,疲惫,雪,家人,严格控制,中辣,麸质,300,酸菜肥牛,川菜,0.8254320987654323,酸汤肥牛,0.8254320987654323,test
1752,午餐,3,77,正常,压力大,晴,朋友,不关心,中辣,,15,宫保鸡丁,家常炒菜,0.6762962962962965,浏阳蒸菜,0.6762962962962964,train
1753,午餐,4,46,正常,开心,雨,约会,想健康,不吃辣,,680,海南鸡饭,煲仔饭碟头饭,0.7269499389499392,酿豆腐,0.7200458553791889,train
1754,晚餐,1,30,正常,开心,雨,朋友,不关心,中辣,素食,523,长沙臭豆腐,湘菜,0.645063085063085,攸县香干,0.6363668430335095,test
1755,午餐,2,36,想吃好点,一般,热,家人,不关心,重辣,,648,卤水鸡翅,烧腊卤味,0.6487749287749288,发丝牛百叶,0.6369135802469137,train
1756,晚餐,3,64,想吃好点,开心,阴,同事,不关心,微辣,,366,豉椒炒花甲,广府家常菜,0.5734038800705468,牛杂,0.5734038800705468,train
1757,早餐,3,65,省着点,一般,晴,同事,想健康,中辣,海鲜,46,燕麦牛奶粥,早餐粥点,0.6659259259259259,菜肉大馄饨,0.6561481481481481,train
1758,午餐,5,28,省着点,疲惫,雪,一个人,随便,微辣,,259,军屯锅魁,川菜,0.6856790123456791,牛肉焦饼,0.6856790123456791,test
1759,午餐,4,87,正常,一般,阴,家人,随便,中辣,,589,邵阳猪血丸子,湘菜,0.6209876543209876,蒸腊肠,0.6209876543209876,train
1760,午餐,4,30,正常,一般,雨,一个人,不关心,不吃辣,乳制品,684,窝蛋牛肉饭,煲仔饭碟头饭,0.5622222222222223,菜饭骨头汤,0.5622222222222223,test
1761,晚餐,3,46,省着点,开心,阴,家人,不关心,不吃辣,,658,卤水豆腐,烧腊卤味,0.6166137566137566,咸肉菜饭,0.6030335097001763,train
1762,早餐,5,82,想吃好点,压力大,雪,朋友,随便,重辣,素食,807,衢州常山索面,长三角粉面,0.6976828110161444,桂花糖芋艿,0.6847863247863247,test
1763,夜宵,5,24,正常,开心,雨,朋友,想健康,微辣,,627,炒年糕,烧烤小吃,0.7445890652557323,鸡蛋灌饼,0.7284121557454893,train
1764,晚餐,4,58,不差钱,开心,阴,一个人,随便,不吃辣,,656,卤水拼盘,烧腊卤味,0.5225396825396825,姜葱炒蟹,0.5225396825396825,train
1765,午餐,5,23,想吃好点,压力大,冷,家人,严格控制,微辣,,88,石锅拌饭,东北菜,0.7477777777777781,青椒肉丝,0.7406362773029441,train
1766,早餐,3,15,想吃好点,兴奋,晴,同事,不关心,微辣,麸质,423,蟹籽烧卖,早茶点心,0.6177777777777779,虾饺,0.6177777777777779,train
1767,午餐,2,55,正常,一般,阴,朋友,严格控制,微辣,,162,干煸茧蛹,东北菜,0.6532098765432102,炒蚕蛹,0.6532098765432102,train
1768,早餐,4,86,正常,低落,晴,朋友,不关心,中辣,,424,黑椒牛仔骨,早茶点心,0.6393378226711561,黑椒猪肚,0.6393378226711561,train
1769,午餐,3,24,正常,开心,晴,朋友,随便,不吃辣,,803,爆鱼面,长三角粉面,0.6098236331569665,咸鱼茄煲,0.6098236331569665,train
1770,午餐,3,74,想吃好点,疲惫,晴,朋友,不关心,不吃辣,素食,159,东北乱炖(素),东北菜,0.6473504273504275,油焖笋,0.6459259259259261,train
1771,午餐,2,51,省着点,一般,热,约会,想健康,中辣,,658,卤水豆腐,烧腊卤味,0.676987654320988,卤水鸡翅,0.6704349477682812,train
1772,午餐,4,18,想吃好点,疲惫,雨,同事,随便,微辣,乳制品,2,青椒肉丝,煲仔饭碟头饭,0.6558214624881292,星洲炒米粉,0.6552516619183286,train
1773,午餐,3,93,正常,疲惫,雨,朋友,想健康,重辣,,13,麻婆豆腐,家常炒菜,0.7720740740740744,麻辣烫(川),0.7632839506172843,train
1774,午餐,2,58,不差钱,低落,雪,一个人,随便,重辣,素食,580,臭豆腐炒辣椒,湘菜,0.6748508022192233,湘西外婆菜,0.665589043834658,test
1775,晚餐,3,55,省着点,压力大,晴,朋友,想健康,不吃辣,,658,卤水豆腐,烧腊卤味,0.6789629629629631,咸肉菜饭,0.6727901234567902,val
1776,午餐,2,55,想吃好点,疲惫,晴,约会,不关心,中辣,,594,醋蒸鸡,湘菜,0.6787654320987655,泡菜鱼,0.6787654320987655,train
1777,午餐,3,68,省着点,一般,晴,一个人,想健康,不吃辣,"海鲜,乳制品",195,清炒草头,家常炒菜,0.5415802469135803,毛豆炒肉丝,0.5415802469135803,train
1778,下午加餐,4,60,想吃好点,一般,晴,一个人,随便,不吃辣,,32,藜麦牛油果碗,轻食健康,0.5296296296296297,波奇饭,0.5296296296296297,train
1779,午餐,3,15,想吃好点,低落,冷,朋友,想健康,不吃辣,,350,丝瓜炒牛肉,广府家常菜,0.6933086419753088,凉瓜炒牛肉,0.6933086419753088,train
1780,午餐,2,72,省着点,一般,雨,一个人,随便,重辣,海鲜,580,臭豆腐炒辣椒,湘菜,0.5822222222222222,长沙臭豆腐,0.5743209876543209,train
1781,晚餐,4,15,省着点,一般,雨,约会,想健康,微辣,乳制品,6,兰州牛肉面,长三角粉面,0.6970123456790125,干豆腐炒尖椒,0.6970123456790125,train
1782,晚餐,3,36,不差钱,开心,雨,朋友,想健康,微辣,素食,458,油焖笋,本帮江浙菜,0.6680673478568218,土豆炖茄子,0.6675437311226785,train
1783,下午加餐,5,77,正常,疲惫,晴,朋友,随便,中辣,"海鲜,乳制品",699,定胜糕,糖水甜品,0.6000393433726768,赤豆糕,0.6000393433726768,train
1784,晚餐,3,43,正常,低落,冷,一个人,随便,微辣,,559,湖南蛋饺,湘菜,0.5967901234567903,豉椒炒花甲,0.5967901234567903,train
1785,晚餐,2,15,省着点,开心,热,朋友,随便,中辣,麸质,579,腊味萝卜干,湘菜,0.6504409171075838,长沙臭豆腐,0.6288359788359789,train
1786,晚餐,3,31,想吃好点,低落,冷,同事,随便,中辣,,309,鱼香虾仁,川菜,0.6520987654320988,卜豆角炒肉,0.6520987654320988,train
1787,早餐,4,43,正常,一般,阴,朋友,随便,重辣,素食,807,衢州常山索面,长三角粉面,0.5619753086419753,常熟蕈油面,0.5353086419753087,train
1788,晚餐,3,51,想吃好点,疲惫,晴,一个人,随便,微辣,,811,鳝丝面,长三角粉面,0.563456790123457,荤豆花,0.5634567901234568,train
1789,早餐,4,75,正常,疲惫,阴,约会,不关心,微辣,素食,793,常熟蕈油面,长三角粉面,0.6071604938271605,素鸡面,0.6071604938271605,train
1790,夜宵,4,59,省着点,疲惫,冷,朋友,随便,中辣,,627,炒年糕,烧烤小吃,0.7514814814814815,煎饼果子,0.7509876543209878,test
1791,午餐,3,69,正常,开心,雪,一个人,想健康,中辣,,11,云南小锅米线,长三角粉面,0.692268077601411,青椒肉丝(川),0.692268077601411,test
1792,夜宵,5,43,正常,疲惫,阴,一个人,想健康,不吃辣,素食,647,韭菜盒子,烧烤小吃,0.6373105413105412,土豆炖茄子,0.579851851851852,train
1793,晚餐,4,40,正常,一般,晴,同事,想健康,微辣,麸质,366,豉椒炒花甲,广府家常菜,0.6010864197530865,青椒肉丝,0.6010864197530865,train
1794,晚餐,2,47,正常,压力大,冷,家人,不关心,不吃辣,素食,458,油焖笋,本帮江浙菜,0.680493827160494,油焖春笋,0.6709876543209878,train
1795,早餐,4,31,想吃好点,开心,晴,一个人,严格控制,微辣,海鲜,439,菜肉大馄饨,早餐粥点,0.6020919820919822,燕麦牛奶粥,0.5933631800298467,train
1796,下午加餐,5,58,正常,开心,冷,朋友,随便,不吃辣,麸质,702,桂花糖芋艿,糖水甜品,0.589380002713336,奶茶,0.5825898792565459,train
1797,晚餐,2,61,正常,开心,热,家人,不关心,微辣,海鲜,657,卤水掌翼,烧腊卤味,0.6647619047619048,卤水鸭掌,0.6647619047619048,train
1798,午餐,1,54,省着点,疲惫,冷,家人,不关心,重辣,,580,臭豆腐炒辣椒,湘菜,0.6703703703703704,长沙臭豆腐,0.6624691358024691,train
1799,夜宵,3,15,省着点,一般,热,一个人,不关心,不吃辣,,632,煎饺,烧烤小吃,0.5746913580246914,锅贴,0.5746913580246914,train
1800,午餐,5,78,想吃好点,兴奋,冷,一个人,随便,中辣,,307,魔芋烧鸭,川菜,0.5898765432098766,酸汤肥牛,0.5898765432098766,train
1801,下午加餐,5,49,省着点,兴奋,冷,同事,严格控制,不吃辣,,711,酒酿圆子,糖水甜品,0.6165432098765433,全麦鸡肉三明治,0.6162867996201329,train
1802,午餐,3,79,正常,一般,冷,同事,不关心,微辣,乳制品,774,上海辣肉面,长三角粉面,0.6101234567901236,兰州牛肉面,0.6101234567901236,train
1803,午餐,3,57,想吃好点,一般,晴,家人,想健康,中辣,海鲜,241,酸汤肥牛,川菜,0.6600987654320988,酸菜肥牛,0.6600987654320988,train
1804,下午加餐,5,46,想吃好点,兴奋,热,一个人,随便,微辣,,770,波奇饭,轻食健康,0.5760493827160494,珍珠奶茶,0.567065527065527,train
1805,晚餐,1,21,正常,压力大,热,同事,想健康,不吃辣,海鲜,126,松仁小肚,东北菜,0.6315555555555558,卤味拼盘,0.616246913580247,train
1806,早餐,1,26,省着点,一般,晴,同事,严格控制,不吃辣,,46,燕麦牛奶粥,早餐粥点,0.7059259259259258,肠粉,0.6881481481481481,train
1807,早餐,4,57,正常,开心,晴,一个人,随便,中辣,素食,807,衢州常山索面,长三角粉面,0.5049029982363316,白粥配咸菜,0.49121964455297795,train
1808,早餐,3,15,正常,压力大,晴,一个人,严格控制,重辣,素食,807,衢州常山索面,长三角粉面,0.6535802469135802,常熟蕈油面,0.6377777777777778,test
1809,晚餐,4,15,省着点,疲惫,热,约会,不关心,微辣,,60,东北饭包,东北菜,0.6996296296296299,糖油果子,0.6927160493827161,train
1810,夜宵,4,36,省着点,疲惫,阴,约会,不关心,重辣,麸质,627,炒年糕,烧烤小吃,0.721604938271605,臭豆腐,0.7087654320987655,test
1811,午餐,3,15,正常,兴奋,晴,同事,想健康,不吃辣,素食,195,清炒草头,家常炒菜,0.5954074074074076,韭菜盒子(东北),0.5826992266992267,train
1812,午餐,3,54,不差钱,压力大,晴,朋友,随便,中辣,,607,翠竹粉蒸鱼,湘菜,0.6762962962962964,酸汤肥牛,0.6762962962962964,test
1813,午餐,3,35,省着点,一般,雨,朋友,不关心,微辣,乳制品,658,卤水豆腐,烧腊卤味,0.6490028490028491,干煸四季豆,0.6486419753086422,val
1814,早餐,4,38,想吃好点,疲惫,雪,朋友,严格控制,中辣,素食,807,衢州常山索面,长三角粉面,0.7823741690408359,常熟蕈油面,0.7648243114909782,test
1815,午餐,3,26,想吃好点,压力大,晴,约会,严格控制,不吃辣,麸质,471,梭子蟹炒年糕,本帮江浙菜,0.7076543209876547,酿豆腐,0.707169990503324,train
1816,晚餐,4,54,正常,一般,雨,一个人,不关心,微辣,麸质,2,青椒肉丝,煲仔饭碟头饭,0.5664197530864198,豉椒炒花甲,0.5664197530864198,train
1817,晚餐,3,34,正常,压力大,雨,朋友,想健康,重辣,乳制品,13,麻婆豆腐,家常炒菜,0.7720740740740744,麻辣烫(川),0.7632839506172843,train
1818,午餐,3,15,正常,一般,晴,一个人,想健康,中辣,麸质,552,攸县香干,湘菜,0.5660246913580247,青椒肉丝(川),0.5660246913580247,test
1819,午餐,5,53,不差钱,疲惫,晴,同事,不关心,不吃辣,素食,65,地三鲜(东北),东北菜,0.5762063277852753,油焖春笋,0.575381616434248,test
1820,下午加餐,3,15,不差钱,疲惫,阴,一个人,随便,重辣,,770,波奇饭,轻食健康,0.6112160743739691,藜麦牛油果碗,0.5958074673864147,train
1821,早餐,4,68,不差钱,开心,雨,约会,想健康,中辣,"海鲜,乳制品",424,黑椒牛仔骨,早茶点心,0.7024738964738966,及第粥,0.6913852774905408,train
1822,晚餐,3,15,正常,压力大,晴,约会,不关心,微辣,,48,东北土豆丝,东北菜,0.6635802469135805,兰州牛肉面,0.6635802469135805,train
1823,下午加餐,4,27,正常,疲惫,雨,家人,随便,中辣,,706,芒果班戟,糖水甜品,0.6668686868686869,奶茶,0.6662053995387329,train
1824,晚餐,5,84,想吃好点,兴奋,热,家人,严格控制,中辣,,655,豉油鸡,烧腊卤味,0.6955555555555557,酸菜肥牛,0.6890123456790124,test
1825,午餐,4,88,省着点,低落,冷,约会,不关心,不吃辣,海鲜,668,咸肉菜饭,煲仔饭碟头饭,0.6992592592592595,菜饭骨头汤,0.687530864197531,val
1826,早餐,4,68,想吃好点,低落,雨,朋友,严格控制,微辣,,424,黑椒牛仔骨,早茶点心,0.714152637485971,菜肉大馄饨,0.7008926875593544,train
1827,晚餐,2,39,想吃好点,兴奋,热,朋友,不关心,不吃辣,,648,卤水鸡翅,烧腊卤味,0.6606267806267807,卤水豆腐,0.6349667616334285,train
1828,晚餐,4,106,想吃好点,一般,阴,一个人,想健康,中辣,,307,魔芋烧鸭,川菜,0.5660246913580247,鱼香虾仁,0.5660246913580247,train
1829,午餐,2,42,正常,一般,阴,一个人,不关心,不吃辣,,353,姜葱炒牛肉,广府家常菜,0.5111111111111112,凉瓜炒牛肉,0.5111111111111112,train
1830,早餐,5,27,想吃好点,疲惫,晴,朋友,不关心,不吃辣,,454,蟹粉小笼包,早餐粥点,0.6529180695847364,芋头糕,0.6328895795562463,train
1831,午餐,3,30,正常,兴奋,热,家人,不关心,中辣,,658,卤水豆腐,烧腊卤味,0.6622222222222223,腊味萝卜干,0.6614814814814816,train
1832,午餐,2,35,不差钱,兴奋,雨,朋友,不关心,中辣,素食,523,长沙臭豆腐,湘菜,0.6443384815314638,攸县香干,0.6372359674114059,train
1833,晚餐,4,26,想吃好点,压力大,冷,朋友,不关心,不吃辣,素食,18,地三鲜,家常炒菜,0.6869135802469138,地三鲜(东北),0.6864292497625832,val
1834,下午加餐,4,80,正常,兴奋,雨,约会,随便,微辣,,34,全麦鸡肉三明治,轻食健康,0.6411111111111112,凯撒沙拉,0.6348933782267117,train
1835,晚餐,4,66,正常,开心,晴,一个人,不关心,微辣,,2,青椒肉丝,煲仔饭碟头饭,0.5304409171075838,湖南蛋饺,0.5304409171075838,train
1836,下午加餐,4,15,省着点,疲惫,冷,同事,随便,微辣,素食,699,定胜糕,糖水甜品,0.621358024691358,赤豆糕,0.621358024691358,train
1837,夜宵,2,42,省着点,开心,晴,同事,严格控制,微辣,,642,烤韭菜,烧烤小吃,0.6962610229276898,烤玉米,0.6826807760141095,train
1838,午餐,2,43,想吃好点,一般,雪,朋友,不关心,微辣,"海鲜,乳制品",162,干煸茧蛹,东北菜,0.7228395061728399,炒蚕蛹,0.7228395061728399,test
1839,午餐,3,25,正常,开心,晴,约会,随便,不吃辣,麸质,348,豉汁蒸排骨,广府家常菜,0.6335273368606702,酿豆腐,0.6335273368606702,train
1840,夜宵,2,28,想吃好点,一般,冷,家人,不关心,中辣,,26,烤鸡翅,烧烤小吃,0.7151851851851853,臭豆腐,0.6820417853751188,train
1841,早餐,3,71,省着点,压力大,阴,朋友,严格控制,重辣,素食,807,衢州常山索面,长三角粉面,0.7182716049382717,白粥配咸菜,0.7056410256410257,train
1842,晚餐,3,68,想吃好点,一般,热,同事,不关心,微辣,素食,658,卤水豆腐,烧腊卤味,0.5826210826210826,糖油果子,0.5681291547958215,train
1843,午餐,3,28,想吃好点,低落,晴,一个人,不关心,中辣,乳制品,308,鱼香肉片,川菜,0.5676543209876543,鱼香虾仁,0.5676543209876543,train
1844,晚餐,3,62,想吃好点,一般,晴,一个人,不关心,微辣,,651,牛杂,烧腊卤味,0.5190123456790123,湖南蛋饺,0.5190123456790123,train
1845,午餐,5,59,正常,开心,晴,朋友,不关心,不吃辣,,681,滑鸡煲仔饭,煲仔饭碟头饭,0.6203174603174604,豉汁排骨煲仔饭,0.6203174603174604,val
1846,晚餐,4,30,正常,低落,热,朋友,随便,微辣,素食,658,卤水豆腐,烧腊卤味,0.671851851851852,鱼香茄子煲,0.6493827160493829,val
1847,下午加餐,4,20,省着点,一般,热,约会,想健康,微辣,海鲜,688,双皮奶,糖水甜品,0.6498271604938273,全麦鸡肉三明治,0.6489781576448245,train
1848,午餐,2,50,不差钱,疲惫,晴,一个人,严格控制,微辣,,24,菌汤火锅,火锅麻辣烫,0.597530864197531,清蒸鲈鱼,0.5905723905723906,val
1849,下午加餐,3,44,正常,一般,阴,同事,不关心,微辣,,36,希腊酸奶坚果碗,轻食健康,0.6096296296296296,鲜榨橙汁,0.6096296296296296,train
1850,晚餐,3,41,不差钱,疲惫,冷,约会,不关心,不吃辣,乳制品,471,梭子蟹炒年糕,本帮江浙菜,0.7214814814814817,台州跳鱼捞面,0.7128445044234519,train
1851,午餐,3,32,想吃好点,一般,冷,家人,想健康,重辣,海鲜,300,酸菜肥牛,川菜,0.708246913580247,酸汤肥牛,0.708246913580247,train
1852,早餐,4,43,想吃好点,低落,雨,朋友,想健康,中辣,,424,黑椒牛仔骨,早茶点心,0.716078563411897,蟹粉小笼包,0.7000291806958474,train
1853,午餐,4,102,想吃好点,一般,晴,家人,随便,不吃辣,麸质,687,黄鳝煲仔饭,煲仔饭碟头饭,0.6088888888888889,滑鸡煲仔饭,0.6088888888888889,train
1854,早餐,3,51,省着点,压力大,阴,朋友,随便,中辣,素食,807,衢州常山索面,长三角粉面,0.6471604938271605,白粥配咸菜,0.6345299145299146,train
1855,晚餐,3,50,省着点,低落,雪,一个人,不关心,不吃辣,,66,大酱炒鸡蛋,东北菜,0.6407407407407409,韭菜盒子(东北),0.6407407407407409,test
1856,夜宵,2,69,正常,压力大,冷,家人,想健康,不吃辣,,647,韭菜盒子,烧烤小吃,0.7347179487179488,沙县扁肉,0.7233165106498439,train
1857,晚餐,3,60,想吃好点,疲惫,晴,同事,想健康,中辣,"海鲜,乳制品",15,宫保鸡丁,家常炒菜,0.6408395061728397,酸菜肥牛,0.6408395061728395,train
1858,晚餐,3,17,正常,开心,冷,朋友,想健康,不吃辣,,351,凉瓜炒牛肉,广府家常菜,0.6862186948853617,姜葱炒牛肉,0.6862186948853617,test
1859,晚餐,4,33,想吃好点,压力大,晴,一个人,随便,中辣,素食,552,攸县香干,湘菜,0.5645204178537511,鱼香茄子煲,0.5634567901234568,train
1860,晚餐,1,49,正常,开心,冷,约会,不关心,不吃辣,,368,豉汁蒸凤爪,广府家常菜,0.661305114638448,金钱肚,0.6545149911816579,train
1861,下午加餐,4,66,省着点,低落,晴,朋友,想健康,微辣,,688,双皮奶,糖水甜品,0.6109382716049383,全麦鸡肉三明治,0.6021880341880341,train
1862,夜宵,4,88,不差钱,开心,阴,朋友,不关心,微辣,乳制品,620,猪肚鸡,火锅麻辣烫,0.6558730158730159,炒年糕,0.6426571414290714,val
1863,午餐,2,69,想吃好点,兴奋,晴,同事,想健康,重辣,,366,豉椒炒花甲,广府家常菜,0.6129382716049384,剁椒蒸鱼,0.6124444444444445,train
1864,午餐,4,86,想吃好点,疲惫,雨,一个人,不关心,微辣,,781,上海大肠面,长三角粉面,0.6145679012345681,石锅拌饭,0.6145679012345681,train
1865,午餐,5,16,想吃好点,疲惫,冷,约会,不关心,微辣,,684,窝蛋牛肉饭,煲仔饭碟头饭,0.7126590693257361,星洲炒米粉,0.7122886989553657,train
1866,夜宵,4,72,正常,一般,雪,家人,严格控制,微辣,,627,炒年糕,烧烤小吃,0.7932098765432101,韭菜盒子,0.7784710351377018,test
1867,下午加餐,4,33,正常,一般,晴,一个人,随便,不吃辣,,762,丝袜奶茶,轻食健康,0.5296296296296297,希腊酸奶坚果碗,0.5296296296296297,train
1868,晚餐,4,33,想吃好点,疲惫,雨,朋友,随便,中辣,,15,宫保鸡丁,家常炒菜,0.7201139601139603,烟笋炒腊肉,0.7201139601139602,test
1869,晚餐,2,69,想吃好点,疲惫,晴,朋友,随便,微辣,"海鲜,乳制品",292,荤豆花,川菜,0.6493827160493829,湖南蛋饺,0.6493827160493829,train
1870,晚餐,3,107,不差钱,一般,阴,家人,不关心,不吃辣,,606,组庵鱼翅,湘菜,0.6051851851851852,上汤焗龙虾,0.6051851851851852,train
1871,晚餐,3,71,省着点,开心,阴,朋友,严格控制,不吃辣,乳制品,658,卤水豆腐,烧腊卤味,0.6440211640211642,土豆炖茄子,0.6379622846289513,test
1872,夜宵,3,33,想吃好点,疲惫,晴,朋友,想健康,不吃辣,,647,韭菜盒子,烧烤小吃,0.7023342830009498,台州跳鱼捞面,0.688740740740741,train
1873,午餐,3,30,省着点,一般,雨,家人,想健康,不吃辣,乳制品,658,卤水豆腐,烧腊卤味,0.6783361823361824,咸肉菜饭,0.6684596391263059,val
1874,午餐,2,15,不差钱,一般,晴,约会,不关心,不吃辣,素食,195,清炒草头,家常炒菜,0.579623631728895,油焖春笋,0.5601470485330134,train
1875,下午加餐,2,52,想吃好点,一般,雨,朋友,严格控制,不吃辣,素食,32,藜麦牛油果碗,轻食健康,0.7418518518518519,水煮时蔬,0.7142165242165242,val
1876,午餐,4,58,正常,兴奋,晴,朋友,想健康,中辣,"海鲜,乳制品",15,宫保鸡丁,家常炒菜,0.6791111111111112,醋蒸鸡,0.6706373626373626,train
1877,晚餐,4,41,省着点,开心,晴,一个人,随便,重辣,,519,湖南米粉,湘菜,0.5462433862433863,酸辣粉(川),0.5462433862433863,train
1878,午餐,5,82,想吃好点,一般,晴,同事,随便,不吃辣,,671,烧腊双拼饭,煲仔饭碟头饭,0.5577777777777778,烧鹅饭,0.5577777777777778,train
1879,晚餐,3,27,想吃好点,压力大,阴,家人,想健康,中辣,素食,552,攸县香干,湘菜,0.6841253561253561,紫苏煎黄瓜,0.6754928774928776,train
1880,午餐,4,15,省着点,压力大,雨,同事,随便,中辣,乳制品,595,长沙肉丝米粉,湘菜,0.6624691358024692,军屯锅魁,0.6612345679012348,train
1881,午餐,4,41,省着点,一般,冷,家人,不关心,微辣,海鲜,668,咸肉菜饭,煲仔饭碟头饭,0.6570370370370372,青椒肉丝,0.6477777777777779,train
1882,晚餐,4,15,正常,压力大,热,朋友,不关心,不吃辣,,9,炸酱面,长三角粉面,0.6821975308641975,糖油果子,0.6740700040700041,train
1883,晚餐,4,37,正常,疲惫,阴,朋友,随便,中辣,乳制品,15,宫保鸡丁,家常炒菜,0.6762962962962965,浏阳蒸菜,0.6762962962962964,val
1884,晚餐,4,15,想吃好点,一般,冷,朋友,想健康,不吃辣,,347,菜心炒牛肉,广府家常菜,0.6747901234567903,姜葱炒牛肉,0.6747901234567903,train
1885,午餐,2,52,正常,一般,晴,同事,想健康,不吃辣,,350,丝瓜炒牛肉,广府家常菜,0.5931851851851853,凉瓜炒牛肉,0.5931851851851853,val
1886,午餐,4,44,省着点,疲惫,晴,同事,想健康,中辣,素食,575,紫苏煎黄瓜,湘菜,0.6467654320987655,手撕包菜(川),0.6369876543209877,train
1887,夜宵,4,70,想吃好点,一般,阴,朋友,不关心,微辣,乳制品,627,炒年糕,烧烤小吃,0.6473029439696107,臭豆腐,0.6393257359924028,test
1888,午餐,4,54,省着点,一般,阴,约会,随便,微辣,,668,咸肉菜饭,煲仔饭碟头饭,0.6325925925925927,青椒肉丝,0.6233333333333333,train
1889,午餐,5,63,省着点,低落,热,朋友,不关心,重辣,,579,腊味萝卜干,湘菜,0.7022222222222221,螺蛳粉,0.6914814814814817,train
1890,晚餐,5,56,省着点,一般,阴,一个人,不关心,中辣,乳制品,520,湘式炒粉,湘菜,0.5269135802469136,紫苏煎黄瓜,0.5269135802469136,train
1891,午餐,4,58,正常,一般,晴,朋友,严格控制,中辣,"海鲜,乳制品",15,宫保鸡丁,家常炒菜,0.6733333333333335,荤豆花,0.6637037037037039,train
1892,午餐,3,34,想吃好点,一般,晴,约会,随便,中辣,,300,酸菜肥牛,川菜,0.6446913580246914,酸汤肥牛,0.6446913580246914,train
1893,晚餐,2,52,想吃好点,压力大,冷,同事,随便,重辣,乳制品,366,豉椒炒花甲,广府家常菜,0.6441975308641976,泡椒猪肝,0.6434567901234568,train
1894,午餐,3,35,省着点,一般,阴,家人,想健康,不吃辣,,658,卤水豆腐,烧腊卤味,0.6345185185185186,咸肉菜饭,0.6246419753086421,val
1895,午餐,3,31,正常,压力大,冷,朋友,想健康,重辣,,13,麻婆豆腐,家常炒菜,0.7728148148148151,麻辣烫(川),0.764024691358025,train
1896,早餐,4,84,正常,压力大,冷,一个人,不关心,不吃辣,素食,793,常熟蕈油面,长三角粉面,0.5777777777777778,素鸡面,0.5777777777777778,train
1897,午餐,2,56,正常,一般,热,一个人,想健康,不吃辣,,648,卤水鸡翅,烧腊卤味,0.5885925925925927,卤水豆腐,0.5750123456790124,train
1898,下午加餐,2,35,正常,疲惫,雨,约会,随便,微辣,麸质,762,丝袜奶茶,轻食健康,0.7103703703703703,奶茶,0.6975634242300909,train
1899,下午加餐,3,54,正常,压力大,冷,家人,随便,重辣,,702,桂花糖芋艿,糖水甜品,0.6706498439831772,奶茶,0.663859720526387,train
1900,午餐,4,62,想吃好点,压力大,热,家人,随便,中辣,麸质,237,蒜泥白肉,川菜,0.7019753086419754,蜜汁叉烧,0.7014814814814817,train
1901,午餐,4,25,正常,一般,雪,一个人,随便,中辣,,786,南京皮肚面,长三角粉面,0.6417283950617284,云南小锅米线,0.6417283950617284,test
1902,晚餐,4,57,正常,疲惫,热,同事,想健康,微辣,乳制品,60,东北饭包,东北菜,0.6876049382716052,炸酱面,0.6797037037037038,train
1903,下午加餐,3,64,省着点,开心,晴,朋友,想健康,微辣,,688,双皮奶,糖水甜品,0.6463350970017637,全麦鸡肉三明治,0.6375848595848597,train
1904,午餐,1,17,想吃好点,低落,雪,朋友,不关心,微辣,素食,109,东北臭豆腐,东北菜,0.6962108262108265,手撕包菜(东北),0.6894681861348531,test
1905,午餐,3,33,想吃好点,开心,热,家人,不关心,中辣,,237,蒜泥白肉,川菜,0.6667372134038801,腊味萝卜干,0.6578673178673178,train
1906,晚餐,3,61,正常,一般,晴,朋友,想健康,中辣,,15,宫保鸡丁,家常炒菜,0.6672592592592593,浏阳蒸菜,0.6611851851851852,test
1907,夜宵,2,23,想吃好点,兴奋,雨,一个人,随便,中辣,,26,烤鸡翅,烧烤小吃,0.6417283950617284,铁板豆腐,0.6250902184235518,train
1908,下午加餐,3,91,不差钱,疲惫,阴,一个人,不关心,微辣,"海鲜,乳制品",32,藜麦牛油果碗,轻食健康,0.5958074673864147,藜麦鸡胸沙拉,0.5869815564552406,train
1909,晚餐,4,42,省着点,一般,热,一个人,严格控制,中辣,素食,658,卤水豆腐,烧腊卤味,0.5866666666666668,紫苏煎黄瓜,0.5801234567901234,train
1910,下午加餐,4,27,省着点,开心,阴,朋友,严格控制,重辣,麸质,688,双皮奶,糖水甜品,0.6332980599647267,希腊酸奶坚果碗,0.6322724189390856,val
1911,午餐,5,87,正常,一般,热,一个人,不关心,中辣,麸质,579,腊味萝卜干,湘菜,0.5750617283950618,蒜泥白肉,0.5671604938271605,test
1912,午餐,3,55,不差钱,疲惫,晴,同事,随便,微辣,麸质,471,梭子蟹炒年糕,本帮江浙菜,0.5925925925925927,响油鳝糊,0.59253461288549,train
1913,午餐,3,15,正常,一般,晴,一个人,不关心,微辣,,6,兰州牛肉面,长三角粉面,0.5190123456790123,豉椒炒花甲,0.5190123456790123,train
1914,晚餐,4,64,不差钱,开心,阴,一个人,想健康,中辣,,607,翠竹粉蒸鱼,湘菜,0.577453262786596,酸汤鱼,0.577453262786596,test
1915,午餐,4,63,想吃好点,开心,阴,一个人,随便,不吃辣,,681,滑鸡煲仔饭,煲仔饭碟头饭,0.5262433862433863,海南鸡饭,0.5262433862433863,val
1916,午餐,2,47,正常,兴奋,晴,家人,随便,中辣,海鲜,594,醋蒸鸡,湘菜,0.6206620539953873,青椒肉丝(川),0.6192592592592592,train
1917,夜宵,5,72,省着点,疲惫,晴,约会,不关心,微辣,海鲜,627,炒年糕,烧烤小吃,0.721604938271605,煎饼果子,0.7211111111111111,train
1918,晚餐,4,21,正常,开心,热,一个人,想健康,微辣,,60,东北饭包,东北菜,0.6042186948853617,炸酱面,0.5963174603174605,train
1919,午餐,4,32,想吃好点,疲惫,晴,同事,不关心,不吃辣,,670,油鸡饭,煲仔饭碟头饭,0.6073504273504272,北菇滑鸡饭,0.6073504273504272,val
1920,午餐,1,78,想吃好点,压力大,晴,同事,严格控制,不吃辣,,12,番茄炒蛋,家常炒菜,0.606374859708193,菜心炒牛肉,0.6061728395061728,train
1921,晚餐,3,48,省着点,低落,阴,一个人,想健康,微辣,"海鲜,乳制品",6,兰州牛肉面,长三角粉面,0.5791111111111111,干豆腐炒尖椒,0.5791111111111111,val
1922,夜宵,4,61,不差钱,低落,晴,家人,想健康,微辣,麸质,24,菌汤火锅,火锅麻辣烫,0.6985185185185186,烤生蚝,0.6876951067126508,val
1923,晚餐,4,42,省着点,疲惫,晴,一个人,想健康,微辣,麸质,2,青椒肉丝,煲仔饭碟头饭,0.6050370370370369,兰州牛肉面,0.5976296296296297,train
1924,晚餐,4,41,正常,开心,晴,同事,想健康,中辣,麸质,575,紫苏煎黄瓜,湘菜,0.6137495590828924,攸县香干,0.6137495590828924,train
1925,午餐,2,49,想吃好点,一般,冷,家人,不关心,微辣,,511,黄山臭鳜鱼,本帮江浙菜,0.6575308641975312,豉汁蒸凤爪,0.6510541310541311,val
1926,晚餐,2,60,正常,一般,冷,约会,想健康,不吃辣,,348,豉汁蒸排骨,广府家常菜,0.7093580246913582,豉汁蒸鱼头,0.7093580246913582,train
1927,晚餐,2,15,省着点,兴奋,晴,朋友,不关心,重辣,"海鲜,乳制品",580,臭豆腐炒辣椒,湘菜,0.6316049382716051,长沙臭豆腐,0.6182716049382717,train
1928,午餐,2,51,正常,一般,雨,一个人,严格控制,中辣,,248,青椒肉丝(川),川菜,0.6195061728395062,豉椒炒花甲,0.611604938271605,val
1929,晚餐,4,47,省着点,疲惫,晴,一个人,想健康,重辣,,590,邵阳米粉,湘菜,0.6160000000000001,湖南米粉,0.6160000000000001,train
1930,午餐,4,31,正常,疲惫,阴,同事,严格控制,中辣,,2,青椒肉丝,煲仔饭碟头饭,0.6627160493827161,云南小锅米线,0.6565432098765434,val
1931,晚餐,4,41,正常,一般,晴,一个人,严格控制,微辣,素食,64,土豆炖茄子,东北菜,0.5525925925925927,东北乱炖(素),0.5525925925925927,val
1932,下午加餐,4,37,不差钱,压力大,热,约会,不关心,中辣,素食,32,藜麦牛油果碗,轻食健康,0.6566716649172789,赤豆糕,0.6369125805967912,train
1933,午餐,2,42,正常,压力大,阴,约会,不关心,中辣,,557,浏阳蒸菜,湘菜,0.6755555555555556,卜豆角炒肉,0.6687654320987655,train
1934,晚餐,3,51,正常,一般,阴,同事,严格控制,不吃辣,,350,丝瓜炒牛肉,广府家常菜,0.5992592592592593,菜心炒牛肉,0.5992592592592593,test
1935,午餐,3,51,正常,一般,晴,朋友,不关心,微辣,麸质,559,湖南蛋饺,湘菜,0.6185185185185186,蒜泥白肉,0.6185185185185186,train
1936,晚餐,4,26,想吃好点,一般,晴,朋友,想健康,重辣,海鲜,13,麻婆豆腐,家常炒菜,0.6742393162393163,麻辣烫(川),0.6677283950617285,train
1937,晚餐,4,41,正常,一般,热,家人,想健康,重辣,麸质,658,卤水豆腐,烧腊卤味,0.6826666666666669,卤水鸡翅,0.6826666666666669,train
1938,晚餐,2,44,正常,低落,雪,一个人,随便,不吃辣,,357,烧肉炒芥兰,广府家常菜,0.6444444444444445,姜葱炒牛肉,0.6444444444444445,test
1939,晚餐,2,57,正常,一般,热,家人,想健康,重辣,,648,卤水鸡翅,烧腊卤味,0.6826666666666669,卤水豆腐,0.6690864197530866,train
1940,晚餐,2,81,正常,疲惫,热,同事,严格控制,微辣,,818,牛油果吐司,面包甜点,0.6631649831649832,松仁小肚,0.6567901234567903,train
1941,午餐,2,58,正常,一般,冷,一个人,想健康,不吃辣,麸质,365,豆豉蒸鲮鱼,广府家常菜,0.5983703703703704,丝瓜炒牛肉,0.5983703703703704,train
1942,午餐,5,76,正常,开心,热,朋友,想健康,中辣,素食,658,卤水豆腐,烧腊卤味,0.6940952380952382,攸县香干,0.6768359788359788,val
1943,午餐,5,60,正常,一般,晴,朋友,想健康,中辣,,15,宫保鸡丁,家常炒菜,0.6672592592592593,浏阳蒸菜,0.6611851851851852,test
1944,晚餐,4,87,想吃好点,开心,晴,一个人,随便,中辣,海鲜,525,临武鸭,湘菜,0.5383421516754849,冬笋炒腊肉,0.5383421516754849,train
1945,早餐,4,84,省着点,一般,阴,家人,想健康,中辣,素食,807,衢州常山索面,长三角粉面,0.5902222222222222,白粥配咸菜,0.5783323836657169,train
1946,早餐,4,85,省着点,一般,雨,同事,随便,中辣,,43,皮蛋瘦肉粥,早餐粥点,0.6274074074074073,小笼包+豆浆,0.6274074074074073,train
1947,午餐,5,36,正常,疲惫,雨,一个人,严格控制,不吃辣,,680,海南鸡饭,煲仔饭碟头饭,0.6556695156695158,黄鳝煲仔饭,0.6486609686609687,train
1948,晚餐,3,15,想吃好点,压力大,晴,朋友,严格控制,重辣,素食,541,小炒香干,湘菜,0.7103228869895538,麻婆豆腐(素),0.7032288698955367,train
1949,晚餐,2,54,想吃好点,开心,阴,约会,随便,微辣,,511,黄山臭鳜鱼,本帮江浙菜,0.644514991181658,豉汁蒸凤爪,0.638038258038258,val
1950,晚餐,5,54,正常,开心,阴,朋友,想健康,中辣,麸质,15,宫保鸡丁,家常炒菜,0.6786878306878308,浏阳蒸菜,0.6726137566137567,train
1951,晚餐,3,55,正常,一般,晴,朋友,想健康,中辣,"海鲜,乳制品",15,宫保鸡丁,家常炒菜,0.6672592592592593,浏阳蒸菜,0.6611851851851852,train
1952,晚餐,5,57,正常,低落,晴,一个人,不关心,重辣,乳制品,590,邵阳米粉,湘菜,0.5866666666666668,酸辣鸡杂,0.5866666666666668,train
1953,午餐,3,110,省着点,开心,热,同事,随便,中辣,,579,腊味萝卜干,湘菜,0.617848324514991,卤水豆腐,0.6077248677248677,train
1954,早餐,2,95,省着点,一般,晴,一个人,想健康,微辣,,46,燕麦牛奶粥,早餐粥点,0.6229629629629629,菜肉大馄饨,0.6131851851851852,train
1955,午餐,3,63,省着点,一般,热,同事,不关心,重辣,,579,腊味萝卜干,湘菜,0.6064197530864197,卤水豆腐,0.5962962962962963,train
1956,晚餐,4,26,正常,一般,阴,约会,想健康,不吃辣,素食,194,油焖春笋,家常炒菜,0.6450123456790124,清炒草头,0.643925925925926,train
1957,午餐,5,66,想吃好点,开心,阴,家人,随便,微辣,麸质,559,湖南蛋饺,湘菜,0.624514991181658,粉蒸肉(湘),0.624514991181658,train
1958,下午加餐,5,15,省着点,疲惫,热,朋友,随便,微辣,,694,菠萝包,糖水甜品,0.6753872053872055,蛋挞,0.674399551066218,test
1959,午餐,5,18,省着点,低落,晴,朋友,想健康,微辣,素食,48,东北土豆丝,东北菜,0.6561234567901237,手撕包菜(东北),0.6561234567901237,train
1960,午餐,2,40,正常,兴奋,晴,约会,随便,微辣,,162,干煸茧蛹,东北菜,0.6411111111111113,炒蚕蛹,0.6411111111111113,train
1961,晚餐,4,71,省着点,一般,晴,一个人,随便,中辣,乳制品,595,长沙肉丝米粉,湘菜,0.5269135802469136,紫苏煎黄瓜,0.5269135802469136,train
1962,下午加餐,5,90,正常,压力大,雪,约会,严格控制,微辣,,702,桂花糖芋艿,糖水甜品,0.777316510649844,酒酿圆子,0.7637362637362637,test
1963,晚餐,4,30,正常,开心,阴,一个人,不关心,不吃辣,,668,咸肉菜饭,煲仔饭碟头饭,0.5225396825396825,扬州炒饭,0.5225396825396825,train
1964,晚餐,2,59,想吃好点,开心,晴,朋友,随便,微辣,,511,黄山臭鳜鱼,本帮江浙菜,0.6262433862433865,炒蚕蛹,0.6194532627865963,train
1965,下午加餐,1,83,正常,开心,冷,朋友,想健康,中辣,麸质,765,拿铁,轻食健康,0.6505326278659614,水煮时蔬+溏心蛋,0.6504761904761905,train
1966,午餐,2,39,正常,开心,阴,一个人,不关心,不吃辣,,370,陈皮蒸牛肉饼,广府家常菜,0.5225396825396825,豉汁蒸鱼头,0.5225396825396825,test
1967,晚餐,4,20,想吃好点,低落,热,朋友,不关心,不吃辣,"海鲜,乳制品",134,熏酱拼盘,东北菜,0.6545679012345681,卤水拼盘,0.65320987654321,train
1968,晚餐,2,46,想吃好点,开心,冷,朋友,不关心,微辣,,511,黄山臭鳜鱼,本帮江浙菜,0.6743915343915347,炒蚕蛹,0.6676014109347445,train
1969,午餐,3,52,省着点,一般,雨,同事,随便,中辣,,575,紫苏煎黄瓜,湘菜,0.6106172839506173,长沙臭豆腐,0.6106172839506173,train
1970,晚餐,3,15,省着点,疲惫,热,一个人,想健康,中辣,素食,575,紫苏煎黄瓜,湘菜,0.618493827160494,手撕包菜(川),0.6087160493827162,train
1971,午餐,4,33,想吃好点,一般,晴,一个人,随便,不吃辣,,687,黄鳝煲仔饭,煲仔饭碟头饭,0.514814814814815,海南鸡饭,0.514814814814815,train
1972,午餐,3,79,正常,压力大,雨,约会,想健康,重辣,麸质,13,麻婆豆腐,家常炒菜,0.7794814814814818,宫保鸡丁,0.772064577397911,train
1973,午餐,2,64,正常,开心,雨,一个人,想健康,中辣,素食,575,紫苏煎黄瓜,湘菜,0.6112804232804232,攸县香干,0.6112804232804232,train
1974,早餐,3,21,正常,疲惫,阴,一个人,想健康,中辣,乳制品,439,菜肉大馄饨,早餐粥点,0.6613333333333332,小笼包+豆浆,0.6552592592592593,train
1975,晚餐,3,89,正常,开心,晴,一个人,严格控制,不吃辣,素食,64,土豆炖茄子,东北菜,0.5640211640211641,东北乱炖(素),0.5640211640211641,train
1976,午餐,3,18,省着点,一般,雨,一个人,不关心,微辣,乳制品,72,手撕包菜(东北),东北菜,0.5627160493827161,椒盐豆腐,0.5627160493827161,train
1977,晚餐,4,63,正常,低落,雨,一个人,想健康,微辣,,2,青椒肉丝,煲仔饭碟头饭,0.6351604938271606,豉椒炒花甲,0.6351604938271606,train
1978,晚餐,2,56,不差钱,开心,阴,朋友,不关心,微辣,,511,黄山臭鳜鱼,本帮江浙菜,0.6262433862433865,上汤焗龙虾,0.6166137566137566,test
1979,晚餐,5,15,正常,一般,阴,一个人,随便,不吃辣,麸质,669,扬州炒饭,煲仔饭碟头饭,0.5111111111111112,油鸡饭,0.5111111111111112,val
1980,晚餐,3,34,想吃好点,疲惫,雨,一个人,想健康,不吃辣,海鲜,349,酿豆腐,广府家常菜,0.6375156695156695,锅塌豆腐,0.6360911680911682,train
1981,晚餐,3,15,省着点,开心,冷,同事,想健康,不吃辣,,173,毛豆炒肉丝,家常炒菜,0.6441199294532629,清炒草头,0.6441199294532629,val
1982,晚餐,4,23,不差钱,兴奋,热,同事,不关心,中辣,,656,卤水拼盘,烧腊卤味,0.6140740740740741,熏酱拼盘,0.6038926375768482,train
1983,午餐,4,67,省着点,开心,阴,同事,随便,重辣,,7,重庆小面,长三角粉面,0.5758730158730159,螺蛳粉,0.5758730158730159,train
1984,午餐,4,78,省着点,开心,雨,朋友,不关心,不吃辣,素食,658,卤水豆腐,烧腊卤味,0.6604314204314206,拔丝地瓜,0.6517894451227785,test
1985,午餐,3,45,正常,一般,雨,一个人,不关心,不吃辣,,357,烧肉炒芥兰,广府家常菜,0.5585185185185185,菜心炒牛肉,0.5585185185185185,train
1986,午餐,2,48,正常,疲惫,晴,朋友,严格控制,微辣,素食,64,土豆炖茄子,东北菜,0.6676543209876544,东北乱炖(素),0.6676543209876544,train
1987,午餐,4,32,想吃好点,压力大,晴,家人,想健康,中辣,,15,宫保鸡丁,家常炒菜,0.7045432098765434,酸菜肥牛,0.7045432098765433,train
1988,晚餐,4,85,省着点,压力大,阴,家人,不关心,微辣,,668,咸肉菜饭,煲仔饭碟头饭,0.6570370370370371,卤水豆腐,0.6496296296296298,train
1989,午餐,3,45,想吃好点,开心,热,同事,想健康,微辣,乳制品,126,松仁小肚,东北菜,0.637001221001221,熏酱拼盘,0.6280767195767197,train
1990,午餐,3,45,省着点,开心,热,朋友,想健康,不吃辣,,658,卤水豆腐,烧腊卤味,0.6940952380952382,卤水鸡翅,0.6739622846289514,val
1991,午餐,3,65,省着点,疲惫,热,朋友,想健康,中辣,素食,658,卤水豆腐,烧腊卤味,0.7271111111111113,紫苏煎黄瓜,0.705777777777778,train
1992,早餐,3,15,想吃好点,疲惫,热,家人,随便,中辣,素食,413,白糖糕,早茶点心,0.6414245014245016,青团,0.6410066476733143,train
1993,早餐,1,30,正常,低落,阴,同事,严格控制,不吃辣,"海鲜,乳制品",445,咖喱牛肉汤,早餐粥点,0.6974074074074074,鲜肉小馄饨,0.6774033374033374,train
1994,午餐,4,44,正常,疲惫,热,朋友,严格控制,微辣,,658,卤水豆腐,烧腊卤味,0.7251851851851854,东北饭包,0.7245679012345683,train
1995,下午加餐,3,42,正常,疲惫,冷,朋友,随便,中辣,素食,702,桂花糖芋艿,糖水甜品,0.6706498439831772,核桃糊,0.6630864197530865,train
1996,晚餐,2,95,正常,一般,热,家人,不关心,不吃辣,素食,658,卤水豆腐,烧腊卤味,0.6397530864197533,油焖笋,0.5959259259259261,train
1997,晚餐,4,57,不差钱,疲惫,晴,一个人,随便,不吃辣,,498,松鼠桂鱼,本帮江浙菜,0.5555555555555557,梭子蟹炒年糕,0.5555555555555557,train
1998,晚餐,5,49,正常,压力大,雨,一个人,严格控制,中辣,海鲜,11,云南小锅米线,长三角粉面,0.6639506172839509,攸县香干,0.6639506172839506,train
1999,夜宵,4,44,想吃好点,开心,冷,约会,想健康,微辣,乳制品,627,炒年糕,烧烤小吃,0.7544846018179352,烤生蚝,0.7478236331569666,train
